puckman	PuckMan (Japan set 1)	1980	Namco
puckmana	PuckMan (Japan set 2)	1980	Namco
puckmanf	PuckMan (Japan set 1 with speedup hack)	1980	Namco
puckmanh	Puckman (Falcom?)	1980	hack
pacman	Pac-Man (Midway)	1980	Namco (Midway license)
pacmanf	Pac-Man (Midway, with speedup hack)	1980	Namco (Midway license)
puckmod	PuckMan (Japan set 3)	1981	Namco
pacmod	Pac-Man (Midway, harder)	1981	Namco (Midway license)
newpuc2	Newpuc2 (set 1)	1980	hack
newpuc2b	Newpuc2 (set 2)	1980	hack
newpuckx	New Puck-X	1980	hack
pacheart	Pac-Man (Hearts)	1981	hack
hangly	Hangly-Man (set 1)	1981	hack
hangly2	Hangly-Man (set 2)	1981	hack
hangly3	Hangly-Man (set 3)	1981	hack
popeyeman	Popeye-Man	1981	hack
piranhah	Piranha (hack)	1981	hack
abscam	Abscam	1981	GL (US Billiards license)
crush	Crush Roller (Kural Samno)	1981	Kural Samno Electric
crushbl	Crush Roller (bootleg)	1981	bootleg
crushbl2	Crush Roller (bootleg?)	1981	bootleg
crush2	Crush Roller (Kural Esco - bootleg?)	1981	Kural Esco Electric
crush3	Crush Roller (Kural - bootleg?)	1981	Kural Electric
crush4	Crush Roller (Kural TWT)		Kural TWT
maketrax	Make Trax (set 1)	1981	Kural (Williams license)
maketrxb	Make Trax (set 2)	1981	Kural (Williams license)
korosuke	Korosuke Roller	1981	Kural Electric
mbrush	Magic Brush	1981	bootleg
paintrlr	Paint Roller	1981	bootleg
crushs	Crush Roller (Sidam bootleg)		bootleg (Sidam)
pacplus	Pac-Man Plus	1982	Namco (Midway license)
joyman	Joyman	1982	hack
ctrpllrp	Caterpillar Pacman Hack	1982	hack
eyes	Eyes (Digitrex Techstar)	1982	Digitrex Techstar (Rock-Ola license)
eyes2	Eyes (Techstar)	1982	Techstar (Rock-Ola license)
eyeszac	Eyes (Zaccaria)	1982	bootleg (Zaccaria)
mrtnt	Mr. TNT	1983	Techstar (Telko license)
gorkans	Gorkans	1983	Techstar
eggor	Eggor	1983	Telko
jumpshot	Jump Shot	1985	Bally Midway
jumpshotp	Jump Shot Engineering Sample	1985	Bally Midway
shootbul	Shoot the Bull	1985	Bally Midway
piranha	Piranha	1981	GL (US Billiards license)
piranhao	Piranha (older)	1981	GL (US Billiards license)
nmouse	Naughty Mouse (set 1)	1981	Amenip (Palcom Queen River)
nmouseb	Naughty Mouse (set 2)	1981	Amenip Nova Games Ltd.
mspacman	Ms. Pac-Man	1981	Midway
mspacmnf	Ms. Pac-Man (with speedup hack)	1981	Midway
mspacmat	Ms. Pac Attack	1981	hack
woodpeck	Woodpecker (set 1)	1981	Amenip (Palcom Queen River)
woodpeca	Woodpecker (set 2)	1981	Amenip
mspacmab	Ms. Pac-Man (bootleg)	1981	bootleg
mspacmbe	Ms. Pac-Man (bootleg, (encrypted))	1981	bootleg
pacgal	Pac-Gal	1981	hack
mspacpls	Ms. Pac-Man Plus	1981	hack
ponpoko	Ponpoko	1982	Sigma Enterprises Inc.
ponpokov	Ponpoko (Venture Line)	1982	Sigma Enterprises Inc. (Venture Line license)
lizwiz	Lizard Wizard	1985	Techstar (Sunn license)
alibaba	Ali Baba and 40 Thieves	1982	Sega
dremshpr	Dream Shopper	1982	Sanritsu
vanvan	Van-Van Car	1983	Sanritsu
vanvank	Van-Van Car (Karateco set 1)	1983	Sanritsu (Karateco license?)
vanvanb	Van-Van Car (Karateco set 2)	1983	Sanritsu (Karateco license?)
bwcasino	Boardwalk Casino	1983	Epos Corporation
acitya	Atlantic City Action	1983	Epos Corporation
theglobp	The Glob (Pac-Man hardware)	1983	Epos Corporation
sprglobp	Super Glob (Pac-Man hardware)	1983	Epos Corporation
sprglbpg	Super Glob (Pac-Man hardware) German	1983	bootleg
beastf	Beastie Feastie	1984	Epos Corporation
rocktrv2	MTV Rock-N-Roll Trivia (Part 2)	1986	Triumph Software Inc.
bigbucks	Big Bucks	1986	Dynasoft Inc.
mschamp	Ms. Pacman Champion Edition / Zola-Puc Gal	1992	hack
mschamps	Ms. Pacman Champion Edition / Super Zola-Puc Gal	1995	hack
cannonbp	Cannon Ball (Pacman Hardware)		Novomatic
drivfrcp	Driving Force (Pac-Man conversion)	1984	Shinkai Inc. (Magic Eletronics Inc. license)
8bpm	Eight Ball Action (Pac-Man conversion)	1985	Seatongrove Ltd (Magic Eletronics USA license)
porky	Porky	1985	Shinkai Inc. (Magic Eletronics Inc. license)
pengo	Pengo (set 1 rev c)	1982	Sega
pengo2	Pengo (set 2)	1982	Sega
pengo2u	Pengo (set 2 not encrypted)	1982	Sega
pengo3u	Pengo (set 3 not encrypted)	1982	Sega
pengo4	Pengo (set 4)	1982	Sega
pengob	Pengo (bootleg)	1982	bootleg
penta	Penta	1982	bootleg
jrpacmbl	Jr. Pac-Man (Pengo hardware)	1983	bootleg
jrpacman	Jr. Pac-Man	1983	Bally Midway
megadon	Megadon	1982	Epos Corporation (Photar Industries license)
catapult	Catapult	1982	Epos Corporation
suprglob	Super Glob	1983	Epos Corporation
theglob	The Glob	1983	Epos Corporation
theglob2	The Glob (earlier)	1983	Epos Corporation
theglob3	The Glob (set 3)	1983	Epos Corporation
igmo	IGMO	1984	Epos Corporation
dealer	The Dealer	1984	Epos Corporation
revenger	Revenger	1984	Epos Corporation
galaxian	Galaxian (Namco set 1)	1979	Namco
galaxiana	Galaxian (Namco set 2)	1979	Namco
galaxianm	Galaxian (Midway set 1)	1979	Namco (Midway license)
galaxianmo	Galaxian (Midway set 2)	1979	Namco (Midway license)
galaxiant	Galaxian (Taito)	1979	Namco (Taito license)
superg	Super Galaxians (galaxiana hack)	1979	hack
galapx	Galaxian Part X (moonaln hack)	1979	hack
moonaln	Moon Alien	1979	Nichibutsu (Karateco license)
galap1	Space Invaders Galactica (galaxiana hack)	1979	hack
galap4	Galaxian Part 4 (hack)	1979	hack (G.G.I)
galturbo	Galaxian Turbo (superg hack)	1979	hack
swarm	Swarm (bootleg?)	1979	bootleg? (Subelectro)
zerotime	Zero Time	1979	bootleg? (Petaco S.A.)
starfght	Star Fighter	1979	bootleg (Jeutel)
galaxbsf	Galaxian (bootleg)	1979	bootleg
kamakazi3	Kamakazi III (superg hack)	1979	hack
tst_galx	Galaxian Test ROM		<unknown>
gmgalax	Ghostmuncher Galaxian (bootleg)	1981	bootleg
pisces	Pisces		Subelectro
piscesb	Pisces (bootleg)		bootleg
omni	Omni		bootleg
uniwars	UniWar S	1980	Irem
gteikoku	Gingateikoku No Gyakushu	1980	Irem
gteikokb	Gingateikoku No Gyakushu (bootleg set 1)	1980	bootleg
gteikob2	Gingateikoku No Gyakushu (bootleg set 2)	1980	bootleg
spacbatt	Space Battle (bootleg set 1)	1980	bootleg
spacbat2	Space Battle (bootleg set 2)	1980	bootleg
spacempr	Space Empire (bootleg)	1980	bootleg
skyraidr	Sky Raiders	1980	bootleg
batman2	Batman Part 2	1981	bootleg
warofbug	War of the Bugs or Monsterous Manouvers in a Mushroom Maze	1981	Armenia
warofbugg	War of the Bugs or Monsterous Manouvers in a Mushroom Maze (German)	1981	Armenia
redufo	Defend the Terra Attack on the Red UFO	1981	Artic
redufob	Defend the Terra Attack on the Red UFO (bootleg)	1981	bootleg
exodus	Exodus (bootleg?)		bootleg? (Subelectro)
streakng	Streaking	1981	Shoei
pacmanbl	Pac-Man (Galaxian hardware, set 1)	1981	bootleg
pacmanbla	Pac-Man (Galaxian hardware, set 2)	1981	bootleg
phoenxp2	Phoenix Part 2	1981	bootleg
atlantisb	Battle of Atlantis (bootleg)	1981	bootleg
tenspot	Ten Spot	1982	Thomas Automatics
devilfsg	Devil Fish (Galaxian hardware, bootleg?)	1984	Vision / Artic
zigzag	Zig Zag (Galaxian hardware, set 1)	1982	bootleg (LAX)
zigzag2	Zig Zag (Galaxian hardware, set 2)	1982	bootleg (LAX)
jumpbug	Jump Bug	1981	Hoei (Rock-Ola license)
jumpbugb	Jump Bug (bootleg)	1981	bootleg
levers	Levers	1983	Rock-Ola
azurian	Azurian Attack	1982	Rait Electronics Ltd
orbitron	Orbitron	1982	Signatron USA
mooncrgx	Moon Cresta (Galaxian hardware)	1980	bootleg
mooncrst	Moon Cresta (Nichibutsu)	1980	Nichibutsu
mooncrstu	Moon Cresta (Nichibutsu USA, unencrypted)	1980	Nichibutsu USA
mooncrsto	Moon Cresta (Nichibutsu, old rev)	1980	Nichibutsu
mooncrstg	Moon Cresta (Gremlin)	1980	Nichibutsu (Gremlin license)
mooncrstuk	Moon Cresta (Nichibutsu UK)	1980	Nichibutsu UK
smooncrs	Super Moon Cresta		Nichibutsu (Gremlin license)
mooncmw	Moon War (Moon Cresta bootleg)		bootleg
mooncrsb	Moon Cresta (bootleg set 1)	1980	bootleg
mooncrs2	Moon Cresta (bootleg set 2)	1980	bootleg
spcdrag	Space Dragon (Moon Cresta bootleg, set 1)	1980	bootleg
stera	Steraranger (Moon Cresta bootleg)	1980	bootleg
spcdraga	Space Dragon (Moon Cresta bootleg, set 2)	1980	bootleg
mooncrs3	Moon Cresta (bootleg set 3)	1980	bootleg (Jeutel)
fantazia	Fantazia (bootleg?)	1980	bootleg? (Subelectro)
moonqsr	Moon Quasar	1980	Nichibutsu
mshuttle	Moon Shuttle (US?)	1981	Nichibutsu
mshuttlej	Moon Shuttle (Japan)	1981	Nichibutsu
mshuttlej2	Moon Shuttle (Japan set 2)	1981	Nichibutsu
moonal2	Moon Alien Part 2	1980	Nichibutsu
moonal2b	Moon Alien Part 2 (older version)	1980	Nichibutsu
supergx	Super GX	1980	Nichibutsu
eagle	Eagle (set 1)	1980	Nichibutsu (Centuri license?)
eagle2	Eagle (set 2)	1980	Nichibutsu (Centuri license?)
eagle3	Eagle (set 3)	1980	Nichibutsu (Centuri license?)
spctbird	Space Thunderbird		bootleg? (Fortrek)
skybase	Sky Base	1982	Omori Electric Co., Ltd.
checkman	Check Man	1982	Zilec-Zenitone
checkmanj	Check Man (Japan)	1982	Zilec-Zenitone (Jaleco license)
dingo	Dingo	1983	Ashby Computers and Graphics Ltd. (Jaleco license)
dingoe	Dingo (encrypted)	1983	Ashby Computers and Graphics Ltd.
blkhole	Black Hole	1981	TDS
kingball	King & Balloon (US)	1980	Namco
kingballj	King & Balloon (Japan)	1980	Namco
scorpionmc	Scorpion (Moon Cresta hardware)		bootleg? (Dorneer)
frogg	Frog (Galaxian hardware)	1981	bootleg
4in1	4 Fun in 1	1981	Armenia / Food and Fun
bagmanmc	Bagman (bootleg on Moon Cresta hardware)	1982	bootleg
dkongjrm	Donkey Kong Jr. (bootleg on Moon Cresta hardware)	1982	bootleg
ozon1	Ozon I	1983	Proma
ladybugg	Lady Bug (bootleg on Galaxian hardware)	1983	bootleg
vpool	Video Pool (bootleg on Moon Cresta hardware)	1980	bootleg
drivfrcg	Driving Force (Galaxian conversion)	1984	Shinkai Inc. (Magic Eletronics USA license)
drivfrcb	Driving Force (Galaxian conversion bootleg)	1985	bootleg
bongo	Bongo	1983	Jetsoft
hunchbkg	Hunchback (Galaxian hardware)	1983	Century Electronics
harem	Harem	1983	I.G.R.
tazzmang	Tazz-Mania (bootleg on Galaxian hardware)	1982	bootleg
racknrol	Rack + Roll	1986	Senko Industries (Status license from Shinkai Inc.)
hexpool	Hex Pool (Shinkai)	1986	Senko Industries (Shinkai Inc. license)
hexpoola	Hex Pool (Senko)	1985	Senko Industries
trvchlng	Trivia Challenge	1985	Joyland (Senko license)
luctoday	Lucky Today	1980	Sigma
chewing	Chewing Gum		<unknown>
catacomb	Catacomb	1982	MTM Games
ckongg	Crazy Kong (bootleg on Galaxian hardware)	1981	bootleg
ckongmc	Crazy Kong (bootleg on Moon Cresta hardware)	1981	bootleg
porter	Port Man (bootleg on Moon Cresta hardware)	1982	bootleg
vstars	Video Stars	1982	Competitive Video?
tdpgal	Triple Draw Poker	1983	Design Labs / Thomas Automatics
rockclim	Rock Climber	1981	Taito
scramble	Scramble	1981	Konami
scrambles	Scramble (Stern Electronics)	1981	Konami (Stern Electronics license)
scramblebf	Scramble (Karateko, French bootleg)	1981	bootleg (Karateko)
scramblb	Scramble (bootleg on Galaxian hardware)	1981	bootleg
scramb2	Scramble (bootleg)	1981	bootleg
explorer	Explorer	1981	bootleg
strfbomb	Strafe Bomb	1981	bootleg? (Omni)
atlantis	Battle of Atlantis (set 1)	1981	Comsoft
atlantis2	Battle of Atlantis (set 2)	1981	Comsoft
theend	The End	1980	Konami
theends	The End (Stern Electronics)	1980	Konami (Stern Electronics license)
omega	Omega		bootleg?
ckongs	Crazy Kong (Scramble hardware)	1981	bootleg
froggers	Frog	1981	bootleg
frogf	Frog (Falcon bootleg)	1981	bootleg (Falcon)
amidars	Amidar (Scramble hardware)	1982	Konami
triplep	Triple Punch	1982	KKI
knockout	Knock Out!!	1982	KKK
mariner	Mariner	1981	Amenip
800fath	800 Fathoms	1981	Amenip (US Billiards Inc. license)
mars	Mars	1981	Artic
devilfsh	Devil Fish	1982	Artic
newsin7	New Sinbad 7	1983	ATW USA, Inc.
mrkougar	Mr. Kougar	1984	ATW
mrkougar2	Mr. Kougar (earlier)	1983	ATW
mrkougb	Mr. Kougar (bootleg set 1)	1983	bootleg
mrkougb2	Mr. Kougar (bootleg set 2)	1983	bootleg
hotshock	Hot Shocker	1982	E.G. Felaco (Domino license)
hotshockb	Hot Shocker (bootleg)	1982	bootleg
conquer	Conquer	1982	<unknown>
hunchbks	Hunchback (Scramble hardware)	1983	Century Electronics
hncholms	Hunchback Olympic (Scramble hardware)	1984	Century Electronics / Seatongrove Ltd
cavelon	Cavelon	1983	Jetsoft
sfx	SF-X	1983	Nichibutsu
skelagon	Skelagon	1983	Nichibutsu USA
monsterz	Monster Zero	1982	Nihon Game
mimonscr	Mighty Monkey (bootleg on Scramble hardware)	1982	bootleg
mimonkey	Mighty Monkey	1982	Universal Video Games
mimonsco	Mighty Monkey (bootleg on Super Cobra hardware)	1982	bootleg
scobra	Super Cobra	1981	Konami
scobras	Super Cobra (Stern Electronics)	1981	Konami (Stern Electronics license)
scobrase	Super Cobra (Sega)	1981	Konami (Sega license)
scobrab	Super Cobra (bootleg)	1981	bootleg
suprheli	Super Heli (Super Cobra bootleg)	1981	bootleg
stratgyx	Strategy X	1981	Konami
stratgys	Strategy X (Stern Electronics)	1981	Konami (Stern Electronics license)
strongx	Strong X	1982	bootleg
armorcar	Armored Car (set 1)	1981	Stern Electronics
armorcar2	Armored Car (set 2)	1981	Stern Electronics
moonwar	Moonwar	1981	Stern Electronics
moonwara	Moonwar (older)	1981	Stern Electronics
spdcoin	Speed Coin (prototype)	1984	Stern Electronics
darkplnt	Dark Planet	1982	Stern Electronics
tazmania	Tazz-Mania (set 1)	1982	Stern Electronics
tazmani2	Tazz-Mania (set 2)	1982	Stern Electronics
calipso	Calipso	1982	Stern Electronics (Tago license)
anteater	Anteater	1982	Stern Electronics (Tago license)
anteatg	Ameisenbaer (German)	1983	Stern Electronics (TV-Tuning license from Free Enterprise Games)
anteatgb	The Anteater (UK)	1983	Stern Electronics (Free Enterprise Games license)
rescue	Rescue	1982	Stern Electronics
aponow	Apocaljpse Now	1982	bootleg
minefld	Minefield	1983	Stern Electronics
losttomb	Lost Tomb (easy)	1982	Stern Electronics
losttombh	Lost Tomb (hard)	1982	Stern Electronics
superbon	Agent Super Bond (Scobra Hardware)	1985	Signatron USA
hustler	Video Hustler	1981	Konami
billiard	The Billiards (Video Hustler bootleg)	1981	bootleg
hustlerb	Video Hustler (bootleg)	1981	bootleg (Digimatic)
hustlerb2	Fatsy Gambler (Video Hustler bootleg)	1981	bootleg
frogger	Frogger	1981	Konami
froggers1	Frogger (Sega set 1)	1981	Konami (Sega license)
froggers2	Frogger (Sega set 2)	1981	Konami (Sega license)
froggermc	Frogger (Moon Cresta hardware)	1981	Konami (Sega license)
amidar	Amidar	1981	Konami
amidaru	Amidar (Stern Electronics)	1982	Konami (Stern Electronics license)
amidaro	Amidar (Olympia)	1982	Konami (Olympia license)
amidarb	Amidar (bootleg)	1982	bootleg
amigo	Amigo	1982	bootleg
turtles	Turtles	1981	Konami (Stern Electronics license)
turpin	Turpin	1981	Konami (Sega license)
600	600	1981	Konami
flyboy	Fly-Boy	1982	Kaneko
flyboyb	Fly-Boy (bootleg)	1982	bootleg
fastfred	Fast Freddie	1982	Kaneko (Atari license)
jumpcoas	Jump Coaster	1983	Kaneko
jumpcoast	Jump Coaster (Taito)	1983	Kaneko (Taito license)
boggy84	Boggy '84	1983	Kaneko
boggy84b	Boggy '84 (bootleg)	1983	bootleg (Eddie's Games)
redrobin	Red Robin	1986	Elettronolo
imago	Imago (cocktail set)	1984	Acom
imagoa	Imago (no cocktail set)	1983	Acom
scorpion	Scorpion (set 1)	1982	Zaccaria
scorpiona	Scorpion (set 2)	1982	Zaccaria
scorpionb	Scorpion (set 3)	1982	Zaccaria
aracnis	Aracnis (bootleg of Scorpion on Moon Cresta hardware)		bootleg
ad2083	A. D. 2083	1983	Midcoin
turpins	Turpin (bootleg on Scramble hardware)	1981	bootleg
cclimber	Crazy Climber (US)	1980	Nichibutsu
cclimberj	Crazy Climber (Japan)	1980	Nichibutsu
ccboot	Crazy Climber (bootleg set 1)	1980	bootleg
ccboot2	Crazy Climber (bootleg set 2)	1980	bootleg
ckong	Crazy Kong	1981	Falcon?
ckongo	Crazy Kong (Orca bootleg)	1981	bootleg (Orca)
ckongalc	Crazy Kong (Alca bootleg)	1981	bootleg (Alca)
bigkong	Big Kong	1981	bootleg
monkeyd	Monkey Donkey	1981	bootleg
ckongpt2	Crazy Kong Part II (set 1)	1981	Falcon
ckongpt2a	Crazy Kong Part II (set 2)	1981	Falcon
ckongpt2j	Crazy Kong Part II (Japan)	1981	Falcon
ckongpt2jeu	Crazy Kong Part II (Jeutel bootleg)	1981	bootleg (Jeutel)
ckongpt2b	Crazy Kong Part II (alternative levels)	1981	bootleg
rpatrol	River Patrol (Orca)	1981	Orca
rpatrolb	River Patrol (bootleg)	1981	bootleg
silvland	Silver Land	1981	Falcon
yamato	Yamato (US)	1983	Sega
yamato2	Yamato (World?)	1983	Sega
toprollr	Top Roller	1983	Jaleco
swimmer	Swimmer (set 1)	1982	Tehkan
swimmera	Swimmer (set 2)	1982	Tehkan
swimmerb	Swimmer (set 3)	1982	Tehkan
guzzler	Guzzler	1983	Tehkan
cannonb	Cannon Ball (bootleg on Crazy Kong hardware) (set 1, buggy)	1985	bootleg (Soft)
cannonb2	Cannon Ball (bootleg on Crazy Kong hardware) (set 2, buggy)	1985	bootleg (TV Game Gruenberg)
cannonb3	Cannon Ball (bootleg on Crazy Kong hardware) (set 3, no bonus game)	1985	bootleg (Soft)
bagmanf	Bagman (bootleg on Crazy Kong hardware)	1981	bootleg
gomoku	Gomoku Narabe Renju	1981	Nichibutsu
wiping	Wiping	1982	Nichibutsu
rugrats	Rug Rats	1983	Nichibutsu
dacholer	Dacholer	1983	Nichibutsu
kickboy	Kick Boy	1983	Nichibutsu
friskyt	Frisky Tom (set 1)	1981	Nichibutsu
friskyta	Frisky Tom (set 2)	1981	Nichibutsu
radrad	Radical Radial	1982	Nichibutsu USA
seicross	Seicross	1984	Nichibutsu / Alice
sectrzon	Sector Zone	1984	Nichibutsu / Alice
firebatl	Fire Battle	1984	Taito
clshroad	Clash-Road	1986	Wood Place Inc.
clshroads	Clash-Road (Status license)	1986	Wood Place Inc. (Status Game Corp. license)
tubep	Tube Panic	1984	Nichibutsu / Fujitek
tubepb	Tube Panic (bootleg)	1984	bootleg
rjammer	Roller Jammer	1984	Nichibutsu / Alice
magmax	Mag Max	1985	Nichibutsu
cop01	Cop 01 (set 1)	1985	Nichibutsu
cop01a	Cop 01 (set 2)	1985	Nichibutsu
mightguy	Mighty Guy	1986	Nichibutsu
terracre	Terra Cresta (YM3526 set 1)	1985	Nichibutsu
terracrea	Terra Cresta (YM3526 set 2)	1985	Nichibutsu
terracren	Terra Cresta (YM2203)	1985	Nichibutsu
amazon	Soldier Girl Amazon	1986	Nichibutsu
amatelas	Sei Senshi Amatelass	1986	Nichibutsu
horekid	Kid no Hore Hore Daisakusen	1987	Nichibutsu
horekidb	Kid no Hore Hore Daisakusen (bootleg)	1987	bootleg
boobhack	Booby Kids (Italian manufactured graphic hack / bootleg of Kid no Hore Hore Daisakusen (bootleg))	1987	bootleg
galivan	Galivan - Cosmo Police (12/16/1985)	1985	Nichibutsu
galivan2	Galivan - Cosmo Police (12/11/1985)	1985	Nichibutsu
dangar	Dangar - Ufo Robo (12/1/1986)	1986	Nichibutsu
dangar2	Dangar - Ufo Robo (9/26/1986)	1986	Nichibutsu
dangarb	Dangar - Ufo Robo (bootleg)	1986	bootleg
ninjemak	Ninja Emaki (US)	1986	Nichibutsu
youma	Youma Ninpou Chou (Japan)	1986	Nichibutsu
youma2	Youma Ninpou Chou (Japan, alt)	1986	Nichibutsu
youmab	Youma Ninpou Chou (Game Electronics bootleg, set 1)	1986	bootleg
youmab2	Youma Ninpou Chou (Game Electronics bootleg, set 2)	1986	bootleg
legion	Chouji Meikyuu Legion (ver 2.03)	1987	Nichibutsu
legiono	Chouji Meikyuu Legion (ver 1.05)	1987	Nichibutsu
terraf	Terra Force (set 1)	1987	Nichibutsu
terrafb	Terra Force (bootleg with additional Z80)	1987	bootleg
terrafa	Terra Force (set 2)	1987	Nichibutsu
terrafu	Terra Force (US)	1987	Nichibutsu USA
kodure	Kodure Ookami (Japan)	1987	Nichibutsu
armedf	Armed Formation	1988	Nichibutsu
armedff	Armed Formation (Fillmore license)	1988	Nichibutsu (Fillmore license)
cclimbr2	Crazy Climber 2 (Japan)	1988	Nichibutsu
cclimbr2a	Crazy Climber 2 (Japan, Harder)	1988	Nichibutsu
skyrobo	Sky Robo	1989	Nichibutsu
bigfghtr	Tatakae! Big Fighter	1989	Nichibutsu
hyhoo	Taisen Quiz HYHOO (Japan)	1987	Nichibutsu
hyhoo2	Taisen Quiz HYHOO 2 (Japan)	1987	Nichibutsu
jangou	Jangou [BET] (Japan)	1983	Nichibutsu
macha	Monoshiri Quiz Osyaberi Macha (Japan)	1983	Logitec
jngolady	Jangou Lady (Japan)	1984	Nichibutsu
cntrygrl	Country Girl (Japan set 1)	1984	Royal Denshi
cntrygrla	Country Girl (Japan set 2)	1984	Nichibutsu
fruitbun	Fruits & Bunny (World?)	1984	Nichibutsu
luckygrl	Lucky Girl? (Wing)		Wing Co., Ltd.
nightgal	Night Gal (Japan 840920 AG 1-00)	1984	Nichibutsu
ngtbunny	Night Bunny (Japan 840601 MRN 2-10)	1984	Nichibutsu
royalngt	Royal Night [BET] (Japan 840220 RN 2-00)	1984	Royal Denshi
royalqn	Royal Queen [BET] (Japan 841010 RQ 0-07)	1984	Royal Denshi
sexygal	Sexy Gal (Japan 850501 SXG 1-00)	1985	Nichibutsu
sweetgal	Sweet Gal (Japan 850510 SWG 1-02)	1985	Nichibutsu
ngalsumr	Night Gal Summer	1985	Nichibutsu
pastelg	Pastel Gal (Japan 851224)	1985	Nichibutsu
3ds	Three Ds - Three Dealers Casino House	1985	Nichibutsu
crystalg	Crystal Gal (Japan 860512)	1986	Nichibutsu
crystal2	Crystal Gal 2 (Japan 860620)	1986	Nichibutsu
nightlov	Night Love (Japan 860705)	1986	Central Denshi
citylove	City Love (Japan 860908)	1986	Nichibutsu
mcitylov	City Love [BET] (Japan 860904)	1986	Nichibutsu
apparel	Apparel Night (Japan 860929)	1986	Central Denshi
secolove	Second Love (Japan 861201)	1986	Nichibutsu
barline	Barline (Japan?)		Nichibutsu
housemnq	House Mannequin (Japan 870217)	1987	Nichibutsu
housemn2	House Mannequin Roppongi Live hen (Japan 870418)	1987	Nichibutsu
livegal	Live Gal (Japan 870530)	1987	Central Denshi
seiha	Seiha (Japan 870725)	1987	Nichibutsu
seiham	Seiha [BET] (Japan 870723)	1987	Nichibutsu
mjgaiden	Mahjong Gaiden [BET] (Japan 870803)	1987	Central Denshi
bijokkoy	Bijokko Yume Monogatari (Japan 870925)	1987	Nichibutsu
iemoto	Iemoto (Japan 871020)	1987	Nichibutsu
iemotom	Iemoto [BET] (Japan 871118)	1987	Nichibutsu
ryuuha	Ryuuha [BET] (Japan 871027)	1987	Central Denshi
ojousan	Ojousan (Japan 871204)	1987	Nichibutsu
ojousanm	Ojousan [BET] (Japan 870108)	1987	Nichibutsu
bijokkog	Bijokko Gakuen (Japan 880116)	1988	Nichibutsu
orangec	Orange Club - Maruhi Kagai Jugyou (Japan 880213)	1988	Daiichi Denshi
orangeci	Orange Club - Maru-hi Ippatsu Kaihou [BET] (Japan 880221)	1988	Daiichi Denshi
vipclub	Vip Club - Maru-hi Ippatsu Kaihou [BET] (Japan 880310)	1988	Daiichi Denshi
korinai	Mahjong-zukino Korinai Menmen (Japan 880425)	1988	Nichibutsu
korinaim	Mahjong-zukino Korinai Menmen [BET] (Japan 880920)	1988	Nichibutsu
kaguya	Mahjong Kaguyahime [BET] (Japan 880521)	1988	Miki Syouji
kaguya2	Mahjong Kaguyahime Sono2 [BET] (Japan 890829)	1989	Miki Syouji
kaguya2f	Mahjong Kaguyahime Sono2 Fukkokuban [BET] (Japan 010808)	1989	Miki Syouji
otonano	Otona no Mahjong (Japan 880628)	1988	Apple
kanatuen	Kanatsuen no Onna [BET] (Japan 880905)	1988	Panac
kyuhito	Kyukyoku no Hito [BET] (Japan 880824)	1988	Roller Tron
mjsikaku	Mahjong Shikaku (Japan 880908)	1988	Nichibutsu
mjsikakb	Mahjong Shikaku (Japan 880722)	1988	Nichibutsu
mjsikakc	Mahjong Shikaku (Japan 880806)	1988	Nichibutsu
mjsikakd	Mahjong Shikaku (Japan 880802)	1988	Nichibutsu
mmsikaku	Mahjong Shikaku [BET] (Japan 880929)	1988	Nichibutsu
mjcamera	Mahjong Camera Kozou (set 1) (Japan 881109)	1988	Miki Syouji
mmcamera	Mahjong Camera Kozou [BET] (Japan 890509)	1989	Miki Syouji
msjiken	Mahjong Satsujin Jiken (Japan 881017)	1988	Nichibutsu
hanamomo	Mahjong Hana no Momoko gumi (Japan 881201)	1988	Nichibutsu
hanamomb	Mahjong Hana no Momoko gumi (Japan 881125)	1988	Nichibutsu
telmahjn	Telephone Mahjong (Japan 890111)	1988	Nichibutsu
taiwanmb	Taiwan Mahjong [BET] (Japan 881208)	1988	Miki Syouji
gionbana	Gionbana (Japan 890120)	1989	Nichibutsu
idhimitu	Idol no Himitsu [BET] (Japan 890304)	1989	Digital Soft
mgion	Gionbana [BET] (Japan 890207)	1989	Nichibutsu
mjcamerb	Mahjong Camera Kozou (set 2) (Japan 881109)	1989	Miki Syouji
omotesnd	Omotesandou (Japan 890215)	1989	Anime Tec
abunai	Abunai Houkago - Mou Matenai (Japan 890325)	1989	Green Soft
mjfocus	Mahjong Focus (Japan 890313)	1989	Nichibutsu
mjfocusm	Mahjong Focus [BET] (Japan 890510)	1989	Nichibutsu
peepshow	Nozokimeguri Mahjong Peep Show (Japan 890404)	1989	AC
scandal	Scandal Mahjong (Japan 890213)	1989	Nichibutsu
scandalm	Scandal Mahjong [BET] (Japan 890217)	1989	Nichibutsu
mgmen89	Mahjong G-MEN'89 (Japan 890425)	1989	Nichibutsu
mjnanpas	Mahjong Nanpa Story (Japan 890713)	1989	Brooks
mjnanpaa	Mahjong Nanpa Story (Japan 890712)	1989	Brooks
mjnanpau	Mahjong Nanpa Story (Ura) (Japan 890805)	1989	Brooks
pairsnb	Pairs (Nichibutsu) (Japan 890822)	1989	Nichibutsu
pairsten	Pairs (System Ten) (Japan 890826)	1989	System Ten
bananadr	Mahjong Banana Dream [BET] (Japan 891124)	1989	Digital Soft
mladyhtr	Mahjong THE LADY HUNTER (Japan 900509)	1990	Nichibutsu
chinmoku	Mahjong Chinmoku no Hentai (Japan 900511)	1990	Nichibutsu
maiko	Maikobana (Japan 900802)	1990	Nichibutsu
mmaiko	Maikobana [BET] (Japan 900911)	1990	Nichibutsu
hnageman	AV Hanafuda Hana no Ageman (Japan 900716)	1990	Nichibutsu / AV Japan
hnxmasev	AV Hanafuda Hana no Christmas Eve (Japan 901204)	1990	Nichibutsu / AV Japan
club90s	Mahjong CLUB 90's (set 1) (Japan 900919)	1990	Nichibutsu
club90sa	Mahjong CLUB 90's (set 2) (Japan 900919)	1990	Nichibutsu
lovehous	Mahjong Love House [BET] (Japan 901024)	1990	Nichibutsu
hanaoji	Hana to Ojisan [BET] (Japan 911209)	1991	Nichibutsu
pstadium	Mahjong Panic Stadium (Japan)	1990	Nichibutsu
triplew1	Mahjong Triple Wars (Japan)	1989	Nichibutsu
triplew2	Mahjong Triple Wars 2 (Japan)	1990	Nichibutsu
ntopstar	Mahjong Nerae! Top Star (Japan)	1990	Nichibutsu
mjlstory	Mahjong Jikken Love Story (Japan)	1991	Nichibutsu
vanilla	Mahjong Vanilla Syndrome (Japan)	1991	Nichibutsu
finalbny	Mahjong Final Bunny [BET] (Japan)	1991	Nichibutsu
qmhayaku	Quiz-Mahjong Hayaku Yatteyo! (Japan)	1991	Nichibutsu
mjgottub	Medal Mahjong Gottsu ee-kanji [BET] (Japan)	1991	Nichibutsu
galkoku	Mahjong Gal no Kokuhaku (Japan)	1989	Nichibutsu/T.R.Tec
hyouban	Mahjong Hyouban Musume [BET] (Japan)	1989	Nichibutsu/T.R.Tec
galkaika	Mahjong Gal no Kaika (Japan)	1989	Nichibutsu/T.R.Tec
tokyogal	Tokyo Gal Zukan (Japan)	1989	Nichibutsu
tokimbsj	Tokimeki Bishoujo [BET] (Japan)	1989	Nichibutsu
mcontest	Miss Mahjong Contest (Japan)	1989	Nichibutsu
uchuuai	Mahjong Uchuu yori Ai wo komete (Japan)	1989	Nichibutsu
av2mj1bb	AV2Mahjong No.1 Bay Bridge no Seijo (Japan)	1991	Miki Syouji / AV Japan
av2mj2rg	AV2Mahjong No.2 Rouge no Kaori (Japan)	1991	Miki Syouji / AV Japan
ohpaipee	Oh! Paipee (Japan 890227)	1989	Nichibutsu
togenkyo	Tougenkyou (Japan 890418)	1989	Nichibutsu
mjuraden	Mahjong Uranai Densetsu (Japan)	1992	Nichibutsu/Yubis
koinomp	Mahjong Koi no Magic Potion (Japan)	1992	Nichibutsu
patimono	Mahjong Pachinko Monogatari (Japan)	1992	Nichibutsu
janbari	Mahjong Janjan Baribari (Japan)	1992	Nichibutsu/Yubis/AV Japan
mjanbari	Medal Mahjong Janjan Baribari [BET] (Japan)	1992	Nichibutsu/Yubis/AV Japan
ultramhm	Ultra Maru-hi Mahjong (Japan)	1993	Apple
gal10ren	Mahjong Gal 10-renpatsu (Japan)	1993	Fujic
renaiclb	Mahjong Ren-ai Club (Japan)	1993	Fujic
mjlaman	Mahjong La Man (Japan)	1993	Nichibutsu/AV Japan
mkeibaou	Mahjong Keibaou (Japan)	1993	Nichibutsu
pachiten	Medal Mahjong Pachi-Slot Tengoku [BET] (Japan)	1993	Nichibutsu/Miki Syouji/AV Japan
sailorws	Mahjong Sailor Wars (Japan set 1)	1993	Nichibutsu
sailorwa	Mahjong Sailor Wars (Japan set 2)	1993	Nichibutsu
sailorwr	Mahjong Sailor Wars-R [BET] (Japan)	1993	Nichibutsu
wcatcher	Mahjong Wakuwaku Catcher (Japan)	1993	Nichibutsu
jituroku	Jitsuroku Maru-chi Mahjong (Japan)	1993	Windom
yosimoto	Mahjong Yoshimoto Gekijou (Japan)	1994	Nichibutsu/Yoshimoto Kougyou
psailor1	Bishoujo Janshi Pretty Sailor 18-kin (Japan)	1994	Sphinx
psailor2	Bishoujo Janshi Pretty Sailor 2 (Japan)	1994	Sphinx
otatidai	Disco Mahjong Otachidai no Okite (Japan)	1995	Sphinx
ngpgal	Nekketsu Grand-Prix Gal (Japan)	1991	Nichibutsu
mjgottsu	Mahjong Gottsu ee-kanji (Japan)	1991	Nichibutsu
bakuhatu	Mahjong Bakuhatsu Junjouden (Japan)	1991	Nichibutsu
cmehyou	Mahjong Circuit no Mehyou (Japan)	1992	Nichibutsu/Kawakusu
mmehyou	Medal Mahjong Circuit no Mehyou [BET] (Japan)	1992	Nichibutsu/Kawakusu
mjkoiura	Mahjong Koi Uranai (Japan set 1)	1992	Nichibutsu
mkoiuraa	Mahjong Koi Uranai (Japan set 2)	1992	Nichibutsu
imekura	Imekura Mahjong (Japan)	1994	Sphinx/AV Japan
mscoutm	Mahjong Scout Man (Japan)	1994	Sphinx/AV Japan
mjegolf	Mahjong Erotica Golf (Japan)	1994	Fujic/AV Japan
mhhonban	Mahjong Housoukyoku Honbanchuu (Japan)		Nichibutsu?
4psimasy	Mahjong 4P Simasyo (Japan)	1994	Sphinx/AV Japan
musobana	Musoubana (Japan)	1995	Nichibutsu/Yubis
niyanpai	Niyanpai (Japan)	1996	Nichibutsu
safarir	Safari Rally (Japan)	1979	SNK
phoenix	Phoenix (Amstar)	1980	Amstar
phoenixa	Phoenix (Centuri, set 1)	1980	Amstar (Centuri license)
phoenixb	Phoenix (Centuri, set 2)	1980	Amstar (Centuri license)
phoenixt	Phoenix (Taito)	1980	Amstar (Taito license)
phoenixj	Phoenix (Taito Japan)	1980	Amstar (Taito Japan license)
phoenix3	Phoenix (T.P.N.)	1980	bootleg (T.P.N.)
phoenixc	Phoenix (Irecsa / G.G.I Corp)	1981	bootleg? (Irecsa / G.G.I Corp)
condor	Condor (bootleg of Phoenix)	1981	bootleg
fenix	Fenix (bootleg of Phoenix)	1980	bootleg
falcon	Falcon (bootleg of Phoenix) (8085A CPU)	1980	bootleg
vautour	Vautour (bootleg of Phoenix) (8085A CPU)	1980	bootleg (Jeutel)
falconz	Falcon (bootleg of Phoenix) (Z80 CPU)	1980	bootleg
vautourz	Vautour (bootleg of Phoenix) (Z80 CPU)	1980	bootleg
griffon	Griffon (bootleg of Phoenix)	1980	bootleg (Videotron)
nextfase	Next Fase (bootleg of Phoenix)	1981	bootleg (Petaco S.A.)
pleiads	Pleiads (Tehkan)	1981	Tehkan
pleiadbl	Pleiads (bootleg)	1981	bootleg
pleiadce	Pleiads (Centuri)	1981	Tehkan (Centuri license)
capitol	Capitol	1981	bootleg? (Universal Video Spiel)
survival	Survival	1982	Rock-Ola
naughtyb	Naughty Boy	1982	Jaleco
naughtyba	Naughty Boy (bootleg)	1982	bootleg
naughtybc	Naughty Boy (Cinematronics)	1982	Jaleco (Cinematronics license)
popflame	Pop Flamer (protected)	1982	Jaleco
popflamea	Pop Flamer (not protected)	1982	Jaleco
popflameb	Pop Flamer (hack?)	1982	Jaleco
popflamen	Pop Flamer (bootleg on Naughty Boy PCB)	1982	Jaleco
trvmstr	Trivia Master (set 1)	1985	Enerdyne Technologies Inc.
trvmstra	Trivia Master (set 2)	1985	Enerdyne Technologies Inc.
trvmstrb	Trivia Master (set 3)	1985	Enerdyne Technologies Inc.
trvmstrc	Trivia Master (set 4)	1985	Enerdyne Technologies Inc.
trvgns	Trivia Genius	1985	bootleg
geebee	Gee Bee	1978	Namco
geebeeb	Gee Bee (F.lli Bertolino license)	1978	Namco (F.lli Bertolino license)
geebeeg	Gee Bee (Gremlin)	1978	Namco (Gremlin license)
bombbee	Bomb Bee	1979	Namco
cutieq	Cutie Q	1979	Namco
navarone	Navarone	1980	Namco
kaitein	Kaitei Takara Sagashi (Namco license)	1980	K.K. Tokki (Namco license)
kaitei	Kaitei Takara Sagashi	1980	K.K. Tokki
sos	SOS	1980	Namco
tankbatt	Tank Battalion	1980	Namco
warpwarp	Warp & Warp	1981	Namco
warpwarpr	Warp Warp (Rock-Ola set 1)	1981	Namco (Rock-Ola license)
warpwarpr2	Warp Warp (Rock-Ola set 2)	1981	Namco (Rock-Ola license)
rallyx	Rally X (32k Ver.?)	1980	Namco
rallyxa	Rally X	1980	Namco
rallyxm	Rally X (Midway)	1980	Namco (Midway license)
nrallyx	New Rally X	1981	Namco
nrallyxb	New Rally X (bootleg?)	1981	Namco
jungler	Jungler	1981	Konami
junglers	Jungler (Stern Electronics)	1981	Konami (Stern Electronics license)
tactcian	Tactician (set 1)	1982	Konami (Sega license)
tactcian2	Tactician (set 2)	1981	Konami (Sega license)
locomotn	Loco-Motion	1982	Konami (Centuri license)
gutangtn	Guttang Gottong	1982	Konami (Sega license)
cottong	Cotocoto Cottong	1982	bootleg
locoboot	Loco-Motion (bootleg)	1982	bootleg
commsega	Commando (Sega)	1983	Sega
bosco	Bosconian (new version)	1981	Namco
boscoo	Bosconian (old version)	1981	Namco
boscoo2	Bosconian (older version)	1981	Namco
boscomd	Bosconian (Midway, new version)	1981	Namco (Midway license)
boscomdo	Bosconian (Midway, old version)	1981	Namco (Midway license)
galaga	Galaga (Namco rev. B)	1981	Namco
galagao	Galaga (Namco)	1981	Namco
galagamw	Galaga (Midway set 1)	1981	Namco (Midway license)
galagamk	Galaga (Midway set 2)	1981	Namco (Midway license)
galagamf	Galaga (Midway set 1 with fast shoot hack)	1981	Namco (Midway license)
gallag	Gallag	1981	bootleg
gatsbee	Gatsbee	1984	hack
digdug	Dig Dug (rev 2)	1982	Namco
digdug1	Dig Dug (rev 1)	1982	Namco
digdugat	Dig Dug (Atari, rev 2)	1982	Namco (Atari license)
digdugat1	Dig Dug (Atari, rev 1)	1982	Namco (Atari license)
dzigzag	Zig Zag (Dig Dug hardware)	1982	bootleg
digsid	Dig Dug (manufactured by Sidam)	1982	Namco (Sidam license)
xevious	Xevious (Namco)	1982	Namco
xeviousa	Xevious (Atari set 1)	1982	Namco (Atari license)
xeviousb	Xevious (Atari set 2)	1982	Namco (Atari license)
xeviousc	Xevious (Atari set 3)	1982	Namco (Atari license)
xevios	Xevios	1982	bootleg
battles	Battles	1982	bootleg
sxevious	Super Xevious	1984	Namco
sxeviousj	Super Xevious (Japan)	1984	Namco
superpac	Super Pac-Man	1982	Namco
superpacm	Super Pac-Man (Midway)	1982	Namco (Bally Midway license)
pacnpal	Pac & Pal	1983	Namco
pacnpal2	Pac & Pal (older)	1983	Namco
pacnchmp	Pac-Man & Chomp Chomp	1983	Namco
phozon	Phozon (Japan)	1983	Namco
mappy	Mappy (US)	1983	Namco
mappyj	Mappy (Japan)	1983	Namco
digdug2	Dig Dug II (New Ver.)	1985	Namco
digdug2o	Dig Dug II (Old Ver.)	1985	Namco
todruaga	Tower of Druaga (New Ver.)	1984	Namco
todruagao	Tower of Druaga (Old Ver.)	1984	Namco
todruagas	Tower of Druaga (Sidam)	1984	bootleg? (Sidam)
motos	Motos	1985	Namco
grobda	Grobda (New Ver.)	1984	Namco
grobda2	Grobda (Old Ver. set 1)	1984	Namco
grobda3	Grobda (Old Ver. set 2)	1984	Namco
gaplus	Gaplus (rev. D)	1984	Namco
gaplusa	Gaplus (alternate hardware)	1984	Namco
gapluso	Gaplus (rev. B)	1984	Namco
galaga3	Galaga 3 (rev. C)	1984	Namco
galaga3m	Galaga 3 (set 3)	1984	Namco
galaga3a	Galaga 3 (set 2)	1984	Namco
liblrabl	Libble Rabble	1983	Namco
toypop	Toypop	1986	Namco
polepos	Pole Position	1982	Namco
poleposa	Pole Position (Atari version 2)	1982	Namco (Atari license)
polepos1	Pole Position (Atari version 1)	1982	Namco (Atari license)
topracer	Top Racer (with MB8841 + MB8842, 1984)	1984	bootleg
topracera	Top Racer (with MB8841 + MB8842, 1983)	1983	bootleg
topracern	Top Racer (no MB8841 + MB8842)	1982	bootleg
polepos2	Pole Position II	1983	Namco
polepos2a	Pole Position II (Atari)	1983	Namco (Atari license)
polepos2b	Pole Position II (bootleg)	1983	bootleg
polepos2bi	Gran Premio F1 (Italian bootleg of Pole Position II)	1984	bootleg
pacland	Pac-Land (World)	1984	Namco
paclandj	Pac-Land (Japan new)	1984	Namco
paclandjo	Pac-Land (Japan old)	1984	Namco
paclandjo2	Pac-Land (Japan older)	1984	Namco
paclandm	Pac-Land (Midway)	1984	Namco (Bally Midway license)
drgnbstr	Dragon Buster	1984	Namco
skykid	Sky Kid (new version)	1985	Namco
skykido	Sky Kid (old version)	1985	Namco
skykidd	Sky Kid (CUS60 version)	1985	Namco
skykids	Sky Kid (Sipem)	1985	Namco (Sipem license)
aliensec	Alien Sector	1985	Namco
baraduke	Baraduke	1985	Namco
metrocrs	Metro-Cross (set 1)	1985	Namco
metrocrsa	Metro-Cross (set 2)	1985	Namco
hopmappy	Hopping Mappy	1986	Namco
skykiddx	Sky Kid Deluxe (set 1)	1986	Namco
skykiddxo	Sky Kid Deluxe (set 2)	1986	Namco
roishtar	The Return of Ishtar	1986	Namco
genpeitd	Genpei ToumaDen	1986	Namco
rthunder	Rolling Thunder (new version)	1986	Namco
rthundero	Rolling Thunder (old version)	1986	Namco
wndrmomo	Wonder Momo	1987	Namco
tceptor	Thunder Ceptor	1986	Namco
tceptor2	Thunder Ceptor II	1986	Namco
kungfur	Kung Fu Roushi	1987	Namco
shadowld	Shadowland	1987	Namco
youkaidk	Yokai Douchuuki (Japan new version)	1987	Namco
youkaidko	Yokai Douchuuki (Japan old version)	1987	Namco
dspirit	Dragon Spirit (new version)	1987	Namco
dspirito	Dragon Spirit (old version)	1987	Namco
dspirita	Dragon Spirit (Atari license)	1987	Namco (Atari license)
blazer	Blazer (Japan)	1987	Namco
quester	Quester (Japan)	1987	Namco
pacmania	Pac-Mania	1987	Namco
pacmaniaj	Pac-Mania (Japan)	1987	Namco
galaga88	Galaga '88	1987	Namco
galaga88j	Galaga '88 (Japan)	1987	Namco
ws	World Stadium (Japan)	1988	Namco
berabohm	Beraboh Man (Japan version C)	1988	Namco
berabohmo	Beraboh Man (Japan version B)	1988	Namco
mmaze	Marchen Maze (Japan)	1988	Namco
bakutotu	Bakutotsu Kijuutei	1988	Namco
wldcourt	World Court (Japan)	1988	Namco
splatter	Splatter House (World new version)	1988	Namco
splattero	Splatter House (World old version)	1988	Namco
splatterj	Splatter House (Japan)	1988	Namco
faceoff	Face Off (Japan)	1988	Namco
rompers	Rompers (Japan)	1989	Namco
romperso	Rompers (Japan old version)	1989	Namco
blastoff	Blast Off (Japan)	1989	Namco
ws89	World Stadium '89 (Japan)	1989	Namco
dangseed	Dangerous Seed (Japan)	1989	Namco
ws90	World Stadium '90 (Japan)	1990	Namco
pistoldm	Pistol Daimyo no Bouken (Japan)	1990	Namco
boxyboy	Boxy Boy (US)	1990	Namco
soukobdx	Souko Ban Deluxe (Japan)	1990	Namco
puzlclub	Puzzle Club (Japan prototype)	1990	Namco
tankfrce	Tank Force (US, 2 Player)	1991	Namco
tankfrce4	Tank Force (US, 4 Player)	1991	Namco
tankfrcej	Tank Force (Japan)	1991	Namco
finallap	Final Lap (Rev E)	1987	Namco
finallapd	Final Lap (Rev D)	1987	Namco
finallapc	Final Lap (Rev C)	1987	Namco
finallapjc	Final Lap (Japan - Rev C)	1987	Namco
finallapjb	Final Lap (Japan - Rev B)	1987	Namco
assault	Assault	1988	Namco
assaultj	Assault (Japan)	1988	Namco
assaultp	Assault Plus (Japan)	1988	Namco
metlhawk	Metal Hawk	1988	Namco
metlhawkj	Metal Hawk (Japan)	1988	Namco
ordyne	Ordyne (Japan, English Version)	1988	Namco
ordynej	Ordyne (Japan)	1988	Namco
mirninja	Mirai Ninja (Japan)	1988	Namco
phelios	Phelios (Japan)	1988	Namco
dirtfoxj	Dirt Fox (Japan)	1989	Namco
fourtrax	Four Trax	1989	Namco
valkyrie	Valkyrie No Densetsu (Japan)	1989	Namco
finehour	Finest Hour (Japan)	1989	Namco
burnforc	Burning Force (Japan new version)	1989	Namco
burnforco	Burning Force (Japan old version)	1989	Namco
marvland	Marvel Land (US)	1989	Namco
marvlandj	Marvel Land (Japan)	1989	Namco
kyukaidk	Kyuukai Douchuuki (Japan new version)	1990	Namco
kyukaidko	Kyuukai Douchuuki (Japan old version)	1990	Namco
dsaber	Dragon Saber	1990	Namco
dsaberj	Dragon Saber (Japan)	1990	Namco
finalap2	Final Lap 2	1990	Namco
finalap2j	Final Lap 2 (Japan)	1990	Namco
gollygho	Golly! Ghost!	1990	Namco
rthun2	Rolling Thunder 2	1990	Namco
rthun2j	Rolling Thunder 2 (Japan)	1990	Namco
sgunner	Steel Gunner	1990	Namco
sgunnerj	Steel Gunner (Japan)	1990	Namco
sgunner2	Steel Gunner 2 (US)	1991	Namco
sgunner2j	Steel Gunner 2 (Japan)	1991	Namco
cosmogng	Cosmo Gang the Video (US)	1991	Namco
cosmogngj	Cosmo Gang the Video (Japan)	1991	Namco
bubbletr	Bubble Trouble (Japan)	1992	Namco
finalap3	Final Lap 3 (World, set 1)	1992	Namco
finalap3a	Final Lap 3 (World, set 2)	1992	Namco
finalap3j	Final Lap 3 (Japan)	1992	Namco
luckywld	Lucky & Wild	1992	Namco
luckywldj	Lucky & Wild (Japan)	1992	Namco
suzuka8h	Suzuka 8 Hours (World)	1992	Namco
suzuka8hj	Suzuka 8 Hours (Japan)	1992	Namco
sws	Super World Stadium (Japan)	1992	Namco
sws92	Super World Stadium '92 (Japan)	1992	Namco
sws92g	Super World Stadium '92 Gekitouban (Japan)	1992	Namco
suzuk8h2	Suzuka 8 Hours 2 (World)	1993	Namco
sws93	Super World Stadium '93 (Japan)	1993	Namco
speedrcr	Speed Racer	1995	Namco
finalapr	Final Lap R (Rev. B)	1995	Namco
finalaprj	Final Lap R (Japan Rev. C)	1995	Namco
finalapro	Final Lap R	1995	Namco
bkrtmaq	Bakuretsu Quiz Ma-Q Dai Bouken (Japan)	1992	Namco
cgangpzl	Cosmo Gang the Puzzle (US)	1992	Namco
cgangpzlj	Cosmo Gang the Puzzle (Japan)	1992	Namco
exvania	Exvania (Japan)	1992	Namco
fghtatck	Fighter & Attacker (US)	1992	Namco
fa	F/A (Japan)	1992	Namco
knckhead	Knuckle Heads (World)	1992	Namco
knckheadj	Knuckle Heads (Japan)	1992	Namco
swcourt	Super World Court (World)	1992	Namco
swcourtj	Super World Court (Japan)	1992	Namco
emeralda	Emeraldia (World)	1993	Namco
emeraldaj	Emeraldia (Japan Version B)	1993	Namco
emeraldaja	Emeraldia (Japan)	1993	Namco
numanath	Numan Athletics (World)	1993	Namco
numanathj	Numan Athletics (Japan)	1993	Namco
quiztou	Nettou! Gekitou! Quiztou!! (Japan)	1993	Namco
tinklpit	Tinkle Pit (Japan)	1993	Namco
xday2	X-Day 2 (Japan)	1995	Namco
nebulray	Nebulas Ray (World, NR2)	1994	Namco
nebulrayj	Nebulas Ray (Japan, NR1)	1994	Namco
ptblank	Point Blank (World, GN2 Rev B)	1994	Namco
gunbuletj	Gun Bullet (Japan, GN1)	1994	Namco
gunbuletw	Gun Bullet (World, GN3 Rev B)	1994	Namco
gslugrsj	Great Sluggers (Japan)	1993	Namco
gslgr94u	Great Sluggers '94	1994	Namco
gslgr94j	Great Sluggers '94 (Japan)	1994	Namco
sws95	Super World Stadium '95 (Japan)	1995	Namco
sws96	Super World Stadium '96 (Japan)	1996	Namco
sws97	Super World Stadium '97 (Japan)	1997	Namco
vshoot	J-League Soccer V-Shoot (Japan)	1994	Namco
outfxies	Outfoxies (World, OU2)	1994	Namco
outfxiesj	Outfoxies (Japan, OU1)	1994	Namco
machbrkr	Mach Breakers - Numan Athletics 2 (Japan)	1995	Namco
ncv1	Namco Classic Collection Vol.1	1995	Namco
ncv1j	Namco Classic Collection Vol.1 (Japan, v1.00)	1995	Namco
ncv1j2	Namco Classic Collection Vol.1 (Japan, v1.03)	1995	Namco
ncv2	Namco Classic Collection Vol.2	1996	Namco
ncv2j	Namco Classic Collection Vol.2 (Japan)	1996	Namco
winrun	Winning Run Suzuka Grand Prix (Japan)	1989	Namco
winrun91	Winning Run 91 (Japan)	1991	Namco
solvalou	Solvalou (Japan)	1991	Namco
starblad	Starblade (Japan)	1991	Namco
driveyes	Driver's Eyes (US)	1991	Namco
aircomb	Air Combat (US)	1992	Namco
aircombj	Air Combat (Japan)	1992	Namco
cybsled	Cyber Sled (US)	1993	Namco
cybsledj	Cyber Sled (Japan)	1993	Namco
gal3	Galaxian 3 - Theater 6 : Project Dragoon		Namco
ridgerac	Ridge Racer (Rev. RR3, World)	1993	Namco
ridgeracb	Ridge Racer (Rev. RR2, World)	1993	Namco
ridgeracj	Ridge Racer (Rev. RR1, Japan)	1993	Namco
ridgerac3	Ridge Racer (3 Screen? Rev. RR2, World)	1993	Namco
rrf	Ridge Racer (Full Scale, 1993-12-13, World)	1993	Namco
acedrvrw	Ace Driver (Rev. AD2, World)	1994	Namco
alpinerd	Alpine Racer (Rev. AR2 Ver.D)	1995	Namco
alpinerc	Alpine Racer (Rev. AR2 Ver.C)	1995	Namco
ridgera2	Ridge Racer 2 (Rev. RRS2, US)	1994	Namco
ridgera2j	Ridge Racer 2 (Rev. RRS1, Ver.B, Japan)	1994	Namco
ridgera2ja	Ridge Racer 2 (Rev. RRS1, Japan)	1994	Namco
raveracw	Rave Racer (Rev. RV2, World)	1995	Namco
raveracj	Rave Racer (Rev. RV1 Ver.B, Japan)	1995	Namco
raveracja	Rave Racer (Rev. RV1, Japan)	1995	Namco
airco22b	Air Combat 22 (Rev. ACS1 Ver.B, Japan)	1995	Namco
alpinr2b	Alpine Racer 2 (Rev. ARS2 Ver.B)	1996	Namco
alpinr2a	Alpine Racer 2 (Rev. ARS2 Ver.A)	1996	Namco
cybrcomm	Cyber Commando (Rev. CY1, Japan)	1995	Namco
cybrcycc	Cyber Cycles (Rev. CB2 Ver.C)	1995	Namco
timecris	Time Crisis (Rev. TS2 Ver.B)	1995	Namco
timecrisa	Time Crisis (Rev. TS2 Ver.A)	1995	Namco
dirtdash	Dirt Dash (Rev. DT2)	1995	Namco
victlapw	Ace Driver: Victory Lap (Rev. ADV2, World)	1996	Namco
alpinesa	Alpine Surfer (Rev. AF2 Ver.A)	1996	Namco
propcycl	Prop Cycle (Rev. PR2 Ver.A)	1996	Namco
tokyowar	Tokyo Wars (Rev. TW2 Ver.A)	1996	Namco
aquajet	Aqua Jet (Rev. AJ2 Ver.B)	1996	Namco
finlflng	Final Furlong (FF2 Ver. A)	1997	Namco
motoxgo	Motocross Go! (MG3 Ver. A)	1997	Namco
rapidrvr	Rapid River (RD3 Ver. C)	1997	Namco
rapidrvr2	Rapid River (RD2 Ver. C)	1997	Namco
downhill	Downhill Bikers (DH3 Ver. A)	1997	Namco
timecrs2	Time Crisis 2 (TSS3 Ver. B)	1997	Namco
timecrs2b	Time Crisis 2 (TSS2 Ver. B)	1997	Namco
timecrs2c	Time Crisis 2 (TSS4 Ver. A)	1997	Namco
panicprk	Panic Park (PNP2 Ver. A)	1998	Namco
gunwars	Gunmen Wars (GM1 Ver. A)	1998	Namco
500gp	500 GP (5GP3 Ver. C)	1998	Namco
finfurl2	Final Furlong 2 (World)	1999	Namco
finfurl2j	Final Furlong 2 (Japan)	1999	Namco
crszone	Crisis Zone (CSZO3 Ver. B)	2000	Namco
sys246	System 246 BIOS	2001	Namco
dragchrn	Dragon Chronicles (DC001 Ver. A)	2002	Namco
netchu02	Netchuu Pro Yakyuu 2002 (NPY1 Ver. A)	2002	Namco
soulclb2	Soul Calibur II (SC23 Ver. A)	2002	Namco
soulcl2a	Soul Calibur II (SC21 Ver. A)	2002	Namco
tekken4	Tekken 4 (TEF3 Ver. C)	2002	Namco
tekken4a	Tekken 4 (TEF2 Ver. A)	2002	Namco
tekken4b	Tekken 4 (TEF1 Ver. A)	2002	Namco
timecrs3	Time Crisis 3 (TST1)	2003	Namco
zgundm	Mobile Suit Z-Gundam: A.E.U.G. vs Titans (ZGA1 Ver. A)	2003	Capcom / Banpresto
fghtjam	Capcom Fighting Jam (JAM1 Ver. A)	2004	Capcom / Namco
sukuinuf	Quiz and Variety Suku Suku Inufuku 2 (IN2 Ver. A)	2004	Namco
zgundmdx	Mobile Suit Z-Gundam: A.E.U.G. vs Titans DX (ZDX1 Ver. A)	2004	Capcom / Banpresto
soulclb3	Soul Calibur III (SC31001-NA-A)	2005	Namco
sys256	System 256 BIOS	2004	Namco
tekken51	Tekken 5.1 (TE51 Ver. B)	2005	Namco
kinniku	Kinnikuman Muscle Grand Prix (KN1 Ver. A)	2006	Namco
taiko9	Taiko No Tatsujin 9 (TK91001-NA-A)	2006	Namco
taiko10	Taiko No Tatsujin 10 (T101001-NA-A)	2007	Namco
20pacgal	Ms. Pac-Man/Galaga - 20th Anniversary Class of 1981 Reunion (V1.08)	2000	Namco
20pacgalr4	Ms. Pac-Man/Galaga - 20th Anniversary Class of 1981 Reunion (V1.04)	2000	Namco
20pacgalr2	Ms. Pac-Man/Galaga - 20th Anniversary Class of 1981 Reunion (V1.02)	2000	Namco
20pacgalr1	Ms. Pac-Man/Galaga - 20th Anniversary Class of 1981 Reunion (V1.01)	2000	Namco
turrett	Turret Tower	2001	Dell Electronics (Namco license)
cosmicg	Cosmic Guerilla	1979	Universal
cosmica	Cosmic Alien (version II)	1979	Universal
cosmica1	Cosmic Alien (first version)	1979	Universal
cosmica2	Cosmic Alien (early version II?)	1979	Universal
nomnlnd	No Man's Land	1980	Universal
nomnlndg	No Man's Land (Gottlieb)	1980	Universal (Gottlieb license)
magspot	Magical Spot	1980	Universal
magspot2	Magical Spot II	1980	Universal
panic	Space Panic (version E)	1980	Universal
panic2	Space Panic (set 2)	1980	Universal
panic3	Space Panic (set 3)	1980	Universal
panich	Space Panic (harder)	1980	Universal
panicger	Space Panic (German)	1980	Universal (ADP Automaten license)
devzone	Devil Zone	1980	Universal
devzone2	Devil Zone (easier)	1980	Universal
cheekyms	Cheeky Mouse	1980	Universal
zerohour	Zero Hour	1980	Universal
redclash	Red Clash (set 1)	1981	Tehkan
redclasha	Red Clash (set 2)	1981	Tehkan
redclashk	Red Clash (Kaneko)	1981	Tehkan (Kaneko license)
cavenger	Cosmic Avenger	1981	Universal
ladybug	Lady Bug	1981	Universal
ladybugb	Lady Bug (bootleg set 1)	1981	bootleg
ladybgb2	Lady Bug (bootleg set 2)	1981	bootleg
snapjack	Snap Jack	1982	Universal
sraider	Space Raider	1982	Universal
dorodon	Dorodon (set 1)	1982	UPL (Falcon license?)
dorodon2	Dorodon (set 2)	1982	UPL (Falcon license?)
mrdo	Mr. Do!	1982	Universal
mrdoy	Mr. Do! (prototype)	1982	Universal
mrdot	Mr. Do! (Taito)	1982	Universal (Taito license)
mrdofix	Mr. Do! (bugfixed)	1982	Universal (Taito license)
mrlo	Mr. Lo!	1982	bootleg
mrdu	Mr. Du!	1982	bootleg
yankeedo	Yankee DO!	1982	hack
docastle	Mr. Do's Castle (set 1)	1983	Universal
docastle2	Mr. Do's Castle (set 2)	1983	Universal
docastleo	Mr. Do's Castle (older)	1983	Universal
douni	Mr. Do vs. Unicorns	1983	Universal
dorunrun	Do! Run Run (set 1)	1984	Universal
dorunrun2	Do! Run Run (set 2)	1984	Universal
dorunrunc	Do! Run Run (Do's Castle hardware, set 1)	1984	Universal
dorunrunca	Do! Run Run (Do's Castle hardware, set 2)	1984	Universal
spiero	Super Pierrot (Japan)	1987	Universal
dowild	Mr. Do's Wild Ride	1984	Universal
jjack	Jumping Jack	1984	Universal
kickridr	Kick Rider	1984	Universal
idsoccer	Indoor Soccer (set 1)	1985	Universal
idsoccera	Indoor Soccer (set 2)	1985	Universal
asoccer	American Soccer	1987	Universal
superdq	Super Don Quix-ote (Long Scenes)	1984	Universal
superdqs	Super Don Quix-ote (Short Scenes)	1984	Universal
superdqa	Super Don Quix-ote (Short Scenes, Alt)	1984	Universal
spacefev	Space Fever (New Ver.)	1979	Nintendo
spacefevo	Space Fever (Old Ver.)	1979	Nintendo
spacefevo2	Space Fever (Older Ver.)	1979	Nintendo
highsplt	Space Fever High Splitter (set 1)	1979	Nintendo
highsplta	Space Fever High Splitter (set 2)	1979	Nintendo
highspltb	Space Fever High Splitter (alt Sound)	1979	Nintendo
spacelnc	Space Launcher	1979	Nintendo
sheriff	Sheriff	1979	Nintendo
bandido	Bandido	1980	Nintendo (Exidy license)
helifire	HeliFire (set 1)	1980	Nintendo
helifirea	HeliFire (set 2)	1980	Nintendo
radarscp	Radar Scope	1980	Nintendo
radarscp1	Radar Scope (TRS01)	1980	Nintendo
dkong	Donkey Kong (US set 1)	1981	Nintendo of America
dkongo	Donkey Kong (US set 2)	1981	Nintendo
dkongj	Donkey Kong (Japan set 1)	1981	Nintendo
dkongjo	Donkey Kong (Japan set 2)	1981	Nintendo
dkongjo1	Donkey Kong (Japan set 3) (bad dump?)	1981	Nintendo
dkongf	Donkey Kong Foundry (hack)	2004	hack
dkongjr	Donkey Kong Junior (US)	1982	Nintendo of America
dkongjrj	Donkey Kong Jr. (Japan)	1982	Nintendo
dkongjnrj	Donkey Kong Junior (Japan?)	1982	Nintendo
dkongjrb	Donkey Kong Jr. (bootleg)	1982	bootleg
jrking	Junior King (bootleg of Donkey Kong Jr.)	1982	bootleg
dkongjre	Donkey Kong Junior (Easy)	1982	Nintendo of America
dkong3	Donkey Kong 3 (US)	1983	Nintendo of America
dkong3j	Donkey Kong 3 (Japan)	1983	Nintendo
dkong3b	Donkey Kong 3 (bootleg on Donkey Kong Jr. hardware)	1984	bootleg
mario	Mario Bros. (US, Revision F)	1983	Nintendo of America
marioe	Mario Bros. (US, Revision E)	1983	Nintendo of America
marioo	Mario Bros. (US, Unknown Rev)	1983	Nintendo of America
marioj	Mario Bros. (Japan)	1983	Nintendo
masao	Masao	1983	bootleg
pestplce	Pest Place	1983	bootleg
spclforc	Special Forces	1985	Senko Industries (Magic Eletronics Inc. license)
spcfrcii	Special Forces II	1985	Senko Industries (Magic Eletronics Inc. license)
8ballact	Eight Ball Action (DK conversion)	1984	Seatongrove Ltd (Magic Eletronics USA license)
8ballact2	Eight Ball Action (DKJr conversion)	1984	Seatongrove Ltd (Magic Eletronics USA license)
shootgal	Shooting Gallery	1984	Seatongrove Ltd (Zaccaria license)
drakton	Drakton (DK conversion)	1984	Epos Corporation
drktnjr	Drakton (DKJr conversion)	1984	Epos Corporation
strtheat	Street Heat - Cardinal Amusements	1985	Epos Corporation
hunchbkd	Hunchback (DK conversion)	1983	Century Electronics
sbdk	Super Bike (DK conversion)	1984	Century Electronics
herbiedk	Herbie at the Olympics (DK conversion)	1984	Century Electronics / Seatongrove Ltd
herodk	Hero in the Castle of Doom (DK conversion)	1984	Seatongrove Ltd (Crown license)
herodku	Hero in the Castle of Doom (DK conversion not encrypted)	1984	Seatongrove Ltd (Crown license)
skyskipr	Sky Skipper	1981	Nintendo
popeye	Popeye (revision D)	1982	Nintendo
popeyeu	Popeye (revision D not protected)	1982	Nintendo
popeyef	Popeye (revision F)	1982	Nintendo
popeyebl	Popeye (bootleg)	1982	bootleg
punchout	Punch-Out!!	1984	Nintendo
punchita	Punch-Out!! (Italian bootleg)	1984	bootleg
spnchout	Super Punch-Out!!	1984	Nintendo
spnchoutj	Super Punch-Out!! (Japan)	1984	Nintendo
armwrest	Arm Wrestling	1985	Nintendo
playch10	PlayChoice-10 BIOS	1986	Nintendo of America
pc_tenis	Tennis (PlayChoice-10)	1983	Nintendo
pc_mario	Mario Bros. (PlayChoice-10)	1983	Nintendo
pc_bball	Baseball (PlayChoice-10)	1984	Nintendo of America
pc_bfght	Balloon Fight (PlayChoice-10)	1984	Nintendo
pc_ebike	Excite Bike (PlayChoice-10)	1984	Nintendo
pc_golf	Golf (PlayChoice-10)	1984	Nintendo
pc_kngfu	Kung Fu (PlayChoice-10)	1985	Irem (Nintendo license)
pc_1942	1942 (PlayChoice-10)	1987	Capcom
pc_smb	Super Mario Bros. (PlayChoice-10)	1985	Nintendo
pc_vball	Volley Ball (PlayChoice-10)	1986	Nintendo
pc_duckh	Duck Hunt (PlayChoice-10)	1984	Nintendo
pc_hgaly	Hogan's Alley (PlayChoice-10)	1984	Nintendo
pc_wgnmn	Wild Gunman (PlayChoice-10)	1984	Nintendo
pc_grdus	Gradius (PlayChoice-10)	1986	Konami
pc_grdue	Gradius (PlayChoice-10, older)	1986	Konami
pc_tkfld	Track & Field (PlayChoice-10)	1987	Konami (Nintendo of America license)
pc_pwrst	Pro Wrestling (PlayChoice-10)	1986	Nintendo
pc_trjan	Trojan (PlayChoice-10)	1986	Capcom USA (Nintendo of America license)
pc_cvnia	Castlevania (PlayChoice-10)	1987	Konami (Nintendo of America license)
pc_dbldr	Double Dribble (PlayChoice-10)	1987	Konami (Nintendo of America license)
pc_rnatk	Rush'n Attack (PlayChoice-10)	1987	Konami (Nintendo of America license)
pc_rygar	Rygar (PlayChoice-10)	1987	Tecmo (Nintendo of America license)
pc_cntra	Contra (PlayChoice-10)	1988	Konami (Nintendo of America license)
pc_goons	The Goonies (PlayChoice-10)	1986	Konami
pc_mtoid	Metroid (PlayChoice-10)	1986	Nintendo
pc_radrc	Rad Racer (PlayChoice-10)	1987	Square
pc_miket	Mike Tyson's Punch-Out!! (PlayChoice-10)	1987	Nintendo
pc_rcpam	R.C. Pro-Am (PlayChoice-10)	1987	Rare
pc_ngaid	Ninja Gaiden (PlayChoice-10)	1989	Tecmo (Nintendo of America license)
pc_tmnt	Teenage Mutant Ninja Turtles (PlayChoice-10)	1989	Konami (Nintendo of America license)
pc_ftqst	Uncle Fester's Quest: The Addams Family (PlayChoice-10)	1989	Sunsoft (Nintendo of America license)
pc_bstar	Baseball Stars: Be a Champ! (PlayChoice-10)	1989	SNK (Nintendo of America license)
pc_tbowl	Tecmo Bowl (PlayChoice-10)	1989	Tecmo (Nintendo of America license)
pc_drmro	Dr. Mario (PlayChoice-10)	1990	Nintendo
pc_ynoid	Yo! Noid (PlayChoice-10)	1990	Capcom USA (Nintendo of America license)
pc_rrngr	Chip'n Dale: Rescue Rangers (PlayChoice-10)	1987	Capcom USA (Nintendo of America license)
pc_ddrgn	Double Dragon (PlayChoice-10)	1988	Technos Japan
pc_gntlt	Gauntlet (PlayChoice-10)	1985	Atari / Tengen (Nintendo of America license)
pc_smb2	Super Mario Bros. 2 (PlayChoice-10)	1988	Nintendo
pc_smb3	Super Mario Bros. 3 (PlayChoice-10)	1988	Nintendo
pc_mman3	Mega Man III (PlayChoice-10)	1990	Capcom USA (Nintendo of America license)
pc_radr2	Rad Racer II (PlayChoice-10)	1990	Square (Nintendo of America license)
pc_suprc	Super C (PlayChoice-10)	1990	Konami (Nintendo of America license)
pc_tmnt2	Teenage Mutant Ninja Turtles II: The Arcade Game (PlayChoice-10)	1990	Konami (Nintendo of America license)
pc_wcup	Nintendo World Cup (PlayChoice-10)	1990	Technos Japan (Nintendo license)
pc_ngai2	Ninja Gaiden Episode II: The Dark Sword of Chaos (PlayChoice-10)	1990	Tecmo (Nintendo of America license)
pc_ngai3	Ninja Gaiden Episode III: The Ancient Ship of Doom (PlayChoice-10)	1991	Tecmo (Nintendo of America license)
pc_pwbld	Power Blade (PlayChoice-10)	1991	Taito (Nintendo of America license)
pc_rkats	Rockin' Kats (PlayChoice-10)	1991	Atlus (Nintendo of America license)
pc_pinbt	PinBot (PlayChoice-10)	1988	Rare (Nintendo of America license)
pc_cshwk	Captain Sky Hawk (PlayChoice-10)	1989	Rare (Nintendo of America license)
pc_sjetm	Solar Jetman (PlayChoice-10)	1990	Rare
pc_moglf	Mario's Open Golf (PlayChoice-10)	1991	Nintendo
btlecity	Vs. Battle City	1985	Namco
starlstr	Vs. Star Luster	1985	Namco
cstlevna	Vs. Castlevania	1987	Konami
cluclu	Vs. Clu Clu Land	1984	Nintendo
drmario	Vs. Dr. Mario	1990	Nintendo
duckhunt	Vs. Duck Hunt	1985	Nintendo
excitebk	Vs. Excitebike	1984	Nintendo
excitebkj	Vs. Excitebike (Japan)	1984	Nintendo
goonies	Vs. The Goonies	1986	Konami
hogalley	Vs. Hogan's Alley	1985	Nintendo
iceclimb	Vs. Ice Climber	1984	Nintendo
iceclimbj	Vs. Ice Climber (Japan)	1984	Nintendo
ladygolf	Vs. Stroke & Match Golf (Ladies Version)	1984	Nintendo
machridr	Vs. Mach Rider (Endurance Course Version)	1985	Nintendo
machridrj	Vs. Mach Rider (Japan, Fighting Course Version)	1985	Nintendo
rbibb	Vs. Atari R.B.I. Baseball (set 1)	1986	Namco
rbibba	Vs. Atari R.B.I. Baseball (set 2)	1986	Namco
suprmrio	Vs. Super Mario Bros.	1986	Nintendo
suprmrioa	Vs. Super Mario Bros. (alt)	1986	Nintendo
suprmriobl	Vs. Super Mario Bros. (bootleg with Z80, set 1)	1986	bootleg
suprmriobl2	Vs. Super Mario Bros. (bootleg with Z80, set 2)	1986	bootleg
skatekds	Vs. Skate Kids. (Graphic hack of Super Mario Bros.)	1988	hack
vsskykid	Vs. Super SkyKid	1985	Namco
tkoboxng	Vs. T.K.O. Boxing	1987	Namco / Data East USA
smgolf	Vs. Stroke & Match Golf (Men Version, set 1)	1984	Nintendo
smgolfj	Vs. Stroke & Match Golf (Men Version) (Japan)	1984	Nintendo
vspinbal	Vs. Pinball	1984	Nintendo
vspinbalj	Vs. Pinball (Japan)	1984	Nintendo
vsslalom	Vs. Slalom	1986	Rare
vssoccer	Vs. Soccer	1985	Nintendo
vssoccerj	Vs. Soccer (Japan)	1985	Nintendo
vsgradus	Vs. Gradius	1986	Konami
platoon	Vs. Platoon	1987	Ocean Software Limited
vstetris	Vs. Tetris	1987	Academysoft-Elorg
mightybj	Vs. Mighty Bomb Jack (Japan)	1986	Tecmo
jajamaru	Vs. Ninja Jajamaru Kun (Japan)	1985	Jaleco
topgun	Vs. Top Gun	1987	Konami
bnglngby	Vs. Raid on Bungeling Bay (Japan)	1985	Nintendo / Broderbund Software Inc.
vstennis	Vs. Tennis	1984	Nintendo
vstennisj	Vs. Tennis (Japan)	1984	Nintendo
wrecking	Vs. Wrecking Crew	1984	Nintendo
balonfgt	Vs. Balloon Fight	1984	Nintendo
vsmahjng	Vs. Mahjang (Japan)	1984	Nintendo
vsbball	Vs. BaseBall	1984	Nintendo of America
vsbballj	Vs. BaseBall (Japan set 1)	1984	Nintendo
vsbballja	Vs. BaseBall (Japan set 2)	1984	Nintendo
vsbballjb	Vs. BaseBall (Japan set 3)	1984	Nintendo
iceclmrj	Vs. Ice Climber Dual (Japan)	1984	Nintendo
vsgshoe	Vs. Gumshoe	1986	Nintendo
supxevs	Vs. Super Xevious	1986	Namco
vsfdf	Vs. Freedom Force	1988	Sunsoft
smgolfb	Vs. Stroke & Match Golf (Men Version, set 2)	1985	Nintendo
multigam	Multi Game (set 1)	1992	<unknown>
multigmb	Multi Game (set 2)	1992	<unknown>
multigm2	Multi Game 2	1992	Seo Jin
multigm3	Multi Game III	1992	Seo Jin
multigmt	Multi Game (Tung Sheng Electronics)	1992	Tung Sheng Electronics
supergm3	Super Game III	1996	<unknown>
cham24	Chameleon 24	2002	bootleg
nss	Nintendo Super System BIOS		Nintendo
nss_ssoc	Super Soccer (Nintendo Super System)	1992	Human Inc.
nss_actr	Act Raiser (Nintendo Super System)	1992	Enix
nss_con3	Contra 3: The Alien Wars (Nintendo Super System)	1992	Konami
nss_adam	The Addams Family (Nintendo Super System)	1992	Ocean
nss_aten	David Crane's Amazing Tennis (Nintendo Super System)	1992	Absolute Entertainment Inc.
nss_rob3	Robocop 3 (Nintendo Super System)	1992	Ocean
nss_ncaa	NCAA Basketball (Nintendo Super System)	1992	Sculptured Software Inc.
nss_skin	Skins Game (Nintendo Super System)	1992	Irem
nss_lwep	Lethal Weapon (Nintendo Super System)	1992	Ocean
nss_smw	Super Mario World (Nintendo Super System)	1991	Nintendo
nss_fzer	F-Zero (Nintendo Super System)	1991	Nintendo
nss_sten	Super Tennis (Nintendo Super System)	1991	Nintendo
sfcbox	Super Famicom Box BIOS		Nintendo
pss62	New Super 3D Golf Simulation - Waialae No Kiseki / Super Mahjong 2 (Super Famicom Box)		T&E Soft / I'Max
kinstb	Killer Instinct (SNES bootleg)		bootleg
ffight2b	Final Fight 2 (SNES bootleg)	1996	bootleg
sblast2b	Sonic Blast Man 2 Special Turbo (SNES bootleg)	1997	bootleg
iron	Iron (SNES bootleg)	1996	bootleg
endless	Gundam Wing: Endless Duel (SNES bootleg)	1996	bootleg
denseib	Ghost Chaser Densei (SNES bootleg)	1996	bootleg
seawolf	Sea Wolf	1976	Midway
gunfight	Gun Fight	1975	Midway
tornbase	Tornado Baseball / Ball Park	1976	Midway / Taito
280zzzap	Datsun 280 Zzzap	1976	Midway
maze	Amazing Maze	1976	Midway
boothill	Boot Hill	1977	Midway
checkmat	Checkmate	1977	Midway
desertgu	Desert Gun	1977	Midway
roadrunm	Road Runner (Midway)	1977	Midway
dplay	Double Play	1977	Midway
lagunar	Laguna Racer	1977	Midway
gmissile	Missile X / Guided Missile	1977	Taito / Midway
m4	M-4	1977	Midway
clowns	Clowns (rev. 2)	1978	Midway
clowns1	Clowns (rev. 1)	1978	Midway
spacwalk	Space Walk	1978	Midway
einning	Extra Inning	1978	Midway
shuffle	Shuffleboard	1978	Midway
dogpatch	Dog Patch	1977	Midway
spcenctr	Space Encounters	1980	Midway
phantom2	Phantom II	1979	Midway
bowler	Bowling Alley	1978	Midway
invaders	Space Invaders / Space Invaders M	1978	Taito / Midway
blueshrk	Blue Shark	1978	Midway
invad2ct	Space Invaders II (Midway, cocktail)	1980	Midway
invadpt2	Space Invaders Part II (Taito)	1979	Taito
invaddlx	Space Invaders Deluxe	1980	Taito (Midway license)
vortex	Vortex	1980	Zilec Electronics Ltd.
moonbase	Moon Base (set 1)	1979	Nichibutsu (Taito license?)
moonbasea	Moon Base (set 2)	1979	Nichibutsu
searthin	Super Earth Invasion (set 1)	1980	bootleg
searthina	Super Earth Invasion (set 2)	1980	bootleg
invadrmr	Space Invaders (Model Racing)	1978	bootleg? (Model Racing)
modelr	unknown Model Racing gun game		Model Racing
spaceatt	Space Attack	1978	bootleg (Video Games GmbH)
spaceat2	Space Attack II	1980	bootleg (Video Games UK)
sinvzen	Super Invaders (Zenitone-Microsec)		Zenitone-Microsec Ltd
superinv	Super Invaders		bootleg
invasion	Invasion (Sidam)		Sidam
invasiona	Invasion (bootleg, set 1, normal graphics)		bootleg
invasionb	Invasion (bootleg, set 2, no copyright)		bootleg
invasionrz	Invasion (bootleg, set 3, R Z SRL Bologna)		bootleg (R Z SRL Bologna)
invasionrza	Invasion (bootleg, set 4, R Z SRL Bologna)		bootleg (R Z SRL Bologna)
sstrangr	Space Stranger	1978	Yachiyo Electronics, Ltd.
sstrangr2	Space Stranger 2	1979	Yachiyo Electronics, Ltd.
sinvemag	Super Invaders (Emag)		bootleg (Emag)
jspecter	Jatre Specter (set 1)	1979	bootleg (Jatre)
jspecter2	Jatre Specter (set 2)	1979	bootleg (Jatre)
invrvnge	Invader's Revenge		Zenitone-Microsec Ltd.
invrvngea	Invader's Revenge (Dutchford)		Zenitone-Microsec Ltd. (Dutchford license)
galxwars	Galaxy Wars (Universal set 1)	1979	Universal
galxwars2	Galaxy Wars (Universal set 2)	1979	Universal
galxwarst	Galaxy Wars (Taito?)	1979	Universal (Taito license?)
starw	Star Wars	1979	bootleg
lrescue	Lunar Rescue	1979	Taito
mlander	Moon Lander (bootleg of Lunar Rescue)	1980	bootleg (Leisure Time Electronics)
lrescuem	Lunar Rescue (Model Racing bootleg)	1978	bootleg (Model Racing)
grescue	Galaxy Rescue	1979	Taito (Universal license?)
desterth	Destination Earth	1979	bootleg
cosmicmo	Cosmic Monsters	1979	Universal
cosmicm2	Cosmic Monsters 2	1979	Universal
rollingc	Rolling Crash / Moon Base	1979	Nichibutsu
ozmawars	Ozma Wars (set 1)	1979	SNK
ozmawars2	Ozma Wars (set 2)	1979	SNK
solfight	Solar Fight	1979	bootleg
spaceph	Space Phantoms	1979	SNK (Zilec Games license?)
schaser	Space Chaser	1979	Taito
schasercv	Space Chaser (CV version)	1979	Taito
lupin3	Lupin III (set 1)	1980	Taito
lupin3a	Lupin III (set 2)	1980	Taito
intruder	Intruder	1980	Taito (GamePlan license?)
spclaser	Space Laser	1980	Taito
laser	Astro Laser	1980	bootleg (Leisure Time Electronics Inc.)
spcewarl	Space War (Leijac Corporation)	1979	Leijac Corporation
polaris	Polaris (Latest version)	1980	Taito
polarisa	Polaris (First revision)	1980	Taito
polariso	Polaris (Original version)	1980	Taito
ballbomb	Balloon Bomber	1980	Taito
indianbt	Indian Battle	1980	Taito
steelwkr	Steel Worker	1980	Taito
m79amb	M-79 Ambush	1977	RamTek
alieninv	Alien Invasion		bootleg (Margamatics)
alieninvp2	Alien Invasion Part II		bootleg
tst_invd	Space Invaders Test ROM		<unknown>
sitv	Space Invaders (TV Version)	1978	Taito
sicv	Space Invaders (CV Version)	1979	Taito
sisv	Space Invaders (SV Version)	1978	Taito
sisv2	Space Invaders (SV Version 2)	1978	Taito
spacewr3	Space War Part 3	1978	bootleg
invaderl	Space Invaders (Logitec)	1978	bootleg? (Logitec)
invader4	Space Invaders Part Four	1978	bootleg
yosakdon	Yosaku To Donbei (set 1)	1979	Wing
yosakdona	Yosaku To Donbei (set 2)	1979	Wing
spceking	Space King	1978	Leijac Corporation
spcewars	Space War (Sanritsu)	1978	bootleg? (Sanritsu)
astropal	Astropal		Sidam?
cosmo	Cosmo	1979	TDS & Mints
darthvdr	Darth Vader		bootleg
sspeedr	Super Speed Race	1979	Midway
sflush	Straight Flush	1979	Taito
lazercmd	Lazer Command	1976	Meadows Games, Inc.
bbonk	Bigfoot Bonkers	1976	Meadows Games, Inc.
deadeye	Dead Eye	1978	Meadows
bowl3d	3-D Bowling	1978	Meadows
gypsyjug	Gypsy Juggler	1978	Meadows
minferno	Inferno (Meadows)	1978	Meadows
medlanes	Meadows Lanes	1977	Meadows Games, Inc.
cosmos	Cosmos	1981	Century Electronics
darkwar	Dark Warrior	1981	Century Electronics
spacefrt	Space Fortress (CVS)	1981	Century Electronics
8ball	Video Eight Ball	1982	Century Electronics
8ball1	Video Eight Ball (Rev.1)	1982	Century Electronics
logger	Logger	1982	Century Electronics
dazzler	Dazzler	1982	Century Electronics
diggerc	Digger (CVS)	1982	Century Electronics
wallst	Wall Street	1982	Century Electronics
radarzon	Radar Zone	1982	Century Electronics
radarzon1	Radar Zone (Rev.1)	1982	Century Electronics
radarzont	Radar Zone (Tuni)	1982	Century Electronics (Tuni Electro Service Inc)
outline	Outline	1982	Century Electronics
goldbug	Gold Bug	1982	Century Electronics
heartatk	Heart Attack	1983	Century Electronics
hunchbak	Hunchback (set 1)	1983	Century Electronics
hunchbaka	Hunchback (set 2)	1983	Century Electronics
superbik	Superbike	1983	Century Electronics
raiders	Raiders	1983	Century Electronics
hero	Hero	1984	Century Electronics / Seatongrove Ltd
huncholy	Hunchback Olympic	1984	Century Electronics / Seatongrove Ltd
quasar	Quasar	1980	Zelco / Zaccaria
quasara	Quasar (Alternate)	1980	Zelco / Zaccaria
seawolf2	Seawolf II	1978	Midway
spacezap	Space Zap	1980	Midway
ebases	Extra Bases	1980	Midway
wow	Wizard of Wor	1980	Midway
wowg	Wizard of Wor (with German Language ROM)	1980	Midway
gorf	Gorf	1981	Midway
gorfpgm1	Gorf (program 1)	1981	Midway
gorfpgm1g	Gorf (program 1, with German Language ROM)	1981	Midway
robby	Robby Roto	1981	Bally Midway
demndrgn	Demons & Dragons (prototype)	1982	Bally Midway
profpac	Professor Pac-Man	1983	Bally Midway
tenpindx	Ten Pin Deluxe	1983	Bally Midway
solarfox	Solar Fox (upright)	1981	Bally Midway
kick	Kick (upright)	1981	Midway
kickman	Kickman (upright)	1981	Midway
kickc	Kick (cocktail)	1981	Midway
shollow	Satan's Hollow (set 1)	1981	Bally Midway
shollow2	Satan's Hollow (set 2)	1981	Bally Midway
tron	Tron (8/9)	1982	Bally Midway
tron2	Tron (6/25)	1982	Bally Midway
tron3	Tron (6/17)	1982	Bally Midway
tron4	Tron (6/15)	1982	Bally Midway
kroozr	Kozmik Kroozr	1982	Bally Midway
domino	Domino Man	1982	Bally Midway
wacko	Wacko	1982	Bally Midway
twotiger	Two Tigers (dedicated)	1984	Bally Midway
twotigerc	Two Tigers (Tron conversion)	1984	Bally Midway
journey	Journey	1983	Bally Midway
tapper	Tapper (Budweiser)	1983	Bally Midway
tappera	Tapper (alternate)	1983	Bally Midway
sutapper	Tapper (Suntory)	1983	Bally Midway
rbtapper	Tapper (Root Beer)	1984	Bally Midway
timber	Timber	1984	Bally Midway
dotron	Discs of Tron (Upright)	1983	Bally Midway
dotrona	Discs of Tron (Upright alternate)	1983	Bally Midway
dotrone	Discs of Tron (Environmental)	1983	Bally Midway
nflfoot	NFL Football	1983	Bally Midway
demoderb	Demolition Derby	1984	Bally Midway
demoderm	Demolition Derby (2-Player Mono Board Version)	1984	Bally Midway
sarge	Sarge	1985	Bally Midway
rampage	Rampage (revision 3)	1986	Bally Midway
rampage2	Rampage (revision 2)	1986	Bally Midway
powerdrv	Power Drive	1986	Bally Midway
stargrds	Star Guards	1987	Bally Midway
maxrpm	Max RPM	1986	Bally Midway
spyhunt	Spy Hunter	1983	Bally Midway
spyhuntp	Spy Hunter (Playtronic license)	1983	Bally Midway
turbotag	Turbo Tag (prototype)	1985	Bally Midway
crater	Crater Raider	1984	Bally Midway
zwackery	Zwackery	1984	Bally Midway
xenophob	Xenophobe	1987	Bally Midway
spyhunt2	Spy Hunter 2 (rev 2)	1987	Bally Midway
spyhunt2a	Spy Hunter 2 (rev 1)	1987	Bally Midway
intlaser	International Team Laser (prototype)	1987	Bally Midway
blasted	Blasted	1988	Bally Midway
archrivl	Arch Rivals (rev 4.0)	1989	Bally Midway
archrivl2	Arch Rivals (rev 2.0)	1989	Bally Midway
trisport	Tri-Sports	1989	Bally Midway
pigskin	Pigskin 621AD	1990	Midway
sentetst	Sente Diagnostic Cartridge	1984	Bally/Sente
cshift	Chicken Shift	1984	Bally/Sente
gghost	Goalie Ghost	1984	Bally/Sente
hattrick	Hat Trick	1984	Bally/Sente
otwalls	Off the Wall (Sente)	1984	Bally/Sente
snakepit	Snake Pit	1984	Bally/Sente
snakjack	Snacks'n Jaxson	1984	Bally/Sente
stocker	Stocker (3/19/85)	1984	Bally/Sente
triviag1	Trivial Pursuit (Genus I) (set 1)	1984	Bally/Sente
trivia12	Trivial Pursuit (Genus I) (set 2)	1984	Bally/Sente
triviag2	Trivial Pursuit (Genus II)	1984	Bally/Sente
triviasp	Trivial Pursuit (All Star Sports Edition)	1984	Bally/Sente
triviayp	Trivial Pursuit (Young Players Edition)	1984	Bally/Sente
triviabb	Trivial Pursuit (Baby Boomer Edition)	1984	Bally/Sente
triviaes	Trivial Pursuit (Spanish Edition)	1987	Bally/Sente
gimeabrk	Gimme A Break	1985	Bally/Sente
minigolf	Mini Golf (set 1)	1985	Bally/Sente
minigolf2	Mini Golf (set 2)	1985	Bally/Sente
toggle	Toggle (prototype)	1985	Bally/Sente
nametune	Name That Tune	1986	Bally/Sente
nametune2	Name That Tune (3-23-86)	1986	Bally/Sente
nstocker	Night Stocker (set 1)	1986	Bally/Sente
nstocker2	Night Stocker (set 2)	1986	Bally/Sente
sfootbal	Street Football	1986	Bally/Sente
spiker	Spiker	1986	Bally/Sente
stompin	Stompin'	1986	Bally/Sente
rescraid	Rescue Raider	1987	Bally Midway
rescraida	Rescue Raider (stand-alone)	1987	Bally Midway
grudge	Grudge Match (prototype)		Bally Midway
shrike	Shrike Avenger (prototype)		Bally/Sente
gridlee	Gridlee	1983	Videa
andromed	Andromeda (Japan?)	1979	IPM
ipminvad	IPM Invader	1979	IPM
ipminvad1	IPM Invader (Incomplete Dump)	1979	IPM
ptrmj	PT Reach Mahjong (Japan)	1979	Irem
skychut	Sky Chuter	1980	Irem
spacbeam	Space Beam	1979	Irem
greenber	Green Beret (Irem)	1980	Irem
headoni	Head On (Irem, M-15 Hardware)	1979	Irem
panther	Panther	1981	Irem
redalert	Red Alert	1981	Irem / GDI
demoneye	Demoneye-X	1981	Irem
ww3	WW III	1981	Irem
olibochu	Oli-Boo-Chu	1981	Irem / GDI
mpatrol	Moon Patrol	1982	Irem
mpatrolw	Moon Patrol (Williams)	1982	Irem (Williams license)
alpha1v	Alpha One (Vision Electronics / Kyle Hodgetts)	1988	Vision Electronics
troangel	Tropical Angel	1983	Irem
newtangl	New Tropical Angel	1983	Irem
10yard	10-Yard Fight (World, set 1)	1983	Irem
10yardj	10-Yard Fight (Japan)	1983	Irem
vs10yard	Vs 10-Yard Fight (World, 11/05/84)	1984	Irem
vs10yardj	Vs 10-Yard Fight (Japan)	1984	Irem
vs10yardu	Vs 10-Yard Fight (US, Taito license)	1984	Irem (Taito license)
10yard85	10-Yard Fight '85 (US, Taito license)	1985	Irem (Taito license)
travrusa	Traverse USA / Zippy Race	1983	Irem
motorace	MotoRace USA	1983	Irem (Williams license)
shtrider	Shot Rider	1985	Seibu Kaihatsu
shtridera	Shot Rider (Sigma license)	1984	Seibu Kaihatsu (Sigma license)
wilytowr	Wily Tower	1984	Irem
atomboy	Atomic Boy (revision B)	1985	Irem (Memetron license)
atomboya	Atomic Boy (revision A)	1985	Irem (Memetron license)
fghtbskt	Fighting Basketball	1984	Paradise Co. Ltd.
kungfum	Kung-Fu Master	1984	Irem
kungfumd	Kung-Fu Master (Data East)	1984	Irem (Data East license)
spartanx	Spartan X (Japan)	1984	Irem
kungfub	Kung-Fu Master (bootleg set 1)	1984	bootleg
kungfub2	Kung-Fu Master (bootleg set 2)	1984	bootleg
battroad	The Battle-Road	1984	Irem
ldrun	Lode Runner (set 1)	1984	Irem (licensed from Broderbund)
ldruna	Lode Runner (set 2)	1984	Irem (licensed from Broderbund)
ldrun2	Lode Runner II - The Bungeling Strikes Back	1984	Irem (licensed from Broderbund)
ldrun3	Lode Runner III - The Golden Labyrinth	1985	Irem (licensed from Broderbund)
ldrun3j	Lode Runner III - Majin No Fukkatsu	1985	Irem (licensed from Broderbund)
ldrun4	Lode Runner IV - Teikoku Karano Dasshutsu	1986	Irem (licensed from Broderbund)
lotlot	Lot Lot	1985	Irem (licensed from Tokuma Shoten)
kidniki	Kid Niki - Radical Ninja (World)	1986	Irem
kidnikiu	Kid Niki - Radical Ninja (US)	1986	Irem (Data East USA license)
yanchamr	Kaiketsu Yanchamaru (Japan)	1986	Irem
lithero	Little Hero	1987	bootleg
spelunkr	Spelunker	1985	Irem (licensed from Broderbund)
spelunkrj	Spelunker (Japan)	1985	Irem (licensed from Broderbund)
spelunk2	Spelunker II	1986	Irem (licensed from Broderbund)
horizon	Horizon	1985	Irem
youjyudn	Youjyuden (Japan)	1986	Irem
vigilant	Vigilante (World)	1988	Irem
vigilantu	Vigilante (US)	1988	Irem (Data East USA license)
vigilantj	Vigilante (Japan)	1988	Irem
kikcubic	Meikyu Jima (Japan)	1988	Irem
kikcubicb	Kickle Cubele	1988	bootleg
buccanrs	Buccaneers (set 1)	1989	Duintronic
buccanrsa	Buccaneers (set 2)	1989	Duintronic
rtype	R-Type (World)	1987	Irem
rtypej	R-Type (Japan)	1987	Irem
rtypejp	R-Type (Japan prototype)	1987	Irem
rtypeu	R-Type (US)	1987	Irem (Nintendo of America license)
rtypeb	R-Type (World bootleg)	1987	bootleg
bchopper	Battle Chopper	1987	Irem
mrheli	Mr. HELI no Dai-Bouken	1987	Irem
nspirit	Ninja Spirit	1988	Irem
nspiritj	Saigo no Nindou (Japan)	1988	Irem
imgfight	Image Fight (Japan, revision A)	1988	Irem
imgfighto	Image Fight (Japan)	1988	Irem
loht	Legend of Hero Tonma	1989	Irem
lohtj	Legend of Hero Tonma (Japan)	1989	Irem
lohtb	Legend of Hero Tonma (bootleg, set 1)	1989	bootleg
lohtb2	Legend of Hero Tonma (bootleg, set 2)	1989	bootleg
xmultipl	X Multiply (World, M81)	1989	Irem
xmultiplm72	X Multiply (Japan, M72)	1989	Irem
dbreed	Dragon Breed (M81 PCB version)	1989	Irem
dbreedm72	Dragon Breed (M72 PCB version)	1989	Irem
rtype2	R-Type II	1989	Irem
rtype2j	R-Type II (Japan)	1989	Irem
rtype2jc	R-Type II (Japan, revision C)	1989	Irem
majtitle	Major Title (World)	1990	Irem
majtitlej	Major Title (Japan)	1990	Irem
hharry	Hammerin' Harry (World)	1990	Irem
hharryu	Hammerin' Harry (US)	1990	Irem America
dkgensan	Daiku no Gensan (Japan, M82)	1990	Irem
dkgensanm72	Daiku no Gensan (Japan, M72)	1990	Irem
poundfor	Pound for Pound (World)	1990	Irem
poundforj	Pound for Pound (Japan)	1990	Irem
poundforu	Pound for Pound (US)	1990	Irem America
airduel	Air Duel (Japan)	1990	Irem
cosmccop	Cosmic Cop (World)	1991	Irem
gallop	Gallop - Armed police Unit (Japan)	1991	Irem
kengo	Ken-Go	1991	Irem
sichuan2	Sichuan II (hack, set 1)	1989	hack
sichuan2a	Sichuan II (hack, set 2)	1989	hack
shisen	Shisensho - Joshiryo-Hen (Japan)	1989	Tamtex
matchit	Match It	1989	Tamtex
hasamu	Hasamu (Japan)	1991	Irem
dynablst	Dynablaster / Bomber Man	1991	Irem (licensed from Hudson Soft)
dynablstb	Dynablaster (bootleg)	1991	bootleg
bombrman	Bomber Man (Japan)	1991	Irem (licensed from Hudson Soft)
atompunk	Atomic Punk (US)	1991	Irem America (licensed from Hudson Soft)
bbmanw	Bomber Man World / New Dyna Blaster - Global Quest	1992	Irem
bbmanwj	Bomber Man World (Japan)	1992	Irem
bomblord	Bomber Lord (bootleg)	1992	bootleg
newapunk	New Atomic Punk - Global Quest (US)	1992	Irem America
quizf1	Quiz F1 1-2 Finish (Japan)	1992	Irem
riskchal	Risky Challenge	1993	Irem
gussun	Gussun Oyoyo (Japan)	1993	Irem
matchit2	Match It II	1993	Tamtex
shisen2	Shisensho II	1993	Tamtex
gunforce	Gunforce - Battle Fire Engulfed Terror Island (World)	1991	Irem
gunforceu	Gunforce - Battle Fire Engulfed Terror Island (US)	1991	Irem America
gunforcej	Gunforce - Battle Fire Engulfed Terror Island (Japan)	1991	Irem
bmaster	Blade Master (World)	1991	Irem
crossbld	Cross Blades! (Japan)	1991	Irem
lethalth	Lethal Thunder (World)	1991	Irem
thndblst	Thunder Blaster (Japan)	1991	Irem
uccops	Undercover Cops (World)	1992	Irem
uccopsu	Undercover Cops (US)	1992	Irem
uccopsar	Undercover Cops (Alpha Renewal Version)	1992	Irem
uccopsj	Undercover Cops (Japan)	1992	Irem
mysticri	Mystic Riders (World)	1992	Irem
mysticrib	Mystic Riders (bootleg?)	1992	Irem
gunhohki	Gun Hohki (Japan)	1992	Irem
majtitl2	Major Title 2 (World)	1992	Irem
majtitl2j	Major Title 2 (Japan)	1992	Irem
skingame	The Irem Skins Game (US set 1)	1992	Irem America
skingame2	The Irem Skins Game (US set 2)	1992	Irem America
hook	Hook (World)	1992	Irem
hooku	Hook (US)	1992	Irem America
hookj	Hook (Japan)	1992	Irem
ppan	Peter Pan (bootleg of Hook)	1992	bootleg
rtypeleo	R-Type Leo (World)	1992	Irem
rtypeleoj	R-Type Leo (Japan)	1992	Irem
inthunt	In The Hunt (World)	1993	Irem
inthuntu	In The Hunt (US)	1993	Irem America
kaiteids	Kaitei Daisensou (Japan)	1993	Irem
nbbatman	Ninja Baseball Batman (US)	1993	Irem America
leaguemn	Yakyuu Kakutou League-Man (Japan)	1993	Irem
ssoldier	Superior Soldiers (US)	1993	Irem America
psoldier	Perfect Soldiers (Japan)	1993	Irem
dsoccr94j	Dream Soccer '94 (Japan)	1994	Irem
gunforc2	Gunforce 2 (US)	1994	Irem
geostorm	Geostorm (Japan)	1994	Irem
firebarr	Fire Barrel (Japan)	1993	Irem
dsoccr94	Dream Soccer '94	1994	Irem (Data East Corporation license)
kftgoal	Kick for the Goal	1994	Jaleco
wpksoc	World PK Soccer	1995	Jaleco
reactor	Reactor	1982	Gottlieb
mplanets	Mad Planets	1983	Gottlieb
mplanetsuk	Mad Planets (UK)	1983	Gottlieb (Taitel license)
qbert	Q*bert (US set 1)	1982	Gottlieb
qberta	Q*bert (US set 2)	1982	Gottlieb
qbertj	Q*bert (Japan)	1982	Gottlieb (Konami license)
myqbert	Mello Yello Q*bert	1982	Gottlieb
qberttst	Q*bert (early test version)	1982	Gottlieb
qbtrktst	Q*bert Board Input Test Rom	1982	Gottlieb
insector	Insector (prototype)	1982	Gottlieb
tylz	Tylz (prototype)	1982	Mylstar
argusg	Argus (Gottlieb, prototype)	1984	Gottlieb
krull	Krull	1983	Gottlieb
kngtmare	Knightmare (prototype)	1983	Gottlieb
sqbert	Faster, Harder, More Challenging Q*bert (prototype)	1983	Mylstar
mach3	M.A.C.H. 3	1983	Mylstar
cobram3	Cobra Command (M.A.C.H. 3 hardware)	1984	Data East
usvsthem	Us vs. Them	1984	Mylstar
3stooges	The Three Stooges In Brides Is Brides	1984	Mylstar
qbertqub	Q*bert's Qubes	1983	Mylstar
screwloo	Screw Loose (prototype)	1983	Mylstar
curvebal	Curve Ball	1984	Mylstar
vidvince	Video Vince and the Game Factory (prototype)	1984	Mylstar
wizwarz	Wiz Warz (prototype)	1984	Mylstar
qix	Qix (set 1)	1981	Taito America Corporation
qixa	Qix (set 2, smaller roms)	1981	Taito America Corporation
qixb	Qix (set 2, larger roms)	1981	Taito America Corporation
qixo	Qix (set 3, earlier)	1981	Taito America Corporation
qix2	Qix II (Tournament)	1981	Taito America Corporation
sdungeon	Space Dungeon	1981	Taito America Corporation
elecyoyo	The Electric Yo-Yo (set 1)	1982	Taito America Corporation
elecyoyo2	The Electric Yo-Yo (set 2)	1982	Taito America Corporation
kram	Kram (set 1)	1982	Taito America Corporation
kram2	Kram (set 2)	1982	Taito America Corporation
kram3	Kram (encrypted)	1982	Taito America Corporation
zookeep	Zoo Keeper (set 1)	1982	Taito America Corporation
zookeep2	Zoo Keeper (set 2)	1982	Taito America Corporation
zookeep3	Zoo Keeper (set 3)	1982	Taito America Corporation
slither	Slither (set 1)	1982	Century II
slithera	Slither (set 2)	1982	Century II
complexx	Complex X	1984	Taito America Corporation
spaceskr	Space Seeker	1981	Taito Corporation
spacecr	Space Cruiser	1981	Taito Corporation
junglek	Jungle King (Japan)	1982	Taito Corporation
junglekj2	Jungle King (Japan, earlier)	1982	Taito Corporation
jungleh	Jungle Hunt (US)	1982	Taito America Corporation
junglehbr	Jungle Hunt (Brazil)	1983	Taito do Brasil
piratpet	Pirate Pete	1982	Taito America Corporation
alpine	Alpine Ski (set 1)	1982	Taito Corporation
alpinea	Alpine Ski (set 2)	1982	Taito Corporation
timetunl	Time Tunnel	1982	Taito Corporation
wwestern	Wild Western (set 1)	1982	Taito Corporation
wwestern1	Wild Western (set 2)	1982	Taito Corporation
frontlin	Front Line	1982	Taito Corporation
elevator	Elevator Action	1983	Taito Corporation
elevatorb	Elevator Action (bootleg)	1983	bootleg
tinstar	The Tin Star (set 1)	1983	Taito Corporation
tinstar2	The Tin Star (set 2)	1983	Taito Corporation
waterski	Water Ski	1983	Taito Corporation
bioatack	Bio Attack	1983	Taito Corporation (Fox Video Games license)
hwrace	High Way Race	1983	Taito Corporation
sfposeid	Sea Fighter Poseidon	1984	Taito Corporation
kikstart	Kick Start Wheelie King	1984	Taito Corporation
fgoal	Field Goal	1979	Taito
fgoala	Field Goal (different)	1979	Taito
crbaloon	Crazy Balloon (set 1)	1980	Taito Corporation
crbaloon2	Crazy Balloon (set 2)	1980	Taito Corporation
sbowling	Strike Bowling	1982	Taito Corporation
grchamp	Grand Champion	1981	Taito
marinedt	Marine Date	1981	Taito
changela	Change Lanes	1983	Taito Corporation
fspiderb	Frog & Spiders (bootleg?)	1981	Taito Corporation
jollyjgr	Jolly Jogger	1982	Taito Corporation
bking	Birdie King	1982	Taito Corporation
bking2	Birdie King 2	1983	Taito Corporation
bking3	Birdie King 3	1984	Taito Corporation
chaknpop	Chack'n Pop	1983	Taito Corporation
josvolly	Joshi Volleyball	1983	Taito Corporation
gsword	Great Swordsman (World?)	1984	Taito Corporation
gsword2	Great Swordsman (Japan?)	1984	Taito Corporation
cyclemb	Cycle Mahbou (Japan)	1984	Taito Corporation
pitnrun	Pit & Run (set 1)	1984	Taito Corporation
pitnruna	Pit & Run (set 2)	1984	Taito Corporation
lkage	The Legend of Kage	1984	Taito Corporation
lkageo	The Legend of Kage (older)	1984	Taito Corporation
lkageoo	The Legend of Kage (oldest)	1984	Taito Corporation
lkageb	The Legend of Kage (bootleg set 1)	1984	bootleg
lkageb2	The Legend of Kage (bootleg set 2)	1984	bootleg
lkageb3	The Legend of Kage (bootleg set 3)	1984	bootleg
msisaac	Metal Soldier Isaac II	1985	Taito Corporation
retofinv	Return of the Invaders	1985	Taito Corporation
retofinv1	Return of the Invaders (bootleg set 1)	1985	bootleg
retofinv2	Return of the Invaders (bootleg set 2)	1985	bootleg
fightrol	Fighting Roller	1983	Kaneko (Taito license)
rollace	Roller Aces (set 1)	1983	Kaneko (Williams license)
rollace2	Roller Aces (set 2)	1983	Kaneko (Williams license)
lgp	Laser Grand Prix	1983	Taito
vsgongf	VS Gong Fight	1984	Kaneko
ringfgt	Ring Fighter (set 1)	1984	Kaneko (Taito license)
ringfgt2	Ring Fighter (set 2)	1984	Kaneko (Taito license)
fieldday	Field Day	1984	Taito Corporation
undoukai	The Undoukai (Japan)	1984	Taito Corporation
40love	Forty-Love	1984	Taito Corporation
tsamurai	Samurai Nihon-ichi (set 1)	1985	Kaneko / Taito
tsamurai2	Samurai Nihon-ichi (set 2)	1985	Kaneko / Taito
tsamuraih	Samurai Nihon-ichi (set 3, harder)	1985	Kaneko / Taito
ladymstr	Lady Master of Kung Fu	1985	Kaneko / Taito
nunchaku	Nunchackun	1985	Kaneko / Taito
yamagchi	Go Go Mr. Yamaguchi / Yuke Yuke Yamaguchi-kun	1985	Kaneko / Taito
m660	Mission 660 (US)	1986	Wood Place Inc. (Taito America Corporation license)
m660j	Mission 660 (Japan)	1986	Wood Place Inc. (Taito Corporation license)
m660b	Mission 660 (bootleg)	1986	bootleg
alphaxz	The Alphax Z (Japan)	1986	Ed Co. Ltd. (Wood Place Inc. license)
buggychl	Buggy Challenge	1984	Taito Corporation
buggychlt	Buggy Challenge (Tecfri)	1984	Taito Corporation (Tecfri license)
ssrj	Super Speed Race Junior (Japan)	1985	Taito Corporation
bigevglf	Big Event Golf (US)	1986	Taito America Corporation
bigevglfj	Big Event Golf (Japan)	1986	Taito Corporation
flstory	The FairyLand Story	1985	Taito
flstoryj	The FairyLand Story (Japan)	1985	Taito
onna34ro	Onna Sansirou - Typhoon Gal (set 1)	1985	Taito
onna34roa	Onna Sansirou - Typhoon Gal (set 2)	1985	Taito
victnine	Victorious Nine	1984	Taito
gladiatr	Gladiator (US)	1986	Taito America Corporation
ogonsiro	Ohgon no Siro (Japan)	1986	Taito Corporation
greatgur	Great Gurianos (Japan?)	1986	Taito Corporation
ppking	Ping-Pong King	1985	Taito America Corporation
nycaptor	N.Y. Captor	1985	Taito
cyclshtg	Cycle Shooting	1986	Taito
bronx	Bronx	1986	bootleg
colt	Colt	1986	bootleg
ksayakyu	Kusayakyuu	1985	Taito Corporation
benberob	Ben Bero Beh (Japan)	1984	Taito
halleys	Halley's Comet (US)	1986	Taito America Corporation (Coin-It license)
halleysc	Halley's Comet (Japan, Newer)	1986	Taito Corporation
halleycj	Halley's Comet (Japan, Older)	1986	Taito Corporation
halley87	Halley's Comet '87	1986	Taito Corporation
lsasquad	Land Sea Air Squad / Riku Kai Kuu Saizensen	1986	Taito
storming	Storming Party / Riku Kai Kuu Saizensen	1986	bootleg
daikaiju	Daikaiju no Gyakushu	1986	Taito
tokio	Tokio / Scramble Formation (newer)	1986	Taito Corporation
tokioo	Tokio / Scramble Formation (older)	1986	Taito Corporation
tokiou	Tokio / Scramble Formation (US)	1986	Taito America Corporation (Romstar license)
tokiob	Tokio / Scramble Formation (bootleg)	1986	bootleg
bublbobl	Bubble Bobble	1986	Taito Corporation
bublbobl1	Bubble Bobble (older)	1986	Taito Corporation
bublboblr	Bubble Bobble (US with mode select)	1986	Taito America Corporation (Romstar license)
bublboblr1	Bubble Bobble (US)	1986	Taito America Corporation (Romstar license)
boblbobl	Bobble Bobble	1986	bootleg
sboblboa	Super Bobble Bobble (set 1)	1986	bootleg
sboblbob	Super Bobble Bobble (set 2)	1986	bootleg
bub68705	Bubble Bobble (bootleg with 68705)	1986	bootleg
dland	Dream Land / Super Dream Land (bootleg of Bubble Bobble)	1987	bootleg
missb2	Miss Bubble II	1996	Alpha Co.
kikikai	KiKi KaiKai	1986	Taito Corporation
knightb	Knight Boy	1986	bootleg
kicknrun	Kick and Run (World)	1986	Taito Corporation
kicknrunu	Kick and Run (US)	1986	Taito America Corp
mexico86	Mexico 86	1986	bootleg
darius	Darius (World)	1986	Taito Corporation Japan
dariusj	Darius (Japan)	1986	Taito Corporation
dariuso	Darius (Japan old version)	1986	Taito Corporation
dariuse	Darius (Extra) (Japan)	1986	Taito Corporation
rastan	Rastan (World)	1987	Taito Corporation Japan
rastanu	Rastan (US, set 1)	1987	Taito America Corporation
rastanu2	Rastan (US, set 2)	1987	Taito America Corporation
rastsaga	Rastan Saga (Japan)	1987	Taito Corporation
rastsaga1	Rastan Saga (Japan Rev 1)	1987	Taito Corporation
topspeed	Top Speed (World)	1987	Taito Corporation Japan
topspeedu	Top Speed (US)	1987	Taito America Corporation (Romstar license)
fullthrl	Full Throttle (Japan)	1987	Taito Corporation
opwolf	Operation Wolf (World, set 1)	1987	Taito Corporation Japan
opwolfa	Operation Wolf (World, set 2)	1987	Taito Corporation Japan
opwolfj	Operation Wolf (Japan)	1987	Taito Corporation
opwolfu	Operation Wolf (US)	1987	Taito America Corporation
opwolfb	Operation Bear (bootleg of Operation Wolf)	1987	bootleg (Bear Corporation Korea)
othunder	Operation Thunderbolt (World)	1988	Taito Corporation Japan
othunderu	Operation Thunderbolt (US)	1988	Taito America Corporation
othunderuo	Operation Thunderbolt (US, older)	1988	Taito America Corporation
othunderj	Operation Thunderbolt (Japan)	1988	Taito Corporation
rainbow	Rainbow Islands (new version)	1987	Taito Corporation
rainbowo	Rainbow Islands (old version)	1987	Taito Corporation
rainbowe	Rainbow Islands (Extra)	1988	Taito Corporation
jumping	Jumping	1989	bootleg
arkanoid	Arkanoid (World)	1986	Taito Corporation Japan
arkanoidu	Arkanoid (US)	1986	Taito America Corporation (Romstar license)
arkanoiduo	Arkanoid (US, older)	1986	Taito America Corporation (Romstar license)
arkanoidj	Arkanoid (Japan)	1986	Taito Corporation
arkmcubl	Arkanoid (bootleg with MCU)	1986	bootleg
ark1ball	Arkanoid (bootleg with MCU, harder)	1986	bootleg
arkangc	Arkanoid (Game Corporation bootleg, set 1)	1986	bootleg (Game Corporation)
arkangc2	Arkanoid (Game Corporation bootleg, set 2)	1986	bootleg (Game Corporation)
arkblock	Block (Game Corporation bootleg, set 1)	1986	bootleg (Game Corporation)
arkbloc2	Block (Game Corporation bootleg, set 2)	1986	bootleg (Game Corporation)
arkbloc3	Block (Game Corporation bootleg, set 3)	1986	bootleg (Game Corporation)
arkgcbl	Arkanoid (bootleg on Block hardware, set 1)	1986	bootleg
arkgcbla	Arkanoid (bootleg on Block hardware, set 2)	1986	bootleg
paddle2	Paddle 2 (bootleg on Block hardware)	1988	bootleg
block2	Block 2 (S.P.A. Co. bootleg)	1986	bootleg (S.P.A. Co.)
arkatayt	Arkanoid (Tayto bootleg)	1986	bootleg (Tayto)
arktayt2	Arkanoid (Tayto bootleg, harder)	1986	bootleg (Tayto)
arkatour	Tournament Arkanoid (US)	1987	Taito America Corporation (Romstar license)
tetrsark	Tetris (D.R. Korea)		D.R. Korea
hexa	Hexa		D.R. Korea
sqix	Super Qix (World, Rev 2)	1987	Taito
sqixr1	Super Qix (World, Rev 1)	1987	Taito
sqixu	Super Qix (US)	1987	Taito (Romstar License)
sqixb1	Super Qix (bootleg set 1)	1987	bootleg
sqixb2	Super Qix (bootleg set 2)	1987	bootleg
perestro	Perestroika Girls	1994	Promat
perestrof	Perestroika Girls (Fuuki license)	1993	Promat (Fuuki license)
pbillian	Prebillian	1986	Taito
hotsmash	Vs. Hot Smash	1987	Taito
exzisus	Exzisus (Japan, dedicated)	1987	Taito Corporation
exzisusa	Exzisus (Japan, conversion)	1987	Taito Corporation
minivadr	Minivader	1990	Taito Corporation
volfied	Volfied (World, revision 1)	1989	Taito Corporation Japan
volfiedu	Volfied (US, revision 1)	1989	Taito America Corporation
volfiedj	Volfied (Japan, revision 1)	1989	Taito Corporation
volfiedjo	Volfied (Japan)	1989	Taito Corporation
bonzeadv	Bonze Adventure (World, Newer)	1988	Taito Corporation Japan
bonzeadvo	Bonze Adventure (World, Older)	1988	Taito Corporation Japan
bonzeadvu	Bonze Adventure (US)	1988	Taito America Corporation
jigkmgri	Jigoku Meguri (Japan)	1988	Taito Corporation
asuka	Asuka & Asuka (World)	1988	Taito Corporation
asukaj	Asuka & Asuka (Japan)	1988	Taito Corporation
mofflott	Maze of Flott (Japan)	1989	Taito Corporation
cadash	Cadash (World)	1989	Taito Corporation Japan
cadashj	Cadash (Japan)	1989	Taito Corporation
cadashu	Cadash (US)	1989	Taito America Corporation
cadashi	Cadash (Italy)	1989	Taito Corporation Japan
cadashf	Cadash (France)	1989	Taito Corporation Japan
cadashg	Cadash (Germany)	1989	Taito Corporation Japan
parentj	Parent Jack	1989	Taito
galmedes	Galmedes (Japan)	1992	Visco
earthjkr	U.N. Defense Force: Earth Joker	1993	Visco
eto	Kokontouzai Eto Monogatari (Japan)	1994	Visco
wgp	World Grand Prix (US)	1989	Taito America Corporation
wgpj	World Grand Prix (Japan)	1989	Taito Corporation
wgpjoy	World Grand Prix (joystick version) (Japan, set 1)	1989	Taito Corporation
wgpjoya	World Grand Prix (joystick version) (Japan, set 2)	1989	Taito Corporation
wgp2	World Grand Prix 2 (Japan)	1990	Taito Corporation
galastrm	Galactic Storm (Japan)	1992	Taito Corporation
slapshot	Slap Shot (Japan)	1994	Taito Corporation
opwolf3	Operation Wolf 3 (World)	1994	Taito Corporation Japan
opwolf3u	Operation Wolf 3 (US)	1994	Taito America Corporation
scessjoe	Success Joe (World)	1990	Wave / Taito Corporation
ashnojoe	Ashita no Joe (Japan)	1990	Wave / Taito Corporation
ninjaw	The Ninja Warriors (World)	1987	Taito Corporation Japan
ninjawj	The Ninja Warriors (Japan)	1987	Taito Corporation
darius2	Darius II (Japan)	1989	Taito Corporation
darius2d	Darius II (dual screen) (Japan)	1989	Taito Corporation
darius2do	Darius II (dual screen) (Japan old version)	1989	Taito Corporation
warriorb	Warrior Blade - Rastan Saga Episode III (Japan)	1991	Taito Corporation
superman	Superman	1988	Taito Corporation
supermanj	Superman (Japan)	1988	Taito Corporation
twinhawk	Twin Hawk (World)	1989	Taito Corporation Japan
twinhawku	Twin Hawk (US)	1989	Taito America Corporation
daisenpu	Daisenpu (Japan)	1989	Taito Corporation
gigandes	Gigandes	1989	East Technology
gigandesj	Gigandes (Japan)	1989	East Technology
kyustrkr	Last Striker / Kyuukyoku no Striker	1989	East Technology
ballbros	Balloon Brothers	1992	East Technology
plumppop	Plump Pop (Japan)	1987	Taito Corporation
jpopnics	Jumping Pop (Nics, Korean bootleg of Plump Pop)	1992	bootleg (Nics)
extrmatn	Extermination (World)	1987	Taito Corporation Japan
extrmatnu	Extermination (US)	1987	Taito (World Games license)
extrmatnj	Extermination (Japan)	1987	Taito Corporation
arknoid2	Arkanoid - Revenge of DOH (World)	1987	Taito Corporation Japan
arknoid2u	Arkanoid - Revenge of DOH (US)	1987	Taito America Corporation (Romstar license)
arknoid2j	Arkanoid - Revenge of DOH (Japan)	1987	Taito Corporation
drtoppel	Dr. Toppel's Adventure (World)	1987	Kaneko / Taito Corporation Japan
drtoppelu	Dr. Toppel's Adventure (US)	1987	Kaneko / Taito America Corporation
drtoppelj	Dr. Toppel's Tankentai (Japan)	1987	Kaneko / Taito Corporation
kageki	Kageki (US)	1988	Kaneko / Taito America Corporation (Romstar license)
kagekij	Kageki (Japan)	1988	Kaneko / Taito Corporation
kagekih	Kageki (hack)	1992	hack
chukatai	Chuka Taisen (World)	1988	Taito Corporation Japan
chukataiu	Chuka Taisen (US)	1988	Taito America Corporation
chukataij	Chuka Taisen (Japan)	1988	Taito Corporation
kabukiz	Kabuki-Z (World)	1988	Kaneko / Taito Corporation Japan
kabukizj	Kabuki-Z (Japan)	1988	Kaneko / Taito Corporation
tnzs	The NewZealand Story (World, new version) (newer PCB)	1988	Taito Corporation Japan
tnzsj	The NewZealand Story (Japan, new version) (newer PCB)	1988	Taito Corporation
tnzsjo	The NewZealand Story (Japan, old version) (older PCB)	1988	Taito Corporation
tnzso	The NewZealand Story (World, old version) (older PCB)	1988	Taito Corporation Japan
tnzsop	The NewZealand Story (World, prototype?) (older PCB)	1988	Taito Corporation Japan
insectx	Insector X (World)	1989	Taito Corporation Japan
insectxj	Insector X (Japan)	1989	Taito Corporation
cchance	Cherry Chance		<unknown>
champbwl	Championship Bowling	1989	Seta / Romstar Inc.
raimais	Raimais (World)	1988	Taito Corporation Japan
raimaisj	Raimais (Japan)	1988	Taito Corporation
raimaisjo	Raimais (Japan / First Revision)	1988	Taito Corporation
kurikint	Kuri Kinton (World)	1988	Taito Corporation Japan
kurikintu	Kuri Kinton (US)	1988	Taito America Corporation
kurikintj	Kuri Kinton (Japan)	1988	Taito Corporation
kurikinta	Kuri Kinton (World, prototype?)	1988	Taito Corporation Japan
evilston	Evil Stone	1990	Spacy Industrial, Ltd.
fhawk	Fighting Hawk (World)	1988	Taito Corporation Japan
fhawkj	Fighting Hawk (Japan)	1988	Taito Corporation
plotting	Plotting (World set 1)	1989	Taito Corporation Japan
plottingu	Plotting (US)	1989	Taito America Corporation
plottinga	Plotting (World set 2, Protected)	1989	Taito Corporation Japan
plottingb	Plotting (World set 3, Earliest Version)	1989	Taito Corporation Japan
flipull	Flipull (Japan)	1989	Taito Corporation
champwr	Champion Wrestler (World)	1989	Taito Corporation Japan
champwru	Champion Wrestler (US)	1989	Taito America Corporation
champwrj	Champion Wrestler (Japan)	1989	Taito Corporation
puzznic	Puzznic (World)	1989	Taito Corporation Japan
puzznicj	Puzznic (Japan)	1989	Taito Corporation
puzznici	Puzznic (Italian bootleg)	1989	bootleg
horshoes	American Horseshoes (US)	1990	Taito America Corporation
palamed	Palamedes (Japan)	1990	Taito Corporation
cachat	Cachat (Japan)	1993	Taito Corporation
tubeit	Tube-It	1993	Taito Corporation
cubybop	Cuby Bop (Location Test)		Hot-B
plgirls	Play Girls	1992	Hot-B
plgirls2	Play Girls 2	1993	Hot-B
lagirl	LA Girl	1992	bootleg
syvalion	Syvalion (Japan)	1988	Taito Corporation
recordbr	Recordbreaker (World)	1988	Taito Corporation Japan
gogold	Go For The Gold (Japan)	1988	Taito Corporation
dleague	Dynamite League (Japan)	1990	Taito Corporation
masterw	Master of Weapon (World)	1989	Taito Corporation Japan
masterwu	Master of Weapon (US)	1989	Taito America Corporation
masterwj	Master of Weapon (Japan)	1989	Taito Corporation
nastar	Nastar (World)	1988	Taito Corporation Japan
nastarw	Nastar Warrior (US)	1988	Taito America Corporation
rastsag2	Rastan Saga 2 (Japan)	1988	Taito Corporation
rambo3	Rambo III (Europe set 1)	1989	Taito Europe Corporation
rambo3ae	Rambo III (Europe set 2)	1989	Taito Europe Corporation
rambo3a	Rambo III (US)	1989	Taito America Corporation
crimec	Crime City (World)	1989	Taito Corporation Japan
crimecu	Crime City (US)	1989	Taito America Corporation
crimecj	Crime City (Japan)	1989	Taito Corporation
tetrist	Tetris (Japan, B-System, YM2610)	1989	Sega
tetrista	Tetris (Japan, B-System, YM2203)	1989	Sega
viofight	Violence Fight (World)	1989	Taito Corporation Japan
viofightu	Violence Fight (US)	1989	Taito America Corporation
viofightj	Violence Fight (Japan)	1989	Taito Corporation
ashura	Ashura Blaster (World)	1990	Taito Corporation Japan
ashuraj	Ashura Blaster (Japan)	1990	Taito Corporation
ashurau	Ashura Blaster (US)	1990	Taito America Corporation
hitice	Hit the Ice (US)	1990	Williams
hiticej	Hit the Ice (Japan)	1990	Midway / Taito Corporation
sbm	Sonic Blast Man (Japan)	1990	Taito Corporation
selfeena	Sel Feena	1991	East Technology
silentd	Silent Dragon (World)	1992	Taito Corporation Japan
silentdu	Silent Dragon (US)	1992	Taito America Corporation
silentdj	Silent Dragon (Japan)	1992	Taito Corporation
ryujin	Ryu Jin (Japan)	1993	Taito Corporation
qzshowby	Quiz Sekai wa SHOW by shobai (Japan)	1993	Taito Corporation
pbobble	Puzzle Bobble (Japan, B-System)	1994	Taito Corporation
spacedx	Space Invaders DX (US, v2.1)	1994	Taito Corporation
spacedxj	Space Invaders DX (Japan, v2.1)	1994	Taito Corporation
spacedxo	Space Invaders DX (Japan, v2.0)	1994	Taito Corporation
contcirc	Continental Circus (World)	1987	Taito Corporation Japan
contcircu	Continental Circus (US set 1)	1987	Taito America Corporation
contcircua	Continental Circus (US set 2)	1987	Taito America Corporation
chasehq	Chase H.Q. (World)	1988	Taito Corporation Japan
chasehqj	Chase H.Q. (Japan)	1988	Taito Corporation
chasehqu	Chase H.Q. (US)	1988	Taito America Corporation
enforce	Enforce (Japan)	1988	Taito Corporation
nightstr	Night Striker (World)	1989	Taito Corporation Japan
nightstrj	Night Striker (Japan)	1989	Taito Corporation
nightstru	Night Striker (US)	1989	Taito America Corporation
sci	Special Criminal Investigation (World set 1)	1989	Taito Corporation Japan
scia	Special Criminal Investigation (World set 2)	1989	Taito Corporation Japan
scij	Special Criminal Investigation (Japan)	1989	Taito Corporation
sciu	Special Criminal Investigation (US)	1989	Taito America Corporation
scin	Super Special Criminal Investigation (Negro Torino hack)	1991	hack (Negro Torino)
bshark	Battle Shark (US)	1989	Taito America Corporation
bsharkj	Battle Shark (Japan)	1989	Taito Corporation
aquajack	Aqua Jack (World)	1990	Taito Corporation Japan
aquajackj	Aqua Jack (Japan)	1990	Taito Corporation
spacegun	Space Gun (World)	1990	Taito Corporation Japan
dblaxle	Double Axle (US)	1991	Taito America Corporation
pwheelsj	Power Wheels (Japan)	1991	Taito Corporation
racingb	Racing Beat (World)	1991	Taito Corporation Japan
topland	Top Landing (World)	1988	Taito Corporation Japan
ainferno	Air Inferno (US)	1990	Taito America Corporation
mlanding	Midnight Landing (Germany)	1987	Taito America Corporation
gunbustr	Gunbuster (Japan)	1992	Taito Corporation
superchs	Super Chase - Criminal Termination (US)	1992	Taito America Corporation
groundfx	Ground Effects / Super Ground Effects (Japan)	1992	Taito Corporation
undrfire	Under Fire (World)	1993	Taito Corporation Japan
undrfireu	Under Fire (US)	1993	Taito America Corporation
undrfirej	Under Fire (Japan)	1993	Taito Corporation
cbombers	Chase Bombers	1994	Taito Corporation
finalb	Final Blow (World)	1988	Taito Corporation Japan
finalbj	Final Blow (Japan)	1988	Taito Corporation
finalbu	Final Blow (US)	1988	Taito America Corporation
dondokod	Don Doko Don (World)	1989	Taito Corporation Japan
dondokodu	Don Doko Don (US)	1989	Taito America Corporation
dondokodj	Don Doko Don (Japan)	1989	Taito Corporation
megablst	Mega Blast (World)	1989	Taito Corporation Japan
megablstu	Mega Blast (US)	1989	Taito America Corporation
megablstj	Mega Blast (Japan)	1989	Taito Corporation
thundfox	Thunder Fox (World)	1990	Taito Corporation Japan
thundfoxu	Thunder Fox (US)	1990	Taito America Corporation
thundfoxj	Thunder Fox (Japan)	1990	Taito Corporation
cameltry	Cameltry (US, YM2610)	1989	Taito America Corporation
cameltrya	Cameltry (World, YM2203 + M6295)	1989	Taito America Corporation
cameltryau	Cameltry (US, YM2203 + M6295)	1989	Taito America Corporation
cameltryj	Cameltry (Japan, YM2610)	1989	Taito Corporation
qtorimon	Quiz Torimonochou (Japan)	1990	Taito Corporation
liquidk	Liquid Kids (World)	1990	Taito Corporation Japan
liquidku	Liquid Kids (US)	1990	Taito America Corporation
mizubaku	Mizubaku Daibouken (Japan)	1990	Taito Corporation
quizhq	Quiz H.Q. (Japan)	1990	Taito Corporation
ssi	Super Space Invaders '91 (World)	1990	Taito Corporation Japan
majest12	Majestic Twelve - The Space Invaders Part IV (Japan)	1990	Taito Corporation
gunfront	Gun & Frontier (World)	1990	Taito Corporation Japan
gunfrontj	Gun Frontier (Japan)	1990	Taito Corporation
growl	Growl (World)	1990	Taito Corporation Japan
growlu	Growl (US)	1990	Taito America Corporation
runark	Runark (Japan)	1990	Taito Corporation
mjnquest	Mahjong Quest (Japan)	1990	Taito Corporation
mjnquestb	Mahjong Quest (No Nudity)	1990	Taito Corporation
footchmp	Football Champ (World)	1990	Taito Corporation Japan
hthero	Hat Trick Hero (Japan)	1990	Taito Corporation
euroch92	Euro Champ '92 (World)	1992	Taito Corporation Japan
koshien	Ah Eikou no Koshien (Japan)	1990	Taito Corporation
yuyugogo	Yuuyu no Quiz de GO!GO! (Japan)	1990	Taito Corporation
ninjak	The Ninja Kids (World)	1990	Taito Corporation Japan
ninjakj	The Ninja Kids (Japan)	1990	Taito Corporation
ninjaku	The Ninja Kids (US)	1990	Taito America Corporation
solfigtr	Solitary Fighter (World)	1991	Taito Corporation Japan
qzquest	Quiz Quest - Hime to Yuusha no Monogatari (Japan)	1991	Taito Corporation
pulirula	PuLiRuLa (World)	1991	Taito Corporation Japan
pulirulaj	PuLiRuLa (Japan)	1991	Taito Corporation
metalb	Metal Black (World)	1991	Taito Corporation Japan
metalbj	Metal Black (Japan)	1991	Taito Corporation
qzchikyu	Quiz Chikyu Bouei Gun (Japan)	1991	Taito Corporation
yesnoj	Yes/No Sinri Tokimeki Chart	1992	Taito Corporation
deadconx	Dead Connection (World)	1992	Taito Corporation Japan
deadconxj	Dead Connection (Japan)	1992	Taito Corporation
dinorex	Dino Rex (World)	1992	Taito Corporation Japan
dinorexj	Dino Rex (Japan)	1992	Taito Corporation
dinorexu	Dino Rex (US)	1992	Taito America Corporation
qjinsei	Quiz Jinsei Gekijoh (Japan)	1992	Taito Corporation
qcrayon	Quiz Crayon Shinchan (Japan)	1993	Taito Corporation
qcrayon2	Crayon Shinchan Orato Asobo (Japan)	1993	Taito Corporation
driftout	Drift Out (Japan)	1991	Visco
driveout	Drive Out	1991	bootleg
ringrage	Ring Rage (Ver 2.3O 1992/08/09)	1992	Taito Corporation Japan
ringragej	Ring Rage (Ver 2.3J 1992/08/09)	1992	Taito Corporation
ringrageu	Ring Rage (Ver 2.3A 1992/08/09)	1992	Taito America Corporation
arabianm	Arabian Magic (Ver 1.0O 1992/07/06)	1992	Taito Corporation Japan
arabianmj	Arabian Magic (Ver 1.0J 1992/07/06)	1992	Taito Corporation
arabianmu	Arabian Magic (Ver 1.0A 1992/07/06)	1992	Taito America Corporation
ridingf	Riding Fight (Ver 1.0O)	1992	Taito Corporation Japan
ridingfj	Riding Fight (Ver 1.0J)	1992	Taito Corporation
ridingfu	Riding Fight (Ver 1.0A)	1992	Taito America Corporation
gseeker	Grid Seeker: Project Storm Hammer (Ver 1.3O)	1992	Taito Corporation Japan
gseekerj	Grid Seeker: Project Storm Hammer (Ver 1.3J)	1992	Taito Corporation
gseekeru	Grid Seeker: Project Storm Hammer (Ver 1.3A)	1992	Taito America Corporation
hthero93	Hat Trick Hero '93 (Ver 1.0J 1993/02/28)	1993	Taito Corporation
cupfinal	Taito Cup Finals (Ver 1.0O 1993/02/28)	1993	Taito Corporation Japan
trstar	Top Ranking Stars (Ver 2.1O 1993/05/21) (New Version)	1993	Taito Corporation Japan
trstarj	Top Ranking Stars (Ver 2.1J 1993/05/21) (New Version)	1993	Taito Corporation
prmtmfgt	Prime Time Fighter (Ver 2.1A 1993/05/21) (New Version)	1993	Taito America Corporation
prmtmfgto	Prime Time Fighter (Ver 2.1A 1993/05/21) (Old Version)	1993	Taito America Corporation
trstaro	Top Ranking Stars (Ver 2.1O 1993/05/21) (Old Version)	1993	Taito Corporation Japan
trstaroj	Top Ranking Stars (Ver 2.1J 1993/05/21) (Old Version)	1993	Taito Corporation
gunlock	Gunlock (Ver 2.3O 1994/01/20)	1993	Taito Corporation Japan
rayforcej	Ray Force (Ver 2.3J 1994/01/20)	1993	Taito Corporation
rayforce	Ray Force (Ver 2.3A 1994/01/20)	1993	Taito America Corporation
scfinals	Super Cup Finals (Ver 2.1O 1993/11/19)	1993	Taito Corporation Japan
intcup94	International Cup '94 (Ver 2.2O 1994/05/26)	1994	Taito Corporation Japan
hthero94	Hat Trick Hero '94 (Ver 2.2A 1994/05/26)	1994	Taito America Corporation
lightbr	Light Bringer (Ver 2.2O 1994/04/08)	1993	Taito Corporation Japan
lightbrj	Light Bringer (Ver 2.1J 1994/02/18)	1993	Taito Corporation
dungeonm	Dungeon Magic (Ver 2.1O 1994/02/18)	1993	Taito Corporation Japan
dungeonmu	Dungeon Magic (Ver 2.1A 1994/02/18)	1993	Taito America Corporation
kaiserkn	Kaiser Knuckle (Ver 2.1O 1994/07/29)	1994	Taito Corporation Japan
kaiserknj	Kaiser Knuckle (Ver 2.1J 1994/07/29)	1994	Taito Corporation
gblchmp	Global Champion (Ver 2.1A 1994/07/29)	1994	Taito America Corporation
dankuga	Dan-Ku-Ga (Ver 0.0J 1994/12/13) (Prototype)	1994	Taito Corporation
dariusg	Darius Gaiden - Silver Hawk (Ver 2.5O 1994/09/19)	1994	Taito Corporation Japan
dariusgj	Darius Gaiden - Silver Hawk (Ver 2.5J 1994/09/19)	1994	Taito Corporation
dariusgu	Darius Gaiden - Silver Hawk (Ver 2.5A 1994/09/19)	1994	Taito America Corporation
dariusgx	Darius Gaiden - Silver Hawk Extra Version (Ver 2.7J 1995/03/06) (Official Hack)	1994	Taito Corporation
bublbob2	Bubble Bobble II (Ver 2.5O 1994/10/05)	1994	Taito Corporation Japan
bubsymphe	Bubble Symphony (Ver 2.5O 1994/10/05)	1994	Taito Corporation Japan
bubsymphu	Bubble Symphony (Ver 2.5A 1994/10/05)	1994	Taito America Corporation
bubsymphj	Bubble Symphony (Ver 2.5J 1994/10/05)	1994	Taito Corporation
bubsymphb	Bubble Symphony (bootleg with OKI6295)	1994	bootleg
spcinvdj	Space Invaders DX (Ver 2.6J 1994/09/14) (F3 Version)	1994	Taito Corporation
pwrgoal	Taito Power Goal (Ver 2.5O 1994/11/03)	1994	Taito Corporation Japan
hthero95	Hat Trick Hero '95 (Ver 2.5J 1994/11/03)	1994	Taito Corporation
hthero95u	Hat Trick Hero '95 (Ver 2.5A 1994/11/03)	1994	Taito America Corporation
qtheater	Quiz Theater - 3tsu no Monogatari (Ver 2.3J 1994/11/10)	1994	Taito Corporation
elvactr	Elevator Action Returns (Ver 2.2O 1995/02/20)	1994	Taito Corporation Japan
elvactrj	Elevator Action Returns (Ver 2.2J 1995/02/20)	1994	Taito Corporation
elvact2u	Elevator Action II (Ver 2.2A 1995/02/20)	1994	Taito America Corporation
spcinv95	Space Invaders '95: The Attack Of Lunar Loonies (Ver 2.5O 1995/06/14)	1995	Taito Corporation Japan
spcinv95u	Space Invaders '95: The Attack Of Lunar Loonies (Ver 2.5A 1995/06/14)	1995	Taito America Corporation
akkanvdr	Akkanbeder (Ver 2.5J 1995/06/14)	1995	Taito Corporation
twinqix	Twin Qix (Ver 1.0A 1995/01/17) (Prototype)	1995	Taito America Corporation
quizhuhu	Moriguchi Hiroko no Quiz de Hyuu!Hyuu! (Ver 2.2J 1995/05/25)	1995	Taito Corporation
pbobble2	Puzzle Bobble 2 (Ver 2.3O 1995/07/31)	1995	Taito Corporation Japan
pbobble2o	Puzzle Bobble 2 (Ver 2.2O 1995/07/20)	1995	Taito Corporation Japan
pbobble2j	Puzzle Bobble 2 (Ver 2.2J 1995/07/20)	1995	Taito Corporation
pbobble2u	Bust-A-Move Again (Ver 2.3A 1995/07/31)	1995	Taito America Corporation
pbobble2x	Puzzle Bobble 2X (Ver 2.2J 1995/11/11)	1995	Taito Corporation
gekirido	Gekirindan (Ver 2.3J 1995/09/21)	1995	Taito Corporation
tcobra2	Twin Cobra II (Ver 2.1O 1995/11/30)	1995	Taito Corporation Japan
tcobra2u	Twin Cobra II (Ver 2.1A 1995/11/30)	1995	Taito America Corporation
ktiger2	Kyukyoku Tiger II (Ver 2.1J 1995/11/30)	1995	Taito Corporation
bubblem	Bubble Memories: The Story Of Bubble Bobble III (Ver 2.4O 1996/02/15)	1995	Taito Corporation Japan
bubblemj	Bubble Memories: The Story Of Bubble Bobble III (Ver 2.3J 1996/02/07)	1995	Taito Corporation
cleopatr	Cleopatra Fortune (Ver 2.1J 1996/09/05)	1996	Taito Corporation
pbobble3	Puzzle Bobble 3 (Ver 2.1O 1996/09/27)	1996	Taito Corporation
pbobble3u	Puzzle Bobble 3 (Ver 2.1A 1996/09/27)	1996	Taito Corporation
pbobble3j	Puzzle Bobble 3 (Ver 2.1J 1996/09/27)	1996	Taito Corporation
arkretrn	Arkanoid Returns (Ver 2.02J 1997/02/10)	1997	Taito Corporation
kirameki	Kirameki Star Road (Ver 2.10J 1997/08/29)	1997	Taito Corporation
puchicar	Puchi Carat (Ver 2.02O 1997/10/29)	1997	Taito Corporation
puchicarj	Puchi Carat (Ver 2.02J 1997/10/29)	1997	Taito Corporation
pbobble4	Puzzle Bobble 4 (Ver 2.04O 1997/12/19)	1997	Taito Corporation
pbobble4j	Puzzle Bobble 4 (Ver 2.04J 1997/12/19)	1997	Taito Corporation
pbobble4u	Puzzle Bobble 4 (Ver 2.04A 1997/12/19)	1997	Taito Corporation
popnpop	Pop'n Pop (Ver 2.07O 1998/02/09)	1997	Taito Corporation
popnpopj	Pop'n Pop (Ver 2.07J 1998/02/09)	1997	Taito Corporation
popnpopu	Pop'n Pop (Ver 2.07A 1998/02/09)	1997	Taito Corporation
landmakr	Land Maker (Ver 2.01J 1998/06/01)	1998	Taito Corporation
landmakrp	Land Maker (Ver 2.02O 1998/06/02) (Prototype)	1998	Taito Corporation
recalh	Recalhorn (Ver 1.42J 1994/5/11) (Prototype)	1994	Taito Corporation
commandw	Command War - Super Special Battle & War Game (Ver 0.0J) (Prototype)	1992	Taito Corporation
dangcurv	Dangerous Curves	1995	Taito
landgear	Landing Gear	1995	Taito
sidebs	Side By Side (Japan)	1996	Taito
dendeg	Densya De Go (Japan)	1996	Taito
sidebs2j	Side By Side 2 (Japan)	1997	Taito
sidebs2	Side By Side 2 (North/South America)	1997	Taito
dendegx	Densya De Go Ex (Japan)	1996	Taito
dendeg2	Densya De Go 2 (Japan)	1998	Taito
dendeg2x	Densya De Go 2 Ex (Japan)	1998	Taito
pf2012	Psychic Force 2012	1997	Taito
optiger	Operation Tiger	1998	Taito
taitotz	Type Zero BIOS	1999	Taito
batlgear	Battle Gear	1999	Taito
landhigh	Landing High Japan	1999	Taito
batlgr2	Battle Gear 2	2000	Taito
perfrman	Performan (Japan)	1985	Toaplan / Data East Corporation
perfrmanu	Performan (US)	1985	Toaplan / Data East USA
tigerh	Tiger Heli (US)	1985	Toaplan / Taito America Corp.
tigerhj	Tiger Heli (Japan)	1985	Toaplan / Taito
tigerhb1	Tiger Heli (bootleg set 1)	1985	bootleg
tigerhb2	Tiger Heli (bootleg set 2)	1985	bootleg
tigerhb3	Tiger Heli (bootleg set 3)	1985	bootleg
alcon	Alcon (US)	1986	Toaplan / Taito America Corp.
slapfigh	Slap Fight (Japan set 1)	1986	Toaplan / Taito
slapfigha	Slap Fight (Japan set 2)	1986	Toaplan / Taito
slapfighb1	Slap Fight (bootleg set 1)	1986	bootleg
slapfighb2	Slap Fight (bootleg set 2)	1986	bootleg
slapfighb3	Slap Fight (bootleg set 3)	1986	bootleg
getstar	Guardian (US)	1986	Toaplan / Taito America Corporation (Kitkorp license)
getstarj	Get Star (Japan)	1986	Toaplan / Taito
gtstarb1	Get Star (bootleg set 1)	1986	bootleg
gtstarb2	Get Star (bootleg set 2)	1986	bootleg
mjsister	Mahjong Sisters (Japan)	1986	Toaplan
fshark	Flying Shark (World)	1987	Toaplan / Taito Corporation
skyshark	Sky Shark (US)	1987	Toaplan / Taito America Corporation (Romstar license)
hishouza	Hishou Zame (Japan)	1987	Toaplan / Taito Corporation
fsharkbt	Flying Shark (bootleg)	1987	bootleg
wardner	Wardner (World)	1987	Toaplan / Taito Corporation Japan
pyros	Pyros (US)	1987	Toaplan / Taito America Corporation
wardnerj	Wardner no Mori (Japan)	1987	Toaplan / Taito Corporation
twincobr	Twin Cobra (World)	1987	Toaplan / Taito Corporation
twincobru	Twin Cobra (US)	1987	Toaplan / Taito America Corporation (Romstar license)
ktiger	Kyukyoku Tiger (Japan)	1987	Toaplan / Taito Corporation
gulfwar2	Gulf War II	1991	Comad
rallybik	Rally Bike / Dash Yarou	1988	Toaplan / Taito Corporation
truxton	Truxton / Tatsujin	1988	Toaplan / Taito Corporation
hellfire	Hellfire (2P Ver.)	1989	Toaplan (Taito license)
hellfire1	Hellfire (1P Ver.)	1989	Toaplan (Taito license)
hellfire2	Hellfire (2P Ver., first edition)	1989	Toaplan (Taito license)
hellfire3	Hellfire (1P Ver., alt)	1989	Toaplan (Taito license)
zerowing	Zero Wing (single players)	1989	Toaplan
zerowing2	Zero Wing (dual players)	1989	Toaplan (Williams license)
demonwld	Demon's World / Horror Story (set 1)	1990	Toaplan
demonwld1	Demon's World / Horror Story (Taito license, set 2)	1989	Toaplan (Taito license)
demonwld2	Demon's World / Horror Story (set 3)	1989	Toaplan
demonwld3	Demon's World / Horror Story (set 4)	1989	Toaplan
demonwld4	Demon's World / Horror Story (set 5)	1989	Toaplan
fireshrk	Fire Shark	1990	Toaplan
fireshrkd	Fire Shark (Korea, set 1, easier)	1990	Toaplan (Dooyong license)
fireshrkdh	Fire Shark (Korea, set 2, harder)	1990	Toaplan (Dooyong license)
samesame	Same! Same! Same! (2 player alternating ver.)	1989	Toaplan
samesame2	Same! Same! Same!	1989	Toaplan
outzone	Out Zone (set 1)	1990	Toaplan
outzonea	Out Zone (set 2)	1990	Toaplan
outzoneb	Out Zone (set 3, prototype?)	1990	Toaplan
outzonec	Out Zone (set 4)	1990	Toaplan
outzoned	Out Zone (set 5)	1990	Toaplan
vimana	Vimana	1991	Toaplan
vimana1	Vimana (Japan)	1991	Toaplan
vimanan	Vimana (Nova Apparate GmbH)	1991	Toaplan (Nova Apparate GmbH license)
snowbros	Snow Bros. - Nick & Tom (set 1)	1990	Toaplan
snowbrosa	Snow Bros. - Nick & Tom (set 2)	1990	Toaplan
snowbrosb	Snow Bros. - Nick & Tom (set 3)	1990	Toaplan
snowbrosc	Snow Bros. - Nick & Tom (set 4)	1990	Toaplan
snowbrosj	Snow Bros. - Nick & Tom (Japan)	1990	Toaplan
snowbrosd	Snow Bros. - Nick & Tom (Dooyong license)	1990	Toaplan (Dooyong license)
wintbob	The Winter Bobble (bootleg of Snow Bros.)	1990	bootleg (Sakowa Project Korea)
honeydol	Honey Dolls	1995	Barko Corp.
twinadv	Twin Adventure (World)	1995	Barko Corp.
twinadvk	Twin Adventure (Korea)	1995	Barko Corp.
hyperpac	Hyper Pacman	1995	SemiCom
hyperpacb	Hyper Pacman (bootleg)	1995	bootleg
toppyrap	Toppy & Rappy	1996	SemiCom
cookbib2	Cookie & Bibi 2	1996	SemiCom
cookbib3	Cookie & Bibi 3	1997	SemiCom
twinkle	Twinkle	1997	SemiCom
pzlbreak	Puzzle Break	1997	SemiCom
3in1semi	XESS - The New Revolution (SemiCom 3-in-1)	1997	SemiCom
moremore	More More	1999	SemiCom / Exit
moremorp	More More Plus	1999	SemiCom / Exit
4in1boot	Puzzle King (includes bootleg of Snow Bros.)	2002	K1 Soft
snowbros3	Snow Brothers 3 - Magical Adventure	2002	Syrmex
finalttr	Final Tetris	1993	Jeil Computer System
tekipaki	Teki Paki	1991	Toaplan
ghox	Ghox (Spinner with Up/Down Axis)	1991	Toaplan
ghoxj	Ghox (8-Way Joystick)	1991	Toaplan
dogyuun	Dogyuun	1992	Toaplan
dogyuunk	Dogyuun (Unite Trading license)	1992	Toaplan
kbash	Knuckle Bash	1993	Toaplan
kbash2	Knuckle Bash 2 (bootleg)	1999	bootleg
truxton2	Truxton II / Tatsujin Oh	1992	Toaplan
pipibibs	Pipi & Bibis / Whoopee!! (Z80 sound cpu, set 1)	1991	Toaplan
pipibibsa	Pipi & Bibis / Whoopee!! (Z80 sound cpu, set 2)	1991	Toaplan
whoopee	Pipi & Bibis / Whoopee!! (Whoopee!! board)	1991	Toaplan
pipibibi	Pipi & Bibis / Whoopee!! (bootleg?)	1991	bootleg? (Ryouta Kikaku)
fixeight	FixEight	1992	Toaplan
fixeightb	FixEight (bootleg)	1992	bootleg
vfive	V-Five (Japan)	1993	Toaplan
grindstm	Grind Stormer	1992	Toaplan
grindstma	Grind Stormer (older set)	1992	Toaplan
batsugun	Batsugun (set 1)	1993	Toaplan
batsuguna	Batsugun (set 2)	1993	Toaplan
batsugunsp	Batsugun (Special Ver.)	1993	Toaplan
snowbro2	Snow Bros. 2 - With New Elves / Otenki Paradise	1994	Hanafram
sstriker	Sorcer Striker (World)	1993	Raizing
sstrikera	Sorcer Striker (World, alt)	1993	Raizing
mahoudai	Mahou Daisakusen (Japan)	1993	Raizing (Able license)
shippumd	Shippu Mahou Daisakusen (Japan)	1994	Raizing / Eighting
kingdmgp	Kingdom Grandprix (World)	1994	Raizing / Eighting
bgaregga	Battle Garegga (Europe / USA / Japan / Asia) (Sat Feb 3 1996)	1996	Raizing / Eighting
bgareggahk	Battle Garegga (Austria / Hong Kong) (Sat Feb 3 1996)	1996	Raizing / Eighting
bgareggatw	Battle Garegga (Taiwan / Germany) (Thu Feb 1 1996)	1996	Raizing / Eighting
bgaregganv	Battle Garegga - New Version (Austria / Hong Kong) (Sat Mar 2 1996)	1996	Raizing / Eighting
bgareggat2	Battle Garegga - Type 2 (Europe / USA / Japan / Asia) (Sat Mar 2 1996)	1996	Raizing / Eighting
bgareggacn	Battle Garegga - Type 2 (Denmark / China) (Tue Apr 2 1996)	1996	Raizing / Eighting
batrid	Armed Police Batrider (Europe) (Fri Feb 13 1998)	1998	Raizing / Eighting
batridu	Armed Police Batrider (U.S.A.) (Fri Feb 13 1998)	1998	Raizing / Eighting
batridc	Armed Police Batrider (China) (Fri Feb 13 1998)	1998	Raizing / Eighting
batridj	Armed Police Batrider - B Version (Japan) (Fri Feb 13 1998)	1998	Raizing / Eighting
batridk	Armed Police Batrider (Korea) (Fri Feb 13 1998)	1998	Raizing / Eighting
batridja	Armed Police Batrider - A Version (Japan) (Mon Dec 22 1997)	1998	Raizing / Eighting
batridta	Armed Police Batrider - A Version (Taiwan) (Mon Dec 22 1997)	1998	Raizing / Eighting
bkraidu	Battle Bakraid - Unlimited Version (U.S.A.) (Tue Jun 8 1999)	1999	Eighting
bkraiduj	Battle Bakraid - Unlimited Version (Japan) (Tue Jun 8 1999)	1999	Eighting
bkraidj	Battle Bakraid (Japan) (Wed Apr 7 1999)	1999	Eighting
pwrinst2	Power Instinct 2 (US, Ver. 94/04/08)	1994	Atlus
pwrinst2j	Gouketsuji Ichizoku 2 (Japan, Ver. 94/04/08)	1994	Atlus
plegends	Power Instinct Legends (US, Ver. 95/06/20)	1995	Atlus
plegendsj	Gouketsuji Ichizoku Saikyou Densetsu (Japan, Ver. 95/06/20)	1995	Atlus
mazinger	Mazinger Z (World)	1994	Banpresto / Dynamic Pl. Toei Animation
mazingerj	Mazinger Z (Japan)	1994	Banpresto / Dynamic Pl. Toei Animation
donpachi	DonPachi (US)	1995	Cave (Atlus license)
donpachij	DonPachi (Japan)	1995	Cave (Atlus license)
donpachikr	DonPachi (Korea)	1995	Cave (Atlus license)
donpachihk	DonPachi (Hong Kong)	1995	Cave (Atlus license)
metmqstr	Metamoqester (International)	1995	Banpresto / Pandorabox
nmaster	Oni - The Ninja Master (Japan)	1995	Banpresto / Pandorabox
sailormn	Pretty Soldier Sailor Moon (Ver. 95/03/22B, Europe)	1995	Banpresto
sailormnu	Pretty Soldier Sailor Moon (Ver. 95/03/22B, USA)	1995	Banpresto
sailormnj	Pretty Soldier Sailor Moon (Ver. 95/03/22B, Japan)	1995	Banpresto
sailormnk	Pretty Soldier Sailor Moon (Ver. 95/03/22B, Korea)	1995	Banpresto
sailormnt	Pretty Soldier Sailor Moon (Ver. 95/03/22B, Taiwan)	1995	Banpresto
sailormnh	Pretty Soldier Sailor Moon (Ver. 95/03/22B, Hong Kong)	1995	Banpresto
sailormno	Pretty Soldier Sailor Moon (Ver. 95/03/22, Europe)	1995	Banpresto
sailormnou	Pretty Soldier Sailor Moon (Ver. 95/03/22, USA)	1995	Banpresto
sailormnoj	Pretty Soldier Sailor Moon (Ver. 95/03/22, Japan)	1995	Banpresto
sailormnok	Pretty Soldier Sailor Moon (Ver. 95/03/22, Korea)	1995	Banpresto
sailormnot	Pretty Soldier Sailor Moon (Ver. 95/03/22, Taiwan)	1995	Banpresto
sailormnoh	Pretty Soldier Sailor Moon (Ver. 95/03/22, Hong Kong)	1995	Banpresto
agallet	Air Gallet (Europe)	1996	Banpresto / Gazelle
agalletu	Air Gallet (USA)	1996	Banpresto / Gazelle
agalletj	Air Gallet (Japan)	1996	Banpresto / Gazelle
agalletk	Air Gallet (Korea)	1996	Banpresto / Gazelle
agallett	Air Gallet (Taiwan)	1996	Banpresto / Gazelle
agalleth	Air Gallet (Hong Kong)	1996	Banpresto / Gazelle
hotdogst	Hotdog Storm (International)	1996	Marble
ddonpach	DoDonPachi (International, Master Ver. 97/02/05)	1997	Cave (Atlus license)
ddonpachj	DoDonPachi (Japan, Master Ver. 97/02/05)	1997	Cave (Atlus license)
dfeveron	Dangun Feveron (Japan, Ver. 98/09/17)	1998	Cave (Nihon System license)
feversos	Fever SOS (International, Ver. 98/09/25)	1998	Cave (Nihon System license)
esprade	ESP Ra.De. (International, Ver. 98/04/22)	1998	Cave (Atlus license)
espradej	ESP Ra.De. (Japan, Ver. 98/04/21)	1998	Cave (Atlus license)
espradejo	ESP Ra.De. (Japan, Ver. 98/04/14)	1998	Cave (Atlus license)
uopoko	Puzzle Uo Poko (International)	1998	Cave (Jaleco license)
uopokoj	Puzzle Uo Poko (Japan)	1998	Cave (Jaleco license)
guwange	Guwange (Japan, Master Ver. 99/06/24)	1999	Cave (Atlus license)
gaia	Gaia Crusaders	1999	Noise Factory
theroes	Thunder Heroes	2001	Primetek Investments
korokoro	Koro Koro Quest (Japan)	1999	Takumi
crusherm	Crusher Makochan (Japan)	1999	Takumi
tjumpman	Tobikose! Jumpman	1999	Namco
gyrodine	Gyrodine	1984	Crux
gyrodinet	Gyrodine (Taito Corporation license)	1984	Crux (Taito Corporation license)
buzzard	Buzzard	1984	Crux
repulse	Repulse	1985	Sega
99lstwar	'99: The Last War	1985	Sega (Proma license)
99lstwara	'99: The Last War (alternate)	1985	Sega (Proma license)
99lstwark	'99: The Last War (Kyugo)	1985	Sega (Kyugo license)
sonofphx	Son of Phoenix	1985	bootleg (Associated Overseas MFR, Inc)
flashgal	Flashgal (set 1)	1985	Sega
flashgala	Flashgal (set 2)	1985	Sega
srdmissn	S.R.D. Mission	1986	Taito Corporation
fx	F-X	1986	bootleg
legend	Legend	1986	Sega / Coreland
airwolf	Airwolf	1987	Kyugo
airwolfa	Airwolf (US)	1987	Kyugo (UA Theatre license)
skywolf	Sky Wolf (set 1)	1987	bootleg
skywolf2	Sky Wolf (set 2)	1987	bootleg
skywolf3	Sky Wolf (set 3)	1987	bootleg
defender	Defender (Red label)	1980	Williams
defenderg	Defender (Green label)	1980	Williams
defenderb	Defender (Blue label)	1980	Williams
defenderw	Defender (White label)	1980	Williams
defndjeu	Defender (bootleg)	1980	bootleg (Jeutel)
tornado1	Tornado (bootleg set 1)	1980	bootleg (Jeutel)
tornado2	Tornado (bootleg set 2)	1980	bootleg (Jeutel)
zero	Zero (set 1)	1980	bootleg (Jeutel)
zero2	Zero (set 2)	1980	bootleg (Amtec)
defcmnd	Defense Command	1980	bootleg
defence	Defence Command	1981	bootleg (Outer Limits)
startrkd	Star Trek (Defender bootleg)	1981	bootleg
mayday	Mayday (set 1)	1980	Hoei
maydaya	Mayday (set 2)	1980	Hoei
maydayb	Mayday (set 3)	1980	Hoei
colony7	Colony 7 (set 1)	1981	Taito
colony7a	Colony 7 (set 2)	1981	Taito
jin	Jin	1982	Falcon
stargate	Stargate	1981	Williams
robotron	Robotron (Solid Blue label)	1982	Williams
robotronyo	Robotron (Yellow/Orange label)	1982	Williams
joust	Joust (White/Green label)	1982	Williams
joustr	Joust (Solid Red label)	1982	Williams
joustwr	Joust (White/Red label)	1982	Williams
bubbles	Bubbles	1982	Williams
bubblesr	Bubbles (Solid Red label)	1982	Williams
bubblesp	Bubbles (prototype version)	1982	Williams
splat	Splat!	1982	Williams
sinistar	Sinistar (revision 3)	1982	Williams
sinistar1	Sinistar (prototype version)	1982	Williams
sinistar2	Sinistar (revision 2)	1982	Williams
playball	PlayBall! (prototype)	1983	Williams
blaster	Blaster	1983	Williams
blaster30	Blaster (early 30 wave version)	1983	Williams
blasterkit	Blaster (kit)	1983	Williams
spdball	Speed Ball (prototype)	1985	Williams
alienar	Alien Arena	1985	Duncan Brown
alienaru	Alien Arena (Stargate Upgrade)	1985	Duncan Brown
mysticm	Mystic Marathon	1983	Williams
tshoot	Turkey Shoot	1984	Williams
inferno	Inferno	1984	Williams
joust2	Joust 2 - Survival of the Fittest (set 1)	1986	Williams
lottofun	Lotto Fun	1987	H.A.R. Management
vulgus	Vulgus (set 1)	1984	Capcom
vulgus2	Vulgus (set 2)	1984	Capcom
vulgusj	Vulgus (Japan?)	1984	Capcom
sonson	Son Son	1984	Capcom
sonsonj	Son Son (Japan)	1984	Capcom
higemaru	Pirate Ship Higemaru	1984	Capcom
1942	1942 (Revision B)	1984	Capcom
1942a	1942 (Revision A)	1984	Capcom
1942abl	1942 (Revision A, bootleg)	1984	bootleg
1942b	1942 (First Version)	1984	Capcom
1942w	1942 (Williams Electronics license)	1985	Capcom (Williams Electronics license)
exedexes	Exed Exes	1985	Capcom
savgbees	Savage Bees	1985	Capcom (Memetron license)
commando	Commando (World)	1985	Capcom
commandou	Commando (US)	1985	Capcom (Data East USA license)
commandoj	Senjou no Ookami	1985	Capcom
commandob	Commando (bootleg)	1985	bootleg
sinvasn	Space Invasion (Europe)	1985	Capcom
sinvasnb	Space Invasion (bootleg)	1985	bootleg
gng	Ghosts'n Goblins (World? set 1)	1985	Capcom
gnga	Ghosts'n Goblins (World? set 2)	1985	Capcom
gngbl	Ghosts'n Goblins (bootleg with Cross)	1985	bootleg
gngblita	Ghosts'n Goblins (Italian bootleg, harder)	1985	bootleg
gngc	Ghosts'n Goblins (World? set 3)	1985	Capcom
gngt	Ghosts'n Goblins (US)	1985	Capcom (Taito America license)
makaimur	Makai-Mura (Japan)	1985	Capcom
makaimurc	Makai-Mura (Japan Revision C)	1985	Capcom
makaimurg	Makai-Mura (Japan Revision G)	1985	Capcom
diamond	Diamond Run	1989	KH Video
gunsmoke	Gun.Smoke (World)	1985	Capcom
gunsmokeu	Gun.Smoke (US set 1)	1985	Capcom (Romstar license)
gunsmokeua	Gun.Smoke (US set 2)	1986	Capcom (Romstar license)
gunsmokej	Gun.Smoke (Japan)	1985	Capcom
sectionz	Section Z (set 1)	1985	Capcom
sectionza	Section Z (set 2)	1985	Capcom
trojan	Trojan (US)	1986	Capcom
trojanr	Trojan (Romstar)	1986	Capcom (Romstar license)
trojanj	Tatakai no Banka (Japan)	1986	Capcom
srumbler	The Speed Rumbler (set 1)	1986	Capcom
srumbler2	The Speed Rumbler (set 2)	1986	Capcom
rushcrsh	Rush & Crash (Japan)	1986	Capcom
lwings	Legendary Wings (US set 1)	1986	Capcom
lwings2	Legendary Wings (US set 2)	1986	Capcom
lwingsj	Ares no Tsubasa (Japan)	1986	Capcom
lwingsb	Legendary Wings (bootleg)	1986	bootleg
sidearms	Side Arms - Hyper Dyne (World)	1986	Capcom
sidearmsr	Side Arms - Hyper Dyne (US)	1986	Capcom (Romstar license)
sidearmsj	Side Arms - Hyper Dyne (Japan)	1986	Capcom
turtship	Turtle Ship (North America)	1988	Philko (Sharp Image license)
turtshipj	Turtle Ship (Japan)	1988	Philko (Pacific Games license)
turtshipk	Turtle Ship (Korea)	1988	Philko
dyger	Dyger (Korea set 1)	1989	Philko
dygera	Dyger (Korea set 2)	1989	Philko
twinfalc	Twin Falcons	1989	Philko (Poara Enterprises license)
whizz	Whizz	1989	Philko
avengers	Avengers (US set 1)	1987	Capcom
avengers2	Avengers (US set 2)	1987	Capcom
buraiken	Hissatsu Buraiken (Japan)	1987	Capcom
bionicc	Bionic Commando (Euro)	1987	Capcom
bionicc1	Bionic Commando (US set 1)	1987	Capcom
bionicc2	Bionic Commando (US set 2)	1987	Capcom
topsecrt	Top Secret (Japan)	1987	Capcom
1943	1943: The Battle of Midway (Euro)	1987	Capcom
1943u	1943: The Battle of Midway (US)	1987	Capcom
1943j	1943: Midway Kaisen (Japan)	1987	Capcom
blktiger	Black Tiger	1987	Capcom
blktigerb1	Black Tiger (bootleg set 1)	1987	bootleg
blktigerb2	Black Tiger (bootleg set 2)	1987	bootleg
blkdrgon	Black Dragon	1987	Capcom
blkdrgonb	Black Dragon (bootleg)	1987	bootleg
sf	Street Fighter (World, Analog buttons)	1987	Capcom
sfu	Street Fighter (US, set 1)	1987	Capcom
sfua	Street Fighter (US, set 2) (protected)	1987	Capcom
sfj	Street Fighter (Japan) (protected)	1987	Capcom
sfp	Street Fighter (prototype)	1987	Capcom
tigeroad	Tiger Road (US)	1987	Capcom (Romstar license)
toramich	Tora-he no Michi (Japan)	1987	Capcom
tigeroadb	Tiger Road (US bootleg)	1987	bootleg
f1dream	F-1 Dream	1988	Capcom (Romstar license)
f1dreamb	F-1 Dream (bootleg)	1988	bootleg
1943kai	1943 Kai: Midway Kaisen (Japan)	1987	Capcom
lastduel	Last Duel (US New Ver.)	1988	Capcom
lastduelo	Last Duel (US Old Ver.)	1988	Capcom
lastduelj	Last Duel (Japan)	1988	Capcom
lastduelb	Last Duel (bootleg)	1988	bootleg
madgear	Mad Gear (US)	1989	Capcom
madgearj	Mad Gear (Japan)	1989	Capcom
ledstorm	Led Storm (US)	1988	Capcom
ledstorm2	Led Storm Rally 2011 (US)	1988	Capcom
forgottn	Forgotten Worlds (World)	1988	Capcom
forgottnu	Forgotten Worlds (USA, 88618B B-Board)	1988	Capcom
forgottnua	Forgotten Worlds (USA, 88621B B-Board)	1988	Capcom
lostwrld	Lost Worlds (Japan)	1988	Capcom
lostwrldo	Lost Worlds (Japan Old Ver.)	1988	Capcom
ghouls	Ghouls'n Ghosts (World)	1988	Capcom
ghoulsu	Ghouls'n Ghosts (USA)	1988	Capcom
daimakai	Daimakaimura (Japan)	1988	Capcom
daimakair	Daimakaimura (Japan Resale Ver.)	1988	Capcom
strider	Strider (USA, set 1)	1989	Capcom
striderua	Strider (USA, set 2)	1989	Capcom
striderj	Strider Hiryu (Japan)	1989	Capcom
striderjr	Strider Hiryu (Japan Resale Ver.)	1989	Capcom
dynwar	Dynasty Wars (USA, set 1)	1989	Capcom
dynwaru	Dynasty Wars (USA, set 2)	1989	Capcom
dynwarj	Tenchi wo Kurau (Japan)	1989	Capcom
willow	Willow (USA)	1989	Capcom
willowj	Willow (Japan, Japanese)	1989	Capcom
willowje	Willow (Japan, English)	1989	Capcom
unsquad	U.N. Squadron (USA)	1989	Capcom / Daipro
area88	Area 88 (Japan)	1989	Capcom / Daipro
ffight	Final Fight (World)	1989	Capcom
ffightu	Final Fight (USA)	1989	Capcom
ffightua	Final Fight (USA 900112)	1989	Capcom
ffightub	Final Fight (USA 900613)	1989	Capcom
ffightj	Final Fight (Japan)	1989	Capcom
ffightj1	Final Fight (Japan 900112)	1989	Capcom
ffightj2	Final Fight (Japan 900305)	1989	Capcom
ffightjh	Street Smart / Final Fight (Japan, hack)	1989	bootleg
1941	1941: Counter Attack (World)	1990	Capcom
1941j	1941: Counter Attack (Japan)	1990	Capcom
mercs	Mercs (World 900302)	1990	Capcom
mercsu	Mercs (USA 900302)	1990	Capcom
mercsua	Mercs (USA 900608)	1990	Capcom
mercsj	Senjou no Ookami II (Japan 900302)	1990	Capcom
mtwins	Mega Twins (World 900619)	1990	Capcom
chikij	Chiki Chiki Boys (Japan 900619)	1990	Capcom
msword	Magic Sword: Heroic Fantasy (World 900725)	1990	Capcom
mswordr1	Magic Sword: Heroic Fantasy (World 900623)	1990	Capcom
mswordu	Magic Sword: Heroic Fantasy (USA 900725)	1990	Capcom
mswordj	Magic Sword (Japan 900623)	1990	Capcom
cawing	Carrier Air Wing (World 901012)	1990	Capcom
cawingr1	Carrier Air Wing (World 901009)	1990	Capcom
cawingu	Carrier Air Wing (USA 901012)	1990	Capcom
cawingj	U.S. Navy (Japan 901012)	1990	Capcom
nemo	Nemo (World 901130)	1990	Capcom
nemoj	Nemo (Japan 901120)	1990	Capcom
sf2	Street Fighter II: The World Warrior (World 910522)	1991	Capcom
sf2eb	Street Fighter II: The World Warrior (World 910214)	1991	Capcom
sf2ebbl	Street Fighter II: The World Warrior (TAB Austria, bootleg)	1992	bootleg
sf2ua	Street Fighter II: The World Warrior (USA 910206)	1991	Capcom
sf2ub	Street Fighter II: The World Warrior (USA 910214)	1991	Capcom
sf2ud	Street Fighter II: The World Warrior (USA 910318)	1991	Capcom
sf2ue	Street Fighter II: The World Warrior (USA 910228)	1991	Capcom
sf2uf	Street Fighter II: The World Warrior (USA 910411)	1991	Capcom
sf2ui	Street Fighter II: The World Warrior (USA 910522)	1991	Capcom
sf2uk	Street Fighter II: The World Warrior (USA 911101)	1991	Capcom
sf2j	Street Fighter II: The World Warrior (Japan 911210)	1991	Capcom
sf2ja	Street Fighter II: The World Warrior (Japan 910214)	1991	Capcom
sf2jc	Street Fighter II: The World Warrior (Japan 910306)	1991	Capcom
sf2qp1	Street Fighter II: The World Warrior (Quicken Pt-I, bootleg)	1991	bootleg
sf2thndr	Street Fighter II: The World Warrior (Thunder Edition, bootleg)	1991	bootleg
3wonders	Three Wonders (World 910520)	1991	Capcom
3wondersu	Three Wonders (USA 910520)	1991	Capcom
wonder3	Wonder 3 (Japan 910520)	1991	Capcom
3wondersh	Three Wonders (hack)	1991	bootleg
kod	The King of Dragons (World 910711)	1991	Capcom
kodu	The King of Dragons (USA 910910)	1991	Capcom
kodj	The King of Dragons (Japan 910805)	1991	Capcom
kodb	The King of Dragons (bootleg)	1991	bootleg (Playmark)
captcomm	Captain Commando (World 911202)	1991	Capcom
captcommr1	Captain Commando (World 911014)	1991	Capcom
captcommu	Captain Commando (USA 910928)	1991	Capcom
captcommj	Captain Commando (Japan 911202)	1991	Capcom
captcommjr1	Captain Commando (Japan 910928)	1991	Capcom
captcommb	Captain Commando (bootleg)	1991	bootleg
knights	Knights of the Round (World 911127)	1991	Capcom
knightsu	Knights of the Round (USA 911127)	1991	Capcom
knightsj	Knights of the Round (Japan 911127)	1991	Capcom
knightsb	Knights of the Round (bootleg)	1991	bootleg
sf2ce	Street Fighter II': Champion Edition (World 920313)	1992	Capcom
sf2ceua	Street Fighter II': Champion Edition (USA 920313)	1992	Capcom
sf2ceub	Street Fighter II': Champion Edition (USA 920513)	1992	Capcom
sf2ceuc	Street Fighter II': Champion Edition (USA 920803)	1992	Capcom
sf2cej	Street Fighter II': Champion Edition (Japan 920513)	1992	Capcom
sf2rb	Street Fighter II': Champion Edition (Rainbow set 1, bootleg)	1992	bootleg
sf2rb2	Street Fighter II': Champion Edition (Rainbow set 2, bootleg)	1992	bootleg
sf2rb3	Street Fighter II': Champion Edition (Rainbow set 3, bootleg)	1992	bootleg
sf2red	Street Fighter II': Champion Edition (Red Wave, bootleg)	1992	bootleg
sf2v004	Street Fighter II': Champion Edition (V004, bootleg)	1992	bootleg
sf2acc	Street Fighter II': Champion Edition (Accelerator!, bootleg)	1992	bootleg
sf2accp2	Street Fighter II': Champion Edition (Accelerator Pt.II, bootleg)	1992	bootleg
sf2dkot2	Street Fighter II': Champion Edition (Double K.O. Turbo II, bootleg)	1992	bootleg
sf2m1	Street Fighter II': Champion Edition (M1, bootleg)	1992	bootleg
sf2m2	Street Fighter II': Champion Edition (M2, bootleg)	1992	bootleg
sf2m3	Street Fighter II': Champion Edition (M3, bootleg)	1992	bootleg
sf2m4	Street Fighter II': Champion Edition (M4, bootleg)	1992	bootleg
sf2m5	Street Fighter II': Champion Edition (M5, bootleg)	1992	bootleg
sf2m6	Street Fighter II': Champion Edition (M6, bootleg)	1992	bootleg
sf2m7	Street Fighter II': Champion Edition (M7, bootleg)	1992	bootleg
sf2yyc	Street Fighter II': Champion Edition (YYC, bootleg)	1992	bootleg
sf2koryu	Street Fighter II': Champion Edition (Xiang Long, Chinese bootleg)	1992	bootleg
sf2mdt	Street Fighter II': Magic Delta Turbo (bootleg)	1992	bootleg
varth	Varth: Operation Thunderstorm (World 920714)	1992	Capcom
varthr1	Varth: Operation Thunderstorm (World 920612)	1992	Capcom
varthu	Varth: Operation Thunderstorm (USA 920612)	1992	Capcom, distributed by Romstar
varthj	Varth: Operation Thunderstorm (Japan 920714)	1992	Capcom
cworld2j	Adventure Quiz Capcom World 2 (Japan 920611)	1992	Capcom
wof	Warriors of Fate (World 921002)	1992	Capcom
wofa	Sangokushi II (Asia 921005)	1992	Capcom
wofu	Warriors of Fate (USA 921031)	1992	Capcom
wofj	Tenchi wo Kurau II: Sekiheki no Tatakai (Japan 921031)	1992	Capcom
wofhfb	Huo Feng Huang (Chinese bootleg of Sangokushi II)	1999	bootleg
sf2hf	Street Fighter II': Hyper Fighting (World 921209)	1992	Capcom
sf2hfu	Street Fighter II': Hyper Fighting (USA 921209)	1992	Capcom
sf2hfj	Street Fighter II' Turbo: Hyper Fighting (Japan 921209)	1992	Capcom
dino	Cadillacs and Dinosaurs (World 930201)	1993	Capcom
dinou	Cadillacs and Dinosaurs (USA 930201)	1993	Capcom
dinoj	Cadillacs: Kyouryuu Shin Seiki (Japan 930201)	1993	Capcom
dinopic	Cadillacs and Dinosaurs (bootleg with PIC16c57, set 1)	1993	bootleg
dinopic2	Cadillacs and Dinosaurs (bootleg with PIC16c57, set 2)	1993	bootleg
dinohunt	Dinosaur Hunter (Chinese bootleg of Cadillacs and Dinosaurs)	1993	bootleg
punisher	The Punisher (World 930422)	1993	Capcom
punisheru	The Punisher (USA 930422)	1993	Capcom
punisherj	The Punisher (Japan 930422)	1993	Capcom
punipic	The Punisher (bootleg with PIC16c57, set 1)	1993	bootleg
punipic2	The Punisher (bootleg with PIC16c57, set 2)	1993	bootleg
punipic3	The Punisher (bootleg with PIC16c57, set 3)	1993	bootleg
punisherbz	Biaofeng Zhanjing (Chinese bootleg of The Punisher)	1993	bootleg
slammast	Saturday Night Slam Masters (World 930713)	1993	Capcom
slammastu	Saturday Night Slam Masters (USA 930713)	1993	Capcom
mbomberj	Muscle Bomber: The Body Explosion (Japan 930713)	1993	Capcom
mbombrd	Muscle Bomber Duo: Ultimate Team Battle (World 931206)	1993	Capcom
mbombrdj	Muscle Bomber Duo: Heat Up Warriors (Japan 931206)	1993	Capcom
pnickj	Pnickies (Japan 940608)	1994	Capcom, licensed by Compile)
qad	Quiz & Dragons: Capcom Quiz Game (USA 920701)	1992	Capcom
qadj	Quiz & Dragons: Capcom Quiz Game (Japan 940921)	1994	Capcom
qtono2j	Quiz Tonosama no Yabou 2: Zenkoku-ban (Japan 950123)	1995	Capcom
pang3	Pang! 3 (Euro 950601)	1995	Mitchell
pang3n	Pang! 3 (Euro 950511, not encrypted)	1995	Mitchell
pang3j	Pang! 3: Kaitou Tachi no Karei na Gogo (Japan 950511)	1995	Mitchell
megaman	Mega Man: The Power Battle (CPS1, Asia 951006)	1995	Capcom
rockmanj	Rockman: The Power Battle (CPS1, Japan 950922)	1995	Capcom
fcrash	Final Crash (bootleg of Final Fight)	1990	bootleg (Playmark)
ssf2	Super Street Fighter II: The New Challengers (World 930911)	1993	Capcom
ssf2u	Super Street Fighter II: The New Challengers (USA 930911)	1993	Capcom
ssf2a	Super Street Fighter II: The New Challengers (Asia 931005)	1993	Capcom
ssf2ar1	Super Street Fighter II: The New Challengers (Asia 930914)	1993	Capcom
ssf2j	Super Street Fighter II: The New Challengers (Japan 931005)	1993	Capcom
ssf2jr1	Super Street Fighter II: The New Challengers (Japan 930911)	1993	Capcom
ssf2jr2	Super Street Fighter II: The New Challengers (Japan 930910)	1993	Capcom
ssf2h	Super Street Fighter II: The New Challengers (Hispanic 930911)	1993	Capcom
ssf2tb	Super Street Fighter II: The Tournament Battle (World 931119)	1993	Capcom
ssf2tbr1	Super Street Fighter II: The Tournament Battle (World 930911)	1993	Capcom
ssf2tbj	Super Street Fighter II: The Tournament Battle (Japan 930911)	1993	Capcom
ecofghtr	Eco Fighters (World 931203)	1993	Capcom
ecofghtru	Eco Fighters (USA 940215)	1993	Capcom
ecofghtru1	Eco Fighters (USA 931203)	1993	Capcom
ecofghtra	Eco Fighters (Asia 931203)	1993	Capcom
ecofghtrh	Eco Fighters (Hispanic 931203)	1993	Capcom
uecology	Ultimate Ecology (Japan 931203)	1993	Capcom
ddtod	Dungeons & Dragons: Tower of Doom (Euro 940412)	1993	Capcom
ddtodr1	Dungeons & Dragons: Tower of Doom (Euro 940113)	1993	Capcom
ddtodu	Dungeons & Dragons: Tower of Doom (USA 940125)	1993	Capcom
ddtodur1	Dungeons & Dragons: Tower of Doom (USA 940113)	1993	Capcom
ddtodj	Dungeons & Dragons: Tower of Doom (Japan 940412)	1993	Capcom
ddtodjr1	Dungeons & Dragons: Tower of Doom (Japan 940125)	1993	Capcom
ddtodjr2	Dungeons & Dragons: Tower of Doom (Japan 940113)	1993	Capcom
ddtoda	Dungeons & Dragons: Tower of Doom (Asia 940113)	1993	Capcom
ddtodh	Dungeons & Dragons: Tower of Doom (Hispanic 940412)	1993	Capcom
ddtodhr1	Dungeons & Dragons: Tower of Doom (Hispanic 940125)	1993	Capcom
ddtodhr2	Dungeons & Dragons: Tower of Doom (Hispanic 940113)	1993	Capcom
ssf2t	Super Street Fighter II Turbo (World 940223)	1994	Capcom
ssf2tu	Super Street Fighter II Turbo (USA 940323)	1994	Capcom
ssf2tur1	Super Street Fighter II Turbo (USA 940223)	1994	Capcom
ssf2ta	Super Street Fighter II Turbo (Asia 940223)	1994	Capcom
ssf2xj	Super Street Fighter II X: Grand Master Challenge (Japan 940223)	1994	Capcom
avsp	Alien vs. Predator (Euro 940520)	1994	Capcom
avspu	Alien vs. Predator (USA 940520)	1994	Capcom
avspj	Alien vs. Predator (Japan 940520)	1994	Capcom
avspa	Alien vs. Predator (Asia 940520)	1994	Capcom
avsph	Alien vs. Predator (Hispanic 940520)	1994	Capcom
dstlk	Darkstalkers: The Night Warriors (Euro 940705)	1994	Capcom
dstlku	Darkstalkers: The Night Warriors (USA 940818)	1994	Capcom
dstlkur1	Darkstalkers: The Night Warriors (USA 940705)	1994	Capcom
dstlka	Darkstalkers: The Night Warriors (Asia 940705)	1994	Capcom
dstlkh	Darkstalkers: The Night Warriors (Hispanic 940818)	1994	Capcom
vampj	Vampire: The Night Warriors (Japan 940705)	1994	Capcom
vampja	Vampire: The Night Warriors (Japan 940705 alt)	1994	Capcom
vampjr1	Vampire: The Night Warriors (Japan 940630)	1994	Capcom
ringdest	Ring of Destruction: Slammasters II (Euro 940902)	1994	Capcom
smbomb	Super Muscle Bomber: The International Blowout (Japan 940831)	1994	Capcom
smbombr1	Super Muscle Bomber: The International Blowout (Japan 940808)	1994	Capcom
armwar	Armored Warriors (Euro 941024)	1994	Capcom
armwarr1	Armored Warriors (Euro 941011)	1994	Capcom
armwaru	Armored Warriors (USA 941024)	1994	Capcom
armwaru1	Armored Warriors (USA 940920)	1994	Capcom
pgear	Powered Gear: Strategic Variant Armor Equipment (Japan 941024)	1994	Capcom
pgearr1	Powered Gear: Strategic Variant Armor Equipment (Japan 940916)	1994	Capcom
armwara	Armored Warriors (Asia 940920)	1994	Capcom
xmcota	X-Men: Children of the Atom (Euro 950105)	1994	Capcom
xmcotau	X-Men: Children of the Atom (USA 950105)	1994	Capcom
xmcotah	X-Men: Children of the Atom (Hispanic 950331)	1994	Capcom
xmcotahr1	X-Men: Children of the Atom (Hispanic 950105)	1994	Capcom
xmcotaj	X-Men: Children of the Atom (Japan 950105)	1994	Capcom
xmcotaj1	X-Men: Children of the Atom (Japan 941222)	1994	Capcom
xmcotaj2	X-Men: Children of the Atom (Japan 941219)	1994	Capcom
xmcotaj3	X-Men: Children of the Atom (Japan 941217)	1994	Capcom
xmcotaa	X-Men: Children of the Atom (Asia 941217)	1994	Capcom
xmcotajr	X-Men: Children of the Atom (Japan 941208 rent version)	1994	Capcom
nwarr	Night Warriors: Darkstalkers' Revenge (Euro 950316)	1995	Capcom
nwarru	Night Warriors: Darkstalkers' Revenge (USA 950406)	1995	Capcom
nwarrh	Night Warriors: Darkstalkers' Revenge (Hispanic 950403)	1995	Capcom
nwarrb	Night Warriors: Darkstalkers' Revenge (Brazil 950403)	1995	Capcom
nwarra	Night Warriors: Darkstalkers' Revenge (Asia 950302)	1995	Capcom
vhuntj	Vampire Hunter: Darkstalkers' Revenge (Japan 950316)	1995	Capcom
vhuntjr1	Vampire Hunter: Darkstalkers' Revenge (Japan 950307)	1995	Capcom
vhuntjr2	Vampire Hunter: Darkstalkers' Revenge (Japan 950302)	1995	Capcom
cybots	Cyberbots: Fullmetal Madness (Euro 950424)	1995	Capcom
cybotsu	Cyberbots: Fullmetal Madness (USA 950424)	1995	Capcom
cybotsj	Cyberbots: Fullmetal Madness (Japan 950420)	1995	Capcom
sfa	Street Fighter Alpha: Warriors' Dreams (Euro 950727)	1995	Capcom
sfar1	Street Fighter Alpha: Warriors' Dreams (Euro 950718)	1995	Capcom
sfar2	Street Fighter Alpha: Warriors' Dreams (Euro 950627)	1995	Capcom
sfar3	Street Fighter Alpha: Warriors' Dreams (Euro 950605)	1995	Capcom
sfau	Street Fighter Alpha: Warriors' Dreams (USA 950627)	1995	Capcom
sfza	Street Fighter Zero (Asia 950627)	1995	Capcom
sfzj	Street Fighter Zero (Japan 950727)	1995	Capcom
sfzjr1	Street Fighter Zero (Japan 950627)	1995	Capcom
sfzjr2	Street Fighter Zero (Japan 950605)	1995	Capcom
sfzh	Street Fighter Zero (Hispanic 950718)	1995	Capcom
sfzhr1	Street Fighter Zero (Hispanic 950627)	1995	Capcom
sfzb	Street Fighter Zero (Brazil 951109)	1995	Capcom
sfzbr1	Street Fighter Zero (Brazil 950727)	1995	Capcom
mmancp2u	Mega Man - The Power Battle (CPS2, USA 951006, SAMPLE Version)	1995	Capcom
rmancp2j	Rockman: The Power Battle (CPS2, Japan 950922)	1995	Capcom
msh	Marvel Super Heroes (Euro 951024)	1995	Capcom
mshu	Marvel Super Heroes (USA 951024)	1995	Capcom
mshj	Marvel Super Heroes (Japan 951117)	1995	Capcom
mshjr1	Marvel Super Heroes (Japan 951024)	1995	Capcom
msha	Marvel Super Heroes (Asia 951024)	1995	Capcom
mshh	Marvel Super Heroes (Hispanic 951117)	1995	Capcom
mshb	Marvel Super Heroes (Brazil 951117)	1995	Capcom
19xx	19XX: The War Against Destiny (USA 951207)	1996	Capcom
19xxj	19XX: The War Against Destiny (Japan 951225)	1996	Capcom
19xxjr1	19XX: The War Against Destiny (Japan 951207)	1996	Capcom
19xxa	19XX: The War Against Destiny (Asia 951207)	1996	Capcom
19xxh	19XX: The War Against Destiny (Hispanic 951218)	1996	Capcom
19xxb	19XX: The War Against Destiny (Brazil 951218)	1996	Capcom
ddsom	Dungeons & Dragons: Shadow over Mystara (Euro 960619)	1996	Capcom
ddsomr1	Dungeons & Dragons: Shadow over Mystara (Euro 960223)	1996	Capcom
ddsomr2	Dungeons & Dragons: Shadow over Mystara (Euro 960209)	1996	Capcom
ddsomr3	Dungeons & Dragons: Shadow over Mystara (Euro 960208)	1996	Capcom
ddsomu	Dungeons & Dragons: Shadow over Mystara (USA 960619)	1996	Capcom
ddsomur1	Dungeons & Dragons: Shadow over Mystara (USA 960209)	1996	Capcom
ddsomjr1	Dungeons & Dragons: Shadow over Mystara (Japan 960206)	1996	Capcom
ddsomj	Dungeons & Dragons: Shadow over Mystara (Japan 960619)	1996	Capcom
ddsoma	Dungeons & Dragons: Shadow over Mystara (Asia 960619)	1996	Capcom
ddsomh	Dungeons & Dragons: Shadow over Mystara (Hispanic 960223)	1996	Capcom
ddsomb	Dungeons & Dragons: Shadow over Mystara (Brazil 960223)	1996	Capcom
sfa2	Street Fighter Alpha 2 (Euro 960229)	1996	Capcom
sfa2u	Street Fighter Alpha 2 (USA 960306)	1996	Capcom
sfz2j	Street Fighter Zero 2 (Japan 960227)	1996	Capcom
sfz2a	Street Fighter Zero 2 (Asia 960227)	1996	Capcom
sfz2b	Street Fighter Zero 2 (Brazil 960531)	1996	Capcom
sfz2br1	Street Fighter Zero 2 (Brazil 960304)	1996	Capcom
sfz2h	Street Fighter Zero 2 (Hispanic 960304)	1996	Capcom
sfz2n	Street Fighter Zero 2 (Oceania 960229)	1996	Capcom
spf2t	Super Puzzle Fighter II Turbo (USA 960620)	1996	Capcom
spf2xj	Super Puzzle Fighter II X (Japan 960531)	1996	Capcom
spf2ta	Super Puzzle Fighter II Turbo (Asia 960529)	1996	Capcom
spf2th	Super Puzzle Fighter II Turbo (Hispanic 960531)	1996	Capcom
qndream	Quiz Nanairo Dreams: Nijiirochou no Kiseki (Japan 960826)	1996	Capcom
megaman2	Mega Man 2: The Power Fighters (USA 960708)	1996	Capcom
megaman2a	Mega Man 2: The Power Fighters (Asia 960708)	1996	Capcom
rockman2j	Rockman 2: The Power Fighters (Japan 960708)	1996	Capcom
megaman2h	Mega Man 2: The Power Fighters (Hispanic 960712)	1996	Capcom
gigamn2	Giga Man 2: The Power Fighters (bootleg of Mega Man 2: The Power Fighters)	1996	bootleg
sfz2al	Street Fighter Zero 2 Alpha (Asia 960826)	1996	Capcom
sfz2alj	Street Fighter Zero 2 Alpha (Japan 960805)	1996	Capcom
sfz2alh	Street Fighter Zero 2 Alpha (Hispanic 960813)	1996	Capcom
sfz2alb	Street Fighter Zero 2 Alpha (Brazil 960813)	1996	Capcom
xmvsf	X-Men Vs. Street Fighter (Euro 961004)	1996	Capcom
xmvsfr1	X-Men Vs. Street Fighter (Euro 960910)	1996	Capcom
xmvsfu	X-Men Vs. Street Fighter (USA 961023)	1996	Capcom
xmvsfur1	X-Men Vs. Street Fighter (USA 961004)	1996	Capcom
xmvsfj	X-Men Vs. Street Fighter (Japan 961004)	1996	Capcom
xmvsfjr1	X-Men Vs. Street Fighter (Japan 960910)	1996	Capcom
xmvsfjr2	X-Men Vs. Street Fighter (Japan 960909)	1996	Capcom
xmvsfa	X-Men Vs. Street Fighter (Asia 961023)	1996	Capcom
xmvsfar1	X-Men Vs. Street Fighter (Asia 960919)	1996	Capcom
xmvsfar2	X-Men Vs. Street Fighter (Asia 960910)	1996	Capcom
xmvsfh	X-Men Vs. Street Fighter (Hispanic 961004)	1996	Capcom
xmvsfb	X-Men Vs. Street Fighter (Brazil 961023)	1996	Capcom
batcir	Battle Circuit (Euro 970319)	1997	Capcom
batcirj	Battle Circuit (Japan 970319)	1997	Capcom
batcira	Battle Circuit (Asia 970319)	1997	Capcom
vsav	Vampire Savior: The Lord of Vampire (Euro 970519)	1997	Capcom
vsavu	Vampire Savior: The Lord of Vampire (USA 970519)	1997	Capcom
vsavj	Vampire Savior: The Lord of Vampire (Japan 970519)	1997	Capcom
vsava	Vampire Savior: The Lord of Vampire (Asia 970519)	1997	Capcom
vsavh	Vampire Savior: The Lord of Vampire (Hispanic 970519)	1997	Capcom
mshvsf	Marvel Super Heroes Vs. Street Fighter (Euro 970625)	1997	Capcom
mshvsfu	Marvel Super Heroes Vs. Street Fighter (USA 970827)	1997	Capcom
mshvsfu1	Marvel Super Heroes Vs. Street Fighter (USA 970625)	1997	Capcom
mshvsfj	Marvel Super Heroes Vs. Street Fighter (Japan 970707)	1997	Capcom
mshvsfj1	Marvel Super Heroes Vs. Street Fighter (Japan 970702)	1997	Capcom
mshvsfj2	Marvel Super Heroes Vs. Street Fighter (Japan 970625)	1997	Capcom
mshvsfh	Marvel Super Heroes Vs. Street Fighter (Hispanic 970625)	1997	Capcom
mshvsfa	Marvel Super Heroes Vs. Street Fighter (Asia 970625)	1997	Capcom
mshvsfa1	Marvel Super Heroes Vs. Street Fighter (Asia 970620)	1997	Capcom
mshvsfb	Marvel Super Heroes Vs. Street Fighter (Brazil 970827)	1997	Capcom
mshvsfb1	Marvel Super Heroes Vs. Street Fighter (Brazil 970625)	1997	Capcom
csclub	Capcom Sports Club (Euro 971017)	1997	Capcom
csclub1	Capcom Sports Club (Euro 970722)	1997	Capcom
csclubj	Capcom Sports Club (Japan 970722)	1997	Capcom
cscluba	Capcom Sports Club (Asia 970722)	1997	Capcom
csclubh	Capcom Sports Club (Hispanic 970722)	1997	Capcom
sgemf	Super Gem Fighter Mini Mix (USA 970904)	1997	Capcom
pfghtj	Pocket Fighter (Japan 970904)	1997	Capcom
sgemfa	Super Gem Fighter: Mini Mix (Asia 970904)	1997	Capcom
sgemfh	Super Gem Fighter: Mini Mix (Hispanic 970904)	1997	Capcom
vhunt2r1	Vampire Hunter 2: Darkstalkers Revenge (Japan 970913)	1997	Capcom
vhunt2	Vampire Hunter 2: Darkstalkers Revenge (Japan 970929)	1997	Capcom
vsav2	Vampire Savior 2: The Lord of Vampire (Japan 970913)	1997	Capcom
mvsc	Marvel Vs. Capcom: Clash of Super Heroes (Euro 980123)	1998	Capcom
mvscr1	Marvel Vs. Capcom: Clash of Super Heroes (Euro 980112)	1998	Capcom
mvscu	Marvel Vs. Capcom: Clash of Super Heroes (USA 980123)	1998	Capcom
mvscur1	Marvel Vs. Capcom: Clash of Super Heroes (USA 971222)	1998	Capcom
mvscj	Marvel Vs. Capcom: Clash of Super Heroes (Japan 980123)	1998	Capcom
mvscjr1	Marvel Vs. Capcom: Clash of Super Heroes (Japan 980112)	1998	Capcom
mvsca	Marvel Vs. Capcom: Clash of Super Heroes (Asia 980123)	1998	Capcom
mvscar1	Marvel Vs. Capcom: Clash of Super Heroes (Asia 980112)	1998	Capcom
mvsch	Marvel Vs. Capcom: Clash of Super Heroes (Hispanic 980123)	1998	Capcom
mvscb	Marvel Vs. Capcom: Clash of Super Heroes (Brazil 980123)	1998	Capcom
sfa3	Street Fighter Alpha 3 (Euro 980904)	1998	Capcom
sfa3u	Street Fighter Alpha 3 (USA 980904)	1998	Capcom
sfa3ur1	Street Fighter Alpha 3 (USA 980629)	1998	Capcom
sfa3h	Street Fighter Alpha 3 (Hispanic 980629)	1998	Capcom
sfa3b	Street Fighter Alpha 3 (Brazil 980629)	1998	Capcom
sfz3j	Street Fighter Zero 3 (Japan 980904)	1998	Capcom
sfz3jr1	Street Fighter Zero 3 (Japan 980727)	1998	Capcom
sfz3jr2	Street Fighter Zero 3 (Japan 980629)	1998	Capcom
sfz3a	Street Fighter Zero 3 (Asia 980904)	1998	Capcom
sfz3ar1	Street Fighter Zero 3 (Asia 980701)	1998	Capcom
gigawing	Giga Wing (USA 990222)	1999	Takumi (Capcom license)
gigawingj	Giga Wing (Japan 990223)	1999	Takumi (Capcom license)
gigawinga	Giga Wing (Asia 990222)	1999	Takumi (Capcom license)
gigawingh	Giga Wing (Hispanic 990222)	1999	Takumi (Capcom license)
gigawingb	Giga Wing (Brazil 990222)	1999	Takumi (Capcom license)
jyangoku	Jyangokushi: Haoh no Saihai (Japan 990527)	1999	Capcom
dimahoo	Dimahoo (Euro 000121)	2000	Eighting / Raizing (Capcom license)
dimahoou	Dimahoo (USA 000121)	2000	Eighting / Raizing (Capcom license)
gmahou	Great Mahou Daisakusen (Japan 000121)	2000	Eighting / Raizing (Capcom license)
mmatrix	Mars Matrix: Hyper Solid Shooting (USA 000412)	2000	Takumi (Capcom license)
mmatrixj	Mars Matrix: Hyper Solid Shooting (Japan 000412)	2000	Takumi (Capcom license)
1944	1944: The Loop Master (USA 000620)	2000	Eighting / Raizing (Capcom license)
1944j	1944: The Loop Master (Japan 000620)	2000	Eighting / Raizing (Capcom license)
mpang	Mighty! Pang (Euro 001010)	2000	Mitchell (Capcom license)
mpangr1	Mighty! Pang (Euro 000925)	2000	Mitchell (Capcom license)
mpangu	Mighty! Pang (USA 001010)	2000	Mitchell (Capcom license)
mpangj	Mighty! Pang (Japan 001011)	2000	Mitchell (Capcom license)
progear	Progear (USA 010117)	2001	Cave (Capcom license)
progearj	Progear no Arashi (Japan 010117)	2001	Cave (Capcom license)
progeara	Progear (Asia 010117)	2001	Cave (Capcom license)
pzloop2	Puzz Loop 2 (Euro 010302)	2001	Mitchell (Capcom license)
pzloop2j	Puzz Loop 2 (Japan 010205)	2001	Mitchell (Capcom license)
choko	Janpai Puzzle Choukou (Japan 010820)	2001	Mitchell (Capcom license)
hsf2	Hyper Street Fighter 2: The Anniversary Edition (USA 040202)	2004	Capcom
hsf2j	Hyper Street Fighter 2: The Anniversary Edition (Japan 031222)	2004	Capcom
hsf2a	Hyper Street Fighter 2: The Anniversary Edition (Asia 040202)	2004	Capcom
ssf2ud	Super Street Fighter II: The New Challengers (USA 930911 Phoenix Edition) (bootleg)	1993	bootleg
ddtodd	Dungeons & Dragons: Tower of Doom (Euro 940412 Phoenix Edition) (bootleg)	1993	bootleg
avspd	Alien vs. Predator (Euro 940520 Phoenix Edition) (bootleg)	1994	bootleg
dstlku1d	Darkstalkers: The Night Warriors (USA 940705 Phoenix Edition) (bootleg)	1994	bootleg
ringdstd	Ring of Destruction: Slammasters II (Euro 940902 Phoenix Edition) (bootleg)	1994	bootleg
xmcotad	X-Men: Children of the Atom (Euro 950105 Phoenix Edition) (bootleg)	1994	bootleg
nwarrud	Night Warriors: Darkstalkers' Revenge (USA 950406 Phoenix Edition) (bootleg)	1995	bootleg
sfad	Street Fighter Alpha: Warriors' Dreams (Euro 950727 Phoenix Edition) (bootleg)	1995	bootleg
mshud	Marvel Super Heroes (US 951024 Phoenix Edition) (bootleg)	1995	bootleg
19xxd	19XX: The War Against Destiny (USA 951207 Phoenix Edition) (bootleg)	1996	bootleg
sfz2ad	Street Fighter Zero 2 (Asia 960227 Phoenix Edition) (bootleg)	1996	bootleg
spf2xjd	Super Puzzle Fighter II X (Japan 960531 Phoenix Edition) (bootleg)	1996	bootleg
ddsomud	Dungeons & Dragons: Shadow over Mystara (USA 960619 Phoenix Edition) (bootleg)	1996	bootleg
megamn2d	Mega Man 2: The Power Fighters (USA 960708 Phoenix Edition) (bootleg)	1996	bootleg
sfz2ald	Street Fighter Zero 2 Alpha (Asia 960826 Phoenix Edition) (bootleg)	1996	bootleg
xmvsfu1d	X-Men Vs. Street Fighter (USA 961004 Phoenix Edition) (bootleg)	1996	bootleg
batcird	Battle Circuit (Euro 970319 Phoenix Edition) (bootleg)	1997	bootleg
vsavd	Vampire Savior: The Lord of Vampire (Euro 970519 Phoenix Edition) (bootleg)	1997	bootleg
mvscud	Marvel Vs. Capcom: Clash of Super Heroes (USA 980123 Phoenix Edition) (bootleg)	1998	bootleg
sfa3ud	Street Fighter Alpha 3 (USA 980904 Phoenix Edition) (bootleg)	1998	bootleg
gwingjd	Giga Wing (Japan 990223 Phoenix Edition) (bootleg)	1999	bootleg
1944d	1944: The Loop Master (USA 000620 Phoenix Edition) (bootleg)	2000	bootleg
progerjd	Progear no Arashi (Japan 010117 Phoenix Edition) (bootleg)	2001	bootleg
hsf2d	Hyper Street Fighter II: The Anniversary Edition (Asia 040202 Phoenix Edition) (bootleg)	2004	bootleg
ssf2tbd	Super Street Fighter II: The Tournament Battle (World 931119 Phoenix Edition) (bootleg)	1993	bootleg
ssf2xjd	Super Street Fighter II X: Grand Master Challenge (Japan 940223 Phoenix Edition) (bootleg)	1994	bootleg
sgemfd	Super Gem Fighter Mini Mix (USA 970904 Phoenix Edition) (bootleg)	1997	bootleg
armwar1d	Armored Warriors (Euro 941011 Phoenix Edition) (bootleg)	1994	bootleg
dimahoud	Dimahoo (USA 000121 Phoenix Edition) (bootleg)	2000	bootleg
mmatrixd	Mars Matrix: Hyper Solid Shooting (Japan 000412 Phoenix Edition) (bootleg)	2000	bootleg
sfiii	Street Fighter III: New Generation (USA, 970204)	1997	Capcom
sfiiij	Street Fighter III: New Generation (Japan, 970204)	1997	Capcom
sfiii2	Street Fighter III 2nd Impact: Giant Attack (USA, 970930)	1997	Capcom
sfiii2j	Street Fighter III 2nd Impact: Giant Attack (Japan, 970930)	1997	Capcom
sfiii3	Street Fighter III 3rd Strike: Fight for the Future (USA, 990608)	1999	Capcom
sfiii3a	Street Fighter III 3rd Strike: Fight for the Future (USA, 990512)	1999	Capcom
jojo	JoJo's Venture / JoJo no Kimyouna Bouken (Japan, 990108)	1998	Capcom
jojoa	JoJo's Venture / JoJo no Kimyouna Bouken (Japan, 981202)	1998	Capcom
jojoba	JoJo's Bizarre Adventure: Heritage for the Future / JoJo no Kimyouna Bouken: Miraie no Isan (Japan, 990913)	1999	Capcom
redearth	Red Earth (Euro, 961121)	1996	Capcom
warzard	Warzard (Japan, 961121)	1996	Capcom
sfiiin	Street Fighter III: New Generation (Asia, 970204, NO CD)	1997	Capcom
sfiii2n	Street Fighter III 2nd Impact: Giant Attack (Asia, 970930, NO CD)	1997	Capcom
sfiii3n	Street Fighter III 3rd Strike: Fight for the Future (Japan, 990608, NO CD)	1999	Capcom
sfiii3an	Street Fighter III 3rd Strike: Fight for the Future (Japan, 990512, NO CD)	1999	Capcom
jojon	JoJo's Venture / JoJo no Kimyouna Bouken (Asia, 990108, NO CD)	1998	Capcom
jojoan	JoJo's Venture / JoJo no Kimyouna Bouken (Asia, 981202, NO CD)	1998	Capcom
jojoban	JoJo's Bizarre Adventure: Heritage for the Future / JoJo no Kimyouna Bouken: Miraie no Isan (Japan, 990913, NO CD)	1999	Capcom
jojobane	JoJo's Bizarre Adventure: Heritage for the Future / JoJo no Kimyouna Bouken: Miraie no Isan (Euro, 990913, NO CD)	1999	Capcom
redeartn	Red Earth (961121, NO CD)	1996	Capcom
cpzn1	ZN1	1995	Sony / Capcom
ts2	Battle Arena Toshinden 2 (USA 951124)	1995	Capcom / Takara
ts2j	Battle Arena Toshinden 2 (Japan 951124)	1995	Capcom / Takara
starglad	Star Gladiator (USA 960627)	1996	Capcom
stargladj	Star Gladiator (Japan 960627)	1996	Capcom
sfex	Street Fighter EX (Euro 961219)	1996	Capcom / Arika
sfexu	Street Fighter EX (USA 961219)	1996	Capcom / Arika
sfexa	Street Fighter EX (Asia 961219)	1996	Capcom / Arika
sfexj	Street Fighter EX (Japan 961130)	1996	Capcom / Arika
glpracr	Gallop Racer (Japan Ver 9.01.12)	1996	Tecmo
sfexp	Street Fighter EX Plus (USA 970407)	1997	Capcom / Arika
sfexpu1	Street Fighter EX Plus (USA 970311)	1997	Capcom / Arika
sfexpj	Street Fighter EX Plus (Japan 970311)	1997	Capcom / Arika
cpzn2	ZN2	1997	Sony / Capcom
rvschool	Rival Schools (USA 971117)	1997	Capcom
rvschoola	Rival Schools (Asia 971117)	1997	Capcom
jgakuen	Justice Gakuen (Japan 971117)	1997	Capcom
sfex2	Street Fighter EX 2 (USA 980526)	1998	Capcom / Arika
sfex2j	Street Fighter EX 2 (Japan 980312)	1998	Capcom / Arika
sfex2a	Street Fighter EX 2 (Asia 980312)	1998	Capcom / Arika
sfex2h	Street Fighter EX 2 (Hispanic 980312)	1998	Capcom / Arika
plsmaswd	Plasma Sword (USA 980316)	1998	Capcom
stargld2	Star Gladiator 2 (Japan 980316)	1998	Capcom
plsmaswda	Plasma Sword (Asia 980316)	1998	Capcom
tgmj	Tetris The Grand Master (Japan 980710)	1998	Arika / Capcom
techromn	Tech Romancer (Euro 980914)	1998	Capcom
techromnu	Tech Romancer (USA 980914)	1998	Capcom
kikaioh	Kikaioh (Japan 980914)	1998	Capcom
sfex2p	Street Fighter EX 2 Plus (USA 990611)	1999	Capcom / Arika
sfex2pa	Street Fighter EX 2 Plus (Asia 990611)	1999	Capcom / Arika
sfex2pj	Street Fighter EX 2 Plus (Japan 990611)	1999	Capcom / Arika
strider2	Strider 2 (USA 991213)	1999	Capcom
strider2a	Strider 2 (Asia 991213)	1999	Capcom
shiryu2	Strider Hiryu 2 (Japan 991213)	1999	Capcom
tps	TPS	1997	Sony / Tecmo
glpracr2	Gallop Racer 2 (USA)	1997	Tecmo
glpracr2j	Gallop Racer 2 (Japan)	1997	Tecmo
glpracr2l	Gallop Racer 2 Link HW (Japan)	1997	Tecmo
doapp	Dead Or Alive ++ (Japan)	1998	Tecmo
cbaj	Cool Boarders Arcade Jam	1998	Tecmo
shngmtkb	Shanghai Matekibuyuu	1998	Sunsoft / Activision
tondemo	Tondemo Crisis (Japan)	1999	Tecmo
glpracr3	Gallop Racer 3 (Japan)	1999	Tecmo
flamegun	Flame Gunner	1999	Gaps Inc.
flamegunj	Flame Gunner (Japan)	1999	Gaps Inc.
lpadv	Logic Pro Adventure (Japan)	1999	Amuse World
tblkkuzu	The Block Kuzushi (Japan)	2000	Tamsoft / D3 Publisher
1on1gov	1 on 1 Government (Japan)	2000	Tecmo
tecmowcm	Tecmo World Cup Millennium (Japan)	2000	Tecmo
mfjump	Monster Farm Jump (Japan)	2001	Tecmo
atluspsx	Atlus PSX	1996	Sony / Atlus
hvnsgate	Heaven's Gate	1996	Atlus / Racdym
psarc95	PS Arcade 95	1997	Sony / Eighting / Raizing
beastrzr	Beastorizer (USA)	1997	Eighting / Raizing
bldyroar	Bloody Roar (Japan)	1997	Eighting / Raizing
beastrzb	Beastorizer (USA bootleg)	1997	bootleg
bldyror2	Bloody Roar 2 (World)	1998	Eighting / Raizing
bldyror2u	Bloody Roar 2 (USA)	1998	Eighting / Raizing
bldyror2a	Bloody Roar 2 (Asia)	1998	Eighting / Raizing
bldyror2j	Bloody Roar 2 (Japan)	1998	Eighting / Raizing
brvblade	Brave Blade (World)	2000	Eighting / Raizing
brvbladeu	Brave Blade (USA)	2000	Eighting / Raizing
brvbladea	Brave Blade (Asia)	2000	Eighting / Raizing
brvbladej	Brave Blade (Japan)	2000	Eighting / Raizing
bam2	Bust a Move 2 (Japanese ROM ver. 1999/07/17 10:00:00)	1999	Metro / Enix / Namco
atpsx	Atari PSX	1996	Atari
primrag2	Primal Rage 2 (Ver 0.36a)	1996	Atari
acpsx	Acclaim PSX	1995	Acclaim
nbajamex	NBA Jam Extreme	1996	Acclaim
jdredd	Judge Dredd (Rev C Dec. 17 1997)	1996	Acclaim
jdreddb	Judge Dredd (Rev B Nov. 26 1997)	1996	Acclaim
vspsx	Video System PSX	1996	Video System Co.
aerofgts	Aero Fighters Special (Taiwan)	1996	Video System Co.
sncwgltd	Sonic Wings Limited (Japan)	1996	Video System Co.
taitofx1	Taito FX1	1995	Sony / Taito
sfchamp	Super Football Champ (Ver 2.5O)	1995	Taito
sfchamp24o	Super Football Champ (Ver 2.4O)	1995	Taito
sfchampj	Super Football Champ (Ver 2.4J)	1995	Taito
psyforce	Psychic Force (Ver 2.4O)	1995	Taito
psyforcej	Psychic Force (Ver 2.4J)	1995	Taito
psyforcex	Psychic Force EX (Ver 2.0J)	1995	Taito
mgcldate	Magical Date / Magical Date - dokidoki kokuhaku daisakusen (Ver 2.02J)	1996	Taito
mgcldtex	Magical Date EX / Magical Date - sotsugyou kokuhaku daisakusen (Ver 2.01J)	1997	Taito
raystorm	Ray Storm (Ver 2.06A)	1996	Taito
raystormj	Ray Storm (Ver 2.05J)	1996	Taito
ftimpact	Fighters' Impact (Ver 2.02O)	1996	Taito
ftimpactj	Fighters' Impact (Ver 2.02J)	1996	Taito
ftimpcta	Fighters' Impact A (Ver 2.00J)	1997	Taito
gdarius	G-Darius (Ver 2.01J)	1997	Taito
gdariusb	G-Darius (Ver 2.02A)	1997	Taito
gdarius2	G-Darius Ver.2 (Ver 2.03J)	1997	Taito
taitogn	Taito GNET	1997	Sony / Taito
chaoshea	Chaos Heat (V2.09O)	1998	Taito
chaosheaj	Chaos Heat (V2.08J)	1998	Taito
raycris	Ray Crisis (V2.03J)	1998	Taito
otenamih	Otenami Haiken (V2.04J)	1999	Success
otenamhf	Otenami Haiken Final (V2.07JC)	2005	Success / Warashi
spuzboblj	Super Puzzle Bobble (V2.04J)	1999	Taito
spuzbobl	Super Puzzle Bobble (V2.05O)	1999	Taito
gobyrc	Go By RC (V2.03O)	1999	Taito
rcdego	RC De Go (V2.03J)	1999	Taito
flipmaze	Flip Maze (V2.04J)	1999	Taito / Moss
mahjngoh	Mahjong Oh (V2.06J)	1999	Warashi / Mahjong Kobo / Taito
psyvaria	Psyvariar -Medium Unit- (V2.04J)	2000	Success
shanghss	Shanghai Shoryu Sairin (V2.03J)	2000	Warashi
psyvarrv	Psyvariar -Revision- (V2.04J)	2000	Success
zokuoten	Zoku Otenamihaiken (V2.03J)	2000	Success
soutenry	Soutenryu (V2.07J)	2000	Warashi
nightrai	Night Raid (V2.03J)	2001	Takumi
shikigam	Shikigami no Shiro (V2.03J)	2001	Alfa System / Taito
otenki	Otenki Kororin (V2.01J)	2001	Takumi
usagi	Usagi (V2.02J)	2001	Warashi / Mahjong Kobo / Taito
shangtou	Shanghai Sangokuhai Tougi (Ver 2.01J)	2002	Warashi / Sunsoft / Taito
xiistag	XII Stag (V2.01J)	2002	Triangle Service
sianniv	Space Invaders Anniversary (V2.02J)	2003	Taito
kollon	Kollon (V2.04J)	2003	Taito
kollonc	Kollon (V2.04JC)	2003	Taito
zooo	Zooo (V2.01J)	2004	Success
tekken	Tekken (TE4/VER.C)	1994	Namco
tekkena	Tekken (TE2/VER.C)	1994	Namco
tekkenb	Tekken (TE2/VER.B)	1994	Namco
tekkenc	Tekken (Japan, TE1/VER.B)	1994	Namco
tekken2	Tekken 2 Ver.B (TES3/VER.B)	1995	Namco
tekken2a	Tekken 2 Ver.B (TES2/VER.B)	1995	Namco
tekken2b	Tekken 2 (TES2/VER.A)	1995	Namco
souledge1	Soul Edge (SO3/VER.A)	1995	Namco
souledge1j	Soul Edge (Japan, SO1/VER.A)	1995	Namco
primglex	Prime Goal EX (Japan, PG1/VER.A)	1996	Namco
xevi3dg	Xevious 3D/G (Japan, XV31/VER.A)	1995	Namco
souledge	Soul Edge Ver. II (SO4/VER.C)	1996	Namco
souledgea	Soul Edge Ver. II (SO3/VER.C)	1995	Namco
dunkmnia	Dunk Mania (DM2/VER.C)	1995	Namco
dunkmniaj	Dunk Mania (Japan, DM1/VER.C)	1995	Namco
danceyes	Dancing Eyes (Japan, DC1/VER.A)	1996	Namco
pocketrc	Pocket Racer (Japan, PKR1/VER.B)	1996	Namco
starswep	Star Sweep (Japan, STP1/VER.A)	1997	Axela/Namco
myangel3	Kosodate Quiz My Angel 3 (Japan, KQT1/VER.A)	1998	Namco
ptblnk2a	Point Blank 2 (GNB3/VER.A)	1999	Namco
tekken3	Tekken 3 (Japan, TET1/VER.E1)	1996	Namco
tekken3a	Tekken 3 (TET2/VER.B)	1996	Namco
tekken3b	Tekken 3 (TET3/VER.A)	1996	Namco
tekken3c	Tekken 3 (TET2/VER.A)	1996	Namco
lbgrande	Libero Grande (LG2/VER.A)	1997	Namco
toukon3	Shin Nihon Pro Wrestling Toukon Retsuden 3 Arcade Edition (Japan, TR1/VER.A)	1997	Tomy / Namco
ehrgeiz	Ehrgeiz (EG3/VER.A)	1998	Square / Namco
ehrgeiza	Ehrgeiz (EG2/VER.A)	1998	Square / Namco
ehrgeizj	Ehrgeiz (Japan, EG1/VER.A)	1998	Square / Namco
sws98	Super World Stadium '98 (Japan, SS81/VER.A)	1998	Namco
soulclbr	Soul Calibur (SOC14/VER.C)	1998	Namco
soulclbrb	Soul Calibur (SOC14/VER.B)	1998	Namco
soulclbrj	Soul Calibur (Japan, SOC11/VER.C)	1998	Namco
soulclbrb2	Soul Calibur (SOC13/VER.B)	1998	Namco
soulclbrjb	Soul Calibur (Japan, SOC11/VER.B)	1998	Namco
soulclbrja	Soul Calibur (Japan, SOC11/VER.A2)	1998	Namco
mdhorse	Derby Quiz My Dream Horse (Japan, MDH1/VER.A2)	1998	Namco
tenkomor	Tenkomori Shooting (TKM2/VER.A1)	1998	Namco
tenkomorj	Tenkomori Shooting (Japan, TKM1/VER.A1)	1998	Namco
pacapp	Paca Paca Passion (Japan, PPP1/VER.A2)	1999	Produce / Namco
fgtlayer	Fighting Layer (Japan, FTL1/VER.A)	1998	Arika / Namco
ptblank2	Point Blank 2 (GNB5/VER.A)	1999	Namco
sws99	Super World Stadium '99 (Japan, SS91/VER.A3)	1999	Namco
ghlpanic	Ghoul Panic (OB2/VER.A)	1999	Eighting / Raizing / Namco
pacapp2	Paca Paca Passion 2 (Japan, PKS1/VER.A)	1999	Produce / Namco
tektagt	Tekken Tag Tournament (TEG3/VER.C1)	1999	Namco
tektagta	Tekken Tag Tournament (TEG3/VER.B)	1999	Namco
tektagtb	Tekken Tag Tournament (Japan, TEG1/VER.B)	1999	Namco
tektagtc	Tekken Tag Tournament (Japan, TEG1/VER.A3)	1999	Namco
mrdrillr	Mr. Driller (Japan, DRI1/VER.A2)	1999	Namco
pacappsp	Paca Paca Passion Special (Japan, PSP1/VER.A)	1999	Produce / Namco
kaiunqz	Kaiun Quiz (Japan, KW1/VER.A)	1999	Namco
aquarush	Aqua Rush (Japan, AQ1/VER.A1)	1999	Namco
golgo13	Golgo 13 (Japan, GLG1/VER.A)	1999	Eighting / Raizing / Namco
sws2000	Super World Stadium 2000 (Japan, SS01/VER.A)	2000	Namco
g13knd	Golgo 13 Kiseki no Dandou (Japan, GLS1/VER.A)	1999	Eighting / Raizing / Namco
sws2001	Super World Stadium 2001 (Japan, SS11/VER.A)	2001	Namco
mrdrilr2	Mr. Driller 2 (Japan, DR21 Ver.A)	2000	Namco
mrdrlr2a	Mr. Driller 2 (Japan, DR22 Ver.A)	2000	Namco
mrdrilrg	Mr. Driller G (Japan, DRG1 Ver.A)	2001	Namco
knpuzzle	Kotoba no Puzzle Mojipittan (Japan, KPM1 Ver.A)	2001	Namco
gjspace	Gekitoride-Jong Space (10011 Ver.A)	2001	Namco / Metro
startrgn	Star Trigon (Japan, STT1 Ver.A)	2002	Namco
gamshara	Gamshara (10021 Ver.A)	2003	Mitchell
cryptklr	Crypt Killer (GQ420 UAA)	1995	Konami
konamigv	Baby Phoenix/GV System	1995	Konami
kdeadeye	Dead Eye (GV054 UA01)	1996	Konami
pbball96	Powerful Baseball '96 (GV017 Japan 1.03)	1996	Konami
hyperath	Hyper Athlete (GV021 Japan 1.00)	1996	Konami
susume	Susume! Taisen Puzzle-Dama (GV027 Japan 1.20)	1996	Konami
btchamp	Beat the Champ (GV053 UAA01)	1996	Konami
weddingr	Wedding Rhapsody (GX624 JAA)	1997	Konami
tokimosh	Tokimeki Memorial Oshiete Your Heart (GE755 JAA)	1997	Konami
tokimosp	Tokimeki Memorial Oshiete Your Heart Seal version PLUS (GE756 JAB)	1997	Konami
nagano98	Nagano Winter Olympics '98 (GX720 EAA)	1998	Konami
simpbowl	Simpsons Bowling (GQ829 UAA)	2000	Konami
sys573	System 573 BIOS	1998	Konami
darkhleg	Dark Horse Legend (GX706 VER. JAA)	1998	Konami
fbaitbc	Fisherman's Bait - A Bass Challenge (GE765 VER. UAB)	1998	Konami
bassangl	Bass Angler (GE765 VER. JAA)	1998	Konami
pbballex	Powerful Pro Baseball EX (GX802 VER. JAB)	1998	Konami
konam80s	Konami 80's AC Special (GC826 VER. EAA)	1998	Konami
konam80u	Konami 80's AC Special (GC826 VER. UAA)	1998	Konami
konam80j	Konami 80's Gallery (GC826 VER. JAA)	1998	Konami
konam80a	Konami 80's AC Special (GC826 VER. AAA)	1998	Konami
konam80k	Konami 80's AC Special (GC826 VER. KAA)	1998	Konami
dstage	Dancing Stage (GN845 VER. EAA)	1999	Konami
ddru	Dance Dance Revolution (GN845 VER. UAA)	1999	Konami
ddrj	Dance Dance Revolution - Internet Ranking Ver (GC845 VER. JBA)	1998	Konami
ddrja	Dance Dance Revolution (GC845 VER. JAA)	1998	Konami
ddrjb	Dance Dance Revolution (GC845 VER. JAB)	1998	Konami
ddra	Dance Dance Revolution (GN845 VER. AAA)	1999	Konami
fbait2bc	Fisherman's Bait 2 - A Bass Challenge (GE865 VER. UAB)	1998	Konami
bassang2	Bass Angler 2 (GE865 VER. JAA)	1998	Konami
drmn	DrumMania (GQ881 VER. JAD)	1999	Konami
gtrfrks	Guitar Freaks (GQ886 VER. EAC)	1999	Konami
gtrfrksu	Guitar Freaks (GQ886 VER. UAC)	1999	Konami
gtrfrksj	Guitar Freaks (GQ886 VER. JAC)	1999	Konami
gtrfrksa	Guitar Freaks (GQ886 VER. AAC)	1999	Konami
fbaitmc	Fisherman's Bait - Marlin Challenge (GX889 VER. EA)	1999	Konami
fbaitmcu	Fisherman's Bait - Marlin Challenge (GX889 VER. UA)	1999	Konami
fbaitmcj	Fisherman's Bait - Marlin Challenge (GX889 VER. JA)	1999	Konami
fbaitmca	Fisherman's Bait - Marlin Challenge (GX889 VER. AA)	1999	Konami
ddr2m	Dance Dance Revolution 2nd Mix (GN895 VER. JAA)	1999	Konami
ddrbocd	Dance Dance Revolution Best of Cool Dancers (GE892 VER. JAA)	1999	Konami
ddr2ml	Dance Dance Revolution 2nd Mix - Link Ver (GE885 VER. JAA)	1999	Konami
ddr2mc	Dance Dance Revolution 2nd Mix with beatmaniaIIDX CLUB VERSiON (GE896 VER. JAA)	1999	Konami
ddr2mc2	Dance Dance Revolution 2nd Mix with beatmaniaIIDX substream CLUB VERSiON 2 (GE984 VER. JAA)	1999	Konami
gtrfrk2m	Guitar Freaks 2nd Mix Ver 1.01 (GQ883 VER. JAD)	1999	Konami
dsftkd	Dancing Stage featuring TRUE KiSS DESTiNATiON (G*884 VER. JAA)	1999	Konami
cr589fw	CD-ROM Drive Updater 2.0 (700B04)	1999	Konami
cr589fwa	CD-ROM Drive Updater (700A04)	1999	Konami
ddr3mk	Dance Dance Revolution 3rd Mix - Ver.Korea2 (GN887 VER. KBA)	2000	Konami
ddr3mka	Dance Dance Revolution 3rd Mix - Ver.Korea (GN887 VER. KAA)	2000	Konami
ddr3ma	Dance Dance Revolution 3rd Mix (GN887 VER. AAA)	1999	Konami
ddr3mj	Dance Dance Revolution 3rd Mix (GN887 VER. JAA)	1999	Konami
ddrsbm	Dance Dance Revolution Solo Bass Mix (GQ894 VER. JAA)	1999	Konami
ddrs2k	Dance Dance Revolution Solo 2000 (GC905 VER. AAA)	1999	Konami
ddrs2kj	Dance Dance Revolution Solo 2000 (GC905 VER. JAA)	1999	Konami
hyperbbc	Hyper Bishi Bashi Champ (GX908 1999/08/24 VER. JAA)	1999	Konami
hyperbbck	Hyper Bishi Bashi Champ (GX908 1999/08/24 VER. KAA)	1999	Konami
dsfdct	Dancing Stage featuring Dreams Come True (GC910 VER. JCA)	1999	Konami
dsfdcta	Dancing Stage featuring Dreams Come True (GC910 VER. JAA)	1999	Konami
drmn2m	DrumMania 2nd Mix (GE912 VER. JAB)	1999	Konami
drmn2mpu	DrumMania 2nd Mix Session Power Up Kit (GE912 VER. JAB)	1999	Konami
dncfrks	Dance Freaks (G*874 VER. KAA)	2000	Konami
dmx	Dance Maniax (G*874 VER. JAA)	2000	Konami
dsem	Dancing Stage Euro Mix (G*936 VER. EAA)	2000	Konami
gtrfrk3m	Guitar Freaks 3rd Mix (GE949 VER. JAC)	2000	Konami
gtfrk3ma	Guitar Freaks 3rd Mix (GE949 VER. JAB)	2000	Konami
gtfrk3mb	Guitar Freaks 3rd Mix - security cassette versionup (949JAZ02)	2000	Konami
salarymc	Salary Man Champ (GCA18 VER. JAA)	2000	Konami
ddr3mp	Dance Dance Revolution 3rd Mix Plus (G*A22 VER. JAA)	2000	Konami
pcnfrk3m	Percussion Freaks 3rd Mix (G*A23 VER. KAA)	2000	Konami
drmn3m	DrumMania 3rd Mix (G*A23 VER. JAA)	2000	Konami
gtrfrk4m	Guitar Freaks 4th Mix (G*A24 VER. JAA)	2000	Konami
ddr4m	Dance Dance Revolution 4th Mix (G*A33 VER. AAA)	2000	Konami
ddr4mj	Dance Dance Revolution 4th Mix (G*A33 VER. JAA)	2000	Konami
ddr4ms	Dance Dance Revolution 4th Mix Solo (G*A33 VER. ABA)	2000	Konami
ddr4msj	Dance Dance Revolution 4th Mix Solo (G*A33 VER. JBA)	2000	Konami
dsfdr	Dancing Stage Featuring Disney's Rave (GCA37JAA)	2000	Konami
ddrusa	Dance Dance Revolution USA (G*A44 VER. UAA)	2000	Konami
ddr4mp	Dance Dance Revolution 4th Mix Plus (G*A34 VER. JAA)	2000	Konami
ddr4mps	Dance Dance Revolution 4th Mix Plus Solo (G*A34 VER. JAA)	2000	Konami
dmx2m	Dance Maniax 2nd Mix (G*A39 VER. JAA)	2000	Konami
fmania	Fighting Mania (918 xx B02)	2000	Konami
gtrfrk5m	Guitar Freaks 5th Mix (G*A26 VER. JAA)	2001	Konami
ddr5m	Dance Dance Revolution 5th Mix (G*A27 VER. JAA)	2001	Konami
dmx2majp	Dance Maniax 2nd Mix Append J-Paradise (G*A38 VER. JAA)	2001	Konami
gtrfrk6m	Guitar Freaks 6th Mix (G*B06 VER. JAA)	2001	Konami
gtrfrk7m	Guitar Freaks 7th Mix (G*B17 VER. JAA)	2001	Konami
ddrmax	DDR Max - Dance Dance Revolution 6th Mix (G*B19 VER. JAA)	2001	Konami
ddrmax2	DDR Max 2 - Dance Dance Revolution 7th Mix (G*B20 VER. JAA)	2002	Konami
dsem2	Dancing Stage Euro Mix 2 (G*C23 VER. EAA)	2002	Konami
ddrextrm	Dance Dance Revolution Extreme (G*C36 VER. JAA)	2002	Konami
gtfrk11m	Guitar Freaks 11th Mix (G*D39 VER. JAA)	2004	Konami
gq863	Twinkle System	1999	Konami
bmiidx	beatmania IIDX (863 JAA)	1999	Konami
bmiidxc	beatmania IIDX with DDR 2nd Club Version (896 JAB)	1999	Konami
bmiidxca	beatmania IIDX with DDR 2nd Club Version (896 JAA)	1999	Konami
bmiidxc2	beatmania IIDX Substream 2 with DDR 2nd Club Version (984 A01 BM)	1999	Konami
bmiidx3	beatmania IIDX 3th style (GC992 JA)	2000	Konami
bmiidx4	beatmania IIDX 4th style (GCA03 JA)	2000	Konami
bmiidx6	beatmania IIDX 6th style (GCB4U JA)	2001	Konami
bmiidx7	beatmania IIDX 7th style (GCB44 JA)	2002	Konami
bmiidx8	beatmania IIDX 8th style (GCC44 JA)	2002	Konami
kviper	Konami Viper BIOS	1999	Konami
ppp2nd	ParaParaParadise 2nd Mix	2001	Konami
boxingm	Boxing Mania (ver JAA)	2001	Konami
code1d	Code One Dispatch (ver D)	2000	Konami
code1db	Code One Dispatch (ver B)	2000	Konami
gticlub2	GTI Club 2 (ver JAB)	2001	Konami
gticlub2ea	GTI Club 2 (ver EAA)	2001	Konami
jpark3	Jurassic Park 3 (ver EBC)	2001	Konami
mocapglf	Mocap Golf (ver UAA)	2001	Konami
mocapb	Mocap Boxing (ver AAA)	2001	Konami
mocapbj	Mocap Boxing (ver JAA)	2001	Konami
p911	Police 911 (ver UAD)	2001	Konami
p911uc	Police 911 (ver UAC)	2001	Konami
p911kc	Police 911 (ver KAC)	2001	Konami
p911e	Police 24/7 (ver EAA)	2001	Konami
p911j	Keisatsukan Shinjuku 24ji (ver JAC)	2001	Konami
p9112	Police 911 2 (ver A)	2001	Konami
popn9	Pop'n Music 9 (ver JAB)	2003	Konami
sscopex	Silent Scope EX (ver UAA)	2001	Konami
sogeki	Sogeki (ver JAA)	2001	Konami
thrild2	Thrill Drive 2 (ver EBB)	2001	Konami
thrild2a	Thrill Drive 2 (ver AAA)	2001	Konami
thrild2c	Thrill Drive 2 (ver EAA)	2001	Konami
tsurugi	Tsurugi (ver EAB)	2001	Konami
tsurugij	Tsurugi (ver JAC)	2001	Konami
wcombat	World Combat (ver UAA?)	2002	Konami
wcombatk	World Combat (ver KBC)	2002	Konami
wcombatj	World Combat (ver JAA)	2002	Konami
xtrial	Xtrial Racing (ver JAB)	2002	Konami
mfightc	Mahjong Fight Club (ver JAD)	2002	Konami
mfightcc	Mahjong Fight Club (ver JAC)	2002	Konami
mgakuen	Mahjong Gakuen	1988	Yuga
7toitsu	Chi-Toitsu	1988	Yuga
mgakuen2	Mahjong Gakuen 2 Gakuen-chou no Fukushuu	1989	Face
pkladies	Poker Ladies	1989	Mitchell
pkladiesl	Poker Ladies (Leprechaun ver. 510)	1989	Leprechaun
pkladiesla	Poker Ladies (Leprechaun ver. 401)	1989	Leprechaun
pkladiesbl	Poker Ladies (Censored bootleg)	1989	bootleg
dokaben	Dokaben (Japan)	1989	Capcom
pang	Pang (World)	1989	Mitchell
pangb	Pang (bootleg, set 1)	1989	bootleg
pangbold	Pang (bootleg, set 2)	1989	bootleg
pangba	Pang (bootleg, set 3)	1989	bootleg
bbros	Buster Bros. (US)	1989	Mitchell (Capcom license)
pompingw	Pomping World (Japan)	1989	Mitchell
cbasebal	Capcom Baseball (Japan)	1989	Capcom
cworld	Capcom World (Japan)	1989	Capcom
hatena	Adventure Quiz 2 Hatena Hatena no Dai-Bouken (Japan 900228)	1990	Capcom
spang	Super Pang (World 900914)	1990	Mitchell
spangj	Super Pang (Japan 901023)	1990	Mitchell
spangbl	Super Pang (World 900914, bootleg)	1990	bootleg
sbbros	Super Buster Bros. (US 901001)	1990	Mitchell (Capcom license)
marukin	Super Marukin-Ban (Japan 901017)	1990	Yuga
qtono1	Quiz Tonosama no Yabou (Japan)	1991	Capcom
qsangoku	Quiz Sangokushi (Japan)	1991	Capcom
block	Block Block (World 910910)	1991	Capcom
blockj	Block Block (Japan 910910)	1991	Capcom
blockjoy	Block Block (World 911106 Joystick)	1991	Capcom
blockbl	Block Block (bootleg)	1991	bootleg
capbowl	Capcom Bowling (set 1)	1988	Incredible Technologies / Capcom
capbowl2	Capcom Bowling (set 2)	1988	Incredible Technologies / Capcom
capbowl3	Capcom Bowling (set 3)	1988	Incredible Technologies / Capcom
capbowl4	Capcom Bowling (set 4)	1988	Incredible Technologies / Capcom
clbowl	Coors Light Bowling	1989	Incredible Technologies / Capcom
bowlrama	Bowl-O-Rama	1991	P&P Marketing
wfortune	Wheel Of Fortune	1989	GameTek
wfortunea	Wheel Of Fortune (alternate)	1989	GameTek
grmatch	Grudge Match (Yankee Game Technology)	1989	Yankee Game Technology
stratab	Strata Bowling (V3)	1990	Strata/Incredible Technologies
stratab1	Strata Bowling (V1)	1990	Strata/Incredible Technologies
sstrike	Super Strike Bowling	1990	Strata/Incredible Technologies
gtg	Golden Tee Golf (Joystick, v3.1)	1990	Strata/Incredible Technologies
gtgt	Golden Tee Golf (Trackball, v1.0)	1989	Strata/Incredible Technologies
hstennis	Hot Shots Tennis (V1.1)	1990	Strata/Incredible Technologies
hstennis10	Hot Shots Tennis (V1.0)	1990	Strata/Incredible Technologies
slikshot	Slick Shot (V2.2)	1990	Grand Products/Incredible Technologies
slikshot17	Slick Shot (V1.7)	1990	Grand Products/Incredible Technologies
slikshot16	Slick Shot (V1.6)	1990	Grand Products/Incredible Technologies
dynobop	Dyno Bop	1990	Grand Products/Incredible Technologies
arlingtn	Arlington Horse Racing (v1.21-D)	1991	Strata/Incredible Technologies
peggle	Peggle (Joystick, v1.0)	1991	Strata/Incredible Technologies
pegglet	Peggle (Trackball, v1.0)	1991	Strata/Incredible Technologies
pokrdice	Poker Dice	1991	Strata/Incredible Technologies
rimrockn	Rim Rockin' Basketball (V2.2)	1991	Strata/Incredible Technologies
rimrockn20	Rim Rockin' Basketball (V2.0)	1991	Strata/Incredible Technologies
rimrockn16	Rim Rockin' Basketball (V1.6)	1991	Strata/Incredible Technologies
rimrockn12	Rim Rockin' Basketball (V1.2)	1991	Strata/Incredible Technologies
ninclown	Ninja Clowns (08/27/91)	1991	Strata/Incredible Technologies
gpgolf	Golden Par Golf (Joystick, V1.1)	1992	Strata/Incredible Technologies
gtg2	Golden Tee Golf II (Trackball, V2.2)	1992	Strata/Incredible Technologies
gtg2t	Golden Tee Golf II (Trackball, V1.1)	1989	Strata/Incredible Technologies
gtg2j	Golden Tee Golf II (Joystick, V1.0)	1991	Strata/Incredible Technologies
neckneck	Neck-n-Neck (v1.2)	1992	Bundra Games/Incredible Technologies
timekill	Time Killers (v1.32)	1992	Strata/Incredible Technologies
timekill131	Time Killers (v1.31)	1992	Strata/Incredible Technologies
hardyard	Hard Yardage (v1.20)	1993	Strata/Incredible Technologies
hardyard10	Hard Yardage (v1.00)	1993	Strata/Incredible Technologies
bloodstm	Blood Storm (v2.22)	1994	Strata/Incredible Technologies
bloodstm22	Blood Storm (v2.20)	1994	Strata/Incredible Technologies
bloodstm21	Blood Storm (v2.10)	1994	Strata/Incredible Technologies
bloodstm11	Blood Storm (v1.10)	1994	Strata/Incredible Technologies
pairs	Pairs (V1.2, 09/30/94)	1994	Strata/Incredible Technologies
pairsa	Pairs (09/07/94)	1994	Strata/Incredible Technologies
hotmemry	Hot Memory (V1.2, Germany)	1994	Tuning/Incredible Technologies
drivedge	Driver's Edge	1994	Strata/Incredible Technologies
wcbowl	World Class Bowling (v1.66)	1995	Incredible Technologies
wcbowl165	World Class Bowling (v1.65)	1995	Incredible Technologies
wcbowl161	World Class Bowling (v1.61)	1995	Incredible Technologies
wcbowl16	World Class Bowling (v1.6)	1995	Incredible Technologies
wcbowl140	World Class Bowling Tournament (v1.40)	1997	Incredible Technologies
wcbowl15	World Class Bowling (v1.5)	1995	Incredible Technologies
wcbowl13	World Class Bowling (v1.3)	1995	Incredible Technologies
wcbowl12	World Class Bowling (v1.2)	1995	Incredible Technologies
sftm	Street Fighter: The Movie (v1.12)	1995	Capcom / Incredible Technologies
sftm110	Street Fighter: The Movie (v1.10)	1995	Capcom / Incredible Technologies
sftm111	Street Fighter: The Movie (v1.11)	1995	Capcom / Incredible Technologies
sftmj	Street Fighter: The Movie (v1.12N, Japan)	1995	Capcom / Incredible Technologies
shufshot	Shuffleshot (v1.40)	1997	Strata/Incredible Technologies
shufshot139	Shuffleshot (v1.39)	1997	Strata/Incredible Technologies
shufshot137	Shuffleshot (v1.37)	1997	Strata/Incredible Technologies
wcbowldx	World Class Bowling Deluxe (v2.00)	1999	Incredible Technologies
gt3d	Golden Tee 3D Golf (v1.93N)	1995	Incredible Technologies
gt3dl192	Golden Tee 3D Golf (v1.92L)	1995	Incredible Technologies
gt3dl191	Golden Tee 3D Golf (v1.91L)	1995	Incredible Technologies
gt3ds192	Golden Tee 3D Golf (v1.92S)	1995	Incredible Technologies
gt3dv18	Golden Tee 3D Golf (v1.8)	1995	Incredible Technologies
gt3dv17	Golden Tee 3D Golf (v1.7)	1995	Incredible Technologies
gt3dv16	Golden Tee 3D Golf (v1.6)	1995	Incredible Technologies
gt3dv15	Golden Tee 3D Golf (v1.5)	1995	Incredible Technologies
gt3dv14	Golden Tee 3D Golf (v1.4)	1995	Incredible Technologies
gt3dt231	Golden Tee 3D Golf Tournament (v2.31)	1995	Incredible Technologies
gt3dt211	Golden Tee 3D Golf Tournament (v2.11)	1995	Incredible Technologies
gt97	Golden Tee '97 (v1.30)	1997	Incredible Technologies
gt97v122	Golden Tee '97 (v1.22)	1997	Incredible Technologies
gt97v121	Golden Tee '97 (v1.21)	1997	Incredible Technologies
gt97s121	Golden Tee '97 (v1.21S)	1997	Incredible Technologies
gt97v120	Golden Tee '97 (v1.20)	1997	Incredible Technologies
gt97t240	Golden Tee '97 Tournament (v2.40)	1997	Incredible Technologies
gt97t243	Golden Tee '97 Tournament (v2.43)	1997	Incredible Technologies
gt98	Golden Tee '98 (v1.10)	1998	Incredible Technologies
gt98v100	Golden Tee '98 (v1.00)	1998	Incredible Technologies
gt98s100	Golden Tee '98 (v1.00S)	1998	Incredible Technologies
gt98t303	Golden Tee '98 Tournament (v3.03)	1998	Incredible Technologies
gt99	Golden Tee '99 (v1.00)	1999	Incredible Technologies
gt99s100	Golden Tee '99 (v1.00S)	1999	Incredible Technologies
gt99t400	Golden Tee '99 Tournament (v4.00)	1999	Incredible Technologies
gtroyal	Golden Tee Royal Edition Tournament (v4.02)	1999	Incredible Technologies
gt2k	Golden Tee 2K (v1.00)	2000	Incredible Technologies
gt2kp100	Golden Tee 2K (v1.00) (alt protection)	2000	Incredible Technologies
gt2ks100	Golden Tee 2K (v1.00S)	2000	Incredible Technologies
gt2kt500	Golden Tee 2K Tournament (v5.00)	2000	Incredible Technologies
gtsuprem	Golden Tee Supreme Edition Tournament (v5.10)	2002	Incredible Technologies
gtclassc	Golden Tee Classic (v1.00)	2001	Incredible Technologies
gtclasscp	Golden Tee Classic (v1.00) (alt protection)	2001	Incredible Technologies
gtclasscs	Golden Tee Classic (v1.00S)	2001	Incredible Technologies
cerberus	Cerberus	1985	Cinematronics
mayhem	Mayhem 2002	1985	Cinematronics
powrplay	Power Play	1985	Cinematronics
wseries	World Series: The Season	1985	Cinematronics
alleymas	Alley Master	1986	Cinematronics
upyoural	Up Your Alley	1987	Cinematronics
dangerz	Danger Zone	1986	Cinematronics
basebal2	Baseball: The Season II	1987	Cinematronics
dblplay	Super Baseball Double Play Home Run Derby	1987	Leland Corp. / Tradewest
strkzone	Strike Zone Baseball	1988	Leland Corp.
redlin2p	Redline Racer (2 players)	1987	Cinematronics (Tradewest license)
quarterb	Quarterback (set 1)	1987	Leland Corp.
quarterba	Quarterback (set 2)	1987	Leland Corp.
viper	Viper	1988	Leland Corp.
teamqb	John Elway's Team Quarterback (set 1)	1988	Leland Corp.
teamqb2	John Elway's Team Quarterback (set 2)	1988	Leland Corp.
aafb	All American Football (rev E)	1989	Leland Corp.
aafbd2p	All American Football (rev D, 2 Players)	1989	Leland Corp.
aafbc	All American Football (rev C)	1989	Leland Corp.
aafbb	All American Football (rev B)	1989	Leland Corp.
offroad	Ironman Ivan Stewart's Super Off-Road	1989	Leland Corp.
offroadt	Ironman Ivan Stewart's Super Off-Road Track-Pak	1989	Leland Corp.
offroadt2p	Ironman Ivan Stewart's Super Off-Road Track-Pak (2 Players)	1989	Leland Corp.
pigout	Pig Out: Dine Like a Swine! (set 1)	1990	Leland Corp.
pigouta	Pig Out: Dine Like a Swine! (set 2)	1990	Leland Corp.
ataxx	Ataxx (set 1)	1990	Leland Corp.
ataxxa	Ataxx (set 2)	1990	Leland Corp.
ataxxj	Ataxx (Japan)	1990	Leland Corp.
wsf	World Soccer Finals	1990	Leland Corp.
indyheat	Danny Sullivan's Indy Heat	1991	Leland Corp.
brutforc	Brute Force	1991	Leland Corp.
asylum	Asylum (prototype)	1991	Leland Corp.
blockade	Blockade	1976	Gremlin
comotion	Comotion	1976	Gremlin
hustle	Hustle	1977	Gremlin
blasto	Blasto	1978	Gremlin
mineswpr	Minesweeper	1977	Amutech
mineswpr4	Minesweeper (4-Player)	1977	Amutech
depthch	Depthcharge	1977	Gremlin
depthcho	Depthcharge (older)	1977	Gremlin
subhunt	Sub Hunter	1977	Gremlin (Taito license)
safari	Safari (set 1)	1977	Gremlin
safaria	Safari (set 2, bootleg?)	1977	Gremlin
frogs	Frogs	1978	Gremlin
sspaceat	Space Attack (upright set 1)	1979	Sega
sspaceat2	Space Attack (upright set 2)	1979	Sega
sspaceat3	Space Attack (upright set 3)	1979	Sega
sspaceatc	Space Attack (cocktail)	1979	Sega
sspacaho	Space Attack / Head On	1979	Sega
headon	Head On (2 players)	1979	Gremlin
headonb	Head On (1 player)	1979	Gremlin
headons	Head On (Sidam bootleg, set 1)	1979	bootleg (Sidam)
headonsa	Head On (Sidam bootleg, set 2)	1979	bootleg (Sidam)
supcrash	Super Crash (bootleg of Head On)	1979	bootleg
headon2	Head On 2	1979	Sega
headon2s	Head On 2 (Sidam bootleg)	1979	bootleg (Sidam)
car2	Car 2 (bootleg of Head On 2)	1979	bootleg (RZ Bologna)
invho2	Invinco / Head On 2	1979	Sega
nsub	N-Sub (upright)	1980	Sega
samurai	Samurai	1980	Sega
invinco	Invinco	1979	Sega
invds	Invinco / Deep Scan	1979	Sega
tranqgun	Tranquillizer Gun	1980	Sega
spacetrk	Space Trek (upright)	1980	Sega
spacetrkc	Space Trek (cocktail)	1980	Sega
carnival	Carnival (upright)	1980	Sega
carnivalc	Carnival (cocktail)	1980	Sega
carnivalh	Carnival (Head On hardware, set 1)	1980	Sega
carnivalha	Carnival (Head On hardware, set 2)	1980	Sega
brdrline	Borderline	1981	Sega
brdrlins	Borderline (Sidam bootleg)	1981	bootleg (Sidam)
brdrlinb	Borderline (Karateco bootleg)	1981	bootleg (Karateco)
digger	Digger	1980	Sega
pulsar	Pulsar	1981	Sega
heiankyo	Heiankyo Alien	1979	Denki Onkyo
alphaho	Alpha Fighter / Head On		Data East Corporation
spacfury	Space Fury (revision C)	1981	Sega
spacfurya	Space Fury (revision A)	1981	Sega
spacfuryb	Space Fury (revision B)	1981	Sega
zektor	Zektor (revision B)	1982	Sega
tacscan	Tac/Scan	1982	Sega
elim2	Eliminator (2 Players, set 1)	1981	Gremlin
elim2a	Eliminator (2 Players, set 2)	1981	Gremlin
elim2c	Eliminator (2 Players, cocktail)	1981	Gremlin
elim4	Eliminator (4 Players)	1981	Gremlin
elim4p	Eliminator (4 Players, prototype)	1981	Gremlin
startrek	Star Trek	1982	Sega
astrob	Astro Blaster (version 3)	1981	Sega
astrob2	Astro Blaster (version 2)	1981	Sega
astrob2a	Astro Blaster (version 2a)	1981	Sega
astrob1	Astro Blaster (version 1)	1981	Sega
astrobg	Astro Blaster (German)	1981	Sega
005	005	1981	Sega
monsterb	Monster Bash	1982	Sega
monsterb2	Monster Bash (2 board version)	1982	Sega
spaceod	Space Odyssey (version 2)	1981	Sega
spaceod2	Space Odyssey (version 1)	1981	Sega
pignewt	Pig Newton (version C)	1983	Sega
pignewta	Pig Newton (version A)	1983	Sega
sindbadm	Sindbad Mystery	1983	Sega
zaxxon	Zaxxon (set 1)	1982	Sega
zaxxonj	Zaxxon (Japan)	1982	Sega
zaxxon2	Zaxxon (set 2)	1982	Sega
zaxxon3	Zaxxon (set 3)	1982	Sega
zaxxonb	Jackson	1982	bootleg
szaxxon	Super Zaxxon (315-5013)	1982	Sega
futspy	Future Spy (315-5061)	1984	Sega
razmataz	Razzmatazz	1983	Sega
ixion	Ixion (prototype)	1983	Sega
congo	Congo Bongo	1983	Sega
tiptop	Tip Top	1983	Sega
astron	Astron Belt	1983	Sega
astronp	Astron Belt (Pioneer LDV1000)	1983	Sega
galaxyr	Galaxy Ranger	1983	Sega
galaxyrp	Galaxy Ranger (Pioneer LDV1000)	1983	Sega
sblazerp	Star Blazer (Pioneer LDV1000)	1983	Sega
cobraseg	Cobra Command (Sega LaserDisc Hardware)	1983	Sega
gpworld	GP World	1984	Sega
timetrv	Time Traveler	1991	Virtual Image Productions (Sega license)
chboxing	Champion Boxing	1984	Sega
chwrestl	Champion Pro Wrestling	1985	Sega
dokidoki	Doki Doki Penguin Land	1985	Sega
starjack	Star Jacker (Sega)	1983	Sega
starjacks	Star Jacker (Stern Electronics)	1983	Sega (Stern Electronics license)
regulus	Regulus (315-5033, Rev A.)	1983	Sega
reguluso	Regulus (315-5033)	1983	Sega
regulusu	Regulus (not encrypted)	1983	Sega
upndown	Up'n Down (315-5030)	1983	Sega
upndownu	Up'n Down (not encrypted)	1983	Sega
mrviking	Mister Viking (315-5041)	1984	Sega
mrvikingj	Mister Viking (315-5041, Japan)	1984	Sega
swat	SWAT (315-5048)	1984	Coreland / Sega
flicky	Flicky (128k Version, System 2, 315-5051)	1984	Sega
flickys2	Flicky (128k Version, System 2, not encrypted)	1984	Sega
flickyo	Flicky (64k Version, System 1, 315-5051, set 1)	1984	Sega
flickys1	Flicky (64k Version, System 1, 315-5051, set 2)	1984	Sega
wmatch	Water Match (315-5064)	1984	Sega
bullfgt	Bullfight (315-5065)	1984	Coreland / Sega
thetogyu	The Togyu (315-5065, Japan)	1984	Coreland / Sega
spatter	Spatter	1984	Sega
ssanchan	Sanrin San Chan (Japan)	1984	Sega
pitfall2	Pitfall II (315-5093)	1985	Sega
pitfall2a	Pitfall II (315-5093, Flicky Conversion)	1985	Sega
pitfall2u	Pitfall II (not encrypted)	1985	Sega
seganinj	Sega Ninja (315-5102)	1985	Sega
seganinju	Sega Ninja (not encrypted)	1985	Sega
ninja	Ninja (315-5102)	1985	Sega
nprinces	Ninja Princess (315-5051, 64k Ver. bootleg?)	1985	bootleg?
nprinceso	Ninja Princess (315-5098, 128k Ver.)	1985	Sega
nprincesu	Ninja Princess (64k Ver. not encrypted)	1985	Sega
nprincesb	Ninja Princess (315-5051?, 128k Ver. bootleg?)	1985	bootleg?
imsorry	I'm Sorry (315-5110, US)	1985	Coreland / Sega
imsorryj	Gonbee no I'm Sorry (315-5110, Japan)	1985	Coreland / Sega
teddybb	TeddyBoy Blues (315-5115, New Ver.)	1985	Sega
teddybbo	TeddyBoy Blues (315-5115, Old Ver.)	1985	Sega
hvymetal	Heavy Metal (315-5135)	1985	Sega
myhero	My Hero (US, not encrypted)	1985	Coreland / Sega
sscandal	Seishun Scandal (315-5132, Japan)	1985	Coreland / Sega
myherok	My Hero (Korea)	1985	Coreland / Sega
shtngmst	Shooting Master (8751 315-5159)	1985	Sega
shtngmste	Shooting Master (EVG, 8751 315-5159a)	1985	Sega / EVG
choplift	Choplifter (8751 315-5151)	1985	Sega
chopliftu	Choplifter (unprotected)	1985	Sega
chopliftbl	Choplifter (bootleg)	1985	bootleg
4dwarrio	4-D Warriors (315-5162)	1985	Coreland / Sega
brain	Brain	1986	Coreland / Sega
raflesia	Rafflesia (315-5162)	1986	Coreland / Sega
wboy	Wonder Boy (set 1, 315-5177)	1986	Sega (Escape license)
wboyo	Wonder Boy (set 1, 315-5135)	1986	Sega (Escape license)
wboy2	Wonder Boy (set 2, 315-5178)	1986	Sega (Escape license)
wboy2u	Wonder Boy (set 2, not encrypted)	1986	Sega (Escape license)
wboy3	Wonder Boy (set 3, 315-5135)	1986	Sega (Escape license)
wboy4	Wonder Boy (315-5162, 4-D Warriors Conversion)	1986	Sega (Escape license)
wboyu	Wonder Boy (prototype?)	1986	Sega (Escape license)
wbdeluxe	Wonder Boy Deluxe	1986	Sega (Escape license)
wboysys2	Wonder Boy (system 2)	1986	Sega (Escape license)
gardia	Gardia (317-0006)	1986	Sega / Coreland
gardiab	Gardia (317-0007?, bootleg)	1986	bootleg
nob	Noboranka (Japan)	1986	Coreland / Data East Corporation
nobb	Noboranka (Japan, bootleg)	1986	bootleg (Game Electronics)
blockgal	Block Gal (MC-8123B, 317-0029)	1987	Sega / Vic Tokai
blockgalb	Block Gal (bootleg)	1987	bootleg
tokisens	Toki no Senshi - Chrono Soldier	1987	Sega
wbml	Wonder Boy in Monster Land (Japan New Ver., MC-8123, 317-0043)	1987	Sega / Westone
wbmljo	Wonder Boy in Monster Land (Japan Old Ver., MC-8123, 317-0043)	1987	Sega / Westone
wbmljb	Wonder Boy in Monster Land (Japan not encrypted)	1987	bootleg
wbmlb	Wonder Boy in Monster Land (English bootleg)	1987	bootleg
wbmlbg	Wonder Boy in Monster Land (Galaxy Electronics English bootleg)	1987	bootleg (Galaxy Electronics)
dakkochn	DakkoChan House (MC-8123, 317-0014)	1987	White Board
ufosensi	Ufo Senshi Yohko Chan (MC-8123, 317-0064)	1988	Sega
ufosensib	Ufo Senshi Yohko Chan (not encrypted)	1988	bootleg
hangonjr	Hang-On Jr.	1985	Sega
transfrm	Transformer	1986	Sega
astrofl	Astro Flash (Japan)	1986	Sega
ridleofp	Riddle of Pythagoras (Japan)	1986	Sega / Nasco
fantzn2	Fantasy Zone 2 (MC-8123, 317-0057)	1988	Sega
opaopa	Opa Opa (MC-8123, 317-0042)	1987	Sega
tetrisse	Tetris (Japan, System E)	1988	Sega
turbo	Turbo	1981	Sega
turboa	Turbo (encrypted set 1)	1981	Sega
turbob	Turbo (encrypted set 2)	1981	Sega
subroc3d	Subroc-3D	1982	Sega
buckrog	Buck Rogers: Planet of Zoom	1982	Sega
buckrogn	Buck Rogers: Planet of Zoom (not encrypted)	1982	Sega
zoom909	Zoom 909	1982	Sega
kopunch	KO Punch	1981	Sega
suprloco	Super Locomotive	1982	Sega
suprlocoa	Super Locomotive (Rev.A)	1982	Sega
dotrikun	Dottori Kun (new version)	1990	Sega
dotrikun2	Dottori Kun (old version)	1990	Sega
spcpostn	Space Position (Japan)	1986	Sega / Nasco
angelkds	Angel Kids (Japan)	1988	Sega / Nasco?
calorie	Calorie Kun vs Moguranian	1986	Sega
calorieb	Calorie Kun vs Moguranian (bootleg)	1986	bootleg
bingoc	Bingo Circus (Rev. A 891001)	1989	Sega
enduror	Enduro Racer (YM2151, FD1089B 317-0013A)	1986	Sega
enduror1	Enduro Racer (YM2203, FD1089B 317-0013A)	1986	Sega
endurob2	Enduro Racer (bootleg set 2)	1986	bootleg
endurobl	Enduro Racer (bootleg set 1)	1986	bootleg
hangon	Hang-On (Rev A)	1985	Sega
hangon1	Hang-On	1985	Sega
sharrier	Space Harrier (Rev A, 8751 315-5163A)	1985	Sega
sharrier1	Space Harrier (8751 315-5163)	1985	Sega
shangonro	Super Hang-On (Japan, FD1094 317-0038)	1992	Sega
shangonrb	Super Hang-On (bootleg)	1992	bootleg
aliensynjo	Alien Syndrome (set 1, Japan, old, System 16A, FD1089A 317-0033)	1987	Sega
aliensyn2	Alien Syndrome (set 2, System 16A, FD1089A 317-0033)	1987	Sega
aliensyn5	Alien Syndrome (set 5, System 16A, FD1089B 317-0037)	1987	Sega
bodyslam	Body Slam (8751 317-0015)	1986	Sega
dumpmtmt	Dump Matsumoto (Japan, 8751 317-0011a)	1986	Sega
mjleague	Major League	1985	Sega
quartet	Quartet (Rev A, 8751 315-5194)	1986	Sega
quarteta	Quartet (8751 315-5194)	1986	Sega
quartet2	Quartet 2 (8751 317-0010)	1986	Sega
quartet2a	Quartet 2 (unprotected)	1986	Sega
aceattaca	Ace Attacker (Japan, System 16A, FD1094 317-0060)	1988	Sega
afighter	Action Fighter (FD1089A 317-0018)	1986	Sega
alexkidd	Alex Kidd: The Lost Stars (set 2, unprotected)	1986	Sega
alexkidd1	Alex Kidd: The Lost Stars (set 1, FD1089A 317-0021)	1986	Sega
fantzone	Fantasy Zone (Rev A, unprotected)	1986	Sega
fantzone1	Fantasy Zone (unprotected)	1986	Sega
fantzonep	Fantasy Zone (317-5000)	1986	Sega
sdi	SDI - Strategic Defense Initiative (Japan, old, System 16A, FD1089B 317-0027)	1987	Sega
shinobi	Shinobi (set 6, System 16A, unprotected)	1987	Sega
shinobi1	Shinobi (set 1, System 16A, FD1094 317-0050)	1987	Sega
shinobls	Shinobi (Star bootleg, System 16A)	1987	bootleg (Star)
sjryuko1	Sukeban Jansi Ryuko (set 1, System 16A, FD1089B 317-5021)	1987	White Board
tetris	Tetris (set 4, Japan, System 16A, FD1094 317-0093)	1988	Sega
tetris3	Tetris (set 3, Japan, System 16A, FD1094 317-0093a)	1988	Sega
timescan1	Time Scanner (set 1, System 16A, FD1089B 317-0024)	1987	Sega
wb31	Wonder Boy III - Monster Lair (set 1, System 16A, FD1094 317-0084)	1988	Sega / Westone
wb35	Wonder Boy III - Monster Lair (set 5, System 16A, FD1089A 317-xxxx, bad dump?)	1988	Sega / Westone
wb35a	Wonder Boy III - Monster Lair (set 6, System 16A, FD1089A 317-xxxx)	1988	Sega / Westone
passsht16a	Passing Shot (Japan, 4 Players, System 16A, FD1094 317-0071)	1988	Sega
aceattac	Ace Attacker (FD1094 317-0059)	1988	Sega
aliensyn	Alien Syndrome (set 4, System 16B, unprotected)	1987	Sega
aliensyn3	Alien Syndrome (set 3, System 16B, FD1089A 317-0033)	1987	Sega
aliensynj	Alien Syndrome (set 6, Japan, new, System 16B, FD1089A 317-0033)	1987	Sega
altbeast	Altered Beast (set 8, 8751 317-0078)	1988	Sega
altbeastj	Juuouki (set 7, Japan, 8751 317-0077)	1988	Sega
altbeast5	Altered Beast (set 6, 8751 317-0076)	1988	Sega
altbeast4	Altered Beast (set 4, MC-8123B 317-0066)	1988	Sega
altbeast2	Altered Beast (set 2, MC-8123B 317-0066)	1988	Sega
altbeastj1	Juuouki (set 1, Japan, FD1094 317-0065)	1988	Sega
altbeastj2	Juuouki (set 5, Japan, FD1094 317-0069)	1988	Sega
altbeastj3	Juuouki (set 3, Japan, FD1094 317-0068)	1988	Sega
aurail	Aurail (set 3, US, unprotected)	1990	Sega / Westone
aurail1	Aurail (set 2, World, FD1089B 317-0168)	1990	Sega / Westone
aurailj	Aurail (set 1, Japan, FD1089A 317-0167)	1990	Sega / Westone
bayroute	Bay Route (set 3, World, FD1094 317-0116)	1989	Sunsoft / Sega
bayroutej	Bay Route (set 2, Japan, FD1094 317-0115)	1989	Sunsoft / Sega
bayroute1	Bay Route (set 1, US, unprotected)	1989	Sunsoft / Sega
bullet	Bullet (FD1094 317-0041)	1987	Sega
cotton	Cotton (set 3, World, FD1094 317-0181a)	1991	Sega / Success
cottonu	Cotton (set 2, US, FD1094 317-0180)	1991	Sega / Success
cottonj	Cotton (set 1, Japan, FD1094 317-0179a)	1991	Sega / Success
ddux	Dynamite Dux (set 2, FD1094 317-0096)	1988	Sega
ddux1	Dynamite Dux (set 1, 8751 317-0095)	1988	Sega
dunkshot	Dunk Shot (FD1089A 317-0022)	1986	Sega
eswat	E-Swat - Cyber Police (set 3, World, FD1094 317-0130)	1989	Sega
eswatu	E-Swat - Cyber Police (set 2, US, FD1094 317-0129)	1989	Sega
eswatj	E-Swat - Cyber Police (set 1, Japan, FD1094 317-0128)	1989	Sega
exctleag	Excite League (FD1094 317-0079)	1988	Sega
fpoint	Flash Point (set 2, Japan, FD1094 317-0127A)	1989	Sega
fpoint1	Flash Point (set 1, Japan, FD1094 317-0127A)	1989	Sega
goldnaxe	Golden Axe (set 6, US, 8751 317-123A)	1989	Sega
goldnaxeu	Golden Axe (set 5, US, FD1094 317-0122)	1989	Sega
goldnaxej	Golden Axe (set 4, Japan, FD1094 317-0121)	1989	Sega
goldnaxe3	Golden Axe (set 3, World, FD1094 317-0120)	1989	Sega
goldnaxe2	Golden Axe (set 2, US, 8751 317-0112)	1989	Sega
goldnaxe1	Golden Axe (set 1, World, FD1094 317-0110)	1989	Sega
hwchamp	Heavyweight Champ	1987	Sega
hwchampj	Heavyweight Champ (Japan, FD1094 317-0046)	1987	Sega
mvp	MVP (set 2, US, FD1094 317-0143)	1989	Sega
mvpj	MVP (set 1, Japan, FD1094 317-0142)	1989	Sega
passsht	Passing Shot (World, 2 Players, FD1094 317-0080)	1988	Sega
passshta	Passing Shot (World, 4 Players, FD1094 317-0074)	1988	Sega
passshtj	Passing Shot (Japan, 4 Players, FD1094 317-0070)	1988	Sega
riotcity	Riot City (Japan)	1991	Sega / Westone
ryukyu	RyuKyu (Japan, FD1094 317-5023)	1990	Success / Sega
sdib	SDI - Strategic Defense Initiative (System 16B, FD1089A 317-0028)	1987	Sega
sdibl	SDI - Strategic Defense Initiative (bootleg)	1987	bootleg
defense	Defense (System 16B, FD1089A 317-0028)	1987	Sega
shinobi5	Shinobi (set 5, System 16B, unprotected)	1987	Sega
shinobi4	Shinobi (set 4, System 16B, MC-8123B 317-0054)	1987	Sega
shinobi3	Shinobi (set 3, System 16B, MC-8123B 317-0054)	1987	Sega
shinobi2	Shinobi (set 2, System 16B, FD1094 317-0049)	1987	Sega
sonicbom	Sonic Boom (FD1094 317-0053)	1987	Sega
sjryuko	Sukeban Jansi Ryuko (set 2, System 16B, FD1089B 317-5021)	1988	White Board
suprleag	Super League (FD1094 317-0045)	1987	Sega
tetris2	Tetris (set 2, Japan, System 16B, FD1094 317-0092)	1988	Sega
tetris1	Tetris (set 1, Japan, System 16B, FD1094 317-0091)	1988	Sega
timescan	Time Scanner (set 2, System 16B)	1987	Sega
toryumon	Toryumon	1994	Sega
tturf	Tough Turf (set 2, Japan, 8751 317-0104)	1989	Sega / Sunsoft
tturfu	Tough Turf (set 1, US, 8751 317-0099)	1989	Sega / Sunsoft
wb3	Wonder Boy III - Monster Lair (set 5, World, System 16B, 8751 317-0098)	1988	Sega / Westone
wb34	Wonder Boy III - Monster Lair (set 4, Japan, System 16B, FD1094 317-0087)	1988	Sega / Westone
wb33	Wonder Boy III - Monster Lair (set 3, World, System 16B, FD1094 317-0089)	1988	Sega / Westone
wb32	Wonder Boy III - Monster Lair (set 2, Japan, System 16B, FD1094 317-0085)	1988	Sega / Westone
wrestwar	Wrestle War (set 3, World, 8751 317-0103)	1989	Sega
wrestwar2	Wrestle War (set 2, World, FD1094 317-0102)	1989	Sega
wrestwar1	Wrestle War (set 1, Japan, FD1094 317-0090)	1989	Sega
atomicp	Atomic Point (Korea)	1990	Philko
snapper	Snapper (Korea)	1990	Philko
bayrouteb1	Bay Route (encrypted, protected bootleg)	1989	bootleg (Datsu)
bayrouteb2	Bay Route (Datsu bootleg)	1989	bootleg (Datsu)
dduxbl	Dynamite Dux (bootleg)	1989	bootleg (Datsu)
eswatbl	E-Swat - Cyber Police (bootleg)	1989	bootleg
fpointbl	Flash Point (World, bootleg)	1989	bootleg (Datsu)
fpointbj	Flash Point (Japan, bootleg)	1989	bootleg (Datsu)
goldnaxeb1	Golden Axe (encrypted bootleg)	1989	bootleg
goldnaxeb2	Golden Axe (bootleg)	1989	bootleg
passht4b	Passing Shot (4 Players) (bootleg)	1988	bootleg
passshtb	Passing Shot (2 Players) (bootleg)	1988	bootleg
shinoblb	Shinobi (Beta bootleg)	1987	bootleg (Beta)
shinobld	Shinobi (Datsu bootleg)	1987	bootleg (Datsu)
tetrisbl	Tetris (bootleg)	1988	bootleg
beautyb	Beauty Block	1991	AMT
iqpipe	IQ Pipe	1991	AMT
tturfbl	Tough Turf (bootleg)	1989	bootleg (Datsu)
wb3bbl	Wonder Boy III - Monster Lair (bootleg)	1988	bootleg
shdancer	Shadow Dancer (World)	1989	Sega
shdancerj	Shadow Dancer (Japan)	1989	Sega
shdancer1	Shadow Dancer (US)	1989	Sega
bloxeed	Bloxeed (Japan, FD1094 317-0139)	1989	Sega
astormu	Alien Storm (US, 3 Players, FD1094 317-0147)	1990	Sega
astormj	Alien Storm (Japan, 2 Players, FD1094 317-0146)	1990	Sega
astorm	Alien Storm (World, 2 Players, FD1094 317-0154)	1990	Sega
astorm3	Alien Storm (World, 3 Players, FD1094 317-0148)	1990	Sega
mwalku	Michael Jackson's Moonwalker (US, FD1094/8751 317-0158)	1990	Sega
mwalkj	Michael Jackson's Moonwalker (Japan, FD1094/8751 317-0157)	1990	Sega
mwalk	Michael Jackson's Moonwalker (World, FD1094/8751 317-0159)	1990	Sega
lghost	Laser Ghost (World, 317-0166)	1990	Sega
lghostu	Laser Ghost (US, 317-0165)	1990	Sega
cltchitr	Clutch Hitter (US, FD1094 317-0176)	1991	Sega
cltchitrj	Clutch Hitter (Japan, FD1094 317-0175)	1991	Sega
ddcrewj	D. D. Crew (Japan, 2 Player, FD1094 317-0182)	1991	Sega
ddcrewu	D. D. Crew (US, 4 Player, FD1094 317-0186)	1991	Sega
ddcrew	D. D. Crew (World, 3 Player, FD1094 317-0190)	1991	Sega
ddcrew2	D. D. Crew (World, 2 Player, FD1094 317-0184)	1991	Sega
ddcrew1	D. D. Crew (World, 4 Player, FD1094 317-0187)	1991	Sega
wwallyj	Wally wo Sagase! (rev B, Japan, FD1094 317-0197B)	1992	Sega
wwallyja	Wally wo Sagase! (rev A, Japan, FD1094 317-0197A)	1992	Sega
desertbr	Desert Breaker (World, FD1094 317-0196)	1992	Sega
desertbrj	Desert Breaker (Japan, FD1094 317-0194)	1992	Sega
pontoon	Pontoon	1989	Sega
astormbl	Alien Storm (bootleg, set 1)	1990	bootleg
astormb2	Alien Storm (bootleg, set 2)	1990	bootleg
shdancbl	Shadow Dancer (bootleg)	1989	bootleg
mwalkbl	Michael Jackson's Moonwalker (bootleg)	1990	bootleg
outrun	Out Run (sitdown/upright, Rev B)	1986	Sega
outrunra	Out Run (sitdown/upright, Rev A)	1986	Sega
outruno	Out Run (sitdown/upright)	1986	Sega
outrundx	Out Run (deluxe sitdown)	1986	Sega
outrunb	Out Run (bootleg)	1986	bootleg
shangon	Super Hang-On (sitdown/upright, unprotected)	1987	Sega
shangon3	Super Hang-On (sitdown/upright, FD1089B 317-0034)	1987	Sega
shangon2	Super Hang-On (mini ride-on, Rev A, FD1089B 317-0034)	1987	Sega
shangon1	Super Hang-On (mini ride-on?, FD1089B 317-0034)	1987	Sega
shangonle	Limited Edition Hang-On	1991	Sega
toutrun	Turbo Out Run (Out Run upgrade, FD1094 317-0118)	1989	Sega
toutrun3	Turbo Out Run (upright, FD1094 317-unknown)	1989	Sega
toutrun2	Turbo Out Run (cockpit, FD1094 317-unknown)	1989	Sega
toutrun1	Turbo Out Run (deluxe cockpit, FD1094 317-0109)	1989	Sega
aburner	After Burner (Japan)	1987	Sega
aburner2	After Burner II	1987	Sega
thndrbld1	Thunder Blade (deluxe/standing, unprotected)	1987	Sega
thndrbld	Thunder Blade (upright, FD1094 317-0056)	1987	Sega
smgpj	Super Monaco GP (set 2, Japan, Rev B, FD1094 317-0124a)	1989	Sega
smgpja	Super Monaco GP (set 1, Japan, Rev A, FD1094 317-0124a)	1989	Sega
smgp	Super Monaco GP (set 9, World, Rev B, 'Twin', FD1094 317-0126a)	1989	Sega
smgp6	Super Monaco GP (set 8, World, Rev A, FD1094 317-0126a)	1989	Sega
smgp5	Super Monaco GP (set 7, World, 'Air Drive Cabinet', FD1094 317-0126)	1989	Sega
smgpu	Super Monaco GP (set 6, US, Rev C, FD1094 317-0125a)	1989	Sega
smgpu3	Super Monaco GP (set 3, US, FD1094 317-0125a)	1989	Sega
smgpu2	Super Monaco GP (set 4, US, Rev A, FD1094 317-0125a)	1989	Sega
smgpu1	Super Monaco GP (set 5, US, Rev B, FD1094 317-0125a)	1989	Sega
loffirej	Line of Fire / Bakudan Yarou (Japan, FD1094 317-0134)	1989	Sega
loffire	Line of Fire / Bakudan Yarou (World, FD1094 317-0136)	1989	Sega
loffireu	Line of Fire / Bakudan Yarou (US, FD1094 317-0135)	1989	Sega
rachero	Racing Hero (FD1094 317-0144)	1989	Sega
abcop	A.B. Cop (FD1094 317-0169b)	1990	Sega
gprider	GP Rider (set 2, World, FD1094 317-0163)	1990	Sega
gprider1	GP Rider (set 1, US, FD1094 317-0162)	1990	Sega
gforce2j	Galaxy Force 2 (Japan)	1988	Sega
gforce2ja	Galaxy Force 2 (Japan, Rev A)	1988	Sega
gforce2	Galaxy Force 2	1988	Sega
pdriftj	Power Drift (Japan)	1988	Sega
pdrift	Power Drift (World, Rev A)	1988	Sega
pdrifta	Power Drift (World)	1988	Sega
pdrifte	Power Drift (World, Earlier)	1988	Sega
gloc	G-LOC Air Battle (US)	1990	Sega
glocr360	G-LOC R360	1990	Sega
strkfgtr	Strike Fighter (Japan)	1991	Sega
rchase	Rail Chase (World)	1991	Sega
rchasej	Rail Chase (Japan)	1991	Sega
hotrodj	Hot Rod (Japan, 4 Players, Floppy Based)	1988	Sega
hotrod	Hot Rod (World, 3 Players, Turbo set 1, Floppy Based)	1988	Sega
hotroda	Hot Rod (World, 3 Players, Turbo set 2, Floppy Based)	1988	Sega
sspiritj	Scramble Spirits (Japan, Floppy DS3-5000-02-REV-A Based)	1988	Sega
sspirits	Scramble Spirits (World, Floppy Based)	1988	Sega
sspirtfc	Scramble Spirits (World, Floppy Based, FD1094 317-0058-02c)	1988	Sega
ggroundj	Gain Ground (Japan, 2 Players, Floppy Based, FD1094 317-0058-03b)	1988	Sega
gground	Gain Ground (World, 3 Players, Floppy Based, FD1094 317-0058-03d Rev A)	1988	Sega
crkdownj	Crack Down (Japan, Floppy Based, FD1094 317-0058-04b Rev A)	1989	Sega
crkdown	Crack Down (World, Floppy Based, FD1094 317-0058-04c)	1989	Sega
crkdownu	Crack Down (US, Floppy Based, FD1094 317-0058-04d)	1989	Sega
sgmastj	Jumbo Ozaki Super Masters Golf (Japan, Floppy Based, FD1094 317-0058-05b)	1989	Sega
sgmast	Super Masters Golf (World?, Floppy Based, FD1094 317-0058-05d?)	1989	Sega
sgmastc	Jumbo Ozaki Super Masters Golf (World, Floppy Based, FD1094 317-0058-05c)	1989	Sega
roughrac	Rough Racer (Japan, Floppy Based, FD1094 317-0058-06b)	1990	Sega
bnzabrosj	Bonanza Bros (Japan, Floppy DS3-5000-07b Based)	1990	Sega
bnzabros	Bonanza Bros (US, Floppy DS3-5000-07d? Based)	1990	Sega
qsww	Quiz Syukudai wo Wasuremashita (Japan, Floppy Based, FD1094 317-0058-08b)	1991	Sega
dcclubfd	Dynamic Country Club (US, Floppy Based, FD1094 317-0058-09d)	1991	Sega
dcclubj	Dynamic Country Club (Japan, ROM Based)	1991	Sega
dcclub	Dynamic Country Club (World, ROM Based)	1991	Sega
qrouka	Quiz Rouka Ni Tattenasai (Japan, ROM Based)	1991	Sega
mahmajn	Tokoro San no MahMahjan (Japan, ROM Based)	1992	Sega
quizmeku	Quiz Mekurumeku Story (Japan, ROM Based)	1992	Sega
mahmajn2	Tokoro San no MahMahjan 2 (Japan, ROM Based)	1994	Sega
qgh	Quiz Ghost Hunter (Japan, ROM Based)	1994	Sega
radm	Rad Mobile (World)	1990	Sega
radmu	Rad Mobile (US)	1990	Sega
radr	Rad Rally (World)	1991	Sega
radru	Rad Rally (US)	1991	Sega
spidman	Spider-Man: The Videogame (World)	1991	Sega
spidmanu	Spider-Man: The Videogame (US)	1991	Sega
f1en	F1 Exhaust Note	1991	Sega
arabfgt	Arabian Fight (World)	1991	Sega
arabfgtu	Arabian Fight (US)	1991	Sega
arabfgtj	Arabian Fight (Japan)	1991	Sega
arescue	Air Rescue	1992	Sega
ga2	Golden Axe: The Revenge of Death Adder (World)	1992	Sega
ga2u	Golden Axe: The Revenge of Death Adder (US)	1992	Sega
ga2j	Golden Axe: The Revenge of Death Adder (Japan)	1992	Sega
holo	Holosseum (US)	1992	Sega
darkedge	Dark Edge (World)	1992	Sega
darkedgej	Dark Edge (Japan)	1992	Sega
brival	Burning Rival (World)	1992	Sega
brivalj	Burning Rival (Japan)	1992	Sega
f1lap	F1 Super Lap	1993	Sega
alien3	Alien3: The Gun (World)	1993	Sega
alien3u	Alien3: The Gun (US)	1993	Sega
sonic	SegaSonic The Hedgehog (Japan, rev. C)	1992	Sega
sonicp	SegaSonic The Hedgehog (Japan, prototype)	1992	Sega
kokoroj2	Kokoroji 2	1994	Sega
jpark	Jurassic Park	1993	Sega
dbzvrvs	Dragon Ball Z V.R.V.S.	1994	Sega / Banpresto
jleague	The J.League 1994 (Japan)	1994	Sega
svf	Super Visual Football: European Sega Cup	1994	Sega
svs	Super Visual Soccer: Sega Cup (US)	1994	Sega
slipstrm	Slip Stream (950515 Brazil)	1995	Capcom
slipstrmh	Slip Stream (950515 Hispanic)	1995	Capcom
orunners	OutRunners (World)	1992	Sega
orunnersu	OutRunners (US)	1992	Sega
harddunkj	Hard Dunk (Japan)	1994	Sega
harddunk	Hard Dunk (World)	1994	Sega
titlef	Title Fight (World)	1992	Sega
titlefu	Title Fight (US)	1992	Sega
scross	Stadium Cross (World)	1992	Sega
scrossu	Stadium Cross (US)	1992	Sega
vr	Virtua Racing	1992	Sega
vf	Virtua Fighter	1993	Sega
vformula	Virtua Formula	1993	Sega
swa	Star Wars Arcade	1993	Sega
wingwar	Wing War (World)	1994	Sega
wingwarj	Wing War (Japan)	1994	Sega
wingwaru	Wing War (US)	1994	Sega
coolridr	Cool Riders (US)	1995	Sega
stvbios	ST-V Bios	1996	Sega
gaxeduel	Golden Axe - The Duel (JUETL 950117 V1.000)	1994	Sega
suikoenb	Suikoenbu / Outlaws of the Lost Dynasty (JUETL 950314 V2.001)	1995	Data East
bakubaku	Baku Baku Animal (J 950407 V1.000)	1995	Sega
vfremix	Virtua Fighter Remix (JUETBKAL 950428 V1.000)	1995	Sega
ejihon	Ejihon Tantei Jimusyo (J 950613 V1.000)	1995	Sega
finlarch	Final Arch (J 950714 V1.001)	1995	Sega
sfish2j	Sport Fishing 2 (J 951201 V1.100)	1995	Sega
shanhigw	Shanghai - The Great Wall / Shanghai Triple Threat (JUE 950623 V1.005)	1995	Sunsoft / Activision
sandor	Puzzle & Action: Sando-R (J 951114 V1.000)	1995	Sega
kiwames	Pro Mahjong Kiwame S (J 951020 V1.208)	1995	Athena
sfish2	Sport Fishing 2 (UET 951106 V1.10e)	1995	Sega
critcrsh	Critter Crusher (EA 951204 V1.000)	1995	Sega
batmanfr	Batman Forever (JUE 960507 V1.000)	1996	Acclaim
fhboxers	Funky Head Boxers (JUETBKAL 951218 V1.000)	1995	Sega
vfkids	Virtua Fighter Kids (JUET 960319 V0.000)	1996	Sega
pblbeach	Pebble Beach - The Great Shot (JUE 950913 V0.990)	1995	T&E Soft
introdon	Karaoke Quiz Intro Don Don! (J 960213 V1.000)	1996	Sunsoft / Success
smleague	Super Major League (U 960108 V1.000)	1995	Sega
decathlt	Decathlete (JUET 960709 V1.001)	1996	Sega
decathlto	Decathlete (JUET 960424 V1.000)	1996	Sega
dnmtdeka	Dynamite Deka (J 960515 V1.000)	1996	Sega
mausuke	Mausuke no Ojama the World (J 960314 V1.000)	1996	Data East
diehard	Die Hard Arcade (UET 960515 V1.000)	1996	Sega
sokyugrt	Soukyugurentai / Terra Diver (JUET 960821 V1.000)	1996	Raizing / Eighting
prikura	Princess Clara Daisakusen (J 960910 V1.000)	1996	Atlus
magzun	Magical Zunou Power (J 961031 V1.000)	1996	Sega
puyosun	Puyo Puyo Sun (J 961115 V0.001)	1996	Compile
colmns97	Columns '97 (JET 961209 V1.000)	1996	Sega
shienryu	Shienryu (JUET 961226 V1.000)	1997	Warashi
vmahjong	Virtual Mahjong (J 961214 V1.000)	1997	Micronet
groovef	Power Instinct 3 - Groove On Fight (J 970416 V1.001)	1998	Atlus
nclubv3	Name Club Ver.3 (J 970723 V1.000)	1997	Sega
pclub2	Print Club 2 (U 970921 V1.000)	1997	Atlus
thunt	Puzzle & Action: Treasure Hunt (JUET 970901 V2.00E)	1997	Sega
thuntk	Puzzle & Action: BoMulEul Chajara (JUET 970125 V2.00K)	1997	Sega / Deniam
winterht	Winter Heat (JUET 971012 V1.000)	1997	Sega
cotton2	Cotton 2 (JUET 970902 V1.000)	1997	Success
hanagumi	Hanagumi Taisen Columns - Sakura Wars (J 971007 V1.010)	1997	Sega
findlove	Find Love (J 971212 V1.000)	1997	Daiki / FCF
maruchan	Maru-Chan de Goo! (J 971216 V1.000)	1997	Sega / Toyosuisan
techbowl	Technical Bowling (J 971212 V1.000)	1997	Sega
znpwfv	Zen Nippon Pro-Wrestling Featuring Virtua (J 971123 V1.000)	1997	Sega
seabass	Sea Bass Fishing (JUET 971110 V0.001)	1997	A wave inc. (Able license)
sasissu	Taisen Tanto-R Sashissu!! (J 980216 V1.000)	1998	Sega
twcup98	Tecmo World Cup '98 (JUET 980410 V1.000)	1998	Tecmo
grdforce	Guardian Force (JUET 980318 V0.105)	1998	Success
rsgun	Radiant Silvergun (JUET 980523 V1.000)	1998	Treasure
astrass	Astra SuperStars (J 980514 V1.002)	1998	Sunsoft
myfairld	Virtual Mahjong 2 - My Fair Lady (J 980608 V1.000)	1998	Micronet
othellos	Othello Shiyouyo (J 980423 V1.002)	1998	Success
cottonbm	Cotton Boomerang (JUET 980709 V1.000)	1998	Success
stress	Stress Busters (J 981020 V1.000)	1998	Sega
elandore	Touryuu Densetsu Elan-Doree / Elan Doree - Legend of Dragoon (JUET 980922 V1.006)	1998	Sai-Mate
sss	Steep Slope Sliders (JUET 981110 V1.000)	1998	Capcom / Cave / Victor
micrombc	Microman Battle Charge (J 990326 V1.000)	1999	Sega
pclub2v3	Print Club 2 Vol. 3 (U 990310 V1.000)	1999	Atlus
sanjeon	DaeJeon! SanJeon SuJeon (AJTUE 990412 V1.000)	1999	Sega / Deniam
danchih	Danchi de Hanafuda (J 990607 V1.400)	1999	Altron (Tecmo license)
ffreveng	Final Fight Revenge (JUET 990714 V1.000)	1999	Capcom
pclubpok	Print Club Pokemon B (U 991126 V1.000)	1999	Atlus
danchiq	Danchi de Quiz Okusan Yontaku Desuyo! (J 001128 V1.200)	2000	Altron
daytona	Daytona USA (Japan, Revision A)	1993	Sega
daytona93	Daytona USA Deluxe '93	1993	Sega
daytonas	Daytona USA (With Saturn Adverts)	1993	Sega
daytonat	Daytona USA (Japan, Turbo hack)	1993	Sega
daytonam	Daytona USA (Japan, To The MAXX)	1993	Sega
desert	Desert Tank	1994	Sega / Martin Marietta
vcop	Virtua Cop (Revision B)	1994	Sega
vf2o	Virtua Fighter 2	1995	Sega
vf2a	Virtua Fighter 2 (Revision A)	1995	Sega
vf2b	Virtua Fighter 2 (Revision B)	1995	Sega
srallyc	Sega Rally Championship	1995	Sega
vcop2	Virtua Cop 2	1995	Sega
vf2	Virtua Fighter 2 (Version 2.1)	1995	Sega
manxtt	Manx TT Superbike (Revision C)	1995	Sega
doaa	Dead or Alive (Model 2A, Revision A)	1996	Sega
motoraid	Motor Raid	1997	Sega
zeroguna	Zero Gunner (Model 2A)	1997	Psikyo
dyndeka2	Dynamite Deka 2 (Japan, Model 2A)	1998	Sega
dynamcop	Dynamite Cop (Export, Model 2A)	1998	Sega
pltkidsa	Pilot Kids (Model 2A)	1998	Psikyo
vstriker	Virtua Striker (Revision A)	1994	Sega
vstrikero	Virtua Striker	1994	Sega
rchase2	Rail Chase 2 (Revision A)	1995	Sega
indy500	INDY 500 Twin (Revision A, Newer)	1995	Sega
indy500d	INDY 500 Deluxe (Revision A)	1995	Sega
indy500to	INDY 500 Twin (Revision A)	1995	Sega
skytargt	Sky Target	1995	Sega
fvipers	Fighting Vipers (Revision D)	1995	Sega
von	Virtual On Cyber Troopers (US, Revision B)	1996	Sega
vonj	Virtual On Cyber Troopers (Japan, Revision B)	1996	Sega
gunblade	Gunblade NY (Revision A)	1995	Sega
schamp	Sonic Championship	1996	Sega
sfight	Sonic The Fighters	1996	Sega
lastbrnx	Last Bronx (Export, Revision A)	1996	Sega
lastbrnxj	Last Bronx (Japan, Revision A)	1996	Sega
sgt24h	Super GT 24h	1996	Jaleco
dynabb	Dynamite Baseball '97 (Revision A)	1997	Sega
doa	Dead or Alive (Model 2B, Revision B)	1996	Sega
zerogun	Zero Gunner (Model 2B)	1997	Psikyo
zerogunj	Zero Gunner (Japan Model 2B)	1997	Psikyo
dyndeka2b	Dynamite Deka 2 (Japan, Model 2B)	1998	Sega
dynamcopb	Dynamite Cop (Export, Model 2B)	1998	Sega
pltkids	Pilot Kids (Model 2B, Revision A)	1998	Psikyo
skisuprg	Sega Ski Super G	1996	Sega
stcc	Sega Touring Car Championship	1996	Sega
stcca	Sega Touring Car Championship (Revision A)	1996	Sega
stccb	Sega Touring Car Championship (Unknown Revision)	1996	Sega
waverunr	Wave Runner (Japan, Revision A)	1996	Sega
hotd	House of the Dead	1997	Sega
topskatr	Top Skater (Export, Revision A)	1997	Sega
topskatru	Top Skater (USA, Revision A)	1997	Sega
overrev	Over Rev (Revision A)	1997	Jaleco
segawski	Sega Water Ski (Japan, Revision A)	1997	Sega
dynamcopc	Dynamite Cop (USA, Model 2C)	1998	Sega
bel	Behind Enemy Lines	1998	Sega / EPL Productions
vf3	Virtua Fighter 3 (Revision C)	1996	Sega
vf3a	Virtua Fighter 3 (Revision A)	1996	Sega
vf3tb	Virtua Fighter 3 Team Battle	1996	Sega
bass	Sega Bass Fishing	1997	Sega
getbass	Get Bass	1997	Sega
scud	Scud Race (Australia)	1996	Sega
scudj	Scud Race (Japan)	1996	Sega
scuda	Scud Race (Export)	1996	Sega
vs215	Virtua Striker 2 (Step 1.5)	1997	Sega
lostwsga	The Lost World	1997	Sega
scudp	Scud Race Plus (Revision A)	1997	Sega
lemans24	LeMans 24	1997	Sega
vs29815	Virtua Striker 2 '98 (Step 1.5)	1998	Sega
vs2	Virtua Striker 2 (Step 2.0)	1997	Sega
harley	Harley-Davidson and L.A. Riders (Revision A)	1997	Sega
skichamp	Ski Champ	1998	Sega
srally2	Sega Rally 2	1998	Sega
srally2x	Sega Rally 2 DX	1998	Sega
von2	Virtual On 2: Oratorio Tangram (Revision B)	1998	Sega
fvipers2	Fighting Vipers 2 (Revision A)	1998	Sega
vs298	Virtua Striker 2 '98 (Step 2.0)	1998	Sega
vs299	Virtua Striker 2 '99	1999	Sega
vs299b	Virtua Striker 2 '99 (Revision B)	1999	Sega
vs299a	Virtua Striker 2 '99 (Revision A)	1999	Sega
vs2v991	Virtua Striker 2 '99.1 (Revision B)	1999	Sega
von254g	Virtual On 2: Oratorio Tangram (ver 5.4g)	1998	Sega
daytona2	Daytona USA 2 (Revision A)	1998	Sega
oceanhun	The Ocean Hunter	1998	Sega
spikeout	Spikeout (Revision C)	1998	Sega
dirtdvls	Dirt Devils (Revision A)	1998	Sega
dirtdvlsa	Dirt Devils (alt) (Revision A)	1998	Sega
swtrilgy	Star Wars Trilogy (Revision A)	1998	Sega / LucasArts
swtrilgya	Star Wars Trilogy	1998	Sega / LucasArts
lamachin	L.A. Machineguns	1998	Sega
dayto2pe	Daytona USA 2 Power Edition	1998	Sega
spikeofe	Spikeout Final Edition	1998	Sega
magtruck	Magical Truck Adventure	1998	Sega
eca	Emergency Call Ambulance	1999	Sega
ecax	Emergency Call Ambulance (Export)	1999	Sega
logicpro	Logic Pro (Japan)	1996	Deniam
croquis	Croquis (Germany)	1996	Deniam
karianx	Karian Cross (Rev. 1.0)	1996	Deniam
logicpr2	Logic Pro 2 (Japan)	1997	Deniam
bloxeedc	Bloxeed (World, C System)	1989	Sega / Elorg
bloxeedu	Bloxeed (US, C System)	1989	Sega / Elorg
columns	Columns (World)	1990	Sega
columnsu	Columns (US, cocktail)	1990	Sega
columnsj	Columns (Japan)	1990	Sega
columns2	Columns II: The Voyage Through Time (World)	1990	Sega
column2j	Columns II: The Voyage Through Time (Japan)	1990	Sega
borench	Borench	1990	Sega
tfrceac	ThunderForce AC	1990	Sega / Technosoft
tfrceacj	ThunderForce AC (Japan)	1990	Sega / Technosoft
tfrceacb	ThunderForce AC (bootleg)	1990	bootleg
twinsqua	Twin Squash	1991	Sega
ribbit	Ribbit!	1991	Sega
tantr	Puzzle & Action: Tant-R (Japan)	1992	Sega
tantrkor	Puzzle & Action: Tant-R (Korea)	1993	Sega
tantrbl	Puzzle & Action: Tant-R (Japan) (bootleg set 1)	1992	bootleg
tantrbl2	Puzzle & Action: Tant-R (Japan) (bootleg set 2)	1994	bootleg
tantrbl3	Puzzle & Action: Tant-R (Japan) (bootleg set 3)	1994	bootleg
puyo	Puyo Puyo (World)	1992	Sega / Compile
puyobl	Puyo Puyo (World, bootleg)	1992	bootleg
puyoj	Puyo Puyo (Japan, Rev B)	1992	Sega / Compile
puyoja	Puyo Puyo (Japan, Rev A)	1992	Sega / Compile
ichir	Puzzle & Action: Ichidant-R (World)	1994	Sega
ichirk	Puzzle & Action: Ichidant-R (Korea)	1994	Sega
ichirj	Puzzle & Action: Ichidant-R (Japan)	1994	Sega
ichirjbl	Puzzle & Action: Ichidant-R (Japan) (bootleg)	1994	bootleg
stkclmns	Stack Columns (World)	1994	Sega
stkclmnsj	Stack Columns (Japan)	1994	Sega
puyopuy2	Puyo Puyo 2 (Japan)	1994	Compile (Sega license)
potopoto	Poto Poto (Japan)	1994	Sega
zunkyou	Zunzunkyou No Yabou (Japan)	1994	Sega
pclubj	Print Club (Japan Vol.1)	1995	Atlus
pclubjv2	Print Club (Japan Vol.2)	1995	Atlus
pclubjv4	Print Club (Japan Vol.4)	1996	Atlus
pclubjv5	Print Club (Japan Vol.5)	1996	Atlus
puckpkmn	Puckman Pockimon	2000	Genie
topshoot	Top Shooter	1995	Sun Mixing
megatech	Mega-Tech BIOS	1989	Sega
mt_beast	Altered Beast (Mega-Tech)	1988	Sega
mt_shar2	Space Harrier II (Mega-Tech)	1988	Sega
mt_stbld	Super Thunder Blade (Mega-Tech)	1988	Sega
mt_ggolf	Great Golf (Mega-Tech, SMS based)	1987	Sega
mt_gsocr	Great Soccer (Mega-Tech, SMS based)		Sega
mt_orun	Out Run (Mega-Tech, SMS based)	1987	Sega
mt_asyn	Alien Syndrome (Mega-Tech, SMS based)	1987	Sega
mt_shnbi	Shinobi (Mega-Tech, SMS based)	1987	Sega
mt_aftrb	After Burner (Mega-Tech, SMS based)	1987	Sega
mt_tfor2	Thunder Force II MD (Mega-Tech)	1989	Tecno Soft / Sega
mt_astro	Astro Warrior (Mega-Tech, SMS based)	1986	Sega
mt_gfoot	Great Football (Mega-Tech, SMS based)	1987	Sega
mt_lastb	Last Battle (Mega-Tech)	1989	Sega
mt_wcsoc	World Championship Soccer (Mega-Tech)	1989	Sega
mt_tetri	Tetris (Mega-Tech)	1989	Sega
mt_gng	Ghouls'n Ghosts (Mega-Tech)	1989	Capcom / Sega
mt_shang	Super Hang-On (Mega-Tech)	1989	Sega
mt_gaxe	Golden Axe (Mega-Tech)	1989	Sega
mt_fwrld	Forgotten Worlds (Mega-Tech)	1989	Sega
mt_mystd	Mystic Defender (Mega-Tech)	1989	Sega
mt_revsh	The Revenge of Shinobi (Mega-Tech)	1989	Sega
mt_parlg	Parlour Games (Mega-Tech, SMS based)	1987	Sega
mt_tgolf	Arnold Palmer Tournament Golf (Mega-Tech)	1989	Sega
mt_srbb	Super Real Basketball (Mega-Tech)	1989	Sega
mt_tlbba	Tommy Lasorda Baseball (Mega-Tech)	1989	Sega
mt_cols	Columns (Mega-Tech)	1990	Sega
mt_eswat	Cyber Police ESWAT: Enhanced Special Weapons and Tactics (Mega-Tech)	1990	Sega
mt_smgp	Super Monaco GP (Mega-Tech)	1990	Sega
mt_mwalk	Michael Jackson's Moonwalker (Mega-Tech)	1990	Sega
mt_crack	Crack Down (Mega-Tech)	1990	Sega
mt_shado	Shadow Dancer (Mega-Tech)	1990	Sega
mt_arrow	Arrow Flash (Mega-Tech)	1990	Sega
mt_astrm	Alien Storm (Mega-Tech)	1990	Sega
mt_wwar	Wrestle War (Mega-Tech)	1991	Sega
mt_bbros	Bonanza Bros. (Mega-Tech)	1991	Sega
mt_srage	Streets of Rage (Mega-Tech)	1991	Sega
mt_sonic	Sonic The Hedgehog (Mega-Tech, set 1)	1991	Sega
mt_sonia	Sonic The Hedgehog (Mega-Tech, set 2)	1991	Sega
mt_fshrk	Fire Shark (Mega-Tech)	1990	Toaplan / Sega
mt_spman	Spider-Man vs The Kingpin (Mega-Tech)	1991	Marvel / Sega
mt_gaxe2	Golden Axe II (Mega-Tech)	1991	Sega
mt_stf	Joe Montana II: Sports Talk Football (Mega-Tech)	1991	Sega
mt_mlh	Mario Lemieux Hockey (Mega-Tech)	1991	Sega
mt_kcham	Kid Chameleon (Mega-Tech)	1992	Sega
mt_tout	Turbo Outrun (Mega-Tech)	1992	Sega
mt_soni2	Sonic The Hedgehog 2 (Mega-Tech)	1992	Sega
megaplay	Mega Play BIOS	1993	Sega
mp_sonic	Sonic The Hedgehog (Mega Play)	1993	Sega
mp_gaxe2	Golden Axe II (Mega Play)	1993	Sega
mp_gslam	Grand Slam (Mega Play)	1993	Sega
mp_twc	Tecmo World Cup (Mega Play)	1993	Sega
mp_sor2	Streets of Rage II (Mega Play)	1993	Sega
mp_bio	Bio-hazard Battle (Mega Play)	1993	Sega
mp_soni2	Sonic The Hedgehog 2 (Mega Play)	1993	Sega
mp_shnb3	Shinobi III (Mega Play)	1993	Sega
mp_mazin	Mazin Wars / Mazin Saga (Mega Play)	1993	Sega
mp_col3	Columns III (Mega Play)	1993	Sega
ssf2ghw	Super Street Fighter II - The New Challengers (Arcade bootleg of Japanese MegaDrive version)	1994	bootleg / Capcom
aladbl	Aladdin (bootleg of Japanese Megadrive version)	1993	bootleg / Sega
mk3ghw	Mortal Kombat 3 (bootleg of Megadrive version)	1996	bootleg / Midway
ssgbl	Sunset Riders (bootleg of Megadrive version)	1993	bootleg / Konami
naomi	Naomi Bios	1998	Sega
naomigd	Naomi GD-ROM Bios	2001	Sega
naomi2	Naomi 2 Bios	2001	Sega
hod2bios	Naomi House of the Dead 2 Bios	1998	Sega
hotd2	House of the Dead 2	1999	Sega
hotd2o	House of the Dead 2 (original)	1999	Sega
dybbnao	Dynamite Baseball NAOMI (JPN)	1998	Sega
smlg99	Super Major League '99	1999	Sega
pstone	Power Stone (JPN, USA, EUR, ASI, AUS)	1999	Capcom
crzytaxi	Crazy Taxi (JPN, USA, EXP, KOR, AUS)	1999	Sega
zombrvn	Zombie Revenge (JPN, USA, EXP, KOR, AUS)	1999	Sega
airlbios	Naomi Airline Pilots Deluxe Bios	1999	Sega
alpiltdx	Airline Pilots Deluxe (Rev B)	1999	Sega
alpilota	Airline Pilots (Rev A)	1999	Sega
ggram2	Giant Gram (JPN, USA, EXP, KOR, AUS)	1999	Sega
f355bios	Naomi Ferrari F355 Challenge Bios	1999	Sega
f355	Ferrari F355 Challenge	1999	Sega
f355twin	Ferrari F355 Challenge (Twin)	1999	Sega
shangril	Dengen Tenshi Taisen Janshi Shangri-la (JPN, USA, EXP, KOR, AUS)	1999	Marvelous Ent.
vs2_2k	Virtua Striker 2 Ver. 2000 (JPN, USA, EXP, KOR, AUS)	1999	Sega
suchie3	Idol Janshi Suchie-Pai 3 (JPN)	1999	Jaleco
toyfight	Toy Fighter	1999	Sega
jambo	Jambo! Safari (JPN, USA, EXP, KOR, AUS) (Rev A)	1999	Sega
sgtetris	Sega Tetris	1999	Sega
derbyoc	Derby Owners Club (JPN, USA, EXP, KOR, AUS) (Rev B)	1999	Sega
doa2	Dead or Alive 2 (JPN, USA, EXP, KOR, AUS)	1999	Tecmo
otrigger	OutTrigger (JPN, USA, EXP, KOR, AUS)	1999	Sega
dybb99	Dynamite Baseball '99 (JPN) / World Series '99 (USA, EXP, KOR, AUS) (Rev B)	1999	Sega
samba	Samba De Amigo (JPN) (Rev B)	1999	Sega
vtennis	Power Smash (JPN) / Virtua Tennis (USA, EXP, KOR, AUS)	1999	Sega
vtennisg	Virtua Tennis (GDS-0011)	2001	Sega
18wheelr	18 Wheeler (JPN)	2000	Sega
totd	The Typing of the Dead (JPN, USA, EXP, KOR, AUS) (Rev A)	2000	Sega
spawn	Spawn (JPN, USA, EUR, ASI, AUS)	1999	Capcom
doa2m	Dead or Alive 2 Millennium (JPN, USA, EXP, KOR, AUS)	2000	Tecmo
virnba	Virtua NBA (JPN, USA, EXP, KOR, AUS)	2000	Sega
virnbao	Virtua NBA (JPN, USA, EXP, KOR, AUS) (original)	2000	Sega
mvsc2	Marvel vs. Capcom 2 (JPN, USA, EUR, ASI, AUS) (Rev A)	2000	Capcom
smarinef	Sega Marine Fishing	2000	Sega
pstone2	Power Stone 2 (JPN, USA, EUR, ASI, AUS)	2000	Capcom
qmegamis	Quiz Ah Megamisama (JPN, USA, EXP, KOR, AUS)	2000	Sega
ggx	Guilty Gear X (JPN)	2000	Arc System Works
slasho	Slashout (JPN, USA, EXP, KOR, AUS)	2000	Sega
slashout	Slashout (GDS-0004)	2000	Sega
capsnka	Capcom Vs. SNK Millennium Fight 2000 (000804 JPN, USA, EXP, KOR, AUS) (Rev A)	2000	Capcom / SNK
capsnk	Capcom Vs. SNK Millennium Fight 2000 (000904 JPN, USA, EXP, KOR, AUS) (Rev C)	2000	Capcom / SNK
gram2000	Giant Gram 2000 (JPN, USA, EXP, KOR, AUS)	2000	Sega
crackndj	Crackin' DJ	2000	Sega
cspike	Gun Spike (JPN) / Cannon Spike (USA, EXP, KOR, AUS)	2000	Psikyo / Capcom
sstrkfgt	Sega Strike Fighter (Rev A)	2000	Sega
deathcox	Death Crimson OX (JPN, USA, EXP, KOR, AUS)	2000	Ecole
confmiss	Confidential Mission (GDS-0001)	2001	Sega
wwfroyal	WWF Royal Rumble (JPN, USA, EXP, KOR, AUS)	2000	Sega
pjustic	Moero Justice Gakuen (JPN) / Project Justice (USA, EXP, KOR, AUS) (Rev A)	2000	Capcom
sprtjam	Sports Jam (GDS-0003)	2000	Sega
derbyocw	Derby Owners Club World Edition (JPN, USA, EXP, KOR, AUS) (Rev C)	2001	Sega
f355twn2	Ferrari F355 Challenge 2 (Twin)	1999	Sega
gwing2	Giga Wing 2 (JPN, USA, EXP, KOR, AUS)	2000	Takumi / Capcom
csmash	Cosmic Smash (JPN, USA, EXP, KOR, AUS) (Rev A)	2001	Sega
csmasho	Cosmic Smash (JPN, USA, EXP, KOR, AUS) (original)	2001	Sega
sfz3ugd	Street Fighter Zero 3 Upper (GDL-0002)	2001	Capcom
gundmgd	Mobile Suit Gundam: Federation VS Zeon (GDL-0001)	2001	Capcom
dygolf	Virtua Golf / Dynamic Golf (Rev A) (GDS-0009A)	2001	Sega
monkeyba	Monkey Ball (GDS-0008)	2001	Sega
cvsgd	Capcom Vs. SNK Millenium Fight 2000 Pro (GDL-0004)	2001	Capcom / SNK
wsbbgd	World Series Baseball / Super Major League (GDS-0010)	2001	Sega
spkrbtl	Spikers Battle (GDS-0005)	2001	Sega
gunsur2	Gun Survivor 2: Bio Hazard Code Veronica	2001	Capcom / Namco
cvs2gd	Capcom Vs. SNK 2 Millionaire Fighting 2001 (Rev A) (GDL-0007A)	2001	Capcom / SNK
gundmxgd	Mobile Suit Gundam: Federation VS Zeon DX  (GDL-0006)	2001	Capcom
hmgeo	Heavy Metal Geomatrix (JPN, USA, EUR, ASI, AUS) (Rev A)	2001	Capcom
derbyoc2	Derby Owners Club II (JPN, USA, EXP, KOR, AUS)	2001	Sega
vtennis2	Virtua Tennis 2 (Rev A) (GDS-0015A)	2001	Sega
vtenis2c	Power Smash 2 / Virtua Tennis 2 (cartridge)	2001	Sega
keyboard	La Keyboardxyu (GDS-0017)	2001	Sega
ikaruga	Ikaruga (GDL-0010)	2001	Treasure
lupinsho	Lupin The Third - The Shooting (GDS-0018)	2001	Sega
vathlete	Virtua Athletics / Virtua Athlete (GDS-0019)	2002	Sega
luptype	Lupin The Third - The Typing (Rev A) (GDS-0021A)	2002	Sega
ggxx	Guilty Gear XX (GDL-0011)	2002	Arc System Works
mok	The Maze of the Kings (GDS-0022)	2002	Sega
cleoftp	Cleopatra Fortune Plus (GDL-0012)	2002	Altron
chocomk	Musapey's Choco Marker (Rev A) (GDL-0014A)	2002	Ecole Software
azumanga	Azumanga Daioh Puzzle Bobble (GDL-0018)	2002	Moss (Taito license)
moeru	Moeru Casinyo (GDL-0013)	2002	Altron
quizqgd	Quiz Keitai Q mode (GDL-0017)	2002	Amedio (Taito license)
ggxxrl	Guilty Gear XX #Reload (Rev A) (GDL-0019A)	2003	Arc System Works
shikgam2	Shikigami No Shiro II / The Castle of Shikigami II (GDL-0021)	2003	Alfa System
bdrdown	Border Down (Rev A) (GDL-0023A)	2004	G-Rev
usagui	Usagi - Yamashiro Mahjong Hen (GDL-0022)	2003	Warashi / Mahjong Kobo / Taito
psyvar2	Psyvariar 2 - The Will To Fabricate (GDL-0024)	2003	G-Rev
puyofev	Puyo Puyo Fever (GDS-0031)	2003	Sega
shootopl	Shootout Pool	2001	Sega
shootpl	Shootout Pool (JPN, USA, KOR, AUS) / Shootout Pool Prize (EXP)	2001	Sega
kick4csh	Kick '4' Cash	2004	Sega
tetkiwam	Tetris Kiwamemichi (GDL-0020)	2004	Success
cfield	Chaos Field (GDL-0025)	2004	Able
trizeal	Trizeal (GDL-0026)	2004	Taito
ss2005	Super Shanghai 2005 (GDL-0031)	2005	Starfish
ss2005a	Super Shanghai 2005 (Rev A) (GDL-0031A)	2005	Starfish
senkoo	Senko No Ronde (GDL-0030)	2005	G-Rev
senko	Senko No Ronde NEW ver. (Rev A) (GDL-0030A)	2005	G-Rev
meltybld	Melty Blood Act Cadenza Ver A (Rev C) (GDL-0028C)	2005	Ecole Software
ggxxsla	Guilty Gear XX Slash (Rev A) (GDL-0033A)	2005	Arc System Works
radirgy	Radirgy (GDL-0032)	2005	Milestone
undefeat	Under Defeat (GDL-0035)	2005	G-Rev
kurucham	Kurukuru Chameleon (GDL-0034)	2006	Able
trgheart	Trigger Heart Exelica (Rev A) (GDL-0036A)	2005	Warashi
senkosp	Senko No Ronde Special (GDL-0038)	2006	G-Rev
jingystm	Jingi Storm - The Arcade (GDL-0037)	2005	Atrativa Japan
karous	Karous (GDL-0040)	2006	Milestone
ggxxac	Guilty Gear XX Accent Core (GDL-0041)	2006	Arc System Works
meltyb	Melty Blood Act Cadenza Ver B (GDL-0039)	2006	Ecole Software
meltyba	Melty Blood Act Cadenza Ver B (Rev A) (GDL-0039A)	2006	Ecole Software
takoron	Noukone Puzzle Takoron (GDL-0042)	2006	Compile
ngdup23a	Naomi DIMM Firmware Updater (GDS-0023A)	2001	Sega
ngdup23c	Naomi DIMM Firmware Updater (GDS-0023C)	2001	Sega
vstrik3c	Virtua Striker 3 (Cart) (USA, EXP, KOR, AUS)	2001	Sega
vstrik3	Virtua Striker 3 (GDS-0006)	2001	Sega
wldrider	Wild Riders (JPN, USA, EXP, KOR, AUS)	2001	Sega
beachspi	Beach Spikers (GDS-0014)	2002	Sega
vf4cart	Virtua Fighter 4 (Cartridge)	2001	Sega
vf4	Virtua Fighter 4 (GDS-0012)	2001	Sega
vf4b	Virtua Fighter 4 (Rev B) (GDS-0012B)	2001	Sega
vf4c	Virtua Fighter 4 (Rev C) (GDS-0012C)	2001	Sega
initd	Initial D Arcade Stage (Rev B) (Japan) (GDS-0020B)	2002	Sega
initdexp	Initial D Arcade Stage (Export) (GDS-0025)	2002	Sega
clubkrte	Club Kart: European Session	2002	Sega
vf4evoct	Virtua Fighter 4 Evolution (Cartridge)	2001	Sega
vf4evoa	Virtua Fighter 4 Evolution (Rev A) (GDS-0024A)	2002	Sega
initdv2j	Initial D : Arcade Stage Ver. 2 (Japan) (GDS-0026)	2002	Sega
vf4evo	Virtua Fighter 4 Evolution (Rev B) (GDS-0024B)	2002	Sega
initdv3j	Initial D : Arcade Stage Ver. 3 (Japan) (Rev B) (GDS-0032B)	2004	Sega
vf4tuneda	Virtua Fighter 4 Final Tuned (Rev A) (GDS-0036A)	2004	Sega
vf4tunedd	Virtua Fighter 4 Final Tuned (Rev D) (GDS-0036D)	2004	Sega
vf4tuned	Virtua Fighter 4 Final Tuned (Rev F) (GDS-0036F)	2004	Sega
awbios	Atomiswave Bios	2001	Sammy
sprtshot	Sports Shooting USA	2002	Sammy USA
demofist	Demolish Fist	2003	Polygon Magic / Dimps
dolphin	Dolphin Blue	2003	Sammy
ggisuka	Guilty Gear Isuka	2003	Sammy / Arc System Works
rumblef	The Rumble Fish	2004	Sammy / Dimps
rangrmsn	Ranger Mission	2004	Sammy
salmankt	Salary Man Kintarou	2004	Sammy
kofnw	The King of Fighters Neowave	2005	Sammy / SNK Playmore
kofnwj	The King of Fighters Neowave (Japan)	2005	Sammy / SNK Playmore
xtrmhunt	Extreme Hunting	2005	Sammy
kov7sprt	Knights of Valour - The Seven Spirits	2004	Sammy / IGS
vfurlong	Net Select Keiba Victory Furlong	2005	Sammy
ngbc	Neo-Geo Battle Coliseum	2005	Sammy / SNK Playmore
fotns	Fist Of The North Star	2005	Sega / Arc System Works
xtrmhnt2	Extreme Hunting 2	2006	Sega
hikaru	Hikaru Bios	2000	Sega
podrace	Star Wars Pod Racer	2001	Sega
pharrier	Planet Harriers	2001	Sega
airtrix	Air Trix	2000	Sega
triforce	Triforce Bios	2002	Sega
vs2002j	Virtua Striker 2002 (GDT-0001)	2002	Sega
vs2002ex	Virtua Striker 2002 (GDT-0002)	2002	Sega
avalons	The Key Of Avalon - The Wizard Master - Server (GDT-0005C) (V4.001)	2003	Sega
gekpurya	Gekitou Pro Yakyuu Mizushima Shinji All Stars vs. Pro Yakyuu (Rev C) (GDT-0008C)	2003	Sega
avalon13	The Key Of Avalon 1.3 - Chaotic Sabbat - Client (GDT-0010C) (V4.000)	2004	Sega
vs4	Virtua Striker 4 (Export) (GDT-0015)	2004	Sega
vs4j	Virtua Striker 4 (Japan) (GDT-0013E)	2004	Sega
avalon20	The Key Of Avalon 2.0 - Eutaxy and Commandment - Client (GDT-0017B) (V3.001)	2004	Sega
vs42006	Virtua Striker 4 ver. 2006 (Rev D) (Japan) (GDT-0020D)	2006	Sega
tfupdate	Triforce DIMM Updater (GDT-0011)		Sega
chihiro	Chihiro Bios		Sega
hotd3	The House of the Dead III (GDX-0001)	2002	Sega
vcop3	Virtua Cop 3 (GDX-0003A)	2003	Sega
outr2	Out Run 2 (Rev. A) (GDX-0004A)	2003	Sega
ollie	Ollie King (GDX-0007)	2005	Sega
wangmid	Wangan Midnight Maximum Tune (Rev. B) (Export) (GDX-0009B)	2005	Sega
mj2	Sega Network Taisen Mahjong MJ 2 (Rev C) (GDX-0006C)	2005	Sega
ghostsqu	Ghost Squad (Ver. A?) (GDX-0012A)	2005	Sega
gundamos	Gundam Battle Operating Simulator (GDX-0013)	2005	Sega
wangmid2	Wangan Midnight Maximum Tune 2 (Export) (GDX-0015)	2005	Sega
mj3	Sega Network Taisen Mahjong MJ 3 (Rev D) (GDX-0017D)	2005	Sega
scg06nt	Sega Club Golf 2006 Next Tours (Rev A) (GDX-0018A)	2006	Sega
hshavoc	High Seas Havoc	1993	Data East
lnc	Lock'n'Chase	1981	Data East Corporation
zoar	Zoar	1982	Data East USA
btime	Burger Time (Data East set 1)	1982	Data East Corporation
btime2	Burger Time (Data East set 2)	1982	Data East Corporation
btimem	Burger Time (Midway)	1982	Data East (Bally Midway license)
tisland	Treasure Island	1981	Data East Corporation
protennb	Tennis (bootleg of Pro Tennis)	1982	bootleg
cookrace	Cook Race	1982	bootleg
wtennis	World Tennis	1982	bootleg
brubber	Burnin' Rubber	1982	Data East
bnj	Bump 'n' Jump	1982	Data East USA (Bally Midway license)
caractn	Car Action	1982	bootleg
disco	Disco No.1	1982	Data East
discof	Disco No.1 (Rev.F)	1982	Data East
sdtennis	Super Doubles Tennis	1983	Data East Corporation
mmonkey	Minky Monkey	1982	Technos Japan / Roller Tron
decocass	DECO Cassette System	1981	Data East Corporation
ctsttape	Test Tape (Cassette)	1981	Data East Corporation
chwy	Highway Chase (Cassette)	1980	Data East Corporation
cterrani	Terranean (Cassette)	1981	Data East Corporation
castfant	Astro Fantasia (Cassette)	1981	Data East Corporation
csuperas	Super Astro Fighter (Cassette)	1981	Data East Corporation
clocknch	Lock'n'Chase (Cassette)	1981	Data East Corporation
cprogolf	Tournament Pro Golf (Cassette)	1981	Data East Corporation
cluckypo	Lucky Poker (Cassette)	1981	Data East Corporation
ctisland	Treasure Island (Cassette, set 1)	1981	Data East Corporation
ctisland2	Treasure Island (Cassette, set 2)	1981	Data East Corporation
ctisland3	Treasure Island (Cassette, set 3)	1981	Data East Corporation
cexplore	Explorer (Cassette)	1982	Data East Corporation
cdiscon1	Disco No.1 (Cassette)	1982	Data East Corporation
csweetht	Sweet Heart (Cassette)	1982	Data East Corporation
ctornado	Tornado (Cassette)	1982	Data East Corporation
cmissnx	Mission-X (Cassette)	1982	Data East Corporation
cptennis	Pro Tennis (Cassette)	1982	Data East Corporation
cbtime	Burger Time (Cassette)	1983	Data East Corporation
cburnrub	Burnin' Rubber (Cassette, set 1)	1982	Data East Corporation
cburnrub2	Burnin' Rubber (Cassette, set 2)	1982	Data East Corporation
cbnj	Bump 'n' Jump (Cassette)	1982	Data East Corporation
cgraplop	Cluster Buster / Graplop (Cassette, set 1)	1983	Data East Corporation
cgraplop2	Cluster Buster / Graplop (Cassette, set 2)	1983	Data East Corporation
clapapa	Rootin' Tootin' / La-Pa-Pa (Cassette)	1983	Data East Corporation
clapapa2	Rootin' Tootin' (Cassette)	1983	Data East Corporation
cprobowl	Pro Bowling (Cassette)	1983	Data East Corporation
cnightst	Night Star (Cassette, set 1)	1983	Data East Corporation
cnightst2	Night Star (Cassette, set 2)	1983	Data East Corporation
cprosocc	Pro Soccer (Cassette)	1983	Data East Corporation
cflyball	Flying Ball (Cassette)	1985	Data East Corporation
czeroize	Zeroize (Cassette)	1983	Data East Corporation
cscrtry	Scrum Try (Cassette, set 1)	1984	Data East Corporation
cscrtry2	Scrum Try (Cassette, set 2)	1984	Data East Corporation
cppicf	Peter Pepper's Ice Cream Factory (Cassette, set 1)	1984	Data East Corporation
cppicf2	Peter Pepper's Ice Cream Factory (Cassette, set 2)	1984	Data East Corporation
cfghtice	Fighting Ice Hockey (Cassette)	1984	Data East Corporation
cbdash	Boulder Dash (Cassette)	1985	Data East Corporation
begas	Bega's Battle (Revision 3)	1983	Data East
begas1	Bega's Battle (Revision 1)	1983	Data East
cobra	Cobra Command (Data East LD)	1984	Data East
rblaster	Road Blaster (Data East LD)	1985	Data East
madalien	Mad Alien	1980	Data East Corporation
madaliena	Mad Alien (Highway Chase)	1980	Data East Corporation
astrof	Astro Fighter (set 1)	1979	Data East
astrof2	Astro Fighter (set 2)	1979	Data East
astrof3	Astro Fighter (set 3)	1979	Data East
abattle	Astro Battle (set 1)	1979	bootleg? (Sidam)
abattle2	Astro Battle (set 2)	1979	bootleg? (Sidam)
afire	Astro Fire	1979	bootleg (Rene Pierre)
acombat	Astro Combat (newer, CB)	1979	bootleg
acombato	Astro Combat (older, PZ)	1979	bootleg
sstarbtl	Super Star Battle	1979	bootleg
spfghmk2	Space Fighter Mark II (set 1)	1979	Data East
spfghmk22	Space Fighter Mark II (set 2)	1979	Data East
tomahawk	Tomahawk 777 (rev 5)	1980	Data East
tomahawk1	Tomahawk 777 (rev 1)	1980	Data East
progolf	18 Holes Pro Golf (set 1)	1981	Data East Corporation
progolfa	18 Holes Pro Golf (set 2)	1981	Data East Corporation
deshoros	Destiny Horoscope	1983	Data East Corporation
prosoccr	Pro Soccer	1983	Data East Corporation
prosport	Pro Sports - Bowling, Tennis, and Golf	1983	Data East Corporation
prosporta	Pro Sports - Bowling, Tennis, and Golf (alternate)	1983	Data East Corporation
boomrang	Boomer Rang'r / Genesis (set 1)	1983	Data East Corporation
boomranga	Boomer Rang'r / Genesis (set 2)	1983	Data East Corporation
kamikcab	Kamikaze Cabbie	1984	Data East Corporation
yellowcbj	Yellow Cab (Japan)	1984	Data East Corporation
yellowcbb	Yellow Cab (bootleg)	1984	bootleg
liberate	Liberation	1984	Data East Corporation
dualaslt	Dual Assault	1984	Data East USA
liberateb	Liberation (bootleg)	1984	bootleg
bwings	B-Wings (Japan new Ver.)	1984	Data East Corporation
bwingso	B-Wings (Japan old Ver.)	1984	Data East Corporation
bwingsa	B-Wings (Alt Ver.?)	1984	Data East Corporation
zaviga	Zaviga	1984	Data East Corporation
zavigaj	Zaviga (Japan)	1984	Data East Corporation
kchamp	Karate Champ (US)	1984	Data East USA
karatedo	Karate Dou (Japan)	1984	Data East Corporation
kchampvs	Karate Champ (US, VS version set 1)	1984	Data East USA
kchampvs2	Karate Champ (US, VS version set 2)	1984	Data East USA
karatevs	Taisen Karate Dou (Japan VS version)	1984	Data East Corporation
compgolf	Competition Golf Final Round (revision 3)	1986	Data East
compgolfo	Competition Golf Final Round (old version)	1985	Data East
cntsteer	Counter Steer (Japan)	1985	Data East Corporation
zerotrgt	Zero Target (World)	1985	Data East Corporation
gekitsui	Gekitsui Oh (Japan)	1985	Data East Corporation
tryout	Pro Baseball Skill Tryout (Japan)	1985	Data East Corporation
firetrap	Fire Trap (US)	1986	Wood Place Inc. (Data East USA license)
firetrapj	Fire Trap (Japan)	1986	Wood Place Inc.
firetrapbl	Fire Trap (Japan bootleg)	1986	bootleg
metlclsh	Metal Clash (Japan)	1985	Data East
chanbara	Chanbara	1985	Data East
brkthru	Break Thru (US)	1986	Data East USA
brkthruj	Kyohkoh-Toppa (Japan)	1986	Data East Corporation
forcebrk	Force Break (bootleg)	1986	bootleg
darwin	Darwin 4078 (Japan)	1986	Data East Corporation
shootout	Shoot Out (US)	1985	Data East USA
shootoutj	Shoot Out (Japan)	1985	Data East Corporation
shootoutb	Shoot Out (Korean Bootleg)	1985	bootleg
sidepckt	Side Pocket (World)	1986	Data East Corporation
sidepcktj	Side Pocket (Japan)	1986	Data East Corporation
sidepcktb	Side Pocket (bootleg)	1986	bootleg
exprraid	Express Raider (US set 1)	1986	Data East USA
exprraida	Express Raider (US set 2)	1986	Data East USA
wexpress	Western Express (World?)	1986	Data East Corporation
wexpressb	Western Express (bootleg set 1)	1986	bootleg
wexpressb2	Western Express (bootleg set 2)	1986	bootleg
pcktgal	Pocket Gal (Japan)	1987	Data East Corporation
pcktgalb	Pocket Gal (bootleg)	1987	bootleg
pcktgal2	Pocket Gal 2 (English)	1989	Data East Corporation
pcktgal2j	Pocket Gal 2 (Japanese)	1989	Data East Corporation
pokechmp	Poke Champ	1995	DGRM
spool3	Super Pool III (English)	1989	Data East Corporation
spool3i	Super Pool III (I-Vics)	1990	Data East Corporation (I-Vics license)
battlera	Battle Rangers (World)	1988	Data East Corporation
bldwolf	Bloody Wolf (US)	1988	Data East USA
bldwolfj	Narazumono Sentoubutai Bloody Wolf (Japan)	1988	Data East Corporation
actfancr	Act-Fancer Cybernetick Hyper Weapon (World revision 2)	1989	Data East Corporation
actfancr1	Act-Fancer Cybernetick Hyper Weapon (World revision 1)	1989	Data East Corporation
actfancrj	Act-Fancer Cybernetick Hyper Weapon (Japan revision 1)	1989	Data East Corporation
triothep	Trio The Punch - Never Forget Me... (World)	1989	Data East Corporation
triothepj	Trio The Punch - Never Forget Me... (Japan)	1989	Data East Corporation
lastmisn	Last Mission (US revision 6)	1986	Data East USA
lastmisno	Last Mission (US revision 5)	1986	Data East USA
lastmisnj	Last Mission (Japan)	1986	Data East Corporation
shackled	Shackled (US)	1986	Data East USA
breywood	Breywood (Japan revision 2)	1986	Data East Corporation
csilver	Captain Silver (World)	1987	Data East Corporation
csilverj	Captain Silver (Japan)	1987	Data East Corporation
ghostb	The Real Ghostbusters (US 2 Players)	1987	Data East USA
ghostb3	The Real Ghostbusters (US 3 Players)	1987	Data East USA
meikyuh	Meikyuu Hunter G (Japan, set 1)	1987	Data East Corporation
meikyuha	Meikyuu Hunter G (Japan, set 2)	1987	Data East Corporation
srdarwin	Super Real Darwin (World)	1987	Data East Corporation
srdarwinj	Super Real Darwin (Japan)	1987	Data East Corporation
gondo	Gondomania (US)	1987	Data East USA
makyosen	Makyou Senshi (Japan)	1987	Data East Corporation
garyoret	Garyo Retsuden (Japan)	1987	Data East Corporation
cobracom	Cobra-Command (World revision 5)	1988	Data East Corporation
cobracomj	Cobra-Command (Japan)	1988	Data East Corporation
oscar	Psycho-Nics Oscar (World revision 0)	1988	Data East Corporation
oscaru	Psycho-Nics Oscar (US)	1987	Data East USA
oscarj1	Psycho-Nics Oscar (Japan revision 1)	1987	Data East Corporation
oscarj2	Psycho-Nics Oscar (Japan revision 2)	1987	Data East Corporation
karnov	Karnov (US)	1987	Data East USA
karnovj	Karnov (Japan)	1987	Data East Corporation
wndrplnt	Wonder Planet (Japan)	1987	Data East Corporation
chelnov	Chelnov - Atomic Runner (World)	1988	Data East Corporation
chelnovu	Chelnov - Atomic Runner (US)	1988	Data East USA
chelnovj	Chelnov - Atomic Runner (Japan)	1988	Data East Corporation
hbarrel	Heavy Barrel (US)	1987	Data East USA
hbarrelw	Heavy Barrel (World)	1987	Data East Corporation
baddudes	Bad Dudes vs. Dragonninja (US)	1988	Data East USA
drgninja	Dragonninja (Japan)	1988	Data East Corporation
birdtry	Birdie Try (Japan)	1988	Data East Corporation
robocop	Robocop (World revision 4)	1988	Data East Corporation
robocopw	Robocop (World revision 3)	1988	Data East Corporation
robocopj	Robocop (Japan)	1988	Data East Corporation
robocopu	Robocop (US revision 1)	1988	Data East USA
robocopu0	Robocop (US revision 0)	1988	Data East USA
robocopb	Robocop (World bootleg)	1988	bootleg
automat	Automat (bootleg of Robocop)	1988	bootleg
hippodrm	Hippodrome (US)	1989	Data East USA
ffantasy	Fighting Fantasy (Japan revision 2)	1989	Data East Corporation
ffantasya	Fighting Fantasy (Japan)	1989	Data East Corporation
ffantasybl	Fighting Fantasy (bootleg with 68705)	1989	bootleg
slyspy	Sly Spy (US revision 3)	1989	Data East USA
slyspy2	Sly Spy (US revision 2)	1989	Data East USA
secretag	Secret Agent (World)	1989	Data East Corporation
secretab	Secret Agent (bootleg)	1989	bootleg
midres	Midnight Resistance (World)	1989	Data East Corporation
midresu	Midnight Resistance (US)	1989	Data East USA
midresj	Midnight Resistance (Japan)	1989	Data East Corporation
midresb	Midnight Resistance (bootleg with 68705)	1989	bootleg
bouldash	Boulder Dash / Boulder Dash Part 2 (World)	1990	Data East Corporation (licensed from First Star)
bouldashj	Boulder Dash / Boulder Dash Part 2 (Japan)	1990	Data East Corporation (licensed from First Star)
stadhero	Stadium Hero (Japan)	1988	Data East Corporation
madmotor	Mad Motor	1989	Mitchell
vaportra	Vapor Trail - Hyper Offence Formation (World revision 1)	1989	Data East Corporation
vaportra3	Vapor Trail - Hyper Offence Formation (World revision 3?)	1989	Data East Corporation
vaportrau	Vapor Trail - Hyper Offence Formation (US)	1989	Data East USA
kuhga	Kuhga - Operation Code 'Vapor Trail' (Japan revision 3)	1989	Data East Corporation
cbuster	Crude Buster (World FX version)	1990	Data East Corporation
cbusterw	Crude Buster (World FU version)	1990	Data East Corporation
cbusterj	Crude Buster (Japan)	1990	Data East Corporation
twocrude	Two Crude (US)	1990	Data East USA
darkseal	Dark Seal (World revision 3)	1990	Data East Corporation
darkseal1	Dark Seal (World revision 1)	1990	Data East Corporation
darksealj	Dark Seal (Japan)	1990	Data East Corporation
gatedoom	Gate of Doom (US revision 4)	1990	Data East Corporation
gatedoom1	Gate of Doom (US revision 1)	1990	Data East Corporation
edrandy	The Cliffhanger - Edward Randy (World ver 3)	1990	Data East Corporation
edrandy2	The Cliffhanger - Edward Randy (World ver 2)	1990	Data East Corporation
edrandy1	The Cliffhanger - Edward Randy (World ver 1)	1990	Data East Corporation
edrandyj	The Cliffhanger - Edward Randy (Japan ver 3)	1990	Data East Corporation
supbtime	Super Burger Time (World, set 1)	1990	Data East Corporation
supbtimea	Super Burger Time (World, set 2)	1990	Data East Corporation
supbtimej	Super Burger Time (Japan)	1990	Data East Corporation
mutantf	Mutant Fighter (World ver EM-5)	1992	Data East Corporation
mutantf4	Mutant Fighter (World ver EM-4)	1992	Data East Corporation
mutantf3	Mutant Fighter (World ver EM-3)	1992	Data East Corporation
deathbrd	Death Brade (Japan ver JM-3)	1992	Data East Corporation
cninja	Caveman Ninja (World ver 4)	1991	Data East Corporation
cninja1	Caveman Ninja (World ver 1)	1991	Data East Corporation
cninjau	Caveman Ninja (US ver 4)	1991	Data East Corporation
joemac	Tatakae Genshizin Joe & Mac (Japan ver 1)	1991	Data East Corporation
cninjabl	Caveman Ninja (bootleg)	1991	bootleg
stoneage	Stoneage (bootleg of Caveman Ninja)	1991	bootleg
robocop2	Robocop 2 (Euro/Asia v0.10)	1991	Data East Corporation
robocop2u	Robocop 2 (US v0.05)	1991	Data East Corporation
robocop2j	Robocop 2 (Japan v0.11)	1991	Data East Corporation
thndzone	Thunder Zone (World)	1991	Data East Corporation
dassault	Desert Assault (US)	1991	Data East Corporation
dassault4	Desert Assault (US 4 Players)	1991	Data East Corporation
chinatwn	China Town (Japan)	1991	Data East Corporation
rohga	Rohga Armor Force (Asia/Europe v5.0)	1991	Data East Corporation
rohga1	Rohga Armor Force (Asia/Europe v3.0 Set 1)	1991	Data East Corporation
rohga2	Rohga Armor Force (Asia/Europe v3.0 Set 2)	1991	Data East Corporation
rohgah	Rohga Armor Force (Hong Kong v3.0)	1991	Data East Corporation
rohgau	Rohga Armor Force (US v1.0)	1991	Data East Corporation
wolffang	Wolf Fang -Kuhga 2001- (Japan)	1991	Data East Corporation
schmeisr	Schmeiser Robo (Japan)	1993	Hot-B
captaven	Captain America and The Avengers (Asia Rev 1.4)	1991	Data East Corporation
captavena	Captain America and The Avengers (Asia Rev 1.0)	1991	Data East Corporation
captavene	Captain America and The Avengers (UK Rev 1.4)	1991	Data East Corporation
captavenu	Captain America and The Avengers (US Rev 1.9)	1991	Data East Corporation
captavenuu	Captain America and The Avengers (US Rev 1.6)	1991	Data East Corporation
captavenua	Captain America and The Avengers (US Rev 1.4)	1991	Data East Corporation
captavenj	Captain America and The Avengers (Japan Rev 0.2)	1991	Data East Corporation
tumblep	Tumble Pop (World)	1991	Data East Corporation
tumblepj	Tumble Pop (Japan)	1991	Data East Corporation
tumbleb	Tumble Pop (bootleg set 1)	1991	bootleg
tumbleb2	Tumble Pop (bootleg set 2)	1991	bootleg
jumpkids	Jump Kids	1993	Comad
jumppop	Jumping Pop	2001	ESD
pangpang	Pang Pang	1994	Dong Gue La Mi Ltd.
sdfight	SD Fighters (Korea)	1996	SemiCom
wlstar	Wonder League Star - Sok-Magicball Fighting (Korea)	1995	Mijin
wondl96	Wonder League '96 (Korea)	1996	SemiCom
fncywld	Fancy World - Earth of Crisis	1996	Unico
htchctch	Hatch Catch	1995	SemiCom
cookbib	Cookie & Bibi	1995	SemiCom
chokchok	Choky! Choky!	1995	SemiCom
metlsavr	Metal Saver	1994	First Amusement
bcstry	B.C. Story (set 1)	1997	SemiCom
bcstrya	B.C. Story (set 2)	1997	SemiCom
semibase	MuHanSeungBu (SemiCom Baseball) (Korea)	1997	SemiCom
dquizgo	Date Quiz Go Go (Korea)	1998	SemiCom
suprtrio	Super Trio	1994	Gameace
lemmings	Lemmings (US prototype)	1991	Data East USA
dragngun	Dragon Gun (US)	1993	Data East Corporation
wizdfire	Wizard Fire (Over Sea v2.1)	1992	Data East Corporation
wizdfireu	Wizard Fire (US v1.1)	1992	Data East Corporation
darkseal2	Dark Seal 2 (Japan v2.1)	1992	Data East Corporation
funkyjet	Funky Jet (World)	1992	Data East (Mitchell license)
funkyjetj	Funky Jet (Japan)	1992	Data East Corporation
nitrobal	Nitro Ball (US)	1992	Data East Corporation
gunball	Gun Ball (Japan)	1992	Data East Corporation
dietgo	Diet Go Go (Euro v1.1 1992.09.26)	1992	Data East Corporation
dietgoe	Diet Go Go (Euro v1.1 1992.08.04)	1992	Data East Corporation
dietgou	Diet Go Go (USA v1.1 1992.09.26)	1992	Data East Corporation
dietgoj	Diet Go Go (Japan v1.1 1992.09.26)	1992	Data East Corporation
pktgaldx	Pocket Gal Deluxe (Euro v3.00)	1992	Data East Corporation
pktgaldxj	Pocket Gal Deluxe (Japan v3.00)	1993	Data East Corporation (Nihon System license)
pktgaldxb	Pocket Gal Deluxe (Euro v3.00, bootleg)	1992	bootleg
boogwing	Boogie Wings (Euro v1.5, 92.12.07)	1992	Data East Corporation
boogwinga	Boogie Wings (Asia v1.5, 92.12.07)	1992	Data East Corporation
ragtime	The Great Ragtime Show (Japan v1.5, 92.12.07)	1992	Data East Corporation
ragtimea	The Great Ragtime Show (Japan v1.3, 92.11.26)	1992	Data East Corporation
dblewing	Double Wings	1993	Mitchell
fghthist	Fighter's History (World ver 43-07)	1993	Data East Corporation
fghthistu	Fighter's History (US ver 42-03)	1993	Data East Corporation
fghthista	Fighter's History (US ver 42-05, alternate hardware )	1993	Data East Corporation
fghthistj	Fighter's History (Japan ver 42-03)	1993	Data East Corporation
hvysmsh	Heavy Smash (Europe version -2)	1993	Data East Corporation
hvysmsha	Heavy Smash (Asia version -4)	1993	Data East Corporation
hvysmshj	Heavy Smash (Japan version -2)	1993	Data East Corporation
nslasher	Night Slashers (Korea Rev 1.3)	1994	Data East Corporation
nslasherj	Night Slashers (Japan Rev 1.2)	1994	Data East Corporation
nslashers	Night Slashers (Over Sea Rev 1.2)	1994	Data East Corporation
lockload	Locked 'n Loaded (World)	1994	Data East Corporation
lockloadu	Locked 'n Loaded (US)	1994	Data East Corporation
joemacr	Joe & Mac Returns (World, Version 1.1, 1994.05.27)	1994	Data East
joemacra	Joe & Mac Returns (World, Version 1.0, 1994.05.19)	1994	Data East
tattass	Tattoo Assassins (US prototype)	1994	Data East Pinball
tattassa	Tattoo Assassins (Asia prototype)	1994	Data East Pinball
charlien	Charlie Ninja	1995	Mitchell
wcvol95	World Cup Volley '95 (Japan v1.0)	1995	Data East Corporation
backfire	Backfire! (set 1)	1995	Data East Corporation
backfirea	Backfire! (set 2)	1995	Data East Corporation
prtytime	Party Time: Gonta the Diver II / Ganbare! Gonta!! 2 (World Release)	1995	Mitchell
gangonta	Ganbare! Gonta!! 2 / Party Time: Gonta the Diver II (Japan Release)	1995	Mitchell
chainrec	Chain Reaction (World, Version 2.2, 1995.09.25)	1995	Data East
magdrop	Magical Drop (Japan, Version 1.1, 1995.06.21)	1995	Data East
magdropp	Magical Drop Plus 1 (Japan, Version 2.1, 1995.09.12)	1995	Data East
osman	Osman (World)	1996	Mitchell
candance	Cannon Dancer (Japan)	1996	Mitchell (Atlus license)
sotsugyo	Sotsugyo Shousho	1995	Mitchell (Atlus license)
sshangha	Super Shanghai Dragon's Eye (Japan)	1992	Hot-B
sshanghab	Super Shanghai Dragon's Eye (World, bootleg)	1992	bootleg
hoops96	Hoops '96 (Europe/Asia 2.0)	1996	Data East Corporation
ddream95	Dunk Dream '95 (Japan 1.4, EAM)	1995	Data East Corporation
hoops95	Hoops (Europe/Asia 1.7)	1995	Data East Corporation
avengrgs	Avengers In Galactic Storm (US)	1995	Data East Corporation
avengrgsj	Avengers In Galactic Storm (Japan)	1995	Data East Corporation
skullfng	Skull Fang (World)	1996	Data East Corporation
skullfngj	Skull Fang (Japan)	1996	Data East Corporation
stadhr96	Stadium Hero 96 (World, EAJ)	1996	Data East Corporation
stadhr96j	Stadium Hero 96 (Japan, EAD)	1996	Data East Corporation
senjyo	Senjyo	1983	Tehkan
starforc	Star Force	1984	Tehkan
starforce	Star Force (encrypted)	1984	Tehkan
starforcb	Star Force (encrypted, bootleg)	1984	bootleg
starforca	Star Force (encrypted, set 2)	1984	Tehkan
megaforc	Mega Force	1985	Tehkan (Video Ware license)
baluba	Baluba-louk no Densetsu (Japan)	1986	Able Corp, Ltd.
bombjack	Bomb Jack (set 1)	1984	Tehkan
bombjack2	Bomb Jack (set 2)	1984	Tehkan
pbaction	Pinball Action (set 1)	1985	Tehkan
pbaction2	Pinball Action (set 2)	1985	Tehkan
pbaction3	Pinball Action (set 3, encrypted)	1985	Tehkan
pbaction4	Pinball Action (set 4, encrypted)	1985	Tehkan
pbaction5	Pinball Action (set 5, encrypted)	1985	Tehkan
ponttehk	Pontoon (Tehkan)	1985	Tehkan
lvpoker	Lovely Poker [BET]	1985	Tehkan
lvcards	Lovely Cards	1985	Tehkan
tehkanwc	Tehkan World Cup (set 1)	1985	Tehkan
tehkanwcb	Tehkan World Cup (set 2, bootleg?)	1985	Tehkan
tehkanwcc	Tehkan World Cup (set 3, bootleg)	1985	bootleg
gridiron	Gridiron Fight	1985	Tehkan
teedoff	Tee'd Off (Japan)	1986	Tecmo
solomon	Solomon's Key (US)	1986	Tecmo
solomonj	Solomon's Key (Japan)	1986	Tecmo
rygar	Rygar (US set 1)	1986	Tecmo
rygar2	Rygar (US set 2)	1986	Tecmo
rygar3	Rygar (US set 3 Old Version)	1986	Tecmo
rygarj	Argus no Senshi (Japan)	1986	Tecmo
gemini	Gemini Wing	1987	Tecmo
silkworm	Silk Worm (set 1)	1988	Tecmo
silkworm2	Silk Worm (set 2)	1988	Tecmo
backfirt	Back Fire (Tecmo, bootleg)	1988	Tecmo
tbowl	Tecmo Bowl (World?)	1987	Tecmo
tbowlj	Tecmo Bowl (Japan)	1987	Tecmo
shadoww	Shadow Warriors (World, set 1)	1988	Tecmo
shadowwa	Shadow Warriors (World, set 2)	1988	Tecmo
gaiden	Ninja Gaiden (US)	1988	Tecmo
ryukendn	Ninja Ryukenden (Japan, set 1)	1989	Tecmo
ryukendna	Ninja Ryukenden (Japan, set 2)	1989	Tecmo
mastninj	Master Ninja (bootleg of Shadow Warriors / Ninja Gaiden)	1989	bootleg
wildfang	Wild Fang / Tecmo Knight	1989	Tecmo
wildfangs	Wild Fang	1989	Tecmo
tknight	Tecmo Knight	1989	Tecmo
stratof	Raiga - Strato Fighter (US)	1991	Tecmo
raiga	Raiga - Strato Fighter (Japan)	1991	Tecmo
drgnbowl	Dragon Bowl	1992	Nics
wc90	Tecmo World Cup '90 (World)	1989	Tecmo
wc90a	Tecmo World Cup '90 (Euro set 1)	1989	Tecmo
wc90b	Tecmo World Cup '90 (Euro set 2)	1989	Tecmo
wc90t	Tecmo World Cup '90 (trackball set 1)	1989	Tecmo
wc90b1	Euro League (Italian hack of Tecmo World Cup '90)	1989	bootleg
wc90b2	Worldcup '90	1989	bootleg
spbactn	Super Pinball Action (US)	1991	Tecmo
spbactnj	Super Pinball Action (Japan)	1991	Tecmo
fstarfrc	Final Star Force (US)	1992	Tecmo
fstarfrcj	Final Star Force (Japan)	1992	Tecmo
ginkun	Ganbare Ginkun	1995	Tecmo
deroon	Deroon DeroDero	1995	Tecmo
tkdensho	Touki Denshou -Angel Eyes- (VER. 960614)	1996	Tecmo
tkdenshoa	Touki Denshou -Angel Eyes- (VER. 960427)	1996	Tecmo
tutankhm	Tutankham	1982	Konami
tutankhms	Tutankham (Stern Electronics)	1982	Konami (Stern Electronics license)
junofrst	Juno First	1983	Konami
junofrstg	Juno First (Gottlieb)	1983	Konami (Gottlieb license)
pooyan	Pooyan	1982	Konami
pooyans	Pooyan (Stern Electronics)	1982	Konami (Stern Electronics license)
pootan	Pootan	1982	bootleg
timeplt	Time Pilot	1982	Konami
timepltc	Time Pilot (Centuri)	1982	Konami (Centuri license)
timeplta	Time Pilot (Atari)	1982	Konami (Atari license)
spaceplt	Space Pilot	1982	bootleg
psurge	Power Surge	1988	<unknown>
megazone	Mega Zone (Konami set 1)	1983	Konami
megazonea	Mega Zone (Konami set 2)	1983	Konami
megazoneb	Mega Zone (Kosuka set 1)	1983	Konami / Kosuka
megazonec	Mega Zone (Kosuka set 2)	1983	Konami / Kosuka
megazonei	Mega Zone (Interlogic / Kosuka)	1983	Konami / Interlogic / Kosuka
pandoras	Pandora's Palace	1984	Konami / Interlogic
gyruss	Gyruss (Konami)	1983	Konami
gyrussce	Gyruss (Centuri)	1983	Konami (Centuri license)
venus	Venus	1983	bootleg
trackfld	Track & Field	1983	Konami
trackfldc	Track & Field (Centuri)	1983	Konami (Centuri license)
trackfldnz	Track & Field (NZ bootleg?)	1982	bootleg? (Goldberg Enterprizes Inc.)
hyprolym	Hyper Olympic	1983	Konami
hyprolymb	Hyper Olympic (bootleg)	1983	bootleg
atlantol	Atlant Olimpic	1996	bootleg
wizzquiz	Wizz Quiz (Konami version)	1985	Zilec-Zenitone (Konami license)
wizzquiza	Wizz Quiz (version 4)	1985	Zilec-Zenitone
reaktor	Reaktor (Track & Field conversion)	1987	Zilec
mastkin	The Masters of Kin	1988	Du Tech
rocnrope	Roc'n Rope	1983	Konami
rocnropek	Roc'n Rope (Kosuka)	1983	Konami / Kosuka
circusc	Circus Charlie (level select, set 1)	1984	Konami
circusc2	Circus Charlie (level select, set 2)	1984	Konami
circusc3	Circus Charlie (no level select)	1984	Konami
circuscc	Circus Charlie (Centuri)	1984	Konami (Centuri license)
circusce	Circus Charlie (Centuri, earlier)	1984	Konami (Centuri license)
tp84	Time Pilot '84 (set 1)	1984	Konami
tp84a	Time Pilot '84 (set 2)	1984	Konami
tp84b	Time Pilot '84 (set 3)	1984	Konami
hyperspt	Hyper Sports	1984	Konami (Centuri license)
hypersptb	Hyper Sports (bootleg)	1984	bootleg
hpolym84	Hyper Olympic '84	1984	Konami
sbasketb	Super Basketball (version I, encrypted)	1984	Konami
sbasketh	Super Basketball (version H, unprotected)	1984	Konami
sbasketg	Super Basketball (version G, encrypted)	1984	Konami
sbaskete	Super Basketball (version E, encrypted)	1984	Konami
mikie	Mikie	1984	Konami
mikiej	Shinnyuushain Tooru-kun	1984	Konami
mikiehs	Mikie (High School Graffiti)	1984	Konami
roadf	Road Fighter (set 1)	1984	Konami
roadf2	Road Fighter (set 2)	1984	Konami
yiear	Yie Ar Kung-Fu (set 1)	1985	Konami
yiear2	Yie Ar Kung-Fu (set 2)	1985	Konami
kicker	Kicker	1985	Konami
shaolins	Shao-lin's Road (set 1)	1985	Konami
shaolinb	Shao-lin's Road (set 2)	1985	Konami
pingpong	Konami's Ping-Pong	1985	Konami
merlinmm	Merlins Money Maze	1986	Zilec-Zenitone
cashquiz	Cash Quiz (Type B, Version 5)	1986	Zilec-Zenitone
gberet	Green Beret	1985	Konami
rushatck	Rush'n Attack (US)	1985	Konami
gberetb	Green Beret (bootleg)	1985	bootleg
mrgoemon	Mr. Goemon (Japan)	1986	Konami
jailbrek	Jail Break	1986	Konami
manhatan	Manhattan 24 Bunsyo (Japan)	1986	Konami
jailbrekb	Jail Break (bootleg)	1986	bootleg
scotrsht	Scooter Shooter	1985	Konami
finalizr	Finalizer - Super Transformation	1985	Konami
finalizrb	Finalizer - Super Transformation (bootleg)	1985	bootleg
ironhors	Iron Horse	1986	Konami
dairesya	Dai Ressya Goutou (Japan)	1986	Konami (Kawakusu license)
farwest	Far West	1986	bootleg?
jackal	Jackal (World)	1986	Konami
topgunr	Top Gunner (US)	1986	Konami
jackalj	Tokushu Butai Jackal (Japan)	1986	Konami
topgunbl	Top Gunner (bootleg)	1986	bootleg
ddribble	Double Dribble	1986	Konami
contra	Contra (US, Set 1)	1987	Konami
contra1	Contra (US, Set 2)	1987	Konami
contrab	Contra (bootleg)	1987	bootleg
contraj	Contra (Japan)	1987	Konami
contrajb	Contra (Japan bootleg)	1987	bootleg
gryzor	Gryzor (Set 1)	1987	Konami
gryzora	Gryzor (Set 2)	1987	Konami
combatsc	Combat School (joystick)	1988	Konami
combatsct	Combat School (trackball)	1987	Konami
combatscj	Combat School (Japan trackball)	1987	Konami
bootcamp	Boot Camp	1987	Konami
combatscb	Combat School (bootleg)	1988	bootleg
rockrage	Rock'n Rage (World)	1986	Konami
rockragea	Rock'n Rage (prototype?)	1986	Konami
rockragej	Koi no Hotrock (Japan)	1986	Konami
mx5000	MX5000	1987	Konami
flkatck	Flak Attack (Japan)	1987	Konami
fastlane	Fast Lane	1987	Konami
tricktrp	Trick Trap (World?)	1987	Konami
labyrunr	Labyrinth Runner (Japan)	1987	Konami
labyrunrk	Labyrinth Runner (World Ver. K)	1987	Konami
thehustl	The Hustler (Japan version M)	1987	Konami
thehustlj	The Hustler (Japan version J)	1987	Konami
rackemup	Rack 'em Up	1987	Konami
battlnts	Battlantis	1987	Konami
battlntsj	Battlantis (Japan)	1987	Konami
bladestl	Blades of Steel (version T)	1987	Konami
bladestll	Blades of Steel (version L)	1987	Konami
bladestle	Blades of Steel (version E)	1987	Konami
hcastle	Haunted Castle (version M)	1988	Konami
hcastleo	Haunted Castle (version K)	1988	Konami
hcastlej	Akuma-Jou Dracula (Japan version P)	1988	Konami
hcastljo	Akuma-Jou Dracula (Japan version N)	1988	Konami
ajax	Ajax	1987	Konami
typhoon	Typhoon	1987	Konami
ajaxj	Ajax (Japan)	1987	Konami
scontra	Super Contra	1988	Konami
scontraj	Super Contra (Japan)	1988	Konami
thunderx	Thunder Cross (set 1)	1988	Konami
thunderxa	Thunder Cross (set 2)	1988	Konami
thunderxb	Thunder Cross (set 3)	1988	Konami
thunderxj	Thunder Cross (Japan)	1988	Konami
mainevt	The Main Event (4 Players ver. Y)	1988	Konami
mainevto	The Main Event (4 Players ver. F)	1988	Konami
mainevt2p	The Main Event (2 Players ver. X)	1988	Konami
ringohja	Ring no Ohja (Japan 2 Players ver. N)	1988	Konami
devstors	Devastators (ver. Z)	1988	Konami
devstors2	Devastators (ver. X)	1988	Konami
devstors3	Devastators (ver. V)	1988	Konami
garuka	Garuka (Japan ver. W)	1988	Konami
88games	'88 Games	1988	Konami
konami88	Konami '88	1988	Konami
hypsptsp	Hyper Sports Special (Japan)	1988	Konami
gbusters	Gang Busters (set 1)	1988	Konami
gbustersa	Gang Busters (set 2)	1988	Konami
crazycop	Crazy Cop (Japan)	1988	Konami
crimfght	Crime Fighters (US 4 players)	1989	Konami
crimfght2	Crime Fighters (World 2 Players)	1989	Konami
crimfghtj	Crime Fighters (Japan 2 Players)	1989	Konami
spy	S.P.Y. - Special Project Y (World ver. N)	1989	Konami
spyu	S.P.Y. - Special Project Y (US ver. M)	1989	Konami
bottom9	Bottom of the Ninth (version T)	1989	Konami
bottom9n	Bottom of the Ninth (version N)	1989	Konami
mstadium	Main Stadium (Japan)	1989	Konami
blockhl	Block Hole	1989	Konami
quarth	Quarth (Japan)	1989	Konami
aliens	Aliens (World set 1)	1990	Konami
aliens2	Aliens (World set 2)	1990	Konami
aliens3	Aliens (World set 3)	1990	Konami
aliensu	Aliens (US)	1990	Konami
aliensj	Aliens (Japan set 1)	1990	Konami
aliensj2	Aliens (Japan set 2)	1990	Konami
aliensa	Aliens (Asia)	1990	Konami
suratk	Surprise Attack (World ver. K)	1990	Konami
suratka	Surprise Attack (Asia ver. L)	1990	Konami
suratkj	Surprise Attack (Japan ver. M)	1990	Konami
parodius	Parodius DA! (World)	1990	Konami
parodiusj	Parodius DA! (Japan)	1990	Konami
rollerg	Rollergames (US)	1991	Konami
rollergj	Rollergames (Japan)	1991	Konami
simpsons	The Simpsons (4 Players World, set 1)	1991	Konami
simpsons4pa	The Simpsons (4 Players World, set 2)	1991	Konami
simpsons2p	The Simpsons (2 Players World, set 1)	1991	Konami
simpsons2p2	The Simpsons (2 Players World, set 2)	1991	Konami
simpsons2pa	The Simpsons (2 Players Asia)	1991	Konami
simpsons2pj	The Simpsons (2 Players Japan)	1991	Konami
esckids	Escape Kids (Asia, 4 Players)	1991	Konami
esckidsj	Escape Kids (Japan, 2 Players)	1991	Konami
vendetta	Vendetta (World 4 Players ver. T)	1991	Konami
vendettar	Vendetta (World 4 Players ver. R)	1991	Konami
vendetta2p	Vendetta (World 2 Players ver. W)	1991	Konami
vendetta2pu	Vendetta (Asia 2 Players ver. U)	1991	Konami
vendetta2pd	Vendetta (Asia 2 Players ver. D)	1991	Konami
vendettaj	Crime Fighters 2 (Japan 2 Players ver. P)	1991	Konami
mogura	Mogura Desse (Japan)	1991	Konami
wecleman	WEC Le Mans 24	1986	Konami
hotchase	Hot Chase	1988	Konami
chqflag	Chequered Flag	1988	Konami
chqflagj	Chequered Flag (Japan)	1988	Konami
ultraman	Ultraman (Japan)	1991	Banpresto / Bandai
hexion	Hexion (Japan)	1992	Konami
lethalen	Lethal Enforcers (ver UAE, 11/19/92 15:04)	1992	Konami
lethalenua	Lethal Enforcers (ver unknown, US, 08/17/92 21:38)	1992	Konami
lethalenux	Lethal Enforcers (ver unknown, US, 08/06/92 15:11, hacked/proto?)	1992	Konami
lethaleneab	Lethal Enforcers (ver EAB, 10/14/92 19:53)	1992	Konami
lethaleneae	Lethal Enforcers (ver EAE, 11/19/92 16:24)	1992	Konami
lethalenj	Lethal Enforcers (ver JAD, 12/04/92 17:16)	1992	Konami
tgtpanic	Target Panic	1996	Konami
nemesis	Nemesis	1985	Konami
nemesisuk	Nemesis (World?)	1985	Konami
konamigt	Konami GT	1985	Konami
salamand	Salamander (version D)	1986	Konami
salamandj	Salamander (version J)	1986	Konami
lifefrce	Lifeforce (US)	1986	Konami
lifefrcej	Lifeforce (Japan)	1987	Konami
blkpnthr	Black Panther	1987	Konami
citybomb	City Bomber (World)	1987	Konami
citybombj	City Bomber (Japan)	1987	Konami
kittenk	Kitten Kaboodle	1988	Konami
nyanpani	Nyan Nyan Panic (Japan)	1988	Konami
hcrash	Hyper Crash (version D)	1987	Konami
hcrashc	Hyper Crash (version C)	1987	Konami
rf2	Konami RF2 - Red Fighter	1985	Konami
twinbee	TwinBee	1985	Konami
gradius	Gradius	1985	Konami
gwarrior	Galactic Warriors	1985	Konami
devilw	Devil World	1987	Konami
darkadv	Dark Adventure	1987	Konami
majuu	Majuu no Ohkoku	1987	Konami
vulcan	Vulcan Venture (New)	1988	Konami
vulcana	Vulcan Venture (Old)	1988	Konami
vulcanb	Vulcan Venture (Oldest)	1988	Konami
gradius2	Gradius II - GOFER no Yabou (Japan New Ver.)	1988	Konami
gradius2a	Gradius II - GOFER no Yabou (Japan Old Ver.)	1988	Konami
gradius2b	Gradius II - GOFER no Yabou (Japan Older Ver.)	1988	Konami
cuebrickj	Cue Brick (Japan)	1989	Konami
fround	The Final Round (version M)	1988	Konami
froundl	The Final Round (version L)	1988	Konami
hpuncher	Hard Puncher (Japan)	1988	Konami
miaj	M.I.A. - Missing in Action (Japan)	1989	Konami
cuebrick	Cue Brick (World version D)	1989	Konami
mia	M.I.A. - Missing in Action (version T)	1989	Konami
mia2	M.I.A. - Missing in Action (version S)	1989	Konami
tmnt	Teenage Mutant Ninja Turtles (World 4 Players)	1989	Konami
tmntu	Teenage Mutant Ninja Turtles (US 4 Players, set 1)	1989	Konami
tmntua	Teenage Mutant Ninja Turtles (US 4 Players, set 2)	1989	Konami
tmht	Teenage Mutant Hero Turtles (UK 4 Players, set 1)	1989	Konami
tmhta	Teenage Mutant Hero Turtles (UK 4 Players, set 2)	1989	Konami
tmntj	Teenage Mutant Ninja Turtles (Japan 4 Players)	1990	Konami
tmht2p	Teenage Mutant Hero Turtles (UK 2 Players, set 1)	1989	Konami
tmht2pa	Teenage Mutant Hero Turtles (UK 2 Players, set 2)	1989	Konami
tmnt2pj	Teenage Mutant Ninja Turtles (Japan 2 Players)	1990	Konami
tmnt2po	Teenage Mutant Ninja Turtles (Oceania 2 Players)	1989	Konami
punkshot	Punk Shot (US 4 Players)	1990	Konami
punkshot2	Punk Shot (US 2 Players)	1990	Konami
punkshotj	Punk Shot (Japan 2 Players)	1990	Konami
lgtnfght	Lightning Fighters (World)	1990	Konami
lgtnfghta	Lightning Fighters (Asia)	1990	Konami
lgtnfghtu	Lightning Fighters (US)	1990	Konami
trigon	Trigon (Japan)	1990	Konami
blswhstl	Bells & Whistles (Version L)	1991	Konami
detatwin	Detana!! Twin Bee (Japan ver. J)	1991	Konami
glfgreat	Golfing Greats	1991	Konami
glfgreatj	Golfing Greats (Japan)	1991	Konami
tmnt2	Teenage Mutant Ninja Turtles - Turtles in Time (4 Players ver UAA)	1991	Konami
tmnt2a	Teenage Mutant Ninja Turtles - Turtles in Time (4 Players ver ADA)	1991	Konami
tmht22pe	Teenage Mutant Hero Turtles - Turtles in Time (2 Players ver EBA)	1991	Konami
tmnt22pu	Teenage Mutant Ninja Turtles - Turtles in Time (2 Players ver UDA)	1991	Konami
ssriders	Sunset Riders (4 Players ver EAC)	1991	Konami
ssridersebd	Sunset Riders (2 Players ver EBD)	1991	Konami
ssridersebc	Sunset Riders (2 Players ver EBC)	1991	Konami
ssridersuda	Sunset Riders (4 Players ver UDA)	1991	Konami
ssriderseaa	Sunset Riders (4 Players ver EAA)	1991	Konami
ssridersuac	Sunset Riders (4 Players ver UAC)	1991	Konami
ssridersubc	Sunset Riders (2 Players ver UBC)	1991	Konami
ssridersabd	Sunset Riders (2 Players ver ABD)	1991	Konami
ssridersadd	Sunset Riders (4 Players ver ADD)	1991	Konami
ssridersjbd	Sunset Riders (2 Players ver JBD)	1991	Konami
ssridersb	Sunset Riders (bootleg 4 Players ver ADD)	1991	bootleg
xmen	X-Men (4 Players ver UBB)	1992	Konami
xmenj	X-Men (4 Players ver JBA)	1992	Konami
xmene	X-Men (4 Players ver EBA)	1992	Konami
xmen2pe	X-Men (2 Players ver EAA)	1992	Konami
xmen2pa	X-Men (2 Players ver AAA)	1992	Konami
xmen2pj	X-Men (2 Players ver JAA)	1992	Konami
xmen6p	X-Men (6 Players ver ECB)	1992	Konami
xmen6pu	X-Men (6 Players ver UCB)	1992	Konami
xexex	Xexex (ver EAA)	1991	Konami
xexexa	Xexex (ver AAA)	1991	Konami
xexexj	Xexex (ver JAA)	1991	Konami
asterix	Asterix (ver EAD)	1992	Konami
asterixeac	Asterix (ver EAC)	1992	Konami
asterixeaa	Asterix (ver EAA)	1992	Konami
asterixaad	Asterix (ver AAD)	1992	Konami
asterixj	Asterix (ver JAD)	1992	Konami
gijoe	G.I. Joe (World)	1992	Konami
gijoeu	G.I. Joe (US)	1992	Konami
gijoej	G.I. Joe (Japan)	1992	Konami
thndrx2	Thunder Cross II (World)	1991	Konami
thndrx2a	Thunder Cross II (Asia)	1991	Konami
thndrx2j	Thunder Cross II (Japan)	1991	Konami
prmrsocr	Premier Soccer (ver EAB)	1993	Konami
prmrsocrj	Premier Soccer (ver JAB)	1993	Konami
qgakumon	Quiz Gakumon no Susume (Japan ver. JA2 Type L)	1993	Konami
moo	Wild West C.O.W.-Boys of Moo Mesa (ver EA)	1992	Konami
mooua	Wild West C.O.W.-Boys of Moo Mesa (ver UA)	1992	Konami
mooaa	Wild West C.O.W.-Boys of Moo Mesa (ver AA)	1992	Konami
moobl	Wild West C.O.W.-Boys of Moo Mesa (bootleg ver AA)	1992	bootleg
bucky	Bucky O'Hare (ver EA)	1992	Konami
buckyua	Bucky O'Hare (ver UA)	1992	Konami
buckyaa	Bucky O'Hare (ver AA)	1992	Konami
gaiapols	Gaiapolis (ver EAF)	1993	Konami
gaiapolsu	Gaiapolis (ver UAF)	1993	Konami
gaiapolsj	Gaiapolis (ver JAF)	1993	Konami
mystwarr	Mystic Warriors (ver EAA)	1993	Konami
mystwarru	Mystic Warriors (ver UAA)	1993	Konami
mystwarrj	Mystic Warriors (ver JAA)	1993	Konami
mystwarra	Mystic Warriors (ver AAA)	1993	Konami
viostorm	Violent Storm (ver EAB)	1993	Konami
viostormu	Violent Storm (ver UAC)	1993	Konami
viostormub	Violent Storm (ver UAB)	1993	Konami
viostormj	Violent Storm (ver JAC)	1993	Konami
viostorma	Violent Storm (ver AAC)	1993	Konami
mmaulers	Monster Maulers (ver EAA)	1993	Konami
dadandrn	Kyukyoku Sentai Dadandarn (ver JAA)	1993	Konami
metamrph	Metamorphic Force (ver EAA)	1993	Konami
metamrphu	Metamorphic Force (ver UAA)	1993	Konami
metamrphj	Metamorphic Force (ver JAA)	1993	Konami
mtlchamp	Martial Champion (ver EAB)	1993	Konami
mtlchamp1	Martial Champion (ver EAA)	1993	Konami
mtlchampu	Martial Champion (ver UAD)	1993	Konami
mtlchampj	Martial Champion (ver JAA)	1993	Konami
mtlchampa	Martial Champion (ver AAA)	1993	Konami
rungun	Run and Gun (ver EAA 1993 10.8)	1993	Konami
runguna	Run and Gun (ver EAA 1993 10.4)	1993	Konami
rungunu	Run and Gun (ver UAB 1993 10.12)	1993	Konami
rungunua	Run and Gun (ver UBA 1993 10.8)	1993	Konami
slmdunkj	Slam Dunk (ver JAA 1993 10.8)	1993	Konami
dbz	Dragonball Z	1993	Banpresto
dbz2	Dragonball Z 2 - Super Battle	1994	Banpresto
bishi	Bishi Bashi Championship Mini Game Senshuken (ver JAA, 3 Players)	1996	Konami
sbishi	Super Bishi Bashi Championship (ver JAA, 2 Players)	1998	Konami
sbishik	Super Bishi Bashi Championship (ver KAA, 3 Players)	1998	Konami
overdriv	Over Drive	1990	Konami
gradius3	Gradius III (Japan)	1989	Konami
gradius3a	Gradius III (Asia)	1989	Konami
gradius3e	Gradius III (World ?)	1989	Konami
plygonet	Polygonet Commanders (ver UAA)	1993	Konami
polynetw	Poly-Net Warriors (ver JAA)	1993	Konami
konamigx	System GX	1994	Konami
racinfrc	Racin' Force (ver EAC)	1994	Konami
racinfrcu	Racin' Force (ver UAB)	1994	Konami
opengolf	Konami's Open Golf Championship (ver EAE)	1994	Konami
opengolf2	Konami's Open Golf Championship (ver EAD)	1994	Konami
ggreats2	Golfing Greats 2 (ver JAC)	1994	Konami
le2	Lethal Enforcers II: Gun Fighters (ver EAA)	1994	Konami
le2u	Lethal Enforcers II: Gun Fighters (ver UAA)	1994	Konami
le2j	Lethal Enforcers II: The Western (ver JAA)	1994	Konami
puzldama	Taisen Puzzle-dama (ver JAA)	1994	Konami
gokuparo	Gokujyou Parodius (ver JAD)	1994	Konami
fantjour	Fantastic Journey (ver EAA)	1994	Konami
fantjoura	Fantastic Journey (ver AAA)	1994	Konami
dragoona	Dragoon Might (ver AAB)	1995	Konami
dragoonj	Dragoon Might (ver JAA)	1995	Konami
tbyahhoo	Twin Bee Yahhoo! (ver JAA)	1995	Konami
tkmmpzdm	Tokimeki Memorial Taisen Puzzle-dama (ver JAB)	1995	Konami
salmndr2	Salamander 2 (ver JAA)	1996	Konami
salmndr2a	Salamander 2 (ver AAB)	1996	Konami
sexyparo	Sexy Parodius (ver JAA)	1996	Konami
daiskiss	Daisu-Kiss (ver JAA)	1996	Konami
tokkae	Taisen Tokkae-dama (ver JAA)	1996	Konami
winspike	Winning Spike (ver EAA)	1997	Konami
winspikej	Winning Spike (ver JAA)	1997	Konami
soccerss	Soccer Superstars (ver EAA)	1994	Konami
soccerssj	Soccer Superstars (ver JAC)	1994	Konami
soccerssja	Soccer Superstars (ver JAA)	1994	Konami
soccerssa	Soccer Superstars (ver AAA)	1994	Konami
vsnetscr	Versus Net Soccer (ver EAD)	1996	Konami
vsnetscreb	Versus Net Soccer (ver EAB)	1996	Konami
vsnetscru	Versus Net Soccer (ver UAB)	1996	Konami
vsnetscra	Versus Net Soccer (ver AAA)	1996	Konami
vsnetscrj	Versus Net Soccer (ver JAB)	1996	Konami
rungun2	Run and Gun 2 (ver UAA)	1996	Konami
slamdnk2	Slam Dunk 2 (ver JAA)	1996	Konami
rushhero	Rushing Heroes (ver UAB)	1996	Konami
qdrmfgp	Quiz Do Re Mi Fa Grand Prix (Japan)	1994	Konami
qdrmfgp2	Quiz Do Re Mi Fa Grand Prix 2 - Shin-Kyoku Nyuukadayo (Japan)	1995	Konami
kingtut	King Tut (NSW)		Konami
moneybnk	Money In The Bank (NSW)		Konami
bm1stmix	beatmania (ver JA-B)	1997	Konami
bm2ndmix	beatmania 2nd MIX (ver JA-B)	1998	Konami
bm2ndmxa	beatmania 2nd MIX (ver JA-A)	1998	Konami
bm3rdmix	beatmania 3rd MIX (ver JA-A)	1998	Konami
bmcompmx	beatmania complete MIX (ver JA-B)	1999	Konami
hmcompmx	hiphopmania complete MIX (ver UA-B)	1999	Konami
bm4thmix	beatmania 4th MIX (ver JA-A)	1999	Konami
bm5thmix	beatmania 5th MIX (ver JA-A)	1999	Konami
bmclubmx	beatmania Club MIX (ver JA-A)	2000	Konami
bmcorerm	beatmania CORE REMIX (ver JA-A)	2000	Konami
bmdct	beatmania featuring Dreams Come True (ver JA-A)	2000	Konami
bmcompm2	beatmania complete MIX 2 (ver JA-A)	2000	Konami
hmcompm2	hiphopmania complete MIX 2 (ver UA-A)	2000	Konami
bm6thmix	beatmania 6th MIX (ver JA-A)	2001	Konami
bm7thmix	beatmania 7th MIX (ver JA-B)	2001	Konami
bmfinal	beatmania THE FINAL (ver JA-A)	2002	Konami
popn2	Pop'n Music 2 (ver JA-A)	1998	Konami
ppp	ParaParaParadise	2000	Konami
ppd	ParaParaDancing	2000	Konami
ppp11	ParaParaParadise v1.1	2000	Konami
kbm	Keyboardmania	2000	Konami
kbm2nd	Keyboardmania 2nd Mix	2000	Konami
kbm3rd	Keyboardmania 3rd Mix	2001	Konami
popn5	Pop n' Music 5	2000	Konami
popn7	Pop n' Music 7	2001	Konami
fiveside	Five a Side Soccer (ver UAA)	1995	Konami
thunderh	Operation Thunder Hurricane (ver EAA)	1996	Konami
thunderhu	Operation Thunder Hurricane (ver UAA)	1996	Konami
slrasslt	Solar Assault (ver UAA)	1997	Konami
gticlub	GTI Club (ver EAA)	1996	Konami
gticluba	GTI Club (ver AAA)	1996	Konami
gticlubj	GTI Club (ver JAA)	1996	Konami
hangplt	Hang Pilot	1997	Konami
nbapbp	NBA Play By Play	1998	Konami
terabrst	Teraburst (1998/07/17 ver UEL)	1998	Konami
terabrsta	Teraburst (1998/02/25 ver AAA)	1998	Konami
gradius4	Gradius 4: Fukkatsu	1998	Konami
sscope	Silent Scope (ver JZD)	2000	Konami
sscopea	Silent Scope (ver UAB)	2000	Konami
sscopeb	Silent Scope (ver UAA)	2000	Konami
sscope2	Silent Scope 2	2000	Konami
racingj	Racing Jam	1998	Konami
racingj2	Racing Jam: Chapter 2	1999	Konami
thrilld	Thrill Drive (JAE)	1998	Konami
thrilldb	Thrill Drive (JAB)	1998	Konami
midnrun	Midnight Run (Euro v1.11)	1995	Konami
windheat	Winding Heat (EAA, Euro v2.11)	1996	Konami
windheatu	Winding Heat (UBC, USA v2.22)	1996	Konami
windheatj	Winding Heat (JAA, Japan v2.11)	1996	Konami
waveshrk	Wave Shark (UAB, USA v1.04)	1996	Konami
polystar	Tobe! Polystars (ver JAA)	1997	Konami
totlvice	Total Vice (ver UAC)	1997	Konami
totlvicj	Total Vice (ver JAD)	1997	Konami
btltryst	Battle Tryst (ver JAC)	1998	Konami
heatof11	Heat of Eleven '98 (ver EAA)	1998	Konami
evilngt	Evil Night (ver EAA)	1998	Konami
hellngt	Hell Night (ver EAA)	1998	Konami
carpolo	Car Polo	1977	Exidy
sidetrac	Side Track	1979	Exidy
targ	Targ	1980	Exidy
targc	Targ (cocktail?)	1980	Exidy
spectar	Spectar (revision 3)	1980	Exidy
spectar1	Spectar (revision 1?)	1980	Exidy
rallys	Rallys (bootleg of Spectar)	1980	bootleg (Novar)
panzer	Panzer (bootleg of Spectar)	1980	bootleg (Proel)
phantoma	Phantomas (bootleg of Spectar)	1980	bootleg (Jeutel)
phantom	Phantom (bootleg of Spectar)	1980	bootleg (Proel)
venture	Venture (version 5 set 1)	1981	Exidy
venture2	Venture (version 5 set 2)	1981	Exidy
venture4	Venture (version 4)	1981	Exidy
teetert	Teeter Torture (prototype)	1982	Exidy
mtrap	Mouse Trap (version 5)	1981	Exidy
mtrap3	Mouse Trap (version 3)	1981	Exidy
mtrap4	Mouse Trap (version 4)	1981	Exidy
pepper2	Pepper II	1982	Exidy
hardhat	Hard Hat	1982	Exidy
fax	FAX	1983	Exidy
fax2	FAX 2	1983	Exidy
circus	Circus / Acrobat TV	1977	Exidy / Taito
circusse	Circus (Sub-Electro bootleg)	1977	bootleg (Sub-Electro)
robotbwl	Robot Bowl	1977	Exidy
crash	Crash	1979	Exidy
smash	Smash (Crash bootleg)	1979	bootleg
ripcord	Rip Cord	1979	Exidy
starfire	Star Fire (set 1)	1979	Exidy
starfirea	Star Fire (set 2)	1979	Exidy
fireone	Fire One	1979	Exidy
starfir2	Star Fire 2	1979	Exidy
victory	Victory	1982	Exidy
victorba	Victor Banana	1982	Exidy
topgunnr	Top Gunner (Exidy)	1986	Exidy
crossbow	Crossbow (version 2.0)	1983	Exidy
cheyenne	Cheyenne (version 1.0)	1984	Exidy
combat	Combat (version 3.0)	1985	Exidy
catch22	Catch-22 (version 8.0)	1985	Exidy
cracksht	Crackshot (version 2.0)	1985	Exidy
claypign	Clay Pigeon (version 2.0)	1986	Exidy
chiller	Chiller (version 3.0)	1986	Exidy
topsecex	Top Secret (Exidy) (version 1.0)	1986	Exidy
hitnmiss	Hit 'n Miss (version 3.0)	1987	Exidy
hitnmiss2	Hit 'n Miss (version 2.0)	1987	Exidy
whodunit	Who Dunit (version 8.0)	1988	Exidy
showdown	Showdown (version 5.0)	1988	Exidy
yukon	Yukon (version 2.0)	1989	Exidy
yukon1	Yukon (version 1.0)	1989	Exidy
maxaflex	Max-A-Flex	1984	Exidy
mf_achas	Astro Chase (Max-A-Flex)	1982	Exidy / First Star Software
mf_brist	Bristles (Max-A-Flex)	1983	Exidy / First Star Software
mf_flip	Flip & Flop (Max-A-Flex)	1983	Exidy / First Star Software
mf_bdash	Boulder Dash (Max-A-Flex)	1984	Exidy / First Star Software
tank8	Tank 8 (set 1)	1976	Atari
tank8a	Tank 8 (set 2)	1976	Atari
tank8b	Tank 8 (set 3)	1976	Atari
tank8c	Tank 8 (set 4)	1976	Atari
tank8d	Tank 8 (set 5)	1976	Atari
cball	Cannonball (Atari, prototype)	1976	Atari
copsnrob	Cops'n Robbers	1976	Atari
flyball	Flyball	1976	Atari
sprint2	Sprint 2 (set 1)	1976	Atari
sprint2a	Sprint 2 (set 2)	1976	Atari
sprint4	Sprint 4 (set 1)	1977	Atari
sprint4a	Sprint 4 (set 2)	1977	Atari
nitedrvr	Night Driver	1976	Atari
dominos	Dominos	1977	Atari
triplhnt	Triple Hunt	1977	Atari
sprint8	Sprint 8	1977	Atari
sprint8a	Sprint 8 (play tag & chase)	1977	Atari
dragrace	Drag Race	1977	Atari
poolshrk	Poolshark	1977	Atari
starshp1	Starship 1	1977	Atari
starshpp	Starship 1 (prototype?)	1977	Atari
superbug	Super Bug	1977	Atari
canyon	Canyon Bomber	1977	Atari
canyonp	Canyon Bomber (prototype)	1977	Atari
destroyr	Destroyer	1977	Atari
sprint1	Sprint 1	1978	Atari
ultratnk	Ultra Tank	1978	Atari
skyraid	Sky Raider	1978	Atari
tourtabl	Tournament Table (set 1)	1978	Atari
tourtab2	Tournament Table (set 2)	1978	Atari
avalnche	Avalanche	1978	Atari
cascade	Cascade	1978	bootleg? (Sidam)
firetrk	Fire Truck	1978	Atari
skydiver	Sky Diver	1978	Atari
sbrkout3	Super Breakout (rev 03)	1978	Atari
sbrkout	Super Breakout (rev 04)	1978	Atari
atarifb	Atari Football (revision 2)	1978	Atari
atarifb1	Atari Football (revision 1)	1978	Atari
orbit	Orbit	1978	Atari
boxer	Boxer (prototype)	1978	Atari
wolfpack	Wolf Pack (prototype)	1978	Atari
mgolf	Atari Mini Golf (prototype)	1978	Atari
videopin	Video Pinball	1979	Atari
atarifb4	Atari Football (4 players)	1979	Atari
subs	Subs	1977	Atari
bsktball	Basketball	1979	Atari
abaseb	Atari Baseball (set 1)	1979	Atari
abaseb2	Atari Baseball (set 2)	1979	Atari
montecar	Monte Carlo	1979	Atari
soccer	Atari Soccer	1980	Atari
missile	Missile Command (set 1)	1980	Atari
missile2	Missile Command (set 2)	1980	Atari
suprmatk	Super Missile Attack (for set 2)	1981	Atari / Gencomp
suprmatkd	Super Missile Attack (not encrypted)	1981	Atari / Gencomp
mcombat	Missile Combat (Videotron bootleg, set 1)		bootleg (Videotron)
mcombata	Missile Combat (Videotron bootleg, set 2)		bootleg (Videotron)
llander	Lunar Lander (rev 2)	1979	Atari
llander1	Lunar Lander (rev 1)	1979	Atari
asteroid	Asteroids (rev 4)	1979	Atari
asteroid2	Asteroids (rev 2)	1979	Atari
asteroid1	Asteroids (rev 1)	1979	Atari
asteroidb	Asteroids (bootleg on Lunar Lander hardware)	1979	bootleg
asterock	Asterock	1979	bootleg (Sidam)
meteorts	Meteorites	1979	bootleg (VGG)
meteorho	Meteor	1980	bootleg (Hoei)
astdelux	Asteroids Deluxe (rev 3)	1980	Atari
astdelux2	Asteroids Deluxe (rev 2)	1980	Atari
astdelux1	Asteroids Deluxe (rev 1)	1980	Atari
bzone	Battle Zone (set 1)	1980	Atari
bzone2	Battle Zone (set 2)	1980	Atari
bzonec	Battle Zone (cocktail)	1980	Atari
bradley	Bradley Trainer	1980	Atari
redbaron	Red Baron	1980	Atari
tempest	Tempest (rev 3)	1980	Atari
tempest1	Tempest (rev 1)	1980	Atari
tempest2	Tempest (rev 2)	1980	Atari
tempest3	Tempest (rev 2, Revised Hardware)	1980	Atari
temptube	Tempest Tubes	1980	hack
spacduel	Space Duel	1980	Atari
gravitar	Gravitar (version 3)	1982	Atari
gravitar2	Gravitar (version 2)	1982	Atari
gravp	Gravitar (prototype)	1982	Atari
lunarbat	Lunar Battle (prototype, later)	1982	Atari
lunarba1	Lunar Battle (prototype, earlier)	1982	Atari
quantum	Quantum (rev 2)	1982	Atari
quantum1	Quantum (rev 1)	1982	Atari
quantump	Quantum (prototype)	1982	Atari
bwidow	Black Widow	1982	Atari
starwars	Star Wars (rev 2)	1983	Atari
starwars1	Star Wars (rev 1)	1983	Atari
tomcatsw	TomCat (Star Wars hardware, prototype)	1983	Atari
mhavoc	Major Havoc (rev 3)	1983	Atari
mhavoc2	Major Havoc (rev 2)	1983	Atari
mhavocp	Major Havoc (prototype)	1983	Atari
mhavocrv	Major Havoc (Return to Vax)	1983	Atari / JMA
alphaone	Alpha One (prototype, 3 lives)	1983	Atari
alphaonea	Alpha One (prototype, 5 lives)	1983	Atari
esb	The Empire Strikes Back	1985	Atari Games
tomcat	TomCat (prototype)	1985	Atari
warlords	Warlords	1980	Atari
centiped	Centipede (revision 3)	1980	Atari
centiped2	Centipede (revision 2)	1980	Atari
centtime	Centipede (1 player, timed)	1980	Atari
centipdb	Centipede (bootleg)	1980	bootleg
centipdd	Centipede Dux (hack)	1980	hack
caterplr	Caterpillar	1980	bootleg
millpac	Millpac	1980	bootleg? (Valadon Automation)
magworm	Magic Worm (bootleg)	1980	bootleg
mazeinv	Maze Invaders (prototype)	1981	Atari
milliped	Millipede	1982	Atari
millipdd	Millipede Dux (hack)	1982	hack
qwak	Qwak (prototype)	1982	Atari
runaway	Runaway (prototype)	1982	Atari
bullsdrt	Bulls Eye Darts	1985	Shinkai Inc. (Magic Eletronics Inc. license)
cmmb162	Multipede (V1.00)		Infogrames / Cosmodog
tunhunt	Tunnel Hunt	1979	Atari
tunhuntc	Tunnel Hunt (Centuri)	1981	Atari (Centuri license)
liberatr	Liberator (set 1)	1982	Atari
liberatr2	Liberator (set 2)	1982	Atari
foodf	Food Fight (rev 3)	1982	Atari
foodf2	Food Fight (rev 2)	1982	Atari
foodfc	Food Fight (cocktail)	1982	Atari
ccastles	Crystal Castles (version 4)	1983	Atari
ccastlesg	Crystal Castles (version 3, German)	1983	Atari
ccastlesp	Crystal Castles (version 3, Spanish)	1983	Atari
ccastlesf	Crystal Castles (version 3, French)	1983	Atari
ccastles3	Crystal Castles (version 3)	1983	Atari
ccastles2	Crystal Castles (version 2)	1983	Atari
ccastles1	Crystal Castles (version 1)	1983	Atari
ccastlesj	Crystal Castles (joystick version)	1983	Atari
cloak	Cloak & Dagger (rev 5)	1983	Atari
cloaksp	Cloak & Dagger (Spanish)	1983	Atari
cloakfr	Cloak & Dagger (French)	1983	Atari
cloakgr	Cloak & Dagger (German)	1983	Atari
agentx4	Agent X (prototype, rev 4)	1983	Atari
agentx3	Agent X (prototype, rev 3)	1983	Atari
agentx2	Agent X (prototype, rev 2)	1983	Atari
agentx1	Agent X (prototype, rev 1)	1983	Atari
cloud9	Cloud 9 (prototype)	1983	Atari
firebeas	Firebeast (prototype)	1983	Atari
firefox	Fire Fox (set 1)	1984	Atari
firefoxa	Fire Fox (set 2)	1984	Atari
jedi	Return of the Jedi	1984	Atari
atarisy1	Atari System 1 BIOS	1984	Atari Games
peterpak	Peter Pack-Rat	1984	Atari Games
marble	Marble Madness (set 1)	1984	Atari Games
marble2	Marble Madness (set 2)	1984	Atari Games
marble3	Marble Madness (set 3)	1984	Atari Games
marble4	Marble Madness (set 4)	1984	Atari Games
marble5	Marble Madness (set 5 - LSI Cartridge)	1984	Atari Games
indytemp	Indiana Jones and the Temple of Doom (set 1)	1985	Atari Games
indytemp2	Indiana Jones and the Temple of Doom (set 2)	1985	Atari Games
indytemp3	Indiana Jones and the Temple of Doom (set 3)	1985	Atari Games
indytemp4	Indiana Jones and the Temple of Doom (set 4)	1985	Atari Games
indytempd	Indiana Jones and the Temple of Doom (German)	1985	Atari Games
indytempc	Indiana Jones and the Temple of Doom (Cocktail)	1985	Atari Games
roadrunn	Road Runner (rev 2)	1985	Atari Games
roadrunn2	Road Runner (rev 1+)	1985	Atari Games
roadrunn1	Road Runner (rev 1)	1985	Atari Games
roadblst	Road Blasters (upright, rev 4)	1987	Atari Games
roadblstg	Road Blasters (upright, German, rev 3)	1987	Atari Games
roadblst3	Road Blasters (upright, rev 3)	1987	Atari Games
roadblstg2	Road Blasters (upright, German, rev 2)	1987	Atari Games
roadblst2	Road Blasters (upright, rev 2)	1987	Atari Games
roadblstg1	Road Blasters (upright, German, rev 1)	1987	Atari Games
roadblst1	Road Blasters (upright, rev 1)	1987	Atari Games
roadblstc	Road Blasters (cockpit, rev 2)	1987	Atari Games
roadblstcg	Road Blasters (cockpit, German, rev 1)	1987	Atari Games
roadblstc1	Road Blasters (cockpit, rev 1)	1987	Atari Games
paperboy	Paperboy (rev 3)	1984	Atari Games
paperboyr2	Paperboy (rev 2)	1984	Atari Games
paperboyr1	Paperboy (rev 1)	1984	Atari Games
ssprint	Super Sprint (rev 4)	1986	Atari Games
ssprint3	Super Sprint (rev 3)	1986	Atari Games
ssprint1	Super Sprint (rev 1)	1986	Atari Games
ssprintg	Super Sprint (German, rev 2)	1986	Atari Games
ssprintg1	Super Sprint (German, rev 1)	1986	Atari Games
ssprintf	Super Sprint (French)	1986	Atari Games
ssprints	Super Sprint (Spanish)	1986	Atari Games
csprint	Championship Sprint (rev 3)	1986	Atari Games
csprint2	Championship Sprint (rev 2)	1986	Atari Games
csprint1	Championship Sprint (rev 1)	1986	Atari Games
csprintg	Championship Sprint (German, rev 2)	1986	Atari Games
csprintg1	Championship Sprint (German, rev 1)	1986	Atari Games
csprintf	Championship Sprint (French)	1986	Atari Games
csprints	Championship Sprint (Spanish, rev 2)	1986	Atari Games
csprints1	Championship Sprint (Spanish, rev 1)	1986	Atari Games
720	720 Degrees (rev 4)	1986	Atari Games
720r3	720 Degrees (rev 3)	1986	Atari Games
720r2	720 Degrees (rev 2)	1986	Atari Games
720r1	720 Degrees (rev 1)	1986	Atari Games
720g	720 Degrees (German, rev 2)	1986	Atari Games
720gr1	720 Degrees (German, rev 1)	1986	Atari Games
apb	APB - All Points Bulletin (rev 7)	1987	Atari Games
apb6	APB - All Points Bulletin (rev 6)	1987	Atari Games
apb5	APB - All Points Bulletin (rev 5)	1987	Atari Games
apb4	APB - All Points Bulletin (rev 4)	1987	Atari Games
apb3	APB - All Points Bulletin (rev 3)	1987	Atari Games
apb2	APB - All Points Bulletin (rev 2)	1987	Atari Games
apb1	APB - All Points Bulletin (rev 1)	1987	Atari Games
apbg	APB - All Points Bulletin (German)	1987	Atari Games
apbf	APB - All Points Bulletin (French)	1987	Atari Games
irobot	I, Robot	1983	Atari
harddriv	Hard Drivin' (cockpit, rev 7)	1988	Atari Games
harddrivb	Hard Drivin' (cockpit, British, rev 7)	1988	Atari Games
harddrivg	Hard Drivin' (cockpit, German, rev 7)	1988	Atari Games
harddrivj	Hard Drivin' (cockpit, Japan, rev 7)	1988	Atari Games
harddrivb6	Hard Drivin' (cockpit, British, rev 6)	1988	Atari Games
harddrivj6	Hard Drivin' (cockpit, Japan, rev 6)	1988	Atari Games
harddrivb5	Hard Drivin' (cockpit, British, rev 5)	1988	Atari Games
harddrivg4	Hard Drivin' (cockpit, German, rev 4)	1988	Atari Games
harddriv3	Hard Drivin' (cockpit, rev 3)	1988	Atari Games
harddriv2	Hard Drivin' (cockpit, rev 2)	1988	Atari Games
harddriv1	Hard Drivin' (cockpit, rev 1)	1988	Atari Games
harddrivc	Hard Drivin' (compact, rev 2)	1990	Atari Games
harddrivcg	Hard Drivin' (compact, German, rev 2)	1990	Atari Games
harddrivcb	Hard Drivin' (compact, British, rev 2)	1990	Atari Games
harddrivc1	Hard Drivin' (compact, rev 1)	1990	Atari Games
stunrun	S.T.U.N. Runner (rev 6)	1989	Atari Games
stunrunj	S.T.U.N. Runner (rev 7, Japan)	1989	Atari Games
stunrun5	S.T.U.N. Runner (rev 5)	1989	Atari Games
stunrune	S.T.U.N. Runner (rev 5, Europe)	1989	Atari Games
stunrun4	S.T.U.N. Runner (rev 4)	1989	Atari Games
stunrun3	S.T.U.N. Runner (rev 3)	1989	Atari Games
stunrun3e	S.T.U.N. Runner (rev 3, Europe)	1989	Atari Games
stunrun2	S.T.U.N. Runner (rev 2)	1989	Atari Games
stunrun2e	S.T.U.N. Runner (rev 2, Europe)	1989	Atari Games
stunrun0	S.T.U.N. Runner (rev 0)	1989	Atari Games
stunrunp	S.T.U.N. Runner (upright prototype)	1989	Atari Games
racedriv	Race Drivin' (cockpit, rev 5)	1990	Atari Games
racedrivb	Race Drivin' (cockpit, British, rev 5)	1990	Atari Games
racedrivg	Race Drivin' (cockpit, German, rev 5)	1990	Atari Games
racedriv4	Race Drivin' (cockpit, rev 4)	1990	Atari Games
racedrivb4	Race Drivin' (cockpit, British, rev 4)	1990	Atari Games
racedrivg4	Race Drivin' (cockpit, German, rev 4)	1990	Atari Games
racedriv3	Race Drivin' (cockpit, rev 3)	1990	Atari Games
racedriv2	Race Drivin' (cockpit, rev 2)	1990	Atari Games
racedriv1	Race Drivin' (cockpit, rev 1)	1990	Atari Games
racedrivb1	Race Drivin' (cockpit, British, rev 1)	1990	Atari Games
racedrivg1	Race Drivin' (cockpit, German, rev 2)	1990	Atari Games
racedrivc	Race Drivin' (compact, rev 5)	1990	Atari Games
racedrivcb	Race Drivin' (compact, British, rev 5)	1990	Atari Games
racedrivcg	Race Drivin' (compact, German, rev 5)	1990	Atari Games
racedrivc4	Race Drivin' (compact, rev 4)	1990	Atari Games
racedrivcb4	Race Drivin' (compact, British, rev 4)	1990	Atari Games
racedrivcg4	Race Drivin' (compact, German, rev 4)	1990	Atari Games
racedrivc2	Race Drivin' (compact, rev 2)	1990	Atari Games
racedrivc1	Race Drivin' (compact, rev 1)	1990	Atari Games
racedrivpan	Race Drivin' Panorama (prototype, rev 2.1)	1990	Atari Games
steeltal	Steel Talons (rev 2)	1991	Atari Games
steeltalg	Steel Talons (German, rev 2)	1991	Atari Games
steeltal1	Steel Talons (rev 1)	1991	Atari Games
steeltalp	Steel Talons (prototype)	1991	Atari Games
strtdriv	Street Drivin' (prototype)	1993	Atari Games
hdrivair	Hard Drivin's Airborne (prototype)	1993	Atari Games
hdrivairp	Hard Drivin's Airborne (prototype, early rev)	1993	Atari Games
gauntlet	Gauntlet (rev 14)	1985	Atari Games
gauntlets	Gauntlet (Spanish, rev 15)	1985	Atari Games
gauntletj	Gauntlet (Japanese, rev 13)	1985	Atari Games
gauntletg	Gauntlet (German, rev 10)	1985	Atari Games
gauntletj12	Gauntlet (Japanese, rev 12)	1985	Atari Games
gauntletr9	Gauntlet (rev 9)	1985	Atari Games
gauntletgr8	Gauntlet (German, rev 8)	1985	Atari Games
gauntletr7	Gauntlet (rev 7)	1985	Atari Games
gauntletgr6	Gauntlet (German, rev 6)	1985	Atari Games
gauntletr5	Gauntlet (rev 5)	1985	Atari Games
gauntletr4	Gauntlet (rev 4)	1985	Atari Games
gauntletgr3	Gauntlet (German, rev 3)	1985	Atari Games
gauntletr2	Gauntlet (rev 2)	1985	Atari Games
gauntletr1	Gauntlet (rev 1)	1985	Atari Games
gauntlet2p	Gauntlet (2 Players, rev 6)	1985	Atari Games
gauntlet2pj	Gauntlet (2 Players, Japanese, rev 5)	1985	Atari Games
gauntlet2pg	Gauntlet (2 Players, German, rev 4)	1985	Atari Games
gauntlet2pr3	Gauntlet (2 Players, rev 3)	1985	Atari Games
gauntlet2pj2	Gauntlet (2 Players, Japanese, rev 2)	1985	Atari Games
gauntlet2pg1	Gauntlet (2 Players, German, rev 1)	1985	Atari Games
gaunt2	Gauntlet II	1986	Atari Games
gaunt2g	Gauntlet II (German)	1986	Atari Games
gaunt22p	Gauntlet II (2 Players, rev 2)	1986	Atari Games
gaunt22p1	Gauntlet II (2 Players, rev 1)	1986	Atari Games
gaunt22pg	Gauntlet II (2 Players, German)	1986	Atari Games
vindctr2	Vindicators Part II (rev 3)	1988	Atari Games
vindctr2r2	Vindicators Part II (rev 2)	1988	Atari Games
vindctr2r1	Vindicators Part II (rev 1)	1988	Atari Games
xybots	Xybots (rev 2)	1987	Atari Games
xybotsg	Xybots (German, rev 3)	1987	Atari Games
xybotsf	Xybots (French, rev 3)	1987	Atari Games
xybots1	Xybots (rev 1)	1987	Atari Games
xybots0	Xybots (rev 0)	1987	Atari Games
blstroid	Blasteroids (rev 4)	1987	Atari Games
blstroid3	Blasteroids (rev 3)	1987	Atari Games
blstroid2	Blasteroids (rev 2)	1987	Atari Games
blstroidg	Blasteroids (German, rev 2)	1987	Atari Games
blstroidh	Blasteroids (with heads)	1987	Atari Games
vindictr	Vindicators (rev 5)	1988	Atari Games
vindictre	Vindicators (Europe, rev 5)	1988	Atari Games
vindictrg	Vindicators (German, rev 1)	1988	Atari Games
vindictre4	Vindicators (Europe, rev 4)	1988	Atari Games
vindictr4	Vindicators (rev 4)	1988	Atari Games
vindictre3	Vindicators (Europe, rev 3)	1988	Atari Games
vindictr2	Vindicators (rev 2)	1988	Atari Games
vindictr1	Vindicators (rev 1)	1988	Atari Games
toobin	Toobin' (rev 3)	1988	Atari Games
toobine	Toobin' (Europe, rev 3)	1988	Atari Games
toobing	Toobin' (German, rev 3)	1988	Atari Games
toobin2	Toobin' (rev 2)	1988	Atari Games
toobin2e	Toobin' (Europe, rev 2)	1988	Atari Games
toobin1	Toobin' (rev 1)	1988	Atari Games
cyberbal	Cyberball (rev 4)	1988	Atari Games
cyberbal2	Cyberball (rev 2)	1988	Atari Games
cyberbalp	Cyberball (prototype)	1988	Atari Games
atetrisc	Tetris (cocktail set 1)	1989	Atari Games
atetrisc2	Tetris (cocktail set 2)	1989	Atari Games
atetris	Tetris (set 1)	1988	Atari Games
atetrisa	Tetris (set 2)	1988	Atari Games
atetrisb	Tetris (bootleg set 1)	1988	bootleg
atetrisb2	Tetris (bootleg set 2)	1988	bootleg
eprom	Escape from the Planet of the Robot Monsters (set 1)	1989	Atari Games
eprom2	Escape from the Planet of the Robot Monsters (set 2)	1989	Atari Games
guts	Guts n' Glory (prototype)	1989	Atari Games
cyberbal2p	Cyberball 2072 (2 player, rev 4)	1989	Atari Games
cyberbal2p3	Cyberball 2072 (2 player, rev 3)	1989	Atari Games
cyberbal2p2	Cyberball 2072 (2 player, rev 2)	1989	Atari Games
cyberbal2p1	Cyberball 2072 (2 player, rev 1)	1989	Atari Games
skullxbo	Skull & Crossbones (rev 5)	1989	Atari Games
skullxbo4	Skull & Crossbones (rev 4)	1989	Atari Games
skullxbo3	Skull & Crossbones (rev 3)	1989	Atari Games
skullxbo2	Skull & Crossbones (rev 2)	1989	Atari Games
skullxbo1	Skull & Crossbones (rev 1)	1989	Atari Games
cyberbalt	Tournament Cyberball 2072 (rev 2)	1989	Atari Games
cyberbalt1	Tournament Cyberball 2072 (rev 1)	1989	Atari Games
badlands	Bad Lands	1989	Atari Games
badlandsb	Bad Lands (bootleg)	1989	bootleg (Playmark)
klax	Klax (set 1)	1989	Atari Games
klax2	Klax (set 2)	1989	Atari Games
klax3	Klax (set 3)	1989	Atari Games
klaxj	Klax (Japan)	1989	Atari Games
klaxd	Klax (Germany)	1989	Atari Games
klaxp1	Klax (prototype set 1)	1989	Atari Games
klaxp2	Klax (prototype set 2)	1989	Atari Games
thunderj	ThunderJaws	1990	Atari Games
hydra	Hydra	1990	Atari Games
hydrap	Hydra (prototype 5/14/90)	1990	Atari Games
hydrap2	Hydra (prototype 5/25/90)	1990	Atari Games
pitfight	Pit Fighter (rev 9)	1990	Atari Games
pitfight7	Pit Fighter (rev 7)	1990	Atari Games
pitfight6	Pit Fighter (rev 6)	1990	Atari Games
pitfight5	Pit Fighter (rev 5)	1990	Atari Games
pitfight4	Pit Fighter (rev 4)	1990	Atari Games
pitfight3	Pit Fighter (rev 3)	1990	Atari Games
pitfightj	Pit Fighter (Japan, 2 players)	1990	Atari Games
pitfightb	Pit Fighter (bootleg)	1990	bootleg
rampart	Rampart (Trackball)	1990	Atari Games
rampart2p	Rampart (Joystick)	1990	Atari Games
rampartj	Rampart (Japan, Joystick)	1990	Atari Games
shuuz	Shuuz (version 8.0)	1990	Atari Games
shuuz2	Shuuz (version 7.1)	1990	Atari Games
batman	Batman	1991	Atari Games
roadriot	Road Riot 4WD	1991	Atari Games
offtwall	Off the Wall (2/3-player upright)	1991	Atari Games
offtwallc	Off the Wall (2-player cocktail)	1991	Atari Games
guardian	Guardians of the 'Hood	1992	Atari Games
relief	Relief Pitcher (set 1)	1992	Atari Games
relief2	Relief Pitcher (set 2)	1992	Atari Games
arcadecl	Arcade Classics (prototype)	1992	Atari Games
sparkz	Sparkz (prototype)	1992	Atari Games
motofren	Moto Frenzy	1992	Atari Games
motofrenmd	Moto Frenzy (Mini Deluxe)	1992	Atari Games
motofrenft	Moto Frenzy (Field Test Version)	1992	Atari Games
motofrenmf	Moto Frenzy (Mini Deluxe Field Test Version)	1992	Atari Games
spclords	Space Lords (rev C)	1992	Atari Games
spclordsb	Space Lords (rev B)	1992	Atari Games
spclordsa	Space Lords (rev A)	1992	Atari Games
spclordsg	Space Lords (rev A, German)	1992	Atari Games
rrreveng	Road Riot's Revenge (prototype, Sep 06, 1994)	1993	Atari Games
rrrevenga	Road Riot's Revenge (prototype, Jan 27, 1994, set 1)	1993	Atari Games
rrrevengb	Road Riot's Revenge (prototype, Jan 27, 1994, set 2)	1993	Atari Games
beathead	BeatHead (prototype)	1993	Atari Games
tmek	T-MEK (v5.1, The Warlords)	1994	Atari Games
tmek51p	T-MEK (v5.1, prototype)	1994	Atari Games
tmek45	T-MEK (v4.5)	1994	Atari Games
tmek44	T-MEK (v4.4)	1994	Atari Games
tmek20	T-MEK (v2.0, prototype)	1994	Atari Games
primrage	Primal Rage (version 2.3)	1994	Atari Games
primrage20	Primal Rage (version 2.0)	1994	Atari Games
metalmx	Metal Maniax (prototype)	1994	Atari Games
area51	Area 51 (R3000)	1996	Atari Games
area51t	Area 51 (Time Warner license)	1995	Atari Games (Time Warner license)
area51a	Area 51 (Atari Games license)	1995	Atari Games
fishfren	Fishin' Frenzy (prototype)	1995	Time Warner Interactive
freezeat	Freeze (Atari) (prototype, English voice, 96/10/25)	1996	Atari Games
freezeatjp	Freeze (Atari) (prototype, Japanese voice, 96/10/25)	1996	Atari Games
freezeat2	Freeze (Atari) (prototype, 96/10/18)	1996	Atari Games
freezeat3	Freeze (Atari) (prototype, 96/10/07)	1996	Atari Games
freezeat4	Freeze (Atari) (prototype, 96/10/03)	1996	Atari Games
freezeat5	Freeze (Atari) (prototype, 96/09/20, AMOA-96)	1996	Atari Games
freezeat6	Freeze (Atari) (prototype, 96/09/07, Jamma-96)	1996	Atari Games
area51mx	Area 51 / Maximum Force Duo v2.0	1998	Atari Games
a51mxr3k	Area 51 / Maximum Force Duo (R3000)	1998	Atari Games
maxforce	Maximum Force v1.05	1996	Atari Games
maxf_102	Maximum Force v1.02	1996	Atari Games
maxf_ng	Maximum Force (No Gore version)	1996	Atari Games
vcircle	Vicious Circle (prototype)	1996	Atari Games
a51site4	Area 51: Site 4	1998	Atari Games
sasuke	Sasuke vs. Commander	1980	SNK
satansat	Satan of Saturn (set 1)	1981	SNK
satansata	Satan of Saturn (set 2)	1981	SNK
zarzon	Zarzon	1981	SNK (Taito America license)
vanguard	Vanguard (SNK)	1981	SNK
vanguardc	Vanguard (Centuri)	1981	SNK (Centuri license)
vanguardj	Vanguard (Japan)	1981	SNK
fantasy	Fantasy (World)	1981	SNK
fantasyu	Fantasy (US)	1981	SNK (Rock-Ola license)
fantasyj	Fantasy (Japan)	1981	SNK
pballoon	Pioneer Balloon	1982	SNK
nibbler	Nibbler (set 1)	1982	Rock-Ola
nibblera	Nibbler (set 2)	1982	Rock-Ola
nibblerb	Nibbler (set 3)	1982	Rock-Ola
nibblero	Nibbler (Olympia)	1983	Rock-Ola (Olympia license)
lasso	Lasso	1982	SNK
chameleo	Chameleon	1983	Jaleco
wwjgtin	Wai Wai Jockey Gate-In!	1984	Jaleco / Casio
photof	Photo Finish	1991	bootleg?
pinbo	Pinbo (set 1)	1984	Jaleco
pinboa	Pinbo (set 2)	1984	Jaleco
pinbos	Pinbo (Strike)	1985	bootleg?
joyfulr	Joyful Road (Japan)	1983	SNK
mnchmobl	Munch Mobile (US)	1983	SNK (Centuri license)
marvins	Marvin's Maze	1983	SNK
madcrash	Mad Crasher	1984	SNK
madcrush	Mad Crusher (Japan)	1984	SNK
vangrd2	Vanguard II	1984	SNK
mainsnk	Main Event (1984)	1984	SNK
canvas	Canvas Croquis	1985	SNK
jcross	Jumping Cross	1984	SNK
sgladiat	Gladiator 1984	1984	SNK
hal21	HAL21	1985	SNK
hal21j	HAL21 (Japan)	1985	SNK
aso	ASO - Armored Scrum Object	1985	SNK
alphamis	Alpha Mission	1985	SNK
arian	Arian Mission	1985	SNK
tnk3	T.N.K III (US)	1985	SNK
tnk3j	T.A.N.K (Japan)	1985	SNK
athena	Athena	1986	SNK
fitegolf	Fighting Golf (World?)	1988	SNK
fitegolfu	Fighting Golf (US)	1988	SNK
countryc	Country Club	1988	SNK
ikari	Ikari Warriors (US JAMMA)	1986	SNK
ikaria	Ikari Warriors (US)	1986	SNK
ikarinc	Ikari Warriors (US No Continues)	1986	SNK
ikarijp	Ikari (Japan No Continues)	1986	SNK
ikarijpb	Ikari (Joystick hack bootleg)	1986	bootleg
victroad	Victory Road	1986	SNK
dogosoke	Dogou Souken	1986	SNK
dogosokb	Dogou Souken (Joystick hack bootleg)	1986	bootleg
gwar	Guerrilla War (US)	1987	SNK
gwarj	Guevara (Japan)	1987	SNK
gwara	Guerrilla War (Version 1)	1987	SNK
gwarb	Guerrilla War (Joystick hack bootleg)	1987	bootleg
bermudat	Bermuda Triangle (World?)	1987	SNK
bermudatj	Bermuda Triangle (Japan)	1987	SNK
bermudata	Bermuda Triangle (World Wars) (US)	1987	SNK
worldwar	World Wars (World?)	1987	SNK
psychos	Psycho Soldier (US)	1987	SNK
psychosj	Psycho Soldier (Japan)	1987	SNK
chopper	Chopper I (US set 1)	1988	SNK
choppera	Chopper I (US set 2)	1988	SNK
chopperb	Chopper I (US set 3)	1988	SNK
legofair	Koukuu Kihei Monogatari - The Legend of Air Cavalry (Japan)	1988	SNK
fsoccer	Fighting Soccer (version 4)	1988	SNK
fsoccerj	Fighting Soccer (Japan)	1988	SNK
fsoccerb	Fighting Soccer (Joystick hack bootleg)	1988	bootleg
tdfever	TouchDown Fever (US?)	1987	SNK
tdfeverj	TouchDown Fever (Japan)	1987	SNK
tdfever2	TouchDown Fever 2	1988	SNK
ikari3	Ikari III - The Rescue (Rotary Joystick)	1989	SNK
ikari3nr	Ikari III - The Rescue (8-Way Joystick)	1989	SNK
pow	P.O.W. - Prisoners of War (US version 1)	1988	SNK
powj	Datsugoku - Prisoners of War (Japan)	1988	SNK
searchar	SAR - Search And Rescue (World)	1989	SNK
searcharu	SAR - Search And Rescue (US)	1989	SNK
searcharj	SAR - Search And Rescue (Japan)	1989	SNK
streetsm	Street Smart (US version 2)	1989	SNK
streetsm1	Street Smart (US version 1)	1989	SNK
streetsmw	Street Smart (World version 1)	1989	SNK
streetsmj	Street Smart (Japan version 1)	1989	SNK
prehisle	Prehistoric Isle in 1930 (World)	1989	SNK
prehisleu	Prehistoric Isle in 1930 (US)	1989	SNK
gensitou	Genshi-Tou 1930's	1989	SNK
mechatt	Mechanized Attack (World)	1989	SNK
mechattu	Mechanized Attack (US)	1989	SNK
bbusters	Beast Busters (World)	1989	SNK
bbustersu	Beast Busters (US, Version 2)	1989	SNK
dmndrby	Diamond Derby (Newer)	1994	Electrocoin
dmndrbya	Diamond Derby (Original)	1986	Electrocoin
neogeo	Neo-Geo	1990	SNK
nam1975	NAM-1975	1990	SNK
bstars	Baseball Stars Professional (set 1)	1990	SNK
bstarsh	Baseball Stars Professional (set 2)	1990	SNK
tpgolf	Top Player's Golf	1990	SNK
mahretsu	Mahjong Kyo Retsuden	1990	SNK
maglord	Magician Lord (set 1)	1990	Alpha Denshi Co.
maglordh	Magician Lord (set 2)	1990	Alpha Denshi Co.
ridhero	Riding Hero (set 1)	1990	SNK
ridheroh	Riding Hero (set 2)	1990	SNK
alpham2	Alpha Mission II / ASO II - Last Guardian	1991	SNK
ncombat	Ninja Combat (set 1)	1990	Alpha Denshi Co.
ncombath	Ninja Combat (set 2)	1990	Alpha Denshi Co.
cyberlip	Cyber-Lip	1990	SNK
superspy	The Super Spy	1990	SNK
mutnat	Mutation Nation	1992	SNK
kotm	King of the Monsters (set 1)	1991	SNK
kotmh	King of the Monsters (set 2)	1991	SNK
sengoku	Sengoku / Sengoku Denshou (set 1)	1991	SNK
sengokh	Sengoku / Sengoku Denshou (set 2)	1991	SNK
burningf	Burning Fight (set 1)	1991	SNK
burningfh	Burning Fight (set 2)	1991	SNK
lbowling	League Bowling	1990	SNK
gpilots	Ghost Pilots (set 1)	1991	SNK
gpilotsh	Ghost Pilots (set 2)	1991	SNK
joyjoy	Puzzled / Joy Joy Kid	1990	SNK
bjourney	Blue's Journey / Raguy	1990	Alpha Denshi Co.
quizdais	Quiz Daisousa Sen - The Last Count Down	1991	SNK
quizdaisk	Quiz Daisousa Sen - The Last Count Down (Korean release)	1991	SNK
lresort	Last Resort	1992	SNK
eightman	Eight Man	1991	SNK / Pallas
minasan	Minnasanno Okagesamadesu	1990	Monolith Corp.
legendos	Legend of Success Joe / Ashitano Joe Densetsu	1991	SNK
2020bb	2020 Super Baseball (set 1)	1991	SNK / Pallas
2020bba	2020 Super Baseball (set 2)	1991	SNK / Pallas
2020bbh	2020 Super Baseball (set 3)	1991	SNK / Pallas
socbrawl	Soccer Brawl (set 1)	1991	SNK
socbrawlh	Soccer Brawl (set 2)	1991	SNK
roboarmy	Robo Army	1991	SNK
fatfury1	Fatal Fury - King of Fighters / Garou Densetsu - shukumei no tatakai	1991	SNK
fbfrenzy	Football Frenzy	1992	SNK
bakatono	Bakatonosama Mahjong Manyuuki	1991	Monolith Corp.
crsword	Crossed Swords	1991	Alpha Denshi Co.
trally	Thrash Rally	1991	Alpha Denshi Co.
kotm2	King of the Monsters 2 - The Next Thing	1992	SNK
sengoku2	Sengoku 2 / Sengoku Denshou 2	1993	SNK
bstars2	Baseball Stars 2	1992	SNK
quizdai2	Quiz Meitantei Neo & Geo - Quiz Daisousa Sen part 2	1992	SNK
3countb	3 Count Bout / Fire Suplex	1993	SNK
aof	Art of Fighting / Ryuuko no Ken	1992	SNK
samsho	Samurai Shodown / Samurai Spirits (set 1)	1993	SNK
samshoh	Samurai Shodown / Samurai Spirits (set 2)	1993	SNK
tophuntr	Top Hunter - Roddy & Cathy (set 1)	1994	SNK
tophuntrh	Top Hunter - Roddy & Cathy (set 2)	1994	SNK
fatfury2	Fatal Fury 2 / Garou Densetsu 2 - arata-naru tatakai	1992	SNK
janshin	Jyanshin Densetsu - Quest of Jongmaster	1994	Aicom
androdun	Andro Dunos	1992	Visco
ncommand	Ninja Commando	1992	Alpha Denshi Co.
viewpoin	Viewpoint	1992	Sammy / Aicom
ssideki	Super Sidekicks / Tokuten Ou	1992	SNK
wh1	World Heroes (set 1)	1992	Alpha Denshi Co.
wh1h	World Heroes (set 2)	1992	Alpha Denshi Co.
wh1ha	World Heroes (set 3)	1992	Alpha Denshi Co.
kof94	The King of Fighters '94	1994	SNK
aof2	Art of Fighting 2 / Ryuuko no Ken 2 (set 1)	1994	SNK
aof2a	Art of Fighting 2 / Ryuuko no Ken 2 (set 2)	1994	SNK
wh2	World Heroes 2	1993	ADK
fatfursp	Fatal Fury Special / Garou Densetsu Special (set 1)	1993	SNK
fatfursa	Fatal Fury Special / Garou Densetsu Special (set 2)	1993	SNK
savagere	Savage Reign / Fu'un Mokushiroku - kakutou sousei	1995	SNK
fightfev	Fight Fever (set 1)	1994	Viccom
fightfeva	Fight Fever (set 2)	1994	Viccom
ssideki2	Super Sidekicks 2 - The World Championship / Tokuten Ou 2 - real fight football	1994	SNK
spinmast	Spin Master / Miracle Adventure	1993	Data East Corporation
samsho2	Samurai Shodown II / Shin Samurai Spirits - Haohmaru jigokuhen	1994	SNK
samsho2k	Saulabi Spirits / Jin Saulabi Tu Hon (Korean release of Samurai Shodown II)	1994	SNK
wh2j	World Heroes 2 Jet (set 1)	1994	ADK / SNK
wh2jh	World Heroes 2 Jet (set 2)	1994	ADK / SNK
wjammers	Windjammers / Flying Power Disc	1994	Data East Corporation
karnovr	Karnov's Revenge / Fighter's History Dynamite	1994	Data East Corporation
gururin	Gururin	1994	Face
pspikes2	Power Spikes II	1994	Video System Co.
fatfury3	Fatal Fury 3 - Road to the Final Victory / Garou Densetsu 3 - haruka-naru tatakai	1995	SNK
zupapa	Zupapa!	2001	SNK
panicbom	Panic Bomber	1994	Eighting / Hudson
aodk	Aggressors of Dark Kombat / Tsuukai GANGAN Koushinkyoku	1994	ADK / SNK
sonicwi2	Aero Fighters 2 / Sonic Wings 2	1994	Video System Co.
zedblade	Zed Blade / Operation Ragnarok	1994	NMK
galaxyfg	Galaxy Fight - Universal Warriors	1995	Sunsoft
strhoop	Street Hoop / Street Slam / Dunk Dream	1994	Data East Corporation
quizkof	Quiz King of Fighters	1995	Saurus
quizkofk	Quiz King of Fighters (Korean release)	1995	Saurus
ssideki3	Super Sidekicks 3 - The Next Glory / Tokuten Ou 3 - eikoue no michi	1995	SNK
doubledr	Double Dragon (Neo-Geo)	1995	Technos Japan
pbobblen	Puzzle Bobble / Bust-A-Move (Neo-Geo) (set 1)	1994	Taito
pbobblenb	Puzzle Bobble / Bust-A-Move (Neo-Geo) (bootleg)	1994	bootleg
kof95	The King of Fighters '95 (set 1)	1995	SNK
kof95h	The King of Fighters '95 (set 2)	1995	SNK
tws96	Tecmo World Soccer '96	1996	Tecmo
samsho3	Samurai Shodown III / Samurai Spirits - Zankurou Musouken (set 1)	1995	SNK
samsho3h	Samurai Shodown III / Samurai Spirits - Zankurou Musouken (set 2)	1995	SNK
fswords	Fighters Swords (Korean release of Samurai Shodown III)	1995	SNK
stakwin	Stakes Winner / Stakes Winner - GI kinzen seihae no michi	1995	Saurus
pulstar	Pulstar	1995	Aicom
whp	World Heroes Perfect	1995	ADK / SNK
kabukikl	Far East of Eden - Kabuki Klash / Tengai Makyou - Shin Den	1995	Hudson
neobombe	Neo Bomberman	1997	Hudson
gowcaizr	Voltage Fighter - Gowcaizer / Choujin Gakuen Gowcaizer	1995	Technos Japan
rbff1	Real Bout Fatal Fury / Real Bout Garou Densetsu	1995	SNK
rbff1a	Real Bout Fatal Fury / Real Bout Garou Densetsu (bug fix revision)	1995	SNK
aof3	Art of Fighting 3 - The Path of the Warrior / Art of Fighting - Ryuuko no Ken Gaiden	1996	SNK
aof3k	Art of Fighting 3 - The Path of the Warrior (Korean release)	1996	SNK
sonicwi3	Aero Fighters 3 / Sonic Wings 3	1995	Video System Co.
turfmast	Neo Turf Masters / Big Tournament Golf	1996	Nazca
mslug	Metal Slug - Super Vehicle-001	1996	Nazca
puzzledp	Puzzle De Pon!	1995	Taito (Visco license)
mosyougi	Syougi No Tatsujin - Master of Syougi	1995	ADK / SNK
marukodq	Chibi Marukochan Deluxe Quiz	1995	Takara
neomrdo	Neo Mr. Do!	1996	Visco
sdodgeb	Super Dodge Ball / Kunio no Nekketsu Toukyuu Densetsu	1996	Technos Japan
goalx3	Goal! Goal! Goal!	1995	Visco
zintrckb	Zintrick / Oshidashi Zentrix (hack)	1996	hack
overtop	Over Top	1996	ADK
neodrift	Neo Drift Out - New Technology	1996	Visco
kof96	The King of Fighters '96 (set 1)	1996	SNK
kof96h	The King of Fighters '96 (set 2)	1996	SNK
ssideki4	The Ultimate 11 - The SNK Football Championship / Tokuten Ou - Honoo no Libero	1996	SNK
kizuna	Kizuna Encounter - Super Tag Battle / Fu'un Super Tag Battle	1996	SNK
ninjamas	Ninja Master's - haoh-ninpo-cho	1996	ADK / SNK
ragnagrd	Ragnagard / Shin-Oh-Ken	1996	Saurus
pgoal	Pleasure Goal / Futsal - 5 on 5 Mini Soccer	1996	Saurus
magdrop2	Magical Drop II	1996	Data East Corporation
samsho4	Samurai Shodown IV - Amakusa's Revenge / Samurai Spirits - Amakusa Kourin	1996	SNK
samsho4k	Pae Wang Jeon Seol / Legend of a Warrior (Korean censored Samurai Shodown IV)	1996	SNK
rbffspec	Real Bout Fatal Fury Special / Real Bout Garou Densetsu Special	1996	SNK
rbffspeck	Real Bout Fatal Fury Special / Real Bout Garou Densetsu Special (Korean release)	1996	SNK
twinspri	Twinkle Star Sprites	1996	ADK / SNK
wakuwak7	Waku Waku 7	1996	Sunsoft
stakwin2	Stakes Winner 2	1996	Saurus
ghostlop	Ghostlop (prototype)	1996	Data East Corporation
breakers	Breakers	1996	Visco
miexchng	Money Puzzle Exchanger / Money Idol Exchanger	1997	Face
kof97	The King of Fighters '97 (set 1)	1997	SNK
kof97h	The King of Fighters '97 (set 2)	1997	SNK
kof97pls	The King of Fighters '97 Plus (bootleg)	1997	bootleg
kog	King of Gladiator (The King of Fighters '97 bootleg)	1997	bootleg
magdrop3	Magical Drop III	1997	Data East Corporation
lastblad	The Last Blade / Bakumatsu Roman - Gekka no Kenshi (set 1)	1997	SNK
lastbladh	The Last Blade / Bakumatsu Roman - Gekka no Kenshi (set 2)	1997	SNK
lastsold	The Last Soldier (Korean release of The Last Blade)	1997	SNK
puzzldpr	Puzzle De Pon! R!	1997	Taito (Visco license)
irrmaze	The Irritating Maze / Ultra Denryu Iraira Bou	1997	SNK / Saurus
popbounc	Pop 'n Bounce / Gapporin	1997	Video System Co.
shocktro	Shock Troopers (set 1)	1997	Saurus
shocktra	Shock Troopers (set 2)	1997	Saurus
blazstar	Blazing Star	1998	Yumekobo
rbff2	Real Bout Fatal Fury 2 - The Newcomers / Real Bout Garou Densetsu 2 - the newcomers (set 1)	1998	SNK
rbff2h	Real Bout Fatal Fury 2 - The Newcomers / Real Bout Garou Densetsu 2 - the newcomers (set 2)	1998	SNK
rbff2k	Real Bout Fatal Fury 2 - The Newcomers (Korean release)	1998	SNK
mslug2	Metal Slug 2 - Super Vehicle-001/II	1998	SNK
kof98	The King of Fighters '98 - The Slugfest / King of Fighters '98 - dream match never ends	1998	SNK
kof98k	The King of Fighters '98 - The Slugfest / King of Fighters '98 - dream match never ends (Korean board)	1998	SNK
kof98ka	The King of Fighters '98 - The Slugfest / King of Fighters '98 - dream match never ends (Korean board 2)	1998	SNK
kof98h	The King of Fighters '98 - The Slugfest / King of Fighters '98 - dream match never ends (AES cart)	1998	SNK
lastbld2	The Last Blade 2 / Bakumatsu Roman - Dai Ni Maku Gekka no Kenshi	1998	SNK
neocup98	Neo-Geo Cup '98 - The Road to the Victory	1998	SNK
breakrev	Breakers Revenge	1998	Visco
shocktr2	Shock Troopers - 2nd Squad	1998	Saurus
lans2004	Lansquenet 2004 (Shock Troopers - 2nd Squad bootleg)	1998	bootleg
flipshot	Battle Flip Shot	1998	Visco
pbobbl2n	Puzzle Bobble 2 / Bust-A-Move Again (Neo-Geo)	1999	Taito (SNK license)
ctomaday	Captain Tomaday	1999	Visco
mslugx	Metal Slug X - Super Vehicle-001	1999	SNK
kof99	The King of Fighters '99 - Millennium Battle (set 1)	1999	SNK
kof99a	The King of Fighters '99 - Millennium Battle (set 2)	1999	SNK
kof99e	The King of Fighters '99 - Millennium Battle (earlier)	1999	SNK
kof99k	The King of Fighters '99 - Millennium Battle (Korean release)	1999	SNK
kof99p	The King of Fighters '99 - Millennium Battle (prototype)	1999	SNK
ganryu	Ganryu / Musashi Ganryuki	1999	Visco
garou	Garou - Mark of the Wolves (set 1)	1999	SNK
garouo	Garou - Mark of the Wolves (set 2)	1999	SNK
garoup	Garou - Mark of the Wolves (prototype)	1999	SNK
garoubl	Garou - Mark of the Wolves (bootleg)	1999	bootleg
s1945p	Strikers 1945 Plus	1999	Psikyo
preisle2	Prehistoric Isle 2	1999	Yumekobo
mslug3	Metal Slug 3	2000	SNK
mslug3h	Metal Slug 3 (not encrypted)	2000	SNK
mslug3b6	Metal Slug 6 (Metal Slug 3 bootleg)	2000	bootleg
kof2000	The King of Fighters 2000	2000	SNK
kof2000n	The King of Fighters 2000 (not encrypted)	2000	SNK
bangbead	Bang Bead	2000	Visco
nitd	Nightmare in the Dark	2000	Eleven / Gavaking
nitdbl	Nightmare in the Dark (bootleg)	2001	bootleg
sengoku3	Sengoku 3 / Sengoku Densho 2001	2001	Noise Factory / SNK
kof2001	The King of Fighters 2001 (set 1)	2001	Eolith / SNK
kof2001h	The King of Fighters 2001 (set 2)	2001	Eolith / SNK
cthd2003	Crouching Tiger Hidden Dragon 2003 (The King of Fighters 2001 bootleg)	2003	bootleg
ct2k3sp	Crouching Tiger Hidden Dragon 2003 Super Plus (The King of Fighters 2001 bootleg)	2003	bootleg
ct2k3sa	Crouching Tiger Hidden Dragon 2003 Super Plus alternate (The King of Fighters 2001 bootleg)	2003	bootleg
mslug4	Metal Slug 4 (set 1)	2002	Mega / Playmore
mslug4h	Metal Slug 4 (set 2)	2002	Mega / Playmore
ms4plus	Metal Slug 4 Plus (bootleg)	2002	bootleg
rotd	Rage of the Dragons	2002	Evoga / Playmore
kof2002	The King of Fighters 2002	2002	Eolith / Playmore
kof2002b	The King of Fighters 2002 (bootleg)	2002	bootleg
kf2k2pls	The King of Fighters 2002 Plus (bootleg set 1)	2002	bootleg
kf2k2pla	The King of Fighters 2002 Plus (bootleg set 2)	2002	bootleg
kf2k2mp	The King of Fighters 2002 Magic Plus (bootleg)	2002	bootleg
kf2k2mp2	The King of Fighters 2002 Magic Plus II (bootleg)	2002	bootleg
kof10th	The King of Fighters 10th Anniversary (The King of Fighters 2002 bootleg)	2002	bootleg
kf2k5uni	The King of Fighters 10th Anniversary 2005 Unique (The King of Fighters 2002 bootleg)	2004	bootleg
kf10thep	The King of Fighters 10th Anniversary Extra Plus (The King of Fighters 2002 bootleg)	2005	bootleg
kof2k4se	The King of Fighters Special Edition 2004 (The King of Fighters 2002 bootleg)	2004	bootleg
matrim	Matrimelee / Shin Gouketsuji Ichizoku Toukon	2002	Noise Factory / Atlus
matrimbl	Matrimelee / Shin Gouketsuji Ichizoku Toukon (bootleg)	2002	bootleg
pnyaa	Pochi and Nyaa	2003	Aiky / Taito
ms5pcb	Metal Slug 5 (JAMMA PCB)	2003	SNK Playmore
mslug5	Metal Slug 5	2003	SNK Playmore
mslug5h	Metal Slug 5 (AES Cart)	2003	SNK Playmore
ms5plus	Metal Slug 5 Plus (bootleg)	2003	bootleg
svcpcb	SNK vs. Capcom - SVC Chaos (JAMMA PCB, set 1)	2003	SNK Playmore
svcpcba	SNK vs. Capcom - SVC Chaos (JAMMA PCB, set 2)	2003	SNK Playmore
svc	SNK vs. Capcom - SVC Chaos	2003	SNK Playmore
svcboot	SNK vs. Capcom - SVC Chaos (bootleg)	2003	bootleg
svcplus	SNK vs. Capcom - SVC Chaos Plus (bootleg set 1)	2003	bootleg
svcplusa	SNK vs. Capcom - SVC Chaos Plus (bootleg set 2)	2003	bootleg
svcsplus	SNK vs. Capcom - SVC Chaos Super Plus (bootleg)	2003	bootleg
samsho5	Samurai Shodown V / Samurai Spirits Zero (set 1)	2003	Yuki Enterprise / SNK Playmore
samsho5h	Samurai Shodown V / Samurai Spirits Zero (set 2)	2003	Yuki Enterprise / SNK Playmore
samsho5b	Samurai Shodown V / Samurai Spirits Zero (bootleg)	2003	bootleg
kf2k3pcb	The King of Fighters 2003 (Japan, JAMMA PCB)	2003	SNK Playmore
kof2003	The King of Fighters 2003	2003	SNK Playmore
kof2003h	The King of Fighters 2003 (AES cart)	2003	SNK Playmore
kf2k3bl	The King of Fighters 2003 (bootleg set 1)	2003	bootleg
kf2k3bla	The King of Fighters 2003 (bootleg set 2)	2003	bootleg
kf2k3pl	The King of Fighters 2004 Plus / Hero (The King of Fighters 2003 bootleg)	2003	bootleg
kf2k3upl	The King of Fighters 2004 Ultra Plus (The King of Fighters 2003 bootleg)	2003	bootleg
samsh5sp	Samurai Shodown V Special / Samurai Spirits Zero Special (set 1, uncensored)	2004	Yuki Enterprise / SNK Playmore
samsh5sph	Samurai Shodown V Special / Samurai Spirits Zero Special (set 2, censored)	2004	Yuki Enterprise / SNK Playmore
samsh5spn	Samurai Shodown V Special / Samurai Spirits Zero Special (set 3, less censored)	2004	Yuki Enterprise / SNK Playmore
jockeygp	Jockey Grand Prix	2001	Sun Amusement / BrezzaSoft
vliner	V-Liner (set 1)	2001	Dyna / BrezzaSoft
vlinero	V-Liner (set 2)	2001	Dyna / BrezzaSoft
diggerma	Digger Man (prototype)	2000	Kyle Hodgetts
98best44	'98 NeoPri Best 44 (Neo Print)	1998	SNK
hng64	Hyper NeoGeo 64 Bios	1997	SNK
roadedge	Roads Edge / Round Trip (rev.B)	1997	SNK
sams64	Samurai Shodown 64 / Samurai Spirits 64	1998	SNK
xrally	Xtreme Rally / Off Beat Racer!	1998	SNK
bbust2	Beast Busters 2nd Nightmare	1998	SNK
sams64_2	Samurai Shodown: Warrior's Rage / Samurai Spirits 2: Asura Zanmaden	1998	SNK
fatfurwa	Fatal Fury: Wild Ambition (rev.A)	1998	SNK
buriki	Buriki One (rev.B)	1999	SNK
shougi	Shougi	1982	Alpha Denshi Co.
shougi2	Shougi 2	1982	Alpha Denshi Co.
champbas	Champion Base Ball	1983	Alpha Denshi Co. (Sega license)
champbasj	Champion Base Ball (Japan set 1)	1983	Alpha Denshi Co.
champbasja	Champion Base Ball (Japan set 2)	1983	Alpha Denshi Co.
champbb2	Champion Base Ball Part-2: Pair Play (set 1)	1983	Alpha Denshi Co. (Sega license)
champbb2a	Champion Baseball II (set 2)	1983	Alpha Denshi Co.
champbb2j	Champion Baseball II (Japan)	1983	Alpha Denshi Co.
exctsccr	Exciting Soccer	1983	Alpha Denshi Co.
exctsccra	Exciting Soccer (alternate music)	1983	Alpha Denshi Co.
exctsccrj	Exciting Soccer (Japan)	1983	Alpha Denshi Co.
exctsccrj2	Exciting Soccer (Japan set 2)	1983	Alpha Denshi Co.
exctsccrb	Exciting Soccer (bootleg)	1983	bootleg
exctscc2	Exciting Soccer II	1984	Alpha Denshi Co.
talbot	Talbot	1982	Alpha Denshi Co. (Volt Electronics license)
equites	Equites	1984	Alpha Denshi Co.
equitess	Equites (Sega)	1984	Alpha Denshi Co. (Sega license)
gekisou	Gekisou (Japan)	1985	Eastern Corp.
bullfgtr	Bull Fighter	1984	Alpha Denshi Co.
bullfgtrs	Bull Fighter (Sega)	1984	Alpha Denshi Co. (Sega license)
kouyakyu	The Koukouyakyuh	1985	Alpha Denshi Co.
splndrbt	Splendor Blast	1985	Alpha Denshi Co.
hvoltage	High Voltage	1985	Alpha Denshi Co.
sstingry	Super Stingray	1986	Alpha Denshi Co.
kyros	Kyros	1987	Alpha Denshi Co. (World Games Inc. license)
kyrosj	Kyros No Yakata (Japan)	1986	Alpha Denshi Co.
jongbou	Mahjong Block Jongbou (Japan)	1987	SNK
paddlema	Paddle Mania	1988	SNK
timesold	Time Soldiers (US Rev 3)	1987	Alpha Denshi Co. (SNK/Romstar license)
timesold1	Time Soldiers (US Rev 1)	1987	Alpha Denshi Co. (SNK/Romstar license)
btlfield	Battle Field (Japan)	1987	Alpha Denshi Co. (SNK license)
btlfieldb	Battle Field (bootleg)	1987	bootleg
skysoldr	Sky Soldiers (US)	1988	Alpha Denshi Co. (SNK of America/Romstar license)
goldmedl	Gold Medalist	1988	SNK
goldmedla	Gold Medalist (alt)	1988	SNK
goldmedlb	Gold Medalist (bootleg)	1988	bootleg
skyadvnt	Sky Adventure (World)	1989	Alpha Denshi Co.
skyadvntu	Sky Adventure (US)	1989	Alpha Denshi Co. (SNK of America license)
skyadvntj	Sky Adventure (Japan)	1989	Alpha Denshi Co.
gangwars	Gang Wars (US)	1989	Alpha Denshi Co.
gangwarsb	Gang Wars (bootleg)	1989	bootleg
sbasebal	Super Champion Baseball (US)	1989	Alpha Denshi Co. (SNK of America license)
tnextspc	The Next Space	1989	SNK
tnextspcj	The Next Space (Japan)	1989	SNK (Pasadena International Corp. license)
meijinsn	Meijinsen	1986	SNK
scregg	Scrambled Egg	1983	Technos Japan
eggs	Eggs	1983	Technos Japan / Universal USA
dommy	Dommy	1983	Technos Japan
bigprowr	The Big Pro Wrestling!	1983	Technos Japan
tagteam	Tag Team Wrestling	1983	Technos Japan (Data East license)
ssozumo	Syusse Oozumou (Japan)	1984	Technos Japan
mystston	Mysterious Stones - Dr. John's Adventure	1984	Technos Japan
myststono	Mysterious Stones - Dr. Kick in Adventure	1984	Technos Japan
dogfgt	Acrobatic Dog-Fight	1984	Technos Japan
dogfgtj	Dog-Fight (Japan)	1984	Technos Japan
bogeyman	Bogey Manor	1985	Technos Japan
matmania	Mat Mania	1985	Technos Japan (Taito America license)
excthour	Exciting Hour	1985	Technos Japan (Taito license)
maniach	Mania Challenge (set 1)	1986	Technos Japan (Taito America license)
maniach2	Mania Challenge (set 2)	1986	Technos Japan (Taito America license)
renegade	Renegade (US)	1986	Technos Japan (Taito America license)
kuniokun	Nekketsu Kouha Kunio-kun (Japan)	1986	Technos Japan
kuniokunb	Nekketsu Kouha Kunio-kun (Japan bootleg)	1986	bootleg
xsleena	Xain'd Sleena	1986	Technos Japan
xsleenab	Xain'd Sleena (bootleg)	1986	bootleg
solarwar	Solar-Warrior	1986	Technos Japan / Taito (Memetron license)
battlane	Battle Lane! Vol. 5 (set 1)	1986	Technos Japan (Taito license)
battlane2	Battle Lane! Vol. 5 (set 2)	1986	Technos Japan (Taito license)
battlane3	Battle Lane! Vol. 5 (set 3)	1986	Technos Japan (Taito license)
ddragon	Double Dragon (Japan)	1987	Technos Japan
ddragonu	Double Dragon (US Set 1)	1987	Technos Japan (Taito America license)
ddragonua	Double Dragon (US Set 2)	1987	Technos Japan (Taito America license)
ddragonub	Double Dragon (US Set 3)	1987	Technos Japan (Taito America license)
ddragonw	Double Dragon (World Set 1)	1987	Technos Japan (Taito license)
ddragonw1	Double Dragon (World Set 2)	1987	Technos Japan (Taito license)
ddragonb	Double Dragon (bootleg with HD6309)	1987	bootleg
ddragonba	Double Dragon (bootleg with M6803)	1987	bootleg
ddragon6809	Double Dragon (bootleg with 3xM6809, set 1)	1987	bootleg
ddragon6809a	Double Dragon (bootleg with 3xM6809, set 2)	1987	bootleg
ddragonb2	Double Dragon (bootleg)	1987	bootleg
spdodgeb	Super Dodge Ball (US)	1987	Technos Japan
nkdodge	Nekketsu Koukou Dodgeball Bu (Japan)	1987	Technos Japan
nkdodgeb	Nekketsu Koukou Dodgeball Bu (Japan, bootleg)	1987	bootleg
chinagat	China Gate (US)	1988	Technos Japan (Taito / Romstar license)
saiyugou	Sai Yu Gou Ma Roku (Japan)	1988	Technos Japan
saiyugoub1	Sai Yu Gou Ma Roku (Japan bootleg 1)	1988	bootleg
saiyugoub2	Sai Yu Gou Ma Roku (Japan bootleg 2)	1988	bootleg
wwfsstar	WWF Superstars (Europe)	1989	Technos Japan
wwfsstara	WWF Superstars (US, Newer)	1989	Technos Japan
wwfsstaru	WWF Superstars (US)	1989	Technos Japan
wwfsstarj	WWF Superstars (Japan)	1989	Technos Japan
vball	U.S. Championship V'ball (US)	1988	Technos Japan
vball2pj	U.S. Championship V'ball (Japan)	1988	Technos Japan
vballb	U.S. Championship V'ball (bootleg)	1988	bootleg
ddragon2	Double Dragon II - The Revenge (World)	1988	Technos Japan
ddragon2u	Double Dragon II - The Revenge (US)	1988	Technos Japan
toffy	Toffy	1993	Midas
stoffy	Super Toffy	1994	Midas (Unico license)
ddungeon	Dangerous Dungeons	1992	Game Room
ddungeone	Dangerous Dungeons (East Coast Coin Company)	1992	East Coast Coin Company (Melbourne)
darktowr	Dark Tower	1992	Game Room
tstrike	Thunder Strike (Newer)	1991	East Coast Coin Company (Melbourne)
tstrikea	Thunder Strike (Older)	1991	Game Room
ctribe	The Combatribes (US)	1990	Technos Japan
ctribe1	The Combatribes (US Set 1?)	1990	Technos Japan
ctribej	The Combatribes (Japan)	1990	Technos Japan
ctribeb	The Combatribes (bootleg Set 1)	1990	bootleg
ctribeb2	The Combatribes (bootleg Set 2)	1990	bootleg
blockout	Block Out (set 1)	1989	Technos Japan / California Dreams
blockout2	Block Out (set 2)	1989	Technos Japan / California Dreams
blockoutj	Block Out (Japan)	1989	Technos Japan / California Dreams
agress	Agress	1991	Palco
agressb	Agress (English bootleg)	2003	bootleg
ddragon3	Double Dragon 3 - The Rosetta Stone (US)	1990	Technos Japan
ddragon3p	Double Dragon 3 - The Rosetta Stone (prototype)	1990	Technos Japan
ddragon3j	Double Dragon 3 - The Rosetta Stone (Japan)	1990	Technos Japan
ddragon3b	Double Dragon 3 - The Rosetta Stone (bootleg)	1990	bootleg
wwfwfest	WWF WrestleFest (US set 1)	1991	Technos Japan
wwfwfesta	WWF WrestleFest (US Tecmo)	1991	Technos Japan (Tecmo license)
wwfwfestb	WWF WrestleFest (US bootleg)	1991	bootleg
wwfwfestj	WWF WrestleFest (Japan)	1991	Technos Japan
shadfrce	Shadow Force (US Version 2)	1993	Technos Japan
shadfrcej	Shadow Force (Japan Version 3)	1993	Technos Japan
shadfrcejv2	Shadow Force (Japan Version 2)	1993	Technos Japan
berzerk	Berzerk (set 1)	1980	Stern Electronics
berzerk1	Berzerk (set 2)	1980	Stern Electronics
berzerkg	Berzerk (German Speech)	1980	Stern Electronics
frenzy	Frenzy	1981	Stern Electronics
moonwarp	Moon War (prototype on Frenzy hardware)	1981	Stern Electronics
mazerbla	Mazer Blazer (set 1)	1983	Stern Electronics
mazerblaa	Mazer Blazer (set 2)	1983	Stern Electronics
greatgun	Great Guns	1983	Stern Electronics
cliffhgr	Cliff Hanger	1983	Stern Electronics
cliffhgra	Cliff Hanger (Alt)	1983	Stern Electronics
goaltogo	Goal To Go	1983	Stern Electronics
toratora	Tora Tora (prototype?)	1980	GamePlan
megatack	Megatack	1980	GamePlan (Centuri license)
killcom	Killer Comet	1980	GamePlan (Centuri license)
challeng	Challenger	1981	GamePlan (Centuri license)
kaos	Kaos	1981	GamePlan
sia2650	Super Invader Attack	1978	Zelco / Zaccaria
tinv2650	The Invaders	1978	Zelco / Zaccaria
dodgem	Dodgem	1979	Zaccaria
galaxia	Galaxia	1979	Zaccaria
astrowar	Astro Wars	1980	Zaccaria
laserbat	Laser Battle	1981	Zaccaria
lazarian	Lazarian	1981	Zaccaria (Bally Midway license)
catnmous	Cat and Mouse (set 1)	1982	Zaccaria
catnmousa	Cat and Mouse (set 2)	1982	Zaccaria
monymony	Money Money	1983	Zaccaria
jackrabt	Jack Rabbit (set 1)	1984	Zaccaria
jackrabt2	Jack Rabbit (set 2)	1984	Zaccaria
jackrabts	Jack Rabbit (special)	1984	Zaccaria
mouser	Mouser	1983	UPL
mouserc	Mouser (Cosmos)	1983	UPL (Cosmos license)
nova2001	Nova 2001 (Japan)	1983	UPL
nova2001u	Nova 2001 (US)	1983	UPL (Universal license)
ninjakun	Ninjakun Majou no Bouken	1984	UPL (Taito license)
raiders5	Raiders5	1985	UPL
raiders5t	Raiders5 (Japan)	1985	UPL (Taito license)
pkunwar	Penguin-Kun Wars (US)	1985	UPL
pkunwarj	Penguin-Kun Wars (Japan)	1985	UPL
xxmissio	XX Mission	1986	UPL
ninjakd2	Ninja-Kid II / NinjaKun Ashura no Shou (set 1)	1987	UPL
ninjakd2a	Ninja-Kid II / NinjaKun Ashura no Shou (set 2, bootleg?)	1987	UPL
ninjakd2b	Ninja-Kid II / NinjaKun Ashura no Shou (set 3, bootleg?)	1987	UPL
rdaction	Rad Action / NinjaKun Ashura no Shou	1987	UPL (World Games license)
mnight	Mutant Night	1987	UPL (Kawakus license)
arkarea	Ark Area	1988	UPL
robokid	Atomic Robo-kid	1988	UPL
robokidj	Atomic Robo-kid (Japan, set 1)	1988	UPL
robokidj2	Atomic Robo-kid (Japan, set 2)	1988	UPL
omegaf	Omega Fighter	1989	UPL
omegafs	Omega Fighter Special	1989	UPL
urashima	Otogizoushi Urashima Mahjong (Japan)	1989	UPL
tharrier	Task Force Harrier	1989	UPL (American Sammy license)
tharrierj	Task Force Harrier (Japan)	1989	UPL
mustang	US AAF Mustang (25th May. 1990)	1990	UPL
mustangs	US AAF Mustang (25th May. 1990 / Seoul Trading)	1990	UPL (Seoul Trading license)
bioship	Bio-ship Paladin	1990	UPL (American Sammy license)
sbsgomo	Space Battle Ship Gomorrah	1990	UPL
vandyke	Vandyke (Japan)	1990	UPL
vandykejal	Vandyke (Jaleco, Set 1)	1990	UPL (Jaleco license)
vandykejal2	Vandyke (Jaleco, Set 2)	1990	UPL (Jaleco license)
vandykeb	Vandyke (bootleg with PIC16c57)	1990	bootleg
blkheart	Black Heart	1991	UPL
blkheartj	Black Heart (Japan)	1991	UPL
acrobatm	Acrobat Mission	1991	UPL (Taito license)
strahl	Koutetsu Yousai Strahl (Japan set 1)	1992	UPL
strahla	Koutetsu Yousai Strahl (Japan set 2)	1992	UPL
bjtwin	Bombjack Twin (set 1)	1993	NMK
bjtwina	Bombjack Twin (set 2)	1993	NMK
tdragon2	Thunder Dragon 2 (9th Nov. 1993)	1993	NMK
tdragon2a	Thunder Dragon 2 (1st Oct. 1993)	1993	NMK
bigbang	Big Bang (9th Nov. 1993)	1993	NMK
tdragon	Thunder Dragon (9th Jan. 1992)	1991	NMK (Tecmo license)
tdragon1	Thunder Dragon (4th Jun. 1991)	1991	NMK (Tecmo license)
hachamf	Hacha Mecha Fighter (19th Sep. 1991)	1991	NMK
macross	Super Spacefortress Macross / Chou-Jikuu Yousai Macross	1992	Banpresto
riot	Riot	1992	NMK
gunnail	GunNail (28th May. 1992)	1993	NMK / Tecmo
macross2	Super Spacefortress Macross II / Chou-Jikuu Yousai Macross II	1993	Banpresto
sabotenb	Saboten Bombers (set 1)	1992	NMK / Tecmo
sabotenba	Saboten Bombers (set 2)	1992	NMK / Tecmo
cactus	Cactus (bootleg of Saboten Bombers)	1992	bootleg
nouryoku	Nouryoku Koujou Iinkai	1995	Tecmo
raphero	Rapid Hero	1994	NMK / Media Shoji
mustangb	US AAF Mustang (bootleg)	1990	bootleg
mustangb2	US AAF Mustang (TAB Austria bootleg)	1990	bootleg (TAB Austria)
tdragonb	Thunder Dragon (bootleg)	1991	bootleg
ssmissin	S.S. Mission	1992	Comad
airattck	Air Attack (set 1)	1996	Comad
airattcka	Air Attack (set 2)	1996	Comad
manybloc	Many Block	1991	Bee-Oh
daireika	Mahjong Daireikai (Japan)	1989	Jaleco / NMK
mjzoomin	Mahjong Channel Zoom In (Japan)	1990	Jaleco
kakumei	Mahjong Kakumei (Japan)	1990	Jaleco
kakumei2	Mahjong Kakumei 2 - Princess League (Japan)	1992	Jaleco
suchipi	Idol Janshi Suchie-Pai Special (Japan)	1993	Jaleco
ddealer	Double Dealer	1991	NMK
quizpani	Quiz Panicuru Fantasy	1993	NMK
acommand	Alien Command	1994	Jaleco
macrossp	Macross Plus	1996	Banpresto
quizmoon	Quiz Bisyoujo Senshi Sailor Moon - Chiryoku Tairyoku Toki no Un	1997	Banpresto
gakupara	Quiz Gakuen Paradise (Japan)	1991	NMK
quizdna	Quiz DNA no Hanran (Japan)	1992	Face
gekiretu	Quiz Gekiretsu Scramble (Japan)	1992	Face
cultures	Jibun wo Migaku Culture School Mahjong Hen	1994	Face
narc	Narc (rev 7.00)	1988	Williams
narc3	Narc (rev 3.20)	1988	Williams
narc2	Narc (rev 2.00)	1988	Williams
trog	Trog (rev LA5 03/29/91)	1990	Midway
trog4	Trog (rev LA4 03/11/91)	1990	Midway
trog3	Trog (rev LA3 02/14/91)	1990	Midway
trogpa6	Trog (prototype, rev PA6-PAC 09/09/90)	1990	Midway
trogpa4	Trog (prototype, rev 4.00 07/27/90)	1990	Midway
smashtv	Smash T.V. (rev 8.00)	1990	Williams
smashtv6	Smash T.V. (rev 6.00)	1990	Williams
smashtv5	Smash T.V. (rev 5.00)	1990	Williams
smashtv4	Smash T.V. (rev 4.00)	1990	Williams
smashtv3	Smash T.V. (rev 3.01)	1990	Williams
hiimpact	High Impact Football (rev LA5 02/15/91)	1990	Williams
hiimpact4	High Impact Football (rev LA4 02/04/91)	1990	Williams
hiimpact3	High Impact Football (rev LA3 12/27/90)	1990	Williams
hiimpact2	High Impact Football (rev LA2 12/26/90)	1990	Williams
hiimpact1	High Impact Football (rev LA1 12/16/90)	1990	Williams
hiimpactp	High Impact Football (prototype, rev 8.6 12/09/90)	1990	Williams
shimpact	Super High Impact (rev LA1 09/30/91)	1991	Midway
shimpactp6	Super High Impact (prototype, rev 6.0 09/23/91)	1991	Midway
shimpactp5	Super High Impact (prototype, rev 5.0 09/15/91)	1991	Midway
shimpactp4	Super High Impact (prototype, rev 4.0 09/10/91)	1991	Midway
strkforc	Strike Force (rev 1 02/25/91)	1991	Midway
mk	Mortal Kombat (rev 5.0 T-Unit 03/19/93)	1992	Midway
mkr4	Mortal Kombat (rev 4.0 T-Unit 02/11/93)	1992	Midway
mktturbo	Mortal Kombat (Turbo Ninja T-Unit 03/19/93, hack)	1992	hack
mkyturbo	Mortal Kombat (Turbo 3.1 09/09/93, hack)	1992	hack
mkprot8	Mortal Kombat (prototype, rev 8.0 07/21/92)	1992	Midway
mkprot9	Mortal Kombat (prototype, rev 9.0 07/28/92)	1992	Midway
mkla1	Mortal Kombat (rev 1.0 08/09/92)	1992	Midway
mkla2	Mortal Kombat (rev 2.0 08/18/92)	1992	Midway
mkla3	Mortal Kombat (rev 3.0 08/31/92)	1992	Midway
mkla4	Mortal Kombat (rev 4.0 09/28/92)	1992	Midway
mkyawdim	Mortal Kombat (Yawdim bootleg)	1992	bootleg (Yawdim)
term2	Terminator 2 - Judgment Day (rev LA4 08/03/92)	1991	Midway
term2la3	Terminator 2 - Judgment Day (rev LA3 03/27/92)	1991	Midway
term2la2	Terminator 2 - Judgment Day (rev LA2 12/09/91)	1991	Midway
term2la1	Terminator 2 - Judgment Day (rev LA1 11/01/91)	1991	Midway
totcarn	Total Carnage (rev LA1 03/10/92)	1992	Midway
totcarnp	Total Carnage (prototype, rev 1.0 01/25/92)	1992	Midway
mk2	Mortal Kombat II (rev L3.1)	1993	Midway
mk2r31e	Mortal Kombat II (rev L3.1 (European))	1993	Midway
mk2r32	Mortal Kombat II (rev L3.2 (European))	1993	Midway
mk2r30	Mortal Kombat II (rev L3.0)	1993	Midway
mk2r21	Mortal Kombat II (rev L2.1)	1993	Midway
mk2r14	Mortal Kombat II (rev L1.4)	1993	Midway
mk2r42	Mortal Kombat II (rev L4.2, hack)	1993	hack
mk2r91	Mortal Kombat II (rev L9.1, hack)	1993	hack
mk2chal	Mortal Kombat II Challenger (hack)	1993	hack
jdreddp	Judge Dredd (rev LA1, prototype)	1993	Midway
nbajam	NBA Jam (rev 3.01 04/07/93)	1993	Midway
nbajamr2	NBA Jam (rev 2.00 02/10/93)	1993	Midway
nbajamte	NBA Jam TE (rev 4.0 03/23/94)	1994	Midway
nbajamt1	NBA Jam TE (rev 1.0 01/17/94)	1994	Midway
nbajamt2	NBA Jam TE (rev 2.0 01/28/94)	1994	Midway
nbajamt3	NBA Jam TE (rev 3.0 03/04/94)	1994	Midway
revx	Revolution X (Rev. 1.0 6/16/94)	1994	Midway
mk3	Mortal Kombat 3 (rev 2.1)	1994	Midway
mk3r20	Mortal Kombat 3 (rev 2.0)	1994	Midway
mk3r10	Mortal Kombat 3 (rev 1.0)	1994	Midway
mk3p40	Mortal Kombat 3 (rev 1 chip label p4.0)	1994	Midway
umk3	Ultimate Mortal Kombat 3 (rev 1.2)	1994	Midway
umk3r11	Ultimate Mortal Kombat 3 (rev 1.1)	1994	Midway
umk3r10	Ultimate Mortal Kombat 3 (rev 1.0)	1994	Midway
wwfmania	WWF: Wrestlemania (rev 1.30 08/10/95)	1995	Midway
wwfmaniab	WWF: Wrestlemania (rev 1.20 08/02/95)	1995	Midway
openice	2 On 2 Open Ice Challenge (rev 1.21)	1995	Midway
nbahangt	NBA Hangtime (rev L1.1 04/16/96)	1996	Midway
nbamht	NBA Maximum Hangtime (rev 1.03 06/09/97)	1996	Midway
nbamht1	NBA Maximum Hangtime (rev 1.0 11/08/96)	1996	Midway
rmpgwt	Rampage: World Tour (rev 1.3)	1997	Midway
rmpgwt11	Rampage: World Tour (rev 1.1)	1997	Midway
crusnusa	Cruis'n USA (rev L4.1)	1994	Midway
crusnusa40	Cruis'n USA (rev L4.0)	1994	Midway
crusnusa21	Cruis'n USA (rev L2.1)	1994	Midway
crusnwld	Cruis'n World (rev L2.4)	1996	Midway
crusnwld23	Cruis'n World (rev L2.3)	1996	Midway
crusnwld20	Cruis'n World (rev L2.0)	1996	Midway
crusnwld17	Cruis'n World (rev L1.7)	1996	Midway
crusnwld13	Cruis'n World (rev L1.3)	1996	Midway
offroadc	Off Road Challenge (v1.63)	1997	Midway
offroadc4	Off Road Challenge (v1.40)	1997	Midway
offroadc3	Off Road Challenge (v1.30)	1997	Midway
offroadc1	Off Road Challenge (v1.10)	1997	Midway
wargods	War Gods	1995	Midway
mk4	Mortal Kombat 4 (version 3.0)	1997	Midway
mk4a	Mortal Kombat 4 (version 2.1)	1997	Midway
mk4b	Mortal Kombat 4 (version 1.0)	1997	Midway
invasnab	Invasion - The Abductors (version 5.0)	1999	Midway
invasnv4	Invasion - The Abductors (version 4.0)	1999	Midway
crusnexo	Cruis'n Exotica (version 2.4)	1999	Midway
crusnexoa	Cruis'n Exotica (version 2.0)	1999	Midway
crusnexob	Cruis'n Exotica (version 1.6)	1999	Midway
thegrid	The Grid (version 1.2)	2001	Midway
thegrida	The Grid (version 1.1)	2001	Midway
wg3dh	Wayne Gretzky's 3D Hockey	1996	Atari Games
mace	Mace: The Dark Age (boot ROM 1.0ce, HDD 1.0b)	1996	Atari Games
macea	Mace: The Dark Age (HDD 1.0a)	1997	Atari Games
sfrush	San Francisco Rush	1996	Atari Games
sfrushrk	San Francisco Rush: The Rock	1996	Atari Games
calspeed	California Speed (Version 2.1a, 4/17/98)	1998	Atari Games
calspeeda	California Speed (Version 1.0r7a 3/4/98)	1998	Atari Games
vaportrx	Vapor TRX	1998	Atari Games
vaportrxp	Vapor TRX (prototype)	1998	Atari Games
carnevil	CarnEvil (v1.0.3)	1998	Midway Games
carnevil1	CarnEvil (v1.0.1)	1998	Midway Games
biofreak	BioFreaks (prototype)	1997	Midway Games
blitz	NFL Blitz (boot ROM 1.2)	1997	Midway Games
blitz11	NFL Blitz (boot ROM 1.1)	1997	Midway Games
blitz99	NFL Blitz '99	1998	Midway Games
blitz2k	NFL Blitz 2000 Gold Edition	1999	Midway Games
hyprdriv	Hyperdrive	1998	Midway Games
gauntleg	Gauntlet Legends (version 1.6)	1998	Atari Games
gauntleg12	Gauntlet Legends (version 1.2)	1998	Atari Games
tenthdeg	Tenth Degree (prototype)	1998	Atari Games
roadburn	Road Burners	1999	Atari Games
sf2049	San Francisco Rush 2049	1998	Atari Games
sf2049se	San Francisco Rush 2049: Special Edition	1998	Atari Games
sf2049te	San Francisco Rush 2049: Tournament Edition	1998	Atari Games
warfa	War: The Final Assault	1999	Atari Games
nbashowt	NBA Showtime: NBA on NBC	1998	Midway Games
nbanfl	NBA Showtime / NFL Blitz 2000	1999	Midway Games
gauntdl	Gauntlet Dark Legacy (version DL 2.52)	1999	Midway Games
gauntdl24	Gauntlet Dark Legacy (version DL 2.4)	1999	Midway Games
cartfury	Cart Fury	2000	Midway Games
tm	Touchmaster (v3.00 Euro)	1996	CES Inc., Midway Games Inc.
tmdo	Touchmaster (v2.2-01 Standard)	1996	CES Inc., Midway Games Inc.
tm2k	Touchmaster 2000 (v4.02 Standard)	1996	Midway Games Inc.
tm2ka	Touchmaster 2000 (v4.00 Standard)	1996	Midway Games Inc.
tm3k	Touchmaster 3000 (v5.02 Standard)	1997	Midway Games Inc.
tm3ka	Touchmaster 3000 (v5.01 Standard)	1997	Midway Games Inc.
tm4k	Touchmaster 4000 (v6.03 Standard)	1998	Midway Games Inc.
tm4ka	Touchmaster 4000 (v6.02 Standard)	1998	Midway Games Inc.
tm5k	Touchmaster 5000 (v7.10 Standard)	1998	Midway Games Inc.
tm5kca	Touchmaster 5000 (v7.10 California)	1998	Midway Games Inc.
tm5ka	Touchmaster 5000 (v7.01 Standard)	1998	Midway Games Inc.
tm7k	Touchmaster 7000 (v8.04 Standard)	1999	Midway Games Inc.
tm7ka	Touchmaster 7000 (v8.00 Standard)	1999	Midway Games Inc.
tm7keval	Touchmaster 7000 (v8.1X Evaluation)	1999	Midway Games Inc.
tm8k	Touchmaster 8000 (v9.04 Standard)	2000	Midway Games Inc.
tm8k902	Touchmaster 8000 (v9.02 Standard)	2000	Midway Games Inc.
galgbios	Galaxy Games (BIOS v1.90)	1998	Creative Electronics & Software
galgame2	Galaxy Games StarPak 2	1998	Creative Electronics & Software / Namco
embargo	Embargo	1977	Cinematronics
tripool	Tri-Pool (Casino Tech)	1981	Noma (Casino Tech license)
tripoola	Tri-Pool (Costal Games)	1981	Noma (Costal Games license)
unclepoo	Uncle Poo	1983	Diatec
joinem	Joinem	1983	Global Corporation
loverboy	Lover Boy	1983	G.T Enterprise Inc
striv	Super Triv	1985	Hara Industries
jack	Jack the Giantkiller (set 1)	1982	Cinematronics
jack2	Jack the Giantkiller (set 2)	1982	Cinematronics
jack3	Jack the Giantkiller (set 3)	1982	Cinematronics
treahunt	Treasure Hunt (bootleg?)	1982	bootleg? (Hara Industries)
zzyzzyxx	Zzyzzyxx (set 1)	1982	Cinematronics / Advanced Microcomputer Systems
zzyzzyxx2	Zzyzzyxx (set 2)	1982	Cinematronics / Advanced Microcomputer Systems
brix	Brix	1982	Cinematronics / Advanced Microcomputer Systems
freeze	Freeze	1984	Cinematronics
sucasino	Super Casino	1984	Data Amusement
spacewar	Space Wars	1977	Cinematronics
spaceshp	Space Ship	1978	Cinematronics (Sega license)
barrier	Barrier	1979	Vectorbeam
starcas	Star Castle (version 3)	1980	Cinematronics
starcas1	Star Castle (older)	1980	Cinematronics
starcasp	Star Castle (prototype)	1980	Cinematronics
starcase	Star Castle (Mottoeis)	1980	Cinematronics (Mottoeis license)
stellcas	Stellar Castle (Elettronolo)	1980	bootleg (Elettronolo)
spaceftr	Space Fortress (Zaccaria)	1981	Cinematronics (Zaccaria license)
tailg	Tailgunner	1979	Cinematronics
ripoff	Rip Off	1980	Cinematronics
armora	Armor Attack	1980	Cinematronics
armorap	Armor Attack (prototype)	1980	Cinematronics
armorar	Armor Attack (Rock-Ola)	1980	Cinematronics (Rock-Ola license)
wotw	War of the Worlds	1981	Cinematronics
wotwc	War of the Worlds (color)	1981	Cinematronics
warrior	Warrior	1979	Vectorbeam
starhawk	Star Hawk	1979	Cinematronics
solarq	Solar Quest	1981	Cinematronics
boxingb	Boxing Bugs	1981	Cinematronics
speedfrk	Speed Freak	1979	Vectorbeam
sundance	Sundance	1979	Cinematronics
demon	Demon	1982	Rock-Ola
qb3	QB-3 (prototype)	1982	Rock-Ola
cchasm	Cosmic Chasm (set 1)	1983	Cinematronics / GCE
cchasm1	Cosmic Chasm (set 2)	1983	Cinematronics / GCE
roundup	Round-Up	1981	Taito Corporation (Amenip/Centuri license)
fitter	Fitter	1981	Taito Corporation
fitterbl	Fitter (bootleg)	1981	bootleg
thepit	The Pit	1982	Taito
thepitc	The Pit (Centuri)	1982	Taito (Centuri license)
thepitb	The Pit (bootleg)	1982	bootleg
thepitm	The Pit (bootleg on Moon Quasar hardware)		bootleg (KZH)
dockman	Dock Man	1982	Taito Corporation
portman	Port Man	1982	Taito Corporation (Nova Games Ltd. license)
suprmous	Super Mouse	1982	Taito Corporation
funnymou	Funny Mouse	1982	bootleg? (Chuo Co. Ltd)
machomou	Macho Mouse	1982	Techstar
intrepid	Intrepid (set 1)	1983	Nova Games Ltd.
intrepid2	Intrepid (set 2)	1983	Nova Games Ltd.
zaryavos	Zarya Vostoka	1984	Nova Games of Canada
timelimt	Time Limit	1983	Chuo Co. Ltd
progress	Progress	1984	Chuo Co. Ltd
koroleva	Snezhnaja Koroleva	1988	Terminal
rtriv	Romar Triv		Romar
konek	Konek-Gorbunok	1988	Terminal
sosterm	S.O.S.	1988	Terminal
bilyard	Billiard	1988	Terminal
phtetris	Tetris (Photon System)		<unknown>
phpython	Python (Photon System)		<unknown>
phklad	Klad / Labyrinth (Photon System)		<unknown>
kok	Povar / Sobrat' Buran / Agroprom (Arcade multi-game bootleg of ZX Spectrum 'Cookie', 'Jetpac' & 'Pssst')		<unknown>
black	Czernyj Korabl (Arcade bootleg of ZX Spectrum 'Blackbeard')		<unknown>
brod	Brodjaga (Arcade bootleg of ZX Spectrum 'Inspector Gadget and the Circus of Fear')		<unknown>
bagman	Bagman	1982	Valadon Automation
bagnard	Le Bagnard (set 1)	1982	Valadon Automation
bagnarda	Le Bagnard (set 2)	1982	Valadon Automation
bagmans	Bagman (Stern Electronics, set 1)	1982	Valadon Automation (Stern Electronics license)
bagmans2	Bagman (Stern Electronics, set 2)	1982	Valadon Automation (Stern Electronics license)
pickin	Pickin'	1983	Valadon Automation
supdrapo	Super Draw Poker (set 1)	1983	Valadon Automation (Stern Electronics license)
supdrapoa	Super Draw Poker (set 2)	1983	Valadon Automation / Jeutel
supdrapob	Super Draw Poker (bootleg)	1983	bootleg
sbagman	Super Bagman	1984	Valadon Automation
sbagmans	Super Bagman (Stern Electronics)	1984	Valadon Automation (Stern Electronics license)
botanic	Botanic	1984	Valadon Automation (Itisa license)
squaitsa	Squash (Itisa)	1984	Itisa
tankbust	Tank Busters	1985	Valadon Automation
stinger	Stinger	1983	Seibu Denshi
stinger2	Stinger (prototype?)	1983	Seibu Denshi
scion	Scion	1984	Seibu Denshi
scionc	Scion (Cinematronics)	1984	Seibu Denshi (Cinematronics license)
kungfut	Kung-Fu Taikun	1984	Seibu Kaihatsu
kungfuta	Kung-Fu Taikun (alt)	1984	Seibu Kaihatsu
wiz	Wiz	1985	Seibu Kaihatsu
wizt	Wiz (Taito, set 1)	1985	Seibu Kaihatsu (Taito license)
wizta	Wiz (Taito, set 2)	1985	Seibu Kaihatsu (Taito license)
kncljoe	Knuckle Joe (set 1)	1985	Seibu Kaihatsu (Taito license)
kncljoea	Knuckle Joe (set 2)	1985	Seibu Kaihatsu (Taito license)
bcrusher	Bone Crusher	1985	bootleg
empcity	Empire City: 1931 (bootleg?)	1986	Seibu Kaihatsu
empcityu	Empire City: 1931 (US)	1986	Seibu Kaihatsu (Taito / Romstar license)
empcityj	Empire City: 1931 (Japan)	1986	Seibu Kaihatsu (Taito license)
stfight	Street Fight (Germany)	1986	Seibu Kaihatsu
stfighta	Street Fight	1986	Seibu Kaihatsu
darkmist	The Lost Castle In Darkmist	1986	Taito
mustache	Mustache Boy	1987	Seibu Kaihatsu (March license)
cshooter	Cross Shooter (not encrypted)	1987	Seibu Kaihatsu (Taito license)
cshootere	Cross Shooter (encrypted)	1987	Seibu Kaihatsu (J.K.H. license)
airraid	Air Raid (encrypted)	1987	Seibu Kaihatsu
panicr	Panic Road	1986	Taito
deadang	Dead Angle	1988	Seibu Kaihatsu
leadang	Lead Angle (Japan)	1988	Seibu Kaihatsu
ghunter	Gang Hunter (Spain)	1988	Seibu Kaihatsu (Segasa/Sonic license)
dynduke	Dynamite Duke (Japan)	1989	Seibu Kaihatsu
dyndukef	Dynamite Duke (US)	1989	Seibu Kaihatsu (Fabtek license)
dbldyn	The Double Dynamites (Japan)	1989	Seibu Kaihatsu
dbldynf	The Double Dynamites (US)	1989	Seibu Kaihatsu (Fabtek license)
raiden	Raiden	1990	Seibu Kaihatsu
raidena	Raiden (Alternate Hardware)	1990	Seibu Kaihatsu
raidenk	Raiden (Korea)	1990	Seibu Kaihatsu (IBL Corporation license)
raident	Raiden (Taiwan)	1990	Seibu Kaihatsu (Liang HWA Electronics license)
raidenu	Raiden (US, SEI8904 + SEI9008 PCBs)	1990	Seibu Kaihatsu (Fabtek license)
sdgndmps	SD Gundam Psycho Salamander no Kyoui	1991	Banpresto / Bandai
dcon	D-Con	1992	Success
sengokmj	Sengoku Mahjong [BET] (Japan)	1991	Sigma
totmejan	Tottemo E Jong	1991	Seibu Kaihatsu (Tecmo license)
goodejan	Good E Jong -Kachinuki Mahjong Syoukin Oh!!- (set 1)	1991	Seibu Kaihatsu (Tecmo license)
goodejana	Good E Jong -Kachinuki Mahjong Syoukin Oh!!- (set 2)	1991	Seibu Kaihatsu (Tecmo license)
raiden2	Raiden II (set 1, US Fabtek)	1993	Seibu Kaihatsu (Fabtek license)
raiden2a	Raiden II (set 2, Metrotainment)	1993	Seibu Kaihatsu (Metrotainment license)
raiden2b	Raiden II (set 3, Japan)	1993	Seibu Kaihatsu
raiden2c	Raiden II (set 4, Japan)	1993	Seibu Kaihatsu
raiden2d	Raiden II (set 5, Italy)	1993	Seibu Kaihatsu
raiden2e	Raiden II (set 6, Easy Version)	1993	Seibu Kaihatsu
raiden2f	Raiden II (set 7)	1993	Seibu Kaihatsu
raidndx	Raiden DX (UK)	1994	Seibu Kaihatsu
raidndxj	Raiden DX (Japan)	1994	Seibu Kaihatsu
raidndxu	Raiden DX (US)	1994	Seibu Kaihatsu (Fabtek license)
raidndxa1	Raiden DX (Asia set 1)	1994	Seibu Kaihatsu (Metrotainment license)
raidndxa2	Raiden DX (Asia set 2)	1994	Seibu Kaihatsu (Metrotainment license)
raidndxg	Raiden DX (Germany)	1994	Seibu Kaihatsu (Tuning license)
zeroteam	Zero Team (set 1)	1993	Seibu Kaihatsu
zeroteama	Zero Team (set 2)	1993	Seibu Kaihatsu
zeroteamb	Zero Team (set 3)	1993	Seibu Kaihatsu
zeroteamc	Zero Team (set 4)	1993	Seibu Kaihatsu
zeroteams	Zero Team Selection	1993	Seibu Kaihatsu
nzerotea	New Zero Team	1993	Seibu Kaihatsu
xsedae	X Se Dae Quiz	1995	Dream Island
r2dx_v33	Raiden II / DX (newer V33 PCB)	1996	Seibu Kaihatsu
senkyu	Senkyu (Japan, set 1)	1995	Seibu Kaihatsu
senkyua	Senkyu (Japan, set 2)	1995	Seibu Kaihatsu
batlball	Battle Balls (Germany)	1995	Seibu Kaihatsu (Tuning license)
batlballa	Battle Balls (Asia)	1995	Seibu Kaihatsu (Metrotainment license)
batlballu	Battle Balls (US)	1995	Seibu Kaihatsu (Fabtek license)
viprp1	Viper Phase 1 (World, New Version)	1995	Seibu Kaihatsu
viprp1u	Viper Phase 1 (USA, New Version)	1995	Seibu Kaihatsu (Fabtek license)
viprp1j	Viper Phase 1 (Japan, New Version)	1995	Seibu Kaihatsu
viprp1s	Viper Phase 1 (Switzerland, New Version)	1995	Seibu Kaihatsu
viprp1oj	Viper Phase 1 (Japan)	1995	Seibu Kaihatsu
viprp1ot	Viper Phase 1 (Germany)	1995	Seibu Kaihatsu (Tuning license)
viprp1hk	Viper Phase 1 (Hong Kong)	1995	Seibu Kaihatsu (Metrotainment license)
ejanhs	E-Jan High School (Japan)	1996	Seibu Kaihatsu
rdft	Raiden Fighters (Japan set 1)	1996	Seibu Kaihatsu
rdftu	Raiden Fighters (US)	1996	Seibu Kaihatsu (Fabtek license)
rdftau	Raiden Fighters (Australia)	1996	Seibu Kaihatsu
rdftj	Raiden Fighters (Japan set 2)	1996	Seibu Kaihatsu
rdftdi	Raiden Fighters (Dream Island Co. license)	1996	Seibu Kaihatsu (Dream Island license)
rdftit	Raiden Fighters (Italy)	1996	Seibu Kaihatsu
rdfta	Raiden Fighters (Austria)	1996	Seibu Kaihatsu
rdft2	Raiden Fighters 2	1997	Seibu Kaihatsu (Tuning license)
rdft2a	Raiden Fighters 2 (Asia, Metrotainment license, SPI)	1997	Seibu Kaihatsu (Metrotainment license)
rdft2a2	Raiden Fighters 2 (Asia, Dream Island license, SPI)	1997	Seibu Kaihatsu (Dream Island license)
rdft2j	Raiden Fighters 2 (Japan, SPI)	1997	Seibu Kaihatsu
rdft2j2	Raiden Fighters 2 (Japan set 2, SPI)	1997	Seibu Kaihatsu
rdft2t	Raiden Fighters 2 (Taiwan, SPI)	1997	Seibu Kaihatsu
rdft2u	Raiden Fighters 2 (USA, SPI)	1997	Seibu Kaihatsu (Fabtek license)
rdft2us	Raiden Fighters 2.1 (US, Single Board)	1997	Seibu Kaihatsu (Fabtek license)
rdft22kc	Raiden Fighters 2 - 2000 (China)	2000	Seibu Kaihatsu
rfjet	Raiden Fighters Jet	1998	Seibu Kaihatsu (Tuning license)
rfjetu	Raiden Fighters Jet (US)	1998	Seibu Kaihatsu (Fabtek license)
rfjeta	Raiden Fighters Jet (Asia)	1998	Seibu Kaihatsu (Dream Island license)
rfjetj	Raiden Fighters Jet (Japan)	1998	Seibu Kaihatsu
rfjetus	Raiden Fighters Jet (US, Single Board)	1999	Seibu Kaihatsu (Fabtek license)
rfjet2kc	Raiden Fighters Jet - 2000 (China)	2000	Seibu Kaihatsu
ejsakura	E-Jan Sakurasou (v2.0)	1999	Seibu Kaihatsu
ejsakura12	E-Jan Sakurasou (v1.2)	1999	Seibu Kaihatsu
feversoc	Fever Soccer	2004	Seibu Kaihatsu
cabal	Cabal (World, Joystick version)	1988	TAD Corporation
cabala	Cabal (Alpha Trading)	1989	TAD Corporation (Alpha Trading license)
cabalbl	Cabal (bootleg of Joystick version, set 1, alternate sound hardware)	1988	bootleg (Red Corporation)
cabalbl2	Cabal (bootleg of Joystick version, set 2)	1988	bootleg
cabalus	Cabal (US set 1, Trackball version)	1988	TAD Corporation (Fabtek license)
cabalus2	Cabal (US set 2, Trackball version)	1988	TAD Corporation (Fabtek license)
toki	Toki (World, set 1)	1989	TAD Corporation
tokia	Toki (World, set 2)	1989	TAD Corporation
tokiu	Toki (US, set 1)	1989	TAD Corporation (Fabtek license)
tokiua	Toki (US, set 2)	1989	TAD Corporation (Fabtek license)
tokib	Toki (Datsu bootleg)	1990	bootleg (Datsu)
juju	JuJu Densetsu (Japan)	1989	TAD Corporation
jujub	JuJu Densetsu (Japan, bootleg)	1989	bootleg
bloodbro	Blood Bros. (set 1)	1990	TAD Corporation
bloodbroa	Blood Bros. (set 2)	1990	TAD Corporation
bloodbrob	Blood Bros. (set 3)	1990	TAD Corporation
weststry	West Story (bootleg of Blood Bros.)	1990	bootleg (Datsu)
skysmash	Sky Smasher	1990	Nihon System
legionna	Legionnaire (World)	1992	TAD Corporation
legionnau	Legionnaire (US)	1992	TAD Corporation (Fabtek license)
heatbrl	Heated Barrel (World version 3)	1992	TAD Corporation
heatbrl2	Heated Barrel (World version 2)	1992	TAD Corporation
heatbrlo	Heated Barrel (World old version)	1992	TAD Corporation
heatbrlu	Heated Barrel (US)	1992	TAD Corporation
godzilla	Godzilla	1993	Banpresto
denjinmk	Denjin Makai	1993	Banpresto
grainbow	SD Gundam Sangokushi Rainbow Tairiku Senki	1993	Banpresto
cupsoc	Seibu Cup Soccer (set 1)	1992	Seibu Kaihatsu
cupsoca	Seibu Cup Soccer (set 2)	1992	Seibu Kaihatsu
cupsocs	Seibu Cup Soccer :Selection: (set 1)	1992	Seibu Kaihatsu
cupsocs2	Seibu Cup Soccer :Selection: (set 2)	1992	Seibu Kaihatsu
cupsocsb	Seibu Cup Soccer :Selection: (bootleg, set 1)	1992	bootleg
cupsocsb2	Seibu Cup Soccer :Selection: (bootleg, set 2)	1992	bootleg
olysoc92	Olympic Soccer '92	1992	Seibu Kaihatsu
goal92	Goal! '92	1992	bootleg
exerion	Exerion	1983	Jaleco
exeriont	Exerion (Taito)	1983	Jaleco (Taito America license)
exerionb	Exerion (bootleg)	1983	bootleg
fcombat	Field Combat	1985	Jaleco
pturn	Parallel Turn	1984	Jaleco
ddayjlc	D-Day (Jaleco set 1)	1984	Jaleco
ddayjlca	D-Day (Jaleco set 2)	1984	Jaleco
formatz	Formation Z	1984	Jaleco
aeroboto	Aeroboto	1984	Jaleco (Williams license)
citycon	City Connection (set 1)	1985	Jaleco
citycona	City Connection (set 2)	1985	Jaleco
cruisin	Cruisin	1985	Jaleco (Kitkorp license)
momoko	Momoko 120%	1986	Jaleco
argus	Argus	1986	NMK (Jaleco license)
valtric	Valtric	1986	NMK (Jaleco license)
butasan	Butasan (Japan)	1987	NMK (Jaleco license)
psychic5	Psychic 5 (set 1)	1987	Jaleco
psychic5a	Psychic 5 (set 2)	1987	Jaleco
bombsa	Bombs Away	1988	Jaleco
ginganin	Ginga NinkyouDen (set 1)	1987	Jaleco
ginganina	Ginga NinkyouDen (set 2)	1987	Jaleco
skyfox	Sky Fox	1987	Jaleco (Nichibutsu USA license)
exerizer	Exerizer (Japan)	1987	Jaleco
exerizerb	Exerizer (Japan) (bootleg)	1987	bootleg
homerun	Moero Pro Yakyuu Homerun	1988	Jaleco
dynashot	Dynamic Shooting	1988	Jaleco
bigrun	Big Run (11th Rallye version)	1989	Jaleco
cischeat	Cisco Heat	1990	Jaleco
f1gpstar	Grand Prix Star	1991	Jaleco
armchmp2	Arm Champs II v2.6	1992	Jaleco
armchmp2o	Arm Champs II v1.7	1992	Jaleco
wildplt	Wild Pilot	1992	Jaleco
f1gpstr2	F-1 Grand Prix Star II	1993	Jaleco
scudhamm	Scud Hammer	1994	Jaleco
tetrisp2	Tetris Plus 2 (World)	1997	Jaleco / The Tetris Company
tetrisp2j	Tetris Plus 2 (Japan)	1997	Jaleco / The Tetris Company
nndmseal	Nandemo Seal Iinkai	1997	I'Max / Jaleco
stepstag	Stepping Stage Special	1999	Jaleco
step3	Stepping 3 Superior	1999	Jaleco
rockn	Rock'n Tread (Japan)	1999	Jaleco
rockna	Rock'n Tread (Japan, alternate)	1999	Jaleco
rockn2	Rock'n Tread 2 (Japan)	1999	Jaleco
rocknms	Rock'n MegaSession (Japan)	1999	Jaleco
rockn3	Rock'n 3 (Japan)	1999	Jaleco
rockn4	Rock'n 4 (Japan, prototype)	2000	Jaleco / PCCWJ
lomakai	Legend of Makai (World)	1988	Jaleco
makaiden	Makai Densetsu (Japan)	1988	Jaleco
p47	P-47 - The Phantom Fighter (World)	1988	Jaleco
p47j	P-47 - The Freedom Fighter (Japan)	1988	Jaleco
kickoff	Kick Off (Japan)	1988	Jaleco
tshingen	Shingen Samurai-Fighter (Japan, English)	1988	Jaleco
tshingena	Takeda Shingen (Japan, Japanese)	1988	Jaleco
kazan	Ninja Kazan (World)	1988	Jaleco
iganinju	Iga Ninjyutsuden (Japan)	1988	Jaleco
astyanax	The Astyanax	1989	Jaleco
lordofk	The Lord of King (Japan)	1989	Jaleco
hachoo	Hachoo!	1989	Jaleco
jitsupro	Jitsuryoku!! Pro Yakyuu (Japan)	1989	Jaleco
plusalph	Plus Alpha	1989	Jaleco
stdragon	Saint Dragon	1989	Jaleco
rodland	Rod-Land (World)	1990	Jaleco
rodlandj	Rod-Land (Japan)	1990	Jaleco
rodlandjb	Rod-Land (Japan bootleg)	1990	bootleg
avspirit	Avenging Spirit	1991	Jaleco
phantasm	Phantasm (Japan)	1990	Jaleco
monkelf	Monky Elf (Korean bootleg of Avenging Spirit)	1990	bootleg
edf	E.D.F. : Earth Defense Force	1991	Jaleco
edfu	E.D.F. : Earth Defense Force (North America)	1991	Jaleco
edfbl	E.D.F. : Earth Defense Force (bootleg)	1991	bootleg
64street	64th. Street - A Detective Story (World)	1991	Jaleco
64streetj	64th. Street - A Detective Story (Japan)	1991	Jaleco
soldam	Soldam	1992	Jaleco
soldamj	Soldam (Japan)	1992	Jaleco
bigstrik	Big Striker	1992	Jaleco
bigstrkb	Big Striker (bootleg)	1992	bootleg
bestleag	Best League (bootleg of Big Striker, Italian Serie A)	1993	bootleg
bestleaw	Best League (bootleg of Big Striker, World Cup)	1993	bootleg
chimerab	Chimera Beast (prototype)	1993	Jaleco
cybattlr	Cybattler	1993	Jaleco
hayaosi1	Hayaoshi Quiz Ouza Ketteisen - The King Of Quiz	1993	Jaleco
peekaboo	Peek-a-Boo!	1993	Jaleco
hayaosi2	Hayaoshi Quiz Grand Champion Taikai	1994	Jaleco
hayaosi3	Hayaoshi Quiz Nettou Namahousou	1994	Jaleco
bbbxing	Best Bout Boxing	1994	Jaleco
47pie2	Idol Janshi Su-Chi-Pie 2 (v1.1)	1994	Jaleco
47pie2o	Idol Janshi Su-Chi-Pie 2 (v1.0)	1994	Jaleco
desertwr	Desert War / Wangan Sensou	1995	Jaleco
gametngk	The Game Paradise - Master of Shooting! / Game Tengoku - The Game Paradise	1995	Jaleco
tetrisp	Tetris Plus	1995	Jaleco / BPS
p47aces	P-47 Aces	1995	Jaleco
akiss	Mahjong Angel Kiss	1995	Jaleco
gratia	Gratia - Second Earth (92047-01 version)	1996	Jaleco
gratiaa	Gratia - Second Earth (91022-10 version)	1996	Jaleco
kirarast	Ryuusei Janshi Kirara Star	1996	Jaleco
tp2m32	Tetris Plus 2 (MegaSystem 32 Version)	1997	Jaleco
bnstars	Vs. Janshi Brandnew Stars (MegaSystem32 Version)	1997	Jaleco
wpksocv2	World PK Soccer V2 (ver 1.1)	1996	Jaleco
f1superb	F1 Super Battle	1994	Jaleco
bnstars1	Vs. Janshi Brandnew Stars	1997	Jaleco
rabiolep	Rabio Lepus (Japan)	1987	V-System Co.
rpunch	Rabbit Punch (US)	1987	V-System Co. (Bally/Midway/Sente license)
svolley	Super Volleyball (Japan)	1989	V-System Co.
svolleyk	Super Volleyball (Korea)	1989	V-System Co.
svolleyu	Super Volleyball (US)	1989	V-System Co. (Data East license)
tail2nos	Tail to Nose - Great Championship	1989	V-System Co.
sformula	Super Formula (Japan)	1989	V-System Co.
ojankoc	Ojanko Club (Japan)	1986	V-System Co.
ojankoy	Ojanko Yakata (Japan)	1986	V-System Co.
ojanko2	Ojanko Yakata 2bankan (Japan)	1987	V-System Co.
ccasino	Chinese Casino [BET] (Japan)	1987	V-System Co.
ojankohs	Ojanko High School (Japan)	1988	V-System Co.
nekkyoku	Rettou Juudan Nekkyoku Janshi - Higashi Nippon Hen (Japan)	1988	Video System Co.
idolmj	Idol-Mahjong Housoukyoku (Japan)	1988	System Service
mjnatsu	Mahjong Natsu Monogatari (Japan)	1989	Video System Co.
natsuiro	Natsuiro Mahjong (Japan)	1989	Video System Co.
mfunclub	Mahjong Fun Club - Idol Saizensen (Japan)	1989	Video System Co.
daiyogen	Mahjong Daiyogen (Japan)	1990	Video System Co.
nmsengen	Nekketsu Mahjong Sengen! AFTER 5 (Japan)	1991	Video System Co.
fromance	Idol-Mahjong Final Romance (Japan)	1991	Video System Co.
pipedrm	Pipe Dream (World)	1990	Video System Co.
pipedrmu	Pipe Dream (US)	1990	Video System Co.
pipedrmj	Pipe Dream (Japan)	1990	Video System Co.
hatris	Hatris (US)	1990	Video System Co.
hatrisj	Hatris (Japan)	1990	Video System Co.
spinlbrk	Spinal Breakers (World)	1990	V-System Co.
spinlbrku	Spinal Breakers (US)	1990	V-System Co.
spinlbrkj	Spinal Breakers (Japan)	1990	V-System Co.
pspikes	Power Spikes (World)	1991	Video System Co.
pspikesk	Power Spikes (Korea)	1991	Video System Co.
svolly91	Super Volley '91 (Japan)	1991	Video System Co.
pspikesb	Power Spikes (bootleg)	1991	bootleg
spikes91	1991 Spikes (Italian bootleg)	1991	bootleg
pspikesc	Power Spikes (China)	1991	bootleg
karatblz	Karate Blazers (World)	1991	Video System Co.
karatblzu	Karate Blazers (US)	1991	Video System Co.
karatblzj	Karate Blazers (Japan)	1991	Video System Co.
turbofrc	Turbo Force	1991	Video System Co.
aerofgt	Aero Fighters	1992	Video System Co.
aerofgtb	Aero Fighters (Turbo Force hardware set 1)	1992	Video System Co.
aerofgtc	Aero Fighters (Turbo Force hardware set 2)	1992	Video System Co.
sonicwi	Sonic Wings (Japan)	1992	Video System Co.
aerfboot	Aero Fighters (bootleg set 1)	1992	bootleg
aerfboo2	Aero Fighters (bootleg set 2)	1992	bootleg
wbbc97	Beach Festival World Championship 1997	1997	Comad
welltris	Welltris (World?, 2 players)	1991	Video System Co.
welltrisj	Welltris (Japan, 2 players)	1991	Video System Co.
quiz18k	Miyasu Nonki no Quiz 18-Kin	1992	EIM
f1gp	F-1 Grand Prix	1991	Video System Co.
f1gpb	F-1 Grand Prix (Playmark bootleg)	1991	bootleg (Playmark)
f1gp2	F-1 Grand Prix Part II	1992	Video System Co.
crshrace	Lethal Crash Race (set 1)	1993	Video System Co.
crshrace2	Lethal Crash Race (set 2)	1993	Video System Co.
taotaido	Tao Taido (set 1)	1993	Video System Co.
taotaidoa	Tao Taido (set 2)	1993	Video System Co.
gstriker	Grand Striker	1993	Human
gstrikera	Grand Striker (Americas)	1993	Human
vgoalsoc	V Goal Soccer (set 1)	1994	Tecmo
vgoalsca	V Goal Soccer (set 2)	1994	Tecmo
twrldc94	Tecmo World Cup '94 (set 1)	1994	Tecmo
twrldc94a	Tecmo World Cup '94 (set 2)	1994	Tecmo
suprslam	Super Slams	1995	Banpresto / Toei Animation
fromanc2	Taisen Idol-Mahjong Final Romance 2 (Japan)	1995	Video System Co.
fromancr	Taisen Mahjong FinalRomance R (Japan)	1995	Video System Co.
fromanc4	Taisen Mahjong FinalRomance 4 (Japan)	1998	Video System Co.
inufuku	Quiz & Variety Sukusuku Inufuku (Japan)	1998	Video System Co.
samuraia	Samurai Aces (World)	1993	Psikyo
sngkace	Sengoku Ace (Japan)	1993	Psikyo
gunbird	Gunbird (World)	1994	Psikyo
gunbirdk	Gunbird (Korea)	1994	Psikyo
gunbirdj	Gunbird (Japan)	1994	Psikyo
btlkroad	Battle K-Road	1994	Psikyo
s1945	Strikers 1945 (World)	1995	Psikyo
s1945a	Strikers 1945 (Japan / World)	1995	Psikyo
s1945j	Strikers 1945 (Japan)	1995	Psikyo
s1945jn	Strikers 1945 (Japan, unprotected)	1995	Psikyo
s1945bl	Strikers 1945 (Hong Kong, bootleg)	1995	bootleg
s1945k	Strikers 1945 (Korea)	1995	Psikyo
tengai	Tengai (World)	1996	Psikyo
tengaij	Sengoku Blade: Sengoku Ace Episode II / Tengai	1996	Psikyo
s1945ii	Strikers 1945 II	1997	Psikyo
soldivid	Sol Divide - The Sword Of Darkness	1997	Psikyo
sbomberb	Space Bomber (ver. B)	1998	Psikyo
daraku	Daraku Tenshi - The Fallen Angels	1998	Psikyo
gunbird2	Gunbird 2	1998	Psikyo
s1945iii	Strikers 1945 III (World) / Strikers 1999 (Japan)	1999	Psikyo
dragnblz	Dragon Blaze	2000	Psikyo
tgm2	Tetris the Absolute The Grand Master 2	2000	Arika
tgm2p	Tetris the Absolute The Grand Master 2 Plus	2000	Arika
gnbarich	Gunbarich	2001	Psikyo
mjgtaste	Mahjong G-Taste	2002	Psikyo
hotgmck	Taisen Hot Gimmick (Japan)	1997	Psikyo
hgkairak	Taisen Hot Gimmick Kairakuten (Japan)	1998	Psikyo
hotgmck3	Taisen Hot Gimmick 3 Digital Surfing (Japan)	1999	Psikyo
hotgm4ev	Taisen Hot Gimmick 4 Ever (Japan)	2000	Psikyo
hotgmcki	Mahjong Hot Gimmick Integral (Japan)	2001	Psikyo
loderndf	Lode Runner - The Dig Fight (ver. B)	2000	Psikyo
loderndfa	Lode Runner - The Dig Fight (ver. A)	2000	Psikyo
hotdebut	Quiz de Idol! Hot Debut (Japan)	2000	Psikyo / Moss
marineb	Marine Boy	1982	Orca
changes	Changes	1982	Orca
changesa	Changes (EME license)	1982	Orca (Eastern Micro Electronics, Inc. license)
looper	Looper	1982	Orca
springer	Springer	1982	Orca
hoccer	Hoccer (set 1)	1983	Eastern Micro Electronics, Inc.
hoccer2	Hoccer (set 2)	1983	Eastern Micro Electronics, Inc.
bcruzm12	Battle Cruiser M-12	1983	Sigma Enterprises Inc.
hopprobo	Hopper Robo	1983	Sega
wanted	Wanted	1984	Sigma Enterprises Inc.
funkybee	Funky Bee	1982	Orca
funkybeeb	Funky Bee (bootleg, harder)	1982	bootleg
skylancr	Sky Lancer	1983	Orca
skylancre	Sky Lancer (Esco Trading Co license)	1983	Orca (Esco Trading Co license)
zodiack	Zodiack	1983	Orca (Esco Trading Co)
dogfight	Dog Fight (Thunderbolt)	1983	Orca / Thunderbolt
moguchan	Moguchan	1982	Orca (Eastern Commerce Inc. license) (bootleg?)
percuss	The Percussor	1981	Orca
bounty	The Bounty	1982	Orca
espial	Espial (Europe)	1983	Orca / Thunderbolt
espialu	Espial (US?)	1983	Orca / Thunderbolt
netwars	Net Wars	1983	Orca (Esco Trading Co license)
vastar	Vastar (set 1)	1983	Sesame Japan
vastar2	Vastar (set 2)	1983	Sesame Japan
mastboy	Master Boy (Spanish, PCB Rev A)	1991	Gaelco
mastboyi	Master Boy (Italian, PCB Rev A)	1991	Gaelco
xorworld	Xor World (prototype)	1990	Gaelco
bigkarnk	Big Karnak	1991	Gaelco
splash	Splash! (Ver. 1.2 World)	1992	Gaelco
splash10	Splash! (Ver. 1.0 World)	1992	Gaelco
paintlad	Painted Lady (Splash) (Ver. 1.3 US)	1992	Gaelco
roldfrog	The Return of Lady Frog (set 1)	1993	Microhard
roldfroga	The Return of Lady Frog (set 2)	1993	Microhard
rebus	Rebus	1995	Microhard
funystrp	Funny Strip		Microhard / MagicGames
puckpepl	Puck People		Microhard
thoop	Thunder Hoop (Ver. 1)	1992	Gaelco
squash	Squash (Ver. 1.0)	1992	Gaelco
wrally	World Rally (set 1)	1993	Gaelco
wrallya	World Rally (set 2)	1993	Gaelco
wrallyb	World Rally (US, 930217)	1993	Gaelco (Atari license)
glass	Glass (Ver 1.1)	1993	Gaelco
glass10	Glass (Ver 1.0)	1993	Gaelco
glassbrk	Glass (Ver 1.0, Break Edition)	1993	Gaelco
targeth	Target Hits (ver 1.1)	1994	Gaelco
targetha	Target Hits (ver 1.0)	1994	Gaelco
thoop2	TH Strikes Back	1994	Gaelco
aligator	Alligator Hunt	1994	Gaelco
aligatorun	Alligator Hunt (unprotected)	1994	Gaelco
biomtoy	Biomechanical Toy (unprotected)	1995	Gaelco
touchgo	Touch & Go (World)	1995	Gaelco
touchgon	Touch & Go (Non North America)	1995	Gaelco
touchgoe	Touch & Go (earlier revision)	1995	Gaelco
wrally2	World Rally 2: Twin Racing	1995	Gaelco
maniacsp	Maniac Square (prototype)	1996	Gaelco
maniacsq	Maniac Square (unprotected)	1996	Gaelco
snowboar	Snow Board Championship (Version 2.1)	1996	Gaelco
snowboara	Snow Board Championship (Version 2.0)	1996	Gaelco
bang	Bang!	1998	Gaelco
bangj	Gun Gabacho (Japan)	1998	Gaelco
grtesoro	Gran Tesoro? / Play 2000 (v5.01) (Italy)	1999	Nova Desitec
speedup	Speed Up (Version 1.20)	1996	Gaelco
surfplnt	Surf Planet (Version 4.1)	1997	Gaelco
surfplnt40	Surf Planet (Version 4.0)	1997	Gaelco
radikalb	Radikal Bikers (Version 2.02)	1998	Gaelco
tokyocop	Tokyo Cop (Italy)	2003	Gaelco
hvyunit	Heavy Unit (World)	1988	Kaneko / Taito
hvyunitj	Heavy Unit (Japan, Newer)	1988	Kaneko / Taito
hvyunito	Heavy Unit (Japan, Older)	1988	Kaneko / Taito
djboy	DJ Boy (set 1)	1989	Kaneko (American Sammy license)
djboyj	DJ Boy (Japan)	1989	Kaneko (Sega license)
djboya	DJ Boy (set 2)	1989	Kaneko (American Sammy license)
airbustr	Air Buster: Trouble Specialty Raid Unit (World)	1990	Kaneko (Namco license)
airbustrj	Air Buster: Trouble Specialty Raid Unit (Japan)	1990	Kaneko (Namco license)
airbustrb	Air Buster: Trouble Specialty Raid Unit (bootleg)	1990	bootleg
galpanic	Gals Panic (Unprotected)	1990	Kaneko
galpanica	Gals Panic (MCU Protected)	1990	Kaneko
galsnew	Gals Panic (US, EXPRO-02 PCB)	1990	Kaneko
galsnewa	Gals Panic (Export, EXPRO-02 PCB)	1990	Kaneko
galsnewj	Gals Panic (Japan, EXPRO-02 PCB)	1990	Kaneko (Taito license)
galsnewk	Gals Panic (Korea, EXPRO-02 PCB)	1990	Kaneko (Inter license)
galpani2	Gals Panic II (Asia)	1993	Kaneko
galpani2g	Gals Panic II (German)	1993	Kaneko
galpani2t	Gals Panic II (Taiwan)	1993	Kaneko
galpani2j	Gals Panic II (Japan)	1993	Kaneko
gp2quiz	Gals Panic II - Quiz Version (Japan)	1993	Kaneko
gp2se	Gals Panic II' - Special Edition (Japan)	1994	Kaneko
jchan	Jackie Chan - The Kung-Fu Master	1995	Kaneko
jchan2	Jackie Chan in Fists of Fire	1995	Kaneko
galpani3	Gals Panic 3	1995	Kaneko
berlwall	The Berlin Wall	1991	Kaneko
berlwallt	The Berlin Wall (bootleg ?)	1991	Kaneko
mgcrystl	Magical Crystals (World, 92/01/10)	1991	Kaneko
mgcrystlo	Magical Crystals (World, 91/12/10)	1991	Kaneko
mgcrystlj	Magical Crystals (Japan, 92/01/13)	1991	Kaneko (Atlus license)
blazeon	Blaze On (Japan)	1992	Atlus
sandscrp	Sand Scorpion	1992	Face
sandscrpa	Sand Scorpion (Earlier)	1992	Face
sandscrpb	Sand Scorpion (Chinese Title Screen, Revised Hardware)	1992	Face
explbrkr	Explosive Breaker	1992	Kaneko
bakubrkr	Bakuretsu Breaker	1992	Kaneko
shogwarr	Shogun Warriors (World)	1992	Kaneko
shogwarru	Shogun Warriors (US)	1992	Kaneko
fjbuster	Fujiyama Buster (Japan)	1992	Kaneko
brapboys	B.Rap Boys (World)	1992	Kaneko
brapboysj	B.Rap Boys Special (Japan)	1992	Kaneko
bloodwar	Blood Warrior	1994	Kaneko
oedfight	Oedo Fight (Japan Bloodshed Ver.)	1994	Kaneko
bonkadv	B.C. Kid / Bonk's Adventure / Kyukyoku!! PC Genjin	1994	Kaneko
gtmr	1000 Miglia: Great 1000 Miles Rally (94/07/18)	1994	Kaneko
gtmra	1000 Miglia: Great 1000 Miles Rally (94/06/13)	1994	Kaneko
gtmre	Great 1000 Miles Rally: Evolution Model!!! (94/09/06)	1994	Kaneko
gtmrusa	Great 1000 Miles Rally: U.S.A Version! (94/09/06)	1994	Kaneko
gtmr2	Mille Miglia 2: Great 1000 Miles Rally (95/05/24)	1995	Kaneko
gtmr2a	Mille Miglia 2: Great 1000 Miles Rally (95/04/04)	1995	Kaneko
gtmr2u	Great 1000 Miles Rally 2 USA (95/05/18)	1995	Kaneko
skns	Super Kaneko Nova System BIOS	1996	Kaneko
galpani4	Gals Panic 4 (Japan)	1996	Kaneko
galpani4k	Gals Panic 4 (Korea)	1996	Kaneko
jjparads	Jan Jan Paradise	1996	Electro Design
sarukani	Saru-Kani-Hamu-Zou (Japan)	1997	Kaneko / Mediaworks
vblokbrk	VS Block Breaker (Asia)	1997	Kaneko / Mediaworks
galpanis	Gals Panic S - Extra Edition (Japan)	1997	Kaneko
galpanisk	Gals Panic S - Extra Edition (Korea)	1997	Kaneko
sengekis	Sengeki Striker (Asia)	1997	Kaneko / Warashi
sengekisj	Sengeki Striker (Japan)	1997	Kaneko / Warashi
jjparad2	Jan Jan Paradise 2	1997	Electro Design
cyvern	Cyvern (Japan)	1998	Kaneko
ryouran	VS Mahjong Otome Ryouran	1998	Electro Design
puzzloop	Puzz Loop (Europe)	1998	Mitchell
puzzloopj	Puzz Loop (Japan)	1998	Mitchell
puzzloopa	Puzz Loop (Asia)	1998	Mitchell
puzzloopk	Puzz Loop (Korea)	1998	Mitchell
puzzloopu	Puzz Loop (USA)	1998	Mitchell
galpans2	Gals Panic S2 (Japan)	1999	Kaneko
galpans2a	Gals Panic S2 (Asia)	1999	Kaneko
galpansu	Gals Panic SU (Korea)	1999	Kaneko
senknow	Sen-Know (Japan)	1999	Kaneko / Kouyousha
panicstr	Panic Street (Japan)	1999	Kaneko
teljan	Tel Jan	1999	Electro Design
gutsn	Guts'n (Japan)	2000	Kaneko / Kouyousha
galpans3	Gals Panic S3 (Japan)	2002	Kaneko
hanaawas	Hana Awase	1982	Seta Kikaku, Ltd.
speedatk	Speed Attack! (Japan)	1984	Seta Kikaku Corp.
srmp1	Super Real Mahjong Part 1 (Japan)	1987	Seta
srmp2	Super Real Mahjong Part 2 (Japan)	1987	Seta
srmp3	Super Real Mahjong Part 3 (Japan)	1988	Seta
mjyuugi	Mahjong Yuugi (Japan set 1)	1990	Visco
mjyuugia	Mahjong Yuugi (Japan set 2)	1990	Visco
ponchin	Mahjong Pon Chin Kan (Japan set 1)	1991	Visco
ponchina	Mahjong Pon Chin Kan (Japan set 2)	1991	Visco
tndrcade	Thundercade / Twin Formation	1987	Seta (Taito license)
tndrcadej	Tokusyu Butai U.A.G. (Japan)	1987	Seta (Taito license)
twineagl	Twin Eagle - Revenge Joe's Brother	1988	Seta (Taito license)
downtown	DownTown / Mokugeki (Set 1)	1989	Seta
downtown2	DownTown / Mokugeki (Set 2)	1989	Seta
downtownj	DownTown / Mokugeki (Joystick Hack)	1989	Seta
downtownp	DownTown / Mokugeki (prototype)	1989	Seta
usclssic	U.S. Classic	1989	Seta
calibr50	Caliber 50	1989	Athena / Seta
arbalest	Arbalester	1989	Seta
metafox	Meta Fox	1989	Seta
setaroul	Seta / Visco Roulette?		Seta / Visco
drgnunit	Dragon Unit / Castle of Dragon	1989	Seta
wits	Wit's (Japan)	1989	Athena (Visco license)
thunderl	Thunder & Lightning	1990	Seta
wiggie	Wiggie Waggie	1994	Promat
superbar	Super Bar	1994	Promat
jockeyc	Jockey Club	1990	Seta (Visco license)
rezon	Rezon	1991	Allumer
rezont	Rezon (Taito)	1992	Allumer (Taito license)
stg	Strike Gunner S.T.G	1991	Athena / Tecmo
pairlove	Pairs Love	1991	Athena
blandia	Blandia	1992	Allumer
blandiap	Blandia (prototype)	1992	Allumer
blockcar	Block Carnival / Thunder & Lightning 2	1992	Visco
qzkklogy	Quiz Kokology	1992	Tecmo
neobattl	SD Gundam Neo Battling (Japan)	1992	Banpresto / Sotsu Agency. Sunrise
umanclub	Ultraman Club - Tatakae! Ultraman Kyoudai!!	1992	Banpresto / Tsuburaya Productions
zingzip	Zing Zing Zip	1992	Allumer / Tecmo
atehate	Athena no Hatena ?	1993	Athena
jjsquawk	J. J. Squawkers	1993	Athena / Able
jjsquawkb	J. J. Squawkers (bootleg)	1993	bootleg
kamenrid	Masked Riders Club Battle Race	1993	Banpresto / Toei
madshark	Mad Shark	1993	Allumer
msgundam	Mobile Suit Gundam	1993	Banpresto
msgundam1	Mobile Suit Gundam (Japan)	1993	Banpresto
daioh	Daioh	1993	Athena
oisipuzl	Oishii Puzzle Ha Irimasenka	1993	Sunsoft / Atlus
triplfun	Triple Fun	1993	bootleg
utoukond	Ultra Toukon Densetsu (Japan)	1993	Banpresto / Tsuburaya Productions
qzkklgy2	Quiz Kokology 2	1993	Tecmo
wrofaero	War of Aero - Project MEIOU	1993	Yang Cheng
eightfrc	Eight Forces	1994	Tecmo
kiwame	Pro Mahjong Kiwame	1994	Athena
krzybowl	Krazy Bowl	1994	American Sammy
orbs	Orbs (10/7/94 prototype?)	1994	American Sammy
keroppi	Kero Kero Keroppi no Issyoni Asobou (Japan)	1993	Sammy Industries
extdwnhl	Extreme Downhill (v1.5)	1995	Sammy Industries Japan
gundhara	Gundhara	1995	Banpresto
sokonuke	Sokonuke Taisen Game (Japan)	1995	Sammy Industries
zombraid	Zombie Raid (US)	1995	American Sammy
crazyfgt	Crazy Fight	1996	Subsino
inttoote	International Toote (Germany)	1998	Coinmaster
inttootea	International Toote II (World?)	1993	Coinmaster
gundamex	Mobile Suit Gundam EX Revue	1994	Banpresto
grdians	Guardians / Denjin Makai II	1995	Banpresto
mj4simai	Wakakusamonogatari Mahjong Yonshimai (Japan)	1996	Maboroshi Ware
myangel	Kosodate Quiz My Angel (Japan)	1996	Namco
myangel2	Kosodate Quiz My Angel 2 (Japan)	1997	Namco
pzlbowl	Puzzle De Bowling (Japan)	1999	Nihon System / Moss
penbros	Penguin Brothers (Japan)	2000	Subsino
deerhunt	Deer Hunting USA V4.3	2000	Sammy USA Corporation
deerhunta	Deer Hunting USA V4.2	2000	Sammy USA Corporation
deerhuntb	Deer Hunting USA V4.0	2000	Sammy USA Corporation
deerhuntc	Deer Hunting USA V2	2000	Sammy USA Corporation
turkhunt	Turkey Hunting USA V1.0	2001	Sammy USA Corporation
wschamp	Wing Shooting Championship V2.00	2001	Sammy USA Corporation
wschampa	Wing Shooting Championship V1.01	2001	Sammy USA Corporation
funcube2	Funcube 2 (v1.1)	2001	Namco
funcube4	Funcube 4 (v1.0)	2001	Namco
trophyh	Trophy Hunting - Bear & Moose V1.0	2002	Sammy USA Corporation
srmp4	Super Real Mahjong PIV (Japan)	1993	Seta
srmp4o	Super Real Mahjong PIV (Japan, older set)	1993	Seta
twineag2	Twin Eagle II - The Rescue Mission	1994	Seta
srmp7	Super Real Mahjong P7 (Japan)	1997	Seta
dynagear	Dyna Gear	1993	Sammy
survarts	Survival Arts (World)	1993	Sammy
survartsu	Survival Arts (USA)	1993	American Sammy
eaglshot	Eagle Shot Golf	1994	Sammy
hypreact	Mahjong Hyper Reaction (Japan)	1995	Sammy
meosism	Meosis Magic (Japan)		Sammy
hypreac2	Mahjong Hyper Reaction 2 (Japan)	1997	Sammy
sxyreact	Pachinko Sexy Reaction (Japan)	1998	Sammy
sxyreac2	Pachinko Sexy Reaction 2 (Japan)	1999	Sammy
cairblad	Change Air Blade (Japan)	1999	Sammy
keithlcy	Dramatic Adventure Quiz Keith & Lucy (Japan)	1993	Visco
drifto94	Drift Out '94 - The Hard Order (Japan)	1994	Visco
janjans1	Lovely Pop Mahjong JangJang Shimasho (Japan)	1996	Visco
stmblade	Storm Blade (US)	1996	Visco
jsk	Joryuu Syougi Kyoushitsu (Japan)	1997	Visco
koikois2	Koi Koi Shimasho 2 - Super Real Hanafuda (Japan)	1997	Visco
mslider	Monster Slider (Japan)	1997	Visco / Datt Japan
ryorioh	Gourmet Battle Quiz Ryohrioh CooKing (Japan)	1998	Visco
janjans2	Lovely Pop Mahjong JangJang Shimasho 2 (Japan)	2000	Visco
vasara	Vasara	2000	Visco
vasara2	Vasara 2 (set 1)	2001	Visco
vasara2a	Vasara 2 (set 2)	2001	Visco
ultrax	Ultra X Weapons / Ultra Keibitai	1995	Banpresto / Tsuburaya Productions
gdfs	Mobil Suit Gundam Final Shooting (Japan)	1995	Banpresto
jclub2	Jockey Club II (newer hardware)		Seta
jclub2o	Jockey Club II (older hardware)		Seta
darkhors	Dark Horse (bootleg of Jockey Club II)	2001	bootleg
renju	Renju Kizoku	1994	Visco
nratechu	Neratte Chu	1996	Seta
srmp5	Super Real Mahjong P5	1994	Seta
speglsht	Super Eagle Shot	1994	Seta
mayjinsn	Mayjinsen	1994	Seta
mayjisn2	Mayjinsen 2	1994	Seta
koikois	Koi Koi Shimasho	1995	Visco
srmp6	Super Real Mahjong P6 (Japan)	1995	Seta
aleck64	Aleck64 PIF BIOS	1998	Nintendo / Seta
11beat	Eleven Beat	1998	Hudson
mtetrisc	Magical Tetris Challenge (981009 Japan)	1998	Capcom
starsldr	Star Soldier: Vanishing Earth	1998	Hudson / Seta
vivdolls	Vivid Dolls	1998	Visco
srmvs	Super Real Mahjong VS	1999	Seta
twrshaft	Tower & Shaft	2003	Aruze
hipai	Hi Pai Paradise	2003	Aruze / Seta
doncdoon	Donchan no Hanabi de Doon	2003	Aruze / Takumi
kurufev	Kurukuru Fever	2003	Aruze / Takumi
mayjin3	Mayjinsen 3	2000	Seta / Able Corporation
powerins	Power Instinct (USA)	1993	Atlus
powerinsj	Gouketsuji Ichizoku (Japan)	1993	Atlus
powerinsa	Power Instinct (USA, bootleg set 1)	1993	bootleg
powerinsb	Power Instinct (USA, bootleg set 2)	1993	bootleg
ohmygod	Oh My God! (Japan)	1993	Atlus
naname	Naname de Magic! (Japan)	1994	Atlus
blmbycar	Blomby Car	1994	ABM & Gecas
blmbycaru	Blomby Car (not encrypted)	1994	ABM & Gecas
watrball	Water Balls	1996	ABM
speakres	Speak & Rescue	1980	Sun Electronics
stratvox	Stratovox	1980	Sun Electronics (Taito license)
stratvoxb	Stratovox (bootleg)	1980	bootleg
spacecho	Space Echo (set 1)	1980	bootleg
spacecho2	Space Echo (set 2)	1980	bootleg
route16	Route 16 (set 1)	1981	Tehkan / Sun Electronics (Centuri license)
route16a	Route 16 (set 2)	1981	Tehkan / Sun Electronics (Centuri license)
route16b	Route 16 (bootleg)	1981	bootleg
routex	Route X (bootleg)	1981	bootleg
ttmahjng	T.T Mahjong	1981	Taito
fnkyfish	Funky Fish	1981	Sun Electronics
kangaroo	Kangaroo	1982	Sun Electronics
kangarooa	Kangaroo (Atari)	1982	Sun Electronics (Atari license)
kangaroob	Kangaroo (bootleg)	1982	bootleg
arabian	Arabian	1983	Sun Electronics
arabiana	Arabian (Atari)	1983	Sun Electronics (Atari license)
markham	Markham	1983	Sun Electronics
strnskil	Strength & Skill	1984	Sun Electronics
guiness	The Guiness (Japan)	1984	Sun Electronics
pettanp	Pettan Pyuu (Japan)	1984	Sun Electronics
banbam	BanBam	1984	Sun Electronics
ikki	Ikki (Japan)	1985	Sun Electronics
farmer	Farmers Rebellion	1985	Sun Electronics
shanghai	Shanghai (Japan)	1988	Sunsoft
shangha2	Shanghai II (Japan)	1989	Sunsoft
kothello	Kyuukyoku no Othello	1990	Success
shangha3	Shanghai III (Japan)	1993	Sunsoft
heberpop	Hebereke no Popoon (Japan)	1994	Sunsoft / Atlus
blocken	Blocken (Japan)	1994	KID / Visco
goindol	Goindol (World)	1987	SunA
goindolu	Goindol (US)	1987	SunA
goindolk	Goindol (Korea)	1987	SunA
rranger	Rough Ranger (v2.0, unprotected, bootleg?)	1988	SunA (Sharp Image license)
sranger	Super Ranger (v2.0)	1988	SunA
srangerb	Super Ranger (bootleg)	1988	bootleg
srangerw	Super Ranger (WDK)	1988	SunA (WDK license)
hardhead	Hard Head	1988	SunA
hardheadb	Hard Head (bootleg)	1988	bootleg
pop_hh	Popper (Hard Head bootleg)	1988	bootleg
sparkman	Spark Man (v 2.0, set 1)	1989	SunA
sparkmana	Spark Man (v 2.0, set 2)	1989	SunA
starfigh	Star Fighter (v1)	1990	SunA
hardhea2	Hard Head 2 (v2.0)	1991	SunA
brickzn	Brick Zone (v5.0)	1992	SunA
brickzn3	Brick Zone (v4.0)	1992	SunA
bestbest	Best Of Best	1994	SunA
sunaq	SunA Quiz 6000 Academy (940620-6)	1994	SunA
bssoccer	Back Street Soccer	1996	SunA
uballoon	Ultra Balloon	1996	SunA
gundealr	Gun Dealer	1990	Dooyong
gundealra	Gun Dealer (Alt Card Set)		Dooyong
gundealrt	Gun Dealer (Korea)	1990	Dooyong (Tecmo license)
yamyam	Yam! Yam!?	1990	Dooyong
wiseguy	Wise Guy	1990	Dooyong
lastday	The Last Day (set 1)	1990	Dooyong
lastdaya	The Last Day (set 2)	1990	Dooyong
gulfstrm	Gulf Storm	1991	Dooyong
gulfstrmm	Gulf Storm (Media Shoji)	1991	Dooyong (Media Shoji license)
pollux	Pollux (set 1)	1991	Dooyong
polluxa	Pollux (set 2)	1991	Dooyong
polluxa2	Pollux (set 3)	1991	Dooyong
flytiger	Flying Tiger	1992	Dooyong
bluehawk	Blue Hawk	1993	Dooyong
bluehawkn	Blue Hawk (NTC)	1993	Dooyong (NTC license)
sadari	Sadari	1993	Dooyong (NTC license)
gundl94	Gun Dealer '94	1994	Dooyong
primella	Primella	1994	Dooyong (NTC license)
superx	Super-X (NTC)	1994	NTC
superxm	Super-X (Mitchell)	1994	NTC (Mitchell license)
rshark	R-Shark	1995	Dooyong
popbingo	Pop Bingo	1996	Dooyong
leprechn	Leprechaun	1982	Tong Electronic
potogold	Pot of Gold	1982	GamePlan
leprechp	Leprechaun (Pacific Polytechnical license)	1982	Tong Electronic
piratetr	Pirate Treasure	1982	Tong Electronic
beezer	Beezer (set 1)	1982	Tong Electronic
beezer1	Beezer (set 2)	1982	Tong Electronic
pushman	Pushman (Korea, set 1)	1990	Comad
pushmana	Pushman (Korea, set 2)	1990	Comad
pushmans	Pushman (American Sammy license)	1990	Comad (American Sammy license)
pushmant	Pushman (Top Tronic license)	1990	Comad (Top Tronic license)
bballs	Bouncing Balls	1991	Comad
zerozone	Zero Zone	1993	Comad
lvgirl94	Las Vegas Girl (Girl '94)	1994	Comad
hotpinbl	Hot Pinball	1995	Comad & New Japan System
galspnbl	Gals Pinball	1996	Comad
fantasia	Fantasia	1994	Comad & New Japan System
supmodel	Super Model	1994	Comad & New Japan System
newfant	New Fantasia	1995	Comad & New Japan System
fantsy95	Fantasy '95	1995	Hi-max Technology Inc.
zipzap	Zip & Zap	1995	Barko Corp
missw96	Miss World '96 (Nude)	1996	Comad
missmw96	Miss Mister World '96 (Nude)	1996	Comad
fantsia2	Fantasia II (Explicit)	1997	Comad
fantsia2a	Fantasia II (Less Explicit)	1997	Comad
wownfant	WOW New Fantasia	2002	Comad
galhustl	Gals Hustler	1997	ACE International
sslam	Super Slam (set 1)	1993	Playmark
sslama	Super Slam (set 2)	1993	Playmark
powerbal	Power Balls	1994	Playmark
powerbals	Power Balls (Super Slam conversion)	1994	Playmark
magicstk	Magic Sticks	1995	Playmark
hotminda	Hot Mind (adjustable prize)	1995	Playmark
bigtwin	Big Twin	1995	Playmark
wbeachvl	World Beach Volley (set 1)	1995	Playmark
wbeachvl2	World Beach Volley (set 2)	1995	Playmark
excelsr	Excelsior	1996	Playmark
hotmind	Hot Mind	1995	Playmark
hrdtimes	Hard Times (set 1)	1994	Playmark
hrdtimesa	Hard Times (set 2)	1994	Playmark
drtomy	Dr. Tomy	1993	Playmark
sderby	Super Derby	1996	Playmark
pmroulet	Croupier (Playmark Roulette)	1997	Playmark
spacewin	Scacco Matto / Space Win	1996	Playmark
sharkatt	Shark Attack	1980	Pacific Novelty
thief	Thief	1981	Pacific Novelty
natodef	NATO Defense	1982	Pacific Novelty
natodefa	NATO Defense (alternate mazes)	1982	Pacific Novelty
mrflea	The Amazing Adventures of Mr. F. Lea	1982	Pacific Novelty
ambush	Ambush	1983	Tecfri
ambushj	Ambush (Japan)	1983	Tecfri (Nippon Amuse license)
ambushv	Ambush (Volt Electronics)	1983	Tecfri (Volt Electronics license)
holeland	Hole Land	1984	Tecfri
crzrally	Crazy Rally (set 1)	1985	Tecfri
crzrallya	Crazy Rally (set 2)	1985	Tecfri
crzrallyg	Crazy Rally (Gecas license)	1985	Tecfri (Gecas license)
speedbal	Speed Ball	1987	Tecfri
sauro	Sauro	1987	Tecfri
trckydoc	Tricky Doc (Set 1)	1987	Tecfri
trckydoca	Tricky Doc (Set 2)	1987	Tecfri
karatour	The Karate Tournament	1992	Mitchell
ladykill	Lady Killer	1993	Yanyaka (Mitchell license)
moegonta	Moeyo Gonta!! (Japan)	1993	Yanyaka
pangpoms	Pang Pom's	1992	Metro
pangpomsm	Pang Pom's (Mitchell)	1992	Metro (Mitchell license)
skyalert	Sky Alert	1992	Metro
poitto	Poitto!	1993	Metro / Able Corp.
dharma	Dharma Doujou	1994	Metro
dharmak	Dharma Doujou (Korea)	1994	Metro
lastfort	Last Fortress - Toride	1994	Metro
lastforte	Last Fortress - Toride (Erotic)	1994	Metro
lastfortk	Last Fortress - Toride (Korea)	1994	Metro
lastfortg	Last Fortress - Toride (German)	1994	Metro
toride2g	Toride II Adauchi Gaiden	1994	Metro
toride2gg	Toride II Adauchi Gaiden (German)	1994	Metro
toride2j	Toride II (Japan)	1994	Metro
gunmast	Gun Master	1994	Metro
daitorid	Daitoride	1995	Metro
daitoa	Daitoride (YMF278B version)	1996	Metro
dokyusei	Mahjong Doukyuusei	1995	Make Software / Elf / Media Trading
dokyusp	Mahjong Doukyuusei Special	1995	Make Software / Elf / Media Trading
msgogo	Mouse Shooter GoGo	1995	Metro
puzzli	Puzzli	1995	Metro / Banpresto
3kokushi	Sankokushi (Japan)	1996	Mitchell
pururun	Pururun	1995	Metro / Banpresto
balcube	Bal Cube	1996	Metro
mouja	Mouja (Japan)	1996	Etona
bangball	Bang Bang Ball (v1.05)	1996	Banpresto / Kunihiko Tashiro+Goodhouse
batlbubl	Battle Bubble (v2.00)	1999	Banpresto (Limenko license?)
gakusai	Mahjong Gakuensai (Japan)	1997	MakeSoft
gakusai2	Mahjong Gakuensai 2 (Japan)	1998	MakeSoft
blzntrnd	Blazing Tornado	1994	Human Amusement
gstrik2	Grand Striker 2 (Europe and Oceania)	1996	Human Amusement
gstrik2j	Grand Striker 2 (Japan)	1996	Human Amusement
hyprduel	Hyper Duel (Japan set 1)	1993	Technosoft
hyprduel2	Hyper Duel (Japan set 2)	1993	Technosoft
magerror	Magical Error wo Sagase	1994	Technosoft / Jaleco
puzzlet	Puzzlet (Japan)	2000	Unies Corporation
spcforce	Space Force (set 1)	1980	Venture Line
spcforc2	Space Force (set 2)		bootleg? (Elcon)
meteor	Meteoroids	1981	Venture Line
looping	Looping	1982	Video Games GmbH
loopingv	Looping (Venture Line license, set 1)	1982	Video Games GmbH (Venture Line license)
loopingva	Looping (Venture Line license, set 2)	1982	Video Games GmbH (Venture Line license)
skybump	Sky Bumper	1982	Venture Line
suprridr	Super Rider	1983	Venture Line (Taito Corporation license)
paradise	Paradise		Yun Sung
paradlx	Paradise Deluxe		Yun Sung
para2dx	Paradise 2 Deluxe		Yun Sung
tgtball	Target Ball (Nude)	1995	Yun Sung
tgtballa	Target Ball	1995	Yun Sung
torus	Torus	1996	Yun Sung
paprazzi	Paparazzi	1996	Yun Sung
madball	Mad Ball V2.0	1998	Yun Sung
madballn	Mad Ball V2.0 (With Nudity)	1997	Yun Sung
cannball	Cannon Ball (Yun Sung) (horizontal)	1995	Yun Sung / Soft Vision
cannballv	Cannon Ball (Yun Sung) (vertical)	1995	Yun Sung / T&K
magix	Magix / Rock	1995	Yun Sung
rocktris	Rock Tris		Yun Sung
magicbub	Magic Bubble		Yun Sung
magicbuba	Magic Bubble (Adult version)		Yun Sung
shocking	Shocking	1997	Yun Sung
bombkick	Bomb Kick	1998	Yun Sung
nmg5	Multi 5 / New Multi Game 5	1998	Yun Sung
nmg5e	Multi 5 / New Multi Game 5 (earlier)	1997	Yun Sung
searchey	Search Eye	1999	Yun Sung
searchp2	Search Eye Plus V2.0	1999	Yun Sung
pclubys	Puzzle Club (Yun Sung, set 1)	2000	Yun Sung
pclubysa	Puzzle Club (Yun Sung, set 2)	2000	Yun Sung
garogun	Garogun Seroyang (Korea)	2000	Yun Sung
7ordi	7 Ordi (Korea)	2002	Yun Sung
wondstck	Wonder Stick		Yun Sung
blueprnt	Blue Print (Midway)	1982	Zilec Electronics / Bally Midway
blueprntj	Blue Print (Jaleco)	1982	Zilec Electronics / Jaleco
saturn	Saturn	1983	Zilec Electronics / Jaleco
gogomile	Go Go! Mile Smile	1995	Fuuki
gogomilej	Susume! Mile Smile (Japan)	1995	Fuuki
pbancho	Gyakuten!! Puzzle Bancho (Japan)	1996	Fuuki
asurabld	Asura Blade - Sword of Dynasty (Japan)	1998	Fuuki
asurabus	Asura Buster - Eternal Warriors (Japan)	2000	Fuuki
drgnmst	Dragon Master	1994	Unico
burglarx	Burglar X	1997	Unico
zeropnt	Zero Point (set 1)	1998	Unico
zeropnta	Zero Point (set 2)	1998	Unico
zeropnt2	Zero Point 2	1999	Unico
silkroad	The Legend of Silkroad	1999	Unico
aoh	Age Of Heroes - Silkroad 2 (v0.63 - 2001/02/07)	2001	Unico
twinactn	Twin Action	1995	Afega
stagger1	Stagger I (Japan)	1998	Afega
redhawk	Red Hawk (US)	1997	Afega (New Vision Ent. license)
redhawke	Red Hawk (Excellent Co., Ltd)	1997	Afega (Excellent Co. license)
redhawki	Red Hawk (Italy)	1997	Afega (Hea Dong Corp license)
redhawkb	Red Hawk (bootleg)	1997	bootleg
grdnstrm	Guardian Storm	1998	Afega (Apples Industries license)
grdnstrmk	Sen Jin - Guardian Storm (Korea)	1998	Afega
bubl2000	Bubble 2000	1998	Tuning
hotbubl	Hot Bubble	1998	Pandora
popspops	Pop's Pop's	1999	Afega
firehawk	Fire Hawk	2001	ESD
mangchi	Mang-Chi	2000	Afega
spec2k	Spectrum 2000 (Euro)	2000	Yona Tech
multchmp	Multi Champ (World)	1999	ESD
multchmpk	Multi Champ (Korea)	1998	ESD
mchampdx	Multi Champ Deluxe (ver. 0106, 06/01/2000)	2000	ESD
mchampdxa	Multi Champ Deluxe (ver. 1126, 26/11/1999)	1999	ESD
hedpanic	Head Panic (ver. 0117, 17/01/2000)	2000	ESD
hedpanicf	Head Panic (ver. 0315, 15/03/2000)	2000	ESD / Fuuki
hedpanico	Head Panic (ver. 0615, 15/06/1999)	1999	ESD
tangtang	Tang Tang (ver. 0526, 26/05/2000)	2000	ESD
swatpolc	SWAT Police	2001	ESD
royalmj	Royal Mahjong (Japan, v1.13)	1981	Nichibutsu
openmj	Open Mahjong [BET] (Japan)		Sapporo Mechanic
royalmah	Royal Mahjong (Falcon bootleg, v1.01)	1982	bootleg
janyoup2	Janyou Part II (ver 7.03, July 1 1983)	1983	Cosmo Denshi
janputer	New Double Bet Mahjong (Japan)	1981	Public Software Ltd. / Mes
janoh	Jan Oh (set 1)	1984	Toaplan
janoha	Jan Oh (set 2)	1984	Toaplan
jansou	Jansou (set 1)	1985	Dyna
jansoua	Jansou (set 2)	1985	Dyna
mjsiyoub	Mahjong Shiyou (Japan)	1986	Visco
mjsenka	Mahjong Senka (Japan)	1986	Visco
mjyarou	Mahjong Yarou [BET] (Japan)	1986	Visco / Video System
mjclub	Mahjong Club [BET] (Japan)		Xex
daisyari	Daisyarin [BET] (Japan)	1989	Best System
suzume	Watashiha Suzumechan (Japan)	1986	Dyna Electronics
hnayayoi	Hana Yayoi (Japan)	1987	Dyna Electronics
dondenmj	Don Den Mahjong [BET] (Japan)	1986	Dyna Electronics
ippatsu	Ippatsu Gyakuten [BET] (Japan)	1986	Public Software / Paradais
hnfubuki	Hana Fubuki [BET] (Japan)	1987	Dynax
mjdiplob	Mahjong Diplomat [BET] (Japan)	1987	Dynax
untoucha	Untouchable (Japan)	1987	Dynax
tontonb	Tonton [BET] (Japan set 1)	1987	Dynax
makaijan	Makaijan [BET] (Japan)	1987	Dynax
hanamai	Hana no Mai (Japan)	1988	Dynax
majs101b	Mahjong Studio 101 [BET] (Japan)	1988	Dynax
mjapinky	Almond Pinky [BET] (Japan)	1988	Dynax
mjdejavu	Mahjong Shinkirou Deja Vu (Japan)	1989	Dynax
mjdejav2	Mahjong Shinkirou Deja Vu 2 (Japan)	1989	Dynax
hnkochou	Hana Kochou (Japan, Bet)	1989	Dynax
mjderngr	Mahjong Derringer (Japan)	1989	Dynax
hnoridur	Hana Oriduru (Japan)	1989	Dynax
drgpunch	Dragon Punch (Japan)	1989	Dynax
mjfriday	Mahjong Friday (Japan)	1989	Dynax
jantouki	Jong Tou Ki (Japan)	1990	Dynax
gekisha	Mahjong Gekisha	1989	Dynax
mjifb	Mahjong If...? [BET]	1990	Dynax
mjifb2	Mahjong If...? [BET](2921)	1990	Dynax
mjifb3	Mahjong If...? [BET](2931)	1990	Dynax
mjvegas	Mahjong Vegas (Japan)	1991	Dynax
mjvegasa	Mahjong Vegas (Japan, unprotected)	1991	Dynax
cafetime	Mahjong Cafe Time	1992	Dynax
cafedoll	Mahjong Cafe Doll (Japan)	1993	Dynax
janptr96	Janputer '96 (Japan)	1996	Dynax
sprtmtch	Sports Match	1989	Dynax (Fabtek license)
maya	Maya (set 1)	1994	Promat
mayaa	Maya (set 2)	1994	Promat
inca	Inca		<unknown>
blktouch	Black Touch (Korea)		Yang Gi Co Ltd.
mcnpshnt	Mahjong Campus Hunting (Japan)	1990	Dynax
7jigen	7jigen no Youseitachi - Mahjong 7 Dimensions (Japan)	1990	Dynax
neruton	Mahjong Neruton Haikujiradan (Japan)	1990	Dynax / Yukiyoshi Tokoro
mjcomv1	Mahjong Comic Gekijou Vol.1 (Japan)	1991	Dynax
shpeng	Sea Hunter Penguin	1995	WSAC Systems?
tenkai	Mahjong Tenkaigen	1991	Dynax
tenkai2b	Mahjong Tenkaigen Part 2 (bootleg)	1991	bootleg
tenkaibb	Mahjong Tenkaigen (bootleg b)	1991	bootleg
tenkaicb	Mahjong Tenkaigen (bootleg c)	1991	bootleg
tenkaid	Mahjong Tenkaigen (set 1)	1991	Dynax
tenkaie	Mahjong Tenkaigen (set 2)	1991	Dynax
htengoku	Hanafuda Hana Tengoku (Japan)	1992	Dynax
mjreach	Mahjong Reach (bootleg)	1994	bootleg / Dynax
mjdialq2	Mahjong Dial Q2 (Japan)	1991	Dynax
yarunara	Mahjong Yarunara (Japan)	1991	Dynax
mjangels	Mahjong Angels - Comic Theater Vol.2 (Japan)	1991	Dynax
quiztvqq	Quiz TV Gassyuukoku Q&Q (Japan)	1992	Dynax
mmpanic	Monkey Mole Panic (USA)	1992	Nakanihon / East Technology (Taito license)
quizchq	Quiz Channel Question (Ver 1.00) (Japan)	1993	Nakanihon
quizchql	Quiz Channel Question (Ver 1.23) (Taiwan?)	1993	Nakanihon (Laxan license)
funkyfig	The First Funky Fighter	1993	Nakanihon / East Technology (Taito license)
animaljr	Exciting Animal Land Jr. (USA)	1993	Nakanihon / East Technology (Taito license)
animaljrs	Animalandia Jr. (Spanish)	1993	Nakanihon / East Technology (Taito license)
animaljrj	Waiwai Animal Land Jr. (Japan)	1993	Nakanihon / East Technology (Taito license)
hginga	Hanafuda Hana Ginga	1994	Dynax
mjmyster	Mahjong The Mysterious World (set 1)	1994	Dynax
mjmywrld	Mahjong The Mysterious World (set 2)	1994	Dynax
mjmyornt	Mahjong The Mysterious Orient	1994	Dynax
mjmyuniv	Mahjong The Mysterious Universe	1994	Dynax
quiz365	Quiz 365 (Japan)	1994	Nakanihon
quiz365t	Quiz 365 (Hong Kong & Taiwan)	1994	Nakanihon / Taito
rongrong	Puzzle Game Rong Rong (Europe)	1994	Nakanihon (Activision license)
rongrongj	Puzzle Game Rong Rong (Japan)	1994	Nakanihon (Activision license)
rongrongg	Puzzle Game Rong Rong (Germany)	1994	Nakanihon (Activision license)
hparadis	Super Hana Paradise (Japan)	1994	Dynax
hgokou	Hanafuda Hana Gokou (Japan)	1995	Dynax (Alba license)
mjdchuka	Mahjong The Dai Chuuka Ken (China, v. D111)	1995	Dynax
mjtensin	Mahjong Tensinhai (Japan)	1995	Dynax
nettoqc	Nettoh Quiz Champion (Japan)	1995	Nakanihon
majrjhdx	Mahjong Raijinhai DX	1996	Dynax
ddenlovj	Don Den Lover Vol. 1 - Shiro Kuro Tsukeyo! (Japan)	1995	Dynax
ddenlovrk	Don Den Lover Vol. 1 - Heukbaeg-euro Jeonghaja (Korea)	1995	Dynax
ddenlovr	Don Den Lover Vol. 1 (Hong Kong)	1996	Dynax
ddenlovrb	Don Den Lover Vol. 1 - Heukbaeg-euro Jeonghaja (Korea, bootleg)	1995	bootleg
hanakanz	Hana Kanzashi (Japan)	1996	Dynax
akamaru	Panel & Variety Akamaru Q Jousyou Dont-R	1996	Dynax (Nakanihon license)
sryudens	Mahjong Seiryu Densetsu (Japan, NM502)	1996	Dynax / Face
mjflove	Mahjong Fantasic Love (Japan)	1996	Nakanihon
hkagerou	Hana Kagerou [BET] (Japan)	1997	Nakanihon / Dynax
realbrk	Billiard Academy Real Break (Europe)	1998	Nakanihon
realbrkk	Billiard Academy Real Break (Korea)	1998	Nakanihon
realbrkj	Billiard Academy Real Break (Japan)	1998	Nakanihon
dai2kaku	Dai-Dai-Kakumei (Japan)	2004	SystemBit
mjchuuka	Mahjong Chuukanejyo (China)	1998	Dynax
mjreach1	Mahjong Reach Ippatsu (Japan)	1998	Nihon System
cafebrk	Mahjong Cafe Break	1999	Nakanihon / Dynax
jongtei	Mahjong Jong-Tei (Japan, ver. NM532-01)	1999	Dynax
daimyojn	Mahjong Daimyojin (Japan, T017-PB-00)	2002	Dynax / Techno-Top / Techno-Planning
pkgnsh	Pachinko Gindama Shoubu (Japan)	1998	Nakanihon / Dynax
pkgnshdx	Pachinko Gindama Shoubu DX (Japan)	1998	Nakanihon / Dynax
hjingi	Hana Jingi (Japan, Bet)	1990	Dynax
hanayara	Hana wo Yaraneba! (Japan)	1991	Dynax
mjelctrn	Mahjong Electron Base (parts 2 & 4, Japan)	1993	Dynax
mjelct3	Mahjong Electron Base (parts 2 & 3, Japan)	1990	Dynax
mjelct3a	Mahjong Electron Base (parts 2 & 3, alt., Japan)	1990	Dynax
mjelctrb	Mahjong Electron Base (parts 2 & 4, Japan, bootleg)	1993	bootleg
majxtal7	Mahjong X-Tal 7 - Crystal Mahjong / Mahjong Diamond 7 (Japan)	1990	Dynax
nyny	New York! New York!	1980	Sigma Enterprises Inc.
nynyg	New York! New York! (Gottlieb)	1980	Sigma Enterprises Inc. (Gottlieb license)
arcadia	Waga Seishun no Arcadia	1980	Sigma Enterprises Inc.
r2dtank	R2D Tank	1980	Sigma Enterprises Inc.
spiders	Spiders (set 1)	1981	Sigma Enterprises Inc.
spiders2	Spiders (set 2)	1981	Sigma Enterprises Inc.
spiders3	Spiders (set 3)	1981	Sigma Enterprises Inc.
spinner	Spinner	1981	bootleg
sub	Submarine	1985	Sigma Enterprises Inc.
jwildb52	Joker's Wild (B52 system, set 1)		Sigma
jwildb52a	Joker's Wild (B52 system, set 2)		Sigma
jwildb52h	Joker's Wild (B52 system, Harrah's GFX)		Sigma
gegege	GeGeGe no Kitarou Youkai Slot	1997	Banpresto / Sigma
goldstar	Golden Star		IGS
goldstbl	Golden Star (Blue version)		IGS
moonlght	Moon Light (bootleg of Golden Star)		bootleg
chry10	Cherry 10 (bootleg with PIC16F84)		bootleg
chrygld	Cherry Gold I		bootleg
cabaret	Cabaret	1992	AMT Co. Ltd.
cpoker	Champion Poker (v220I)		IGS
cpokert	Champion Poker (v200G)		IGS (Tuning license)
csk227it	Champion Skill (with Ability)		IGS
csk234it	Champion Skill (Ability, Poker & Symbols)		IGS
igs_ncs	New Champion Skill (v100n)		IGS
igs_ncs2	New Champion Skill (v100n 2000)	2000	IGS
spk115it	Super Poker (v115IT)		IGS
spk116it	Super Poker (v116IT)		IGS
jackie	Happy Jackie (v110U)	1993	IGS
pktet346	PK Tetris (v346I)		IGS
chleague	Champion League (Poker)	2000	IGS
chleagul	Champion League (Lattine)	2000	IGS
number10	Number Dieci (Poker)	2000	PlayMark SRL
numbr10l	Number Dieci (Lattine)	2000	PlayMark SRL
cpokerpk	Champion Italian PK (bootleg, blue board)		bootleg (SGS)
cpokerpkg	Champion Italian PK (bootleg, green board)		bootleg (SGS)
citalcup	Champion Italian Cup (bootleg V220IT)		bootleg (SGS)
stellecu	Stelle e Cubi (Italy)	1998	Sure
iqblock	IQ-Block	1993	IGS
grndtour	Grand Tour	1993	IGS
5clown	Five Clown (English, set 1)	1993	IGS
5clowna	Five Clown (English, set 2)	1993	IGS
5clownsp	Five Clown (Spanish hack)	1993	IGS
lordgun	Lord of Gun (USA)	1994	IGS
aliencha	Alien Challenge (World)	1994	IGS
alienchac	Alien Challenge (China)	1994	IGS
jingbell	Jingle Bell (Italy, V133I)		IGS
gp98	Grand Prix '98	1998	Romtec Co. Ltd
lhb	Long Hu Bang (China, V035C)	1995	IGS
lhbv33c	Long Hu Bang (China, V033C)	1995	IGS
ryukobou	Mahjong Ryukobou (Japan, V030J)	1995	IGS / Alta
dbc	Da Ban Cheng (Hong Kong, V027H)	1995	IGS
lhb2	Long Hu Bang II (Hong Kong, V185H)	1996	IGS
xymg	Xing Yun Man Guan (China, V651C)	1996	IGS
wlcc	Wan Li Chang Cheng (China, V638C)	1996	IGS
vbowl	Virtua Bowling (World, V101XCM)	1996	IGS
vbowlj	Virtua Bowling (Japan, V100JCM)	1996	IGS / Alta
drgnwrld	Dragon World (World, V040O)	1997	IGS
drgnwrldv30	Dragon World (World, V030O)	1995	IGS
drgnwrldv21	Dragon World (World, V021O)	1995	IGS
drgnwrldv21j	Zhong Guo Long (Japan, V021J)	1995	IGS / Alta
drgnwrldv20j	Zhong Guo Long (Japan, V020J)	1995	IGS / Alta
drgnwrldv10c	Zhong Guo Long (China, V010C)	1995	IGS
drgnwrldv11h	Dong Fang Zhi Zhu (Hong Kong, V011H)	1995	IGS
nkishusp	Mahjong Nenrikishu SP	1998	IGS / Alta
iqblocka	Shu Zi Le Yuan (V127M)	1996	IGS
iqblockf	Shu Zi Le Yuan (V113FR)	1996	IGS
tjsb	Mahjong Tian Jiang Shen Bing	1997	IGS
sdmg2	Mahjong Super Da Man Guan II (China, V754C)	1997	IGS
mgdh	Mahjong Man Guan Da Heng (Taiwan, V123T1)	1997	IGS
mgcs	Mahjong Man Guan Cai Shen (V103CS)	1998	IGS
lhzb2	Mahjong Long Hu Zheng Ba 2 (set 1)	1998	IGS
lhzb2a	Mahjong Long Hu Zheng Ba 2 (set 2)	1998	IGS
slqz2	Mahjong Shuang Long Qiang Zhu 2	1998	IGS
tarzan	Tarzan (V109C)		IGS
tarzana	Tarzan (V107)		IGS
starzan	Super Tarzan (Italy, V100I)		IGS / G.F. Gioca
bigd2	Big D2	2000	IGS
sdwx	Sheng Dan Wu Xian	2002	IGS
sddz	Super Dou Di Zhu		IGS
lhzb3	Long Hu Zheng Ba 3		IGS
lhzb4	Long Hu Zheng Ba 4		IGS
klxyj	Kuai Le Xi You Ji		IGS
mgfx	Man Guan Fu Xing	2000	IGS
pgm	PGM (Polygame Master) System BIOS	1997	IGS
orlegend	Oriental Legend / Xi You Shi E Zhuan (ver. 126)	1997	IGS
orlegende	Oriental Legend / Xi You Shi E Zhuan (ver. 112)	1997	IGS
orlegendc	Oriental Legend / Xi You Shi E Zhuan (ver. 112, Chinese Board)	1997	IGS
orlegendca	Oriental Legend / Xi You Shi E Zhuan (ver. ???, Chinese Board)	1997	IGS
orlegend111c	Oriental Legend / Xi You Shi E Zhuan (ver. 111, Chinese Board)	1997	IGS
orlegend105k	Oriental Legend / Xi You Shi E Zhuan (ver. 105, Korean Board)	1997	IGS
drgw2	Dragon World II (ver. 110X, Export)	1997	IGS
drgw2c	Zhong Guo Long II (ver. 100C, China)	1997	IGS
drgw2j	Chuugokuryuu II (ver. 100J, Japan)	1997	IGS
drgw3	Dragon World 3 (ver. 106, Korean Board)	1998	IGS
drgw3105	Dragon World 3 (ver. 105)	1998	IGS
drgw3100	Dragon World 3 (ver. 100)	1998	IGS
dwex	Dragon World 3 EX (ver. 100)	1998	IGS
killbld	The Killing Blade (ver. 109, Chinese Board)	1998	IGS
killbld104	The Killing Blade (ver. 104)	1998	IGS
kov	Knights of Valour / Sangoku Senki (ver. 117)	1999	IGS
kovplus	Knights of Valour Plus / Sangoku Senki Plus (ver. 119)	1999	IGS
kovplusa	Knights of Valour Plus / Sangoku Senki Plus (alt ver. 119)	1999	IGS
kov115	Knights of Valour / Sangoku Senki (ver. 115)	1999	IGS
kov100	Knights of Valour / Sangoku Senki (ver. 100, Japanese Board)	1999	IGS
kovsh	Knights of Valour Super Heroes / Sangoku Senki Super Heroes (ver. 104, CN)	1999	IGS
kovsh103	Knights of Valour Super Heroes / Sangoku Senki Super Heroes (ver. 103, CN)	1999	IGS
photoy2k	Photo Y2K (ver. 105)	1999	IGS
photoy2k102	Photo Y2K (ver. 102, Japanese Board)	1999	IGS
photoy2k104	Photo Y2K (ver. 104)	1999	IGS
puzlstar	Puzzle Star (ver. 100MG)	1999	IGS
olds	Oriental Legend Special / Xi You Shi E Zhuan Super (ver. 101, Korean Board)	1998	IGS
olds100	Oriental Legend Special / Xi You Shi E Zhuan Super (ver. 100)	1998	IGS
olds100a	Oriental Legend Special / Xi You Shi E Zhuan Super (alt ver. 100)	1998	IGS
kov2	Knights of Valour 2 / Sangoku Senki 2 (ver. 107, 102, 100HK)	2000	IGS
kov2106	Knights of Valour 2 / Sangoku Senki 2 (ver. 106, 102, 100KH)	2000	IGS
kov2103	Knights of Valour 2 / Sangoku Senki 2 (ver. 103, 101, 100HK)	2000	IGS
kov2102	Knights of Valour 2 / Sangoku Senki 2 (ver. 102, 101, 100HK)	2000	IGS
kov2100	Knights of Valour 2 / Sangoku Senki 2 (ver. 100, 100, 100HK)	2000	IGS
kov2p	Knights of Valour 2 Plus - Nine Dragons / Sangoku Senki 2 Plus - Nine Dragons (ver. M204XX)	2001	IGS
kov2p205	Knights of Valour 2 Plus - Nine Dragons / Sangoku Senki 2 Plus - Nine Dragons (ver. M205XX)	2001	IGS
ddp2	Bee Storm - DoDonPachi II (ver. 100)	2001	IGS
ddp2a	Bee Storm - DoDonPachi II (ver. 102)	2001	IGS
puzzli2	Puzzli 2 Super (ver. 200)	2001	IGS
martmast	Martial Masters (ver. 104, 102, 102US)	2001	IGS
martmastc	Martial Masters (ver. 104, 102, 101CN)	2001	IGS
martmastc102	Martial Masters (ver. 102, 101, 101CN)	2001	IGS
theglad	The Gladiator (ver. 100)	2003	IGS
theglada	The Gladiator (ver. 101)	2003	IGS
dw2001	Dragon World 2001	2001	IGS
py2k2	Photo Y2K 2	2001	IGS
dmnfrnt	Demon Front (ver. 102)	2002	IGS
dmnfrnta	Demon Front (ver. 105)	2002	IGS
kovshp	Knights of Valour Super Heroes Plus / Sangoku Senki Super Heroes Plus (ver. 100)	2004	IGS
oldsplus	Oriental Legend Special Plus / Xi You Shi E Zhuan Super Plus	2004	IGS
killbldp	The Killing Blade Plus (ver. 300)	2005	IGS
happy6	Happy 6-in-1 (ver. 101CN)	2004	IGS
svg	S.V.G. - Spectral vs Generation (ver. 200)	2005	IGS
dunhuang	Mahjong Dunhuang	1995	Spirit
hitme	Hit Me	1976	RamTek
m21	21 (Mirco)	1976	Mirco
barricad	Barricade	1976	RamTek
brickyrd	Brickyard	1976	RamTek
starcrus	Star Cruiser	1977	RamTek
shuttlei	Shuttle Invader	1979	Omori
skylove	Sky Love	1979	Omori
battlex	Battle Cross	1982	Omori Electric
carjmbre	Car Jamboree	1983	Omori Electric Co., Ltd.
popper	Popper	1983	Omori Electric Co., Ltd.
speedspn	Speed Spin	1994	TCH
mstworld	Monsters World (bootleg of Super Pang)	1994	bootleg (TCH)
kickgoal	Kick Goal	1995	TCH
actionhw	Action Hollywood	1995	TCH
usg32	Super Duper Casino (California V3.2)	1987	U.S. Games
usg82	Super Ten V8.2	1988	U.S. Games
usg83	Super Ten V8.3	1988	U.S. Games
usg83x	Super Ten V8.3X	1988	U.S. Games
usg182	Games V18.2	1989	U.S. Games
usg185	Games V18.7C	1991	U.S. Games
usg252	Games V25.4X	1992	U.S. Games
mermaid	Mermaid	1982	Sanritsu / Rock-Ola
yachtmn	Yachtsman	1982	Sanritsu / Esco
rougien	Rougien	1982	Sanritsu
drmicro	Dr. Micro	1983	Sanritsu
jantotsu	4nin-uchi Mahjong Jantotsu	1983	Sanritsu
appoooh	Appoooh	1984	Sanritsu / Sega
robowres	Robo Wres 2001	1986	Sanritsu / Sega
robowresb	Robo Wres 2001 (bootleg)	1986	bootleg
bankp	Bank Panic	1984	Sanritsu / Sega
combh	Combat Hawk	1987	Sanritsu / Sega
mjkjidai	Mahjong Kyou Jidai (Japan)	1986	Sanritsu
chinsan	Ganbare Chinsan Ooshoubu (MC-8123A, 317-5012)	1987	Sanritsu
mayumi	Kikiippatsu Mayumi-chan (Japan)	1988	Sanritsu / Victory L.L.C.
xtheball	X the Ball	1991	Rare
btoads	Battle Toads	1994	Rare
kinst	Killer Instinct (v1.5d)	1994	Rare
kinst14	Killer Instinct (v1.4)	1994	Rare
kinst13	Killer Instinct (v1.3)	1994	Rare
kinstp	Killer Instinct (proto v4.7)	1994	Rare
kinst2	Killer Instinct 2 (v1.4)	1995	Rare
kinst2k4	Killer Instinct 2 (v1.4k, upgrade kit)	1995	Rare
kinst213	Killer Instinct 2 (v1.3)	1995	Rare
kinst2k3	Killer Instinct 2 (v1.3k, upgrade kit)	1995	Rare
kinst211	Killer Instinct 2 (v1.1)	1995	Rare
kinst210	Killer Instinct 2 (v1.0)	1995	Rare
gigas	Gigas (MC-8123, 317-5002)	1986	Sega
gigasb	Gigas (bootleg)	1986	bootleg
gigasm2b	Gigas Mark II (bootleg)	1986	bootleg
oigas	Oigas (bootleg)	1986	bootleg
pbillrd	Perfect Billiard	1987	Nihon System
pbillrds	Perfect Billiard (MC-8123, 317-0030)	1987	Nihon System
freekick	Free Kick	1987	Nihon System (Sega license)
freekickb	Free Kick (bootleg set 1)	1987	bootleg
freekickb2	Free Kick (bootleg set 2)	1987	bootleg
countrun	Counter Run	1988	Nihon System (Sega license)
countrunb	Counter Run (bootleg set 1)	1988	bootleg
countrunb2	Counter Run (bootleg set 2)	1988	bootleg
rmhaihai	Real Mahjong Haihai (Japan)	1985	Alba
rmhaihib	Real Mahjong Haihai [BET] (Japan)	1985	Alba
rmhaijin	Real Mahjong Haihai Jinji Idou Hen (Japan)	1986	Alba
rmhaisei	Real Mahjong Haihai Seichouhen (Japan)	1986	Visco
themj	The Mah-jong (Japan)	1987	Visco
hanaroku	Hanaroku	1988	Alba
yumefuda	(Medal) Yumefuda [BET]	1991	Alba
hourouki	Mahjong Hourouki Part 1 - Seisyun Hen (Japan)	1987	Home Data
mhgaiden	Mahjong Hourouki Gaiden (Japan)	1987	Home Data
mirderby	Miracle Derby - Ascot	1988	Home Data?
mjhokite	Mahjong Hourouki Okite (Japan)	1988	Home Data
mjclinic	Mahjong Clinic (Japan)	1988	Home Data
mrokumei	Mahjong Rokumeikan (Japan)	1988	Home Data
reikaids	Reikai Doushi (Japan)	1988	Home Data
mjkojink	Mahjong Kojinkyouju (Private Teacher) (Japan)	1989	Home Data
vitaminc	Mahjong Vitamin C (Japan)	1989	Home Data
mjyougo	Mahjong-yougo no Kisotairyoku (Japan)	1989	Home Data
lemnangl	Mahjong Lemon Angel (Japan)	1990	Home Data
mjkinjas	Mahjong Kinjirareta Asobi (Japan)	1991	Home Data
battlcry	Battlecry	1991	Home Data
jogakuen	Mahjong Jogakuen (Japan)		Windom
mjikaga	Mahjong Ikaga Desu ka (Japan)		Mitchell
mjprivat	Mahjong Private (Japan)	1991	Matoba
ultennis	Ultimate Tennis	1993	Art & Magic
ultennisj	Ultimate Tennis (v 1.4, Japan)	1993	Art & Magic (Banpresto license)
cheesech	Cheese Chase	1994	Art & Magic
stonebal	Stone Ball (4 Players)	1994	Art & Magic
stonebal2	Stone Ball (2 Players)	1994	Art & Magic
skeetsht	Skeet Shot	1991	Dynamo
toursol	Tournament Solitaire (V1.06, 08/03/95)	1995	Dynamo
toursol1	Tournament Solitaire (V1.04, 06/22/95)	1995	Dynamo
dynamski	Dynamic Ski	1984	Taiyo
chinhero	Chinese Hero	1984	Taiyo
chinhero2	Chinese Hero (older)	1984	Taiyo
chinherot	Chinese Heroe (Taito)	1984	Taiyo (Taito license)
shangkid	Shanghai Kid	1985	Taiyo (Data East license)
hiryuken	Hokuha Syourin Hiryu no Ken	1985	Taiyo (Taito license)
kingdrby	King Derby (1981)	1981	Tazmi
tx1	TX-1	1983	Tatsumi
tx1a	TX-1 (Atari/Namco/Taito license)	1983	Tatsumi (Atari/Namco/Taito license)
buggyboy	Buggy Boy/Speed Buggy (cockpit)	1985	Tatsumi
buggyboyjr	Buggy Boy Junior/Speed Buggy (upright)	1986	Tatsumi
lockon	Lock-On (rev. E)	1986	Tatsumi
lockonc	Lock-On (rev. C)	1986	Tatsumi
apache3	Apache 3	1988	Tatsumi
apache3a	Apache 3 (Kana Corporation license)	1988	Tatsumi (Kana Corporation license)
roundup5	Round Up 5 - Super Delta Force	1989	Tatsumi
cyclwarr	Cycle Warriors	1991	Tatsumi
bigfight	Big Fight - Big Trouble In The Atlantic Ocean	1992	Tatsumi
mugsmash	Mug Smashers		Electronic Devices Italy / 3D Games England
stlforce	Steel Force	1994	Electronic Devices Italy / Ecogames S.L. Spain
fantland	Fantasy Land (set 1)		Electronic Devices Italy
fantlanda	Fantasy Land (set 2)		Electronic Devices Italy
wheelrun	Wheels Runner		International Games
galaxygn	Galaxy Gunners	1989	Electronics Devices Italy
borntofi	Born To Fight		International Games
diverboy	Diver Boy	1992	Electronic Devices Italy
twinbrat	Twin Brats (set 1)	1995	Elettronica Video-Games S.R.L.
twinbrata	Twin Brats (set 2)	1995	Elettronica Video-Games S.R.L.
ppmast93	Ping Pong Masters '93	1993	Electronic Devices S.R.L.
twins	Twins (set 1)	1994	Electronic Devices
twinsa	Twins (set 2)	1994	Electronic Devices
mwarr	Mighty Warriors		Elettronica Video-Games S.R.L.
pzletime	Puzzle Time (prototype)		Elettronica Video-Games S.R.L.
ar_bios	Arcadia System BIOS	1988	Arcadia Systems
ar_airh	SportTime Table Hockey (Arcadia, set 1, V 2.1)	1988	Arcadia Systems
ar_airh2	SportTime Table Hockey (Arcadia, set 2)	1988	Arcadia Systems
ar_bowl	SportTime Bowling (Arcadia, V 2.1)	1988	Arcadia Systems
ar_dart	World Darts (Arcadia, set 1, V 2.1)	1987	Arcadia Systems
ar_dart2	World Darts (Arcadia, set 2)	1987	Arcadia Systems
ar_fast	Magic Johnson's Fast Break (Arcadia, V 2.8)	1988	Arcadia Systems
ar_ldrb	Leader Board (Arcadia, V 2.4?)	1988	Arcadia Systems
ar_ldrba	Leader Board (Arcadia, V 2.5)	1988	Arcadia Systems
ar_ninj	Ninja Mission (Arcadia, set 1, V 2.5)	1987	Arcadia Systems
ar_ninj2	Ninja Mission (Arcadia, set 2)	1987	Arcadia Systems
ar_rdwr	RoadWars (Arcadia, V 2.3)	1988	Arcadia Systems
ar_sdwr	Sidewinder (Arcadia, set 1, V 2.1)	1988	Arcadia Systems
ar_sdwr2	Sidewinder (Arcadia, set 2)	1988	Arcadia Systems
ar_socc	World Trophy Soccer (Arcadia, V 3.0)	1989	Arcadia Systems
ar_spot	Spot (Arcadia)	1990	Arcadia Systems
ar_sprg	Space Ranger (Arcadia, V 2.0)	1987	Arcadia Systems
ar_xeon	Xenon (Arcadia, V 2.3)	1988	Arcadia Systems
mquake	Moonquake	1987	Sente
upscope	Up Scope	1986	Grand Products
cd32	Amiga CD32 Bios	1993	Commodore
cndypuzl	Candy Puzzle (v1.0)	1995	CD Express
haremchl	Harem Challenge	1995	CD Express
lsrquiz	Laser Quiz Italy	1995	CD Express
lsrquiz2	Laser Quiz 2 Italy (v1.0)	1995	CD Express
mgprem11	Magic Premium (v1.1)	1996	CD Express
lasstixx	Laser Strixx 2	1995	CD Express
mgnumber	Magic Number	1995	CD Express
alg_bios	American Laser Games BIOS		American Laser Games
maddoga	Mad Dog McCree v1C board rev.A	1990	American Laser Games
wsjr	Who Shot Johnny Rock? v1.6	1991	American Laser Games
wsjr15	Who Shot Johnny Rock? v1.5	1991	American Laser Games
maddog	Mad Dog McCree v2.03 board rev.B	1990	American Laser Games
maddog2	Mad Dog II: The Lost Gold v2.04	1992	American Laser Games
maddog22	Mad Dog II: The Lost Gold v2.02	1992	American Laser Games
maddog21	Mad Dog II: The Lost Gold v1.0	1992	American Laser Games
spacepir	Space Pirates v2.2	1992	American Laser Games
gallgall	Gallagher's Gallery v2.2	1992	American Laser Games
crimepat	Crime Patrol v1.4	1993	American Laser Games
crimep211	Crime Patrol 2: Drug Wars v1.1	1993	American Laser Games
crimep2	Crime Patrol 2: Drug Wars v1.3	1993	American Laser Games
lastbh	The Last Bounty Hunter v0.06	1994	American Laser Games
fastdraw	Fast Draw Showdown v1.3	1995	American Laser Games
aplatoon	Platoon V.?.? US		Nova?
zortonbr	Zorton Brothers (Los Justicieros)	1993	Web Picmatic
crysbios	Crystal System BIOS	2001	BrezzaSoft
crysking	The Crystal of Kings	2001	BrezzaSoft
evosocc	Evolution Soccer	2001	Evoga
topbladv	Top Blade V	2003	SonoKong / Expotato
officeye	Office Yeo In Cheon Ha (version 1.2)	2001	Danbi
ddz	Dou Di Zhu		IGS?
psattack	P's Attack	2004	Uniana
inquiztr	Inquizitor	1989	BFM
escounts	Every Second Counts (39-360-053)	1990	BFM
trebltop	Treble Top (39-360-070)	1991	BFM
beeline	Beeline (39-360-075)	1991	BFM
quizvadr	Quizvaders (39-360-078)	1991	BFM
qos	A Question of Sport (39-960-107)	1992	BFM
qosa	A Question of Sport (39-960-099)	1992	BFM
qosb	A Question of Sport (39-960-089)	1992	BFM
qntoondo	Quintoon (Dutch, Game Card 95-750-136)	1993	BFM/ELAM
quintoon	Quintoon (UK, Game Card 95-750-206)	1993	BFM
quintond	Quintoon (UK, Game Card 95-751-206, Datapak)	1993	BFM
quintono	Quintoon (UK, Game Card 95-750-203)	1993	BFM
qntoond	Quintoon (Dutch, Game Card 95-750-243)	1993	BFM/ELAM
pokio	Pokio (Dutch, Game Card 95-750-278)	1994	BFM/ELAM
slotsnl	Slots (Dutch, Game Card 95-750-368)	1995	BFM/ELAM
paradice	Paradice (Dutch, Game Card 95-750-615)	1995	BFM/ELAM
pyramid	Pyramid (Dutch, Game Card 95-750-898)	1996	BFM/ELAM
sltblgtk	Slots (Belgian Token, Game Card 95-750-943)	1996	BFM/ELAM
sltblgpo	Slots (Belgian Cash, Game Card 95-750-938)	1996	BFM/ELAM
sltblgp1	Slots (Belgian Cash, Game Card 95-752-008)	1996	BFM/ELAM
gldncrwn	Golden Crown (Dutch, Game Card 95-752-011)	1997	BFM/ELAM
mpu4utst	MPU4 Unit Test (Program 4)		Barcrest
mpu4tst2	MPU4 Unit Test (Program 2)		Barcrest
mpu4met0	MPU4 Meter Clear ROM		Barcrest
connect4	Connect 4		Dolbeck Systems
bctvidbs	MPU4 Video Firmware		Barcrest
dealem	Deal 'Em (MPU4 Conversion Kit, v7.0)	1987	Zenitone
adders	Adders and Ladders (v2.0)	1989	Barcrest
timemchn	Time Machine (v2.0)	1989	Barcrest
turnover	Turnover (v2.3)		Barcrest
skiltrek	Skill Trek (v1.1)	1990	Barcrest
crmaze	The Crystal Maze (v1.3)	1993	Barcrest
crmazed	The Crystal Maze (v1.3, Datapak)	1993	Barcrest
crmazea	The Crystal Maze (v0.1, AMLD)	1993	Barcrest
crmaze2	The New Crystal Maze Featuring Ocean Zone (v2.2)	1993	Barcrest
crmaze2d	The New Crystal Maze Featuring Ocean Zone (v2.2d)	1993	Barcrest
crmaze2a	The New Crystal Maze Featuring Ocean Zone (v0.1, AMLD)	1993	Barcrest
crmaze3	The Crystal Maze Team Challenge (v0.9)	1994	Barcrest
crmaze3d	The Crystal Maze Team Challenge (v0.9, Datapak)	1994	Barcrest
crmaze3a	The Crystal Maze Team Challenge (v1.2, AMLD)	1994	Barcrest
mating	The Mating Game (v0.4)		Barcrest
matingd	The Mating Game (v0.4, Datapak)		Barcrest
strikeit	Strike it Lucky (v0.5)		Barcrest
strikeitd	Strike it Lucky (v0.5, Datapak)		Barcrest
strikeit2	Strike it Lucky (v0.53)		Barcrest
strikeit2d	Strike it Lucky (v0.53, Datapak)		Barcrest
quidgrid	Ten Quid Grid (v1.2)		Barcrest
quidgridd	Ten Quid Grid (v1.2, Datapak)		Barcrest
quidgrid2	Ten Quid Grid (v2.4)		Barcrest
quidgrid2d	Ten Quid Grid (v2.4, Datapak)		Barcrest
eyesdown	Eyes Down (v1.3)		Barcrest
eyesdownd	Eyes Down (v1.3, Datapak)		Barcrest
blox	Blox (v2.0)		BwB
bloxd	Blox (v2.0, Datapak)		BwB
prizeinv	Prize Space Invaders (20" v1.1)		BwB
vgpoker	Vegas Poker (prototype, release 2)		BwB
backgamn	Backgammon	1990	ADP
quickjac	Quick Jack	1993	ADP
skattv	Skat TV	1994	ADP
skattva	Skat TV (version TS3)	1995	ADP
fashiong	Fashion Gambler	1997	ADP
fstation	Fun Station Spielekoffer 9 Spiele	2000	ADP
funlddlx	Funny Land de Luxe	1999	Stella
guab	Give us a Break (3rd edition)	1986	JPM
guab3a	Give us a Break (3rd edition alt?)	1986	JPM
guab4	Give us a Break (4th edition)	1986	JPM
guab6	Give us a Break (6th edition)	1986	JPM
guab6a	Give us a Break (6th edition alt?)	1986	JPM
guab7	Give us a Break (7th edition)	1986	JPM
guab21	Give us a Break (21st edition)	1986	JPM
guab43	Give us a Break (43rd edition)	1986	JPM
crisscrs	Criss Cross (Sweden)	1986	JPM
tenup	Ten Up (compendium 17)	1988	JPM
tenup3	Ten Up (compendium 3)	1988	JPM
monopoly	Monopoly	1994	JPM
monoplcl	Monopoly Classic	1995	JPM
monopldx	Monopoly Deluxe	1995	JPM
cluedo	Cluedo (prod. 2D)	1995	JPM
cluedo2c	Cluedo (prod. 2C)	1995	JPM
cluedo2	Cluedo (prod. 2)	1995	JPM
trivialp	Trivial Pursuit (prod. 1D)	1996	JPM
scrabble	Scrabble (rev. F)	1997	JPM
hngmnjpm	Hangman (JPM)	1998	JPM
coronatn	Coronation Street Quiz Game	1999	JPM
vega	Vega		Olympia?
astinvad	Astro Invader	1980	Leijac Corporation (Stern Electronics license)
kosmokil	Kosmo Killer		bootleg
kamikaze	Kamikaze	1979	Leijac Corporation
spcking2	Space King 2	1979	Konami
spaceint	Space Intruder	1980	Shoei
spaceintj	Space Intruder (Japan)	1980	Shoei
spacefb	Space Firebird (Nintendo)	1980	Nintendo
spacefbg	Space Firebird (Gremlin)	1980	Nintendo (Gremlin license)
spacefbb	Space Firebird (bootleg)	1980	bootleg
spacebrd	Space Bird (bootleg)	1980	bootleg (Karateco)
spacedem	Space Demon	1980	Nintendo (Fortrek license)
omegrace	Omega Race	1981	Midway
deltrace	Delta Race	1981	bootleg (Allied Leisure)
monzagp	Monza GP	1981	Olympia
dday	D-Day	1982	Olympia
ddayc	D-Day (Centuri)	1982	Olympia (Centuri license)
stactics	Space Tactics	1981	Sega
exterm	Exterminator	1989	Gottlieb / Premier Technology
flower	Flower (US)	1986	Clarue (Komax license)
flowerj	Flower (Japan)	1986	Clarue (Sega / Alpha Denshi Co. license)
kingofb	King of Boxer (English)	1985	Wood Place Inc.
ringking	Ring King (US set 1)	1985	Wood Place Inc. (Data East USA license)
ringking2	Ring King (US set 2)	1985	Wood Place Inc. (Data East USA license)
ringking3	Ring King (US set 3)	1985	Wood Place Inc. (Data East USA license)
ringkingw	Ring King (US, Wood Place Inc.)	1985	Wood Place Inc.
homo	Homo	1987	bootleg
dlair	Dragon's Lair (US Rev. F2)	1983	Cinematronics
dlairf	Dragon's Lair (US Rev. F)	1983	Cinematronics
dlaire	Dragon's Lair (US Rev. E)	1983	Cinematronics
dlaird	Dragon's Lair (US Rev. D, Pioneer LD-V1000)	1983	Cinematronics
dlairc	Dragon's Lair (US Rev. C, Pioneer PR-7820)	1983	Cinematronics
dlairb	Dragon's Lair (US Rev. B, Pioneer PR-7820)	1983	Cinematronics
dlaira	Dragon's Lair (US Rev. A, Pioneer PR-7820)	1983	Cinematronics
dleuro	Dragon's Lair (European)	1983	Cinematronics (Atari license)
dlital	Dragon's Lair (Italian)	1983	Cinematronics (Sidam license?)
spaceace	Space Ace (US Rev. A3)	1983	Cinematronics
spaceaa2	Space Ace (US Rev. A2)	1983	Cinematronics
spaceaa	Space Ace (US Rev. A)	1983	Cinematronics
saeuro	Space Ace (European)	1983	Cinematronics (Atari license)
aztarac	Aztarac	1983	Centuri
mole	Mole Attack	1982	Yachiyo Electronics, Ltd.
thehand	The Hand	1981	T.I.C.
mrjong	Mr. Jong (Japan)	1983	Kiwako
crazyblk	Crazy Blocks	1983	Kiwako (ECI license)
blkbustr	BlockBuster	1983	Kiwako (ECI license)
polyplay	Poly-Play	1985	VEB Polytechnik Karl-Marx-Stadt
amspdwy	American Speedway (set 1)	1987	Enerdyne Technologies, Inc.
amspdwya	American Speedway (set 2)	1987	Enerdyne Technologies, Inc.
othldrby	Othello Derby (Japan)	1995	Sunwise
quizpun2	Quiz Punch 2	1989	Space Computer
mosaic	Mosaic	1990	Space
mosaica	Mosaic (Fuuki)	1990	Space (Fuuki license)
gfire2	Golden Fire II	1992	Topis Corp
sprcros2	Super Cross II (Japan, set 1)	1986	GM Shoji
sprcros2a	Super Cross II (Japan, set 2)	1986	GM Shoji
d9final	Dream 9 Final (v2.24)	1992	Excellent System
gcpinbal	Grand Cross	1994	Excellent System
vmetal	Varia Metal	1995	Excellent System
vmetaln	Varia Metal (New Ways Trading Co.)	1995	Excellent System (New Ways Trading Co. license)
aquarium	Aquarium (Japan)	1996	Excellent System
policetr	Police Trainer (Rev 1.3)	1996	P&P Marketing
policetr11	Police Trainer (Rev 1.1)	1996	P&P Marketing
policetr10	Police Trainer (Rev 1.0)	1996	P&P Marketing
policetr13a	Police Trainer (Rev 1.3B Newer)	1996	P&P Marketing
policetr13b	Police Trainer (Rev 1.3B)	1996	P&P Marketing
sshooter	Sharpshooter (Rev 1.7)	1998	P&P Marketing
sshooter12	Sharpshooter (Rev 1.2)	1998	P&P Marketing
sshooter11	Sharpshooter (Rev 1.1)	1998	P&P Marketing
pass	Pass	1992	Oksan
news	News (set 1)	1993	Poby / Virus
newsa	News (set 2)	1993	Poby
taxidrvr	Taxi Driver	1984	Graphic Techno
xyonix	Xyonix	1989	Philko
gt507uk	Trivia (UK Version 5.07)	1986	Greyhound Electronics
gt5	Trivia (Version 5.06)	1986	Greyhound Electronics
gtsers8	Trivia (Questions Series 8)	1984	Greyhound Electronics
gtsers9	Trivia (Questions Series 9)	1984	Greyhound Electronics
gtsers10	Trivia (Questions Series 10)	1984	Greyhound Electronics
gtsers11	Trivia (Questions Series 11)	1984	Greyhound Electronics
gt103a1	Trivia (Version 1.03a) (alt 1)	1984	Greyhound Electronics
gt103a2	Trivia (Version 1.03a) (alt 2)	1984	Greyhound Electronics
gt103a3	Trivia (Version 1.03a) (alt 3)	1984	Greyhound Electronics
gt103aa	Trivia (Version 1.03a Alt questions)	1984	Greyhound Electronics
gt103asx	Trivia (Version 1.03a Sex questions)	1984	Greyhound Electronics
reelfun	Reel Fun (Version 7.03)	1986	Greyhound Electronics
reelfun1	Reel Fun (Version 7.01)	1986	Greyhound Electronics
findout	Find Out (Version 4.04)	1987	Elettronolo
quizvid	Video Quiz	1986	bootleg
quiz	Quiz (Revision 2)	1986	bootleg
quiz211	Quiz (Revision 2.11)	1991	Elettronolo
jokpoker	Joker Poker (Version 16.03B)	1982	Greyhound Electronics
jokpokera	Joker Poker (Version 16.03BI)	1983	Greyhound Electronics
jokpokerb	Joker Poker (Version 16.04BI 10-19-88, Joker Poker ICB 9-30-86)	1983	Greyhound Electronics
jokpokerc	Joker Poker (Version 16.03BI 5-10-85, Poker No Raise ICB 9-30-86)	1983	Greyhound Electronics
superbwl	Super Bowl (Version 16.03B)	1982	Greyhound Electronics
amuse	Amuse (Version 50.08 IBA)	1982	Greyhound Electronics
amuse1	Amuse (Version 30.08 IBA)	1982	Greyhound Electronics
gs4002	Selection (Version 40.02TMB, set 1)	1982	Greyhound Electronics
gs4002a	Selection (Version 40.02TMB, set 2)	1982	Greyhound Electronics
gepoker	Poker (Version 50.02 ICB, set 1)	1984	Greyhound Electronics
gepoker1	Poker (Version 50.02 ICB, set 2)	1984	Greyhound Electronics
gepoker2	Poker (Version 50.02 ICB, set 3)	1984	Greyhound Electronics
gtsers1	Trivia (Questions Series 1)	1984	Greyhound Electronics
gtsers2	Trivia (Questions Series 2)	1984	Greyhound Electronics
gtsers3	Trivia (Questions Series 3)	1984	Greyhound Electronics
gtsers4	Trivia (Questions Series 4)	1984	Greyhound Electronics
gtsers5	Trivia (Questions Series 5)	1984	Greyhound Electronics
gtsers7	Trivia (Questions Series 7)	1984	Greyhound Electronics
gtsersa	Trivia (Alt revision questions set 1)	1984	Greyhound Electronics
gtsersb	Trivia (Alt revision questions set 2)	1984	Greyhound Electronics
sextriv1	Sexual Trivia (Version 1.02SB, set 1)	1985	Kinky Kit and Game Co.
sextriv2	Sexual Trivia (Version 1.02SB, set 2)	1985	Kinky Kit and Game Co.
geimulti	GEI Multi Game	1992	Greyhound Electronics
sprtauth	Sports Authority	1992	Classic Games
suprpokr	Super Poker	1987	Greyhound Electronics
dribling	Dribbling	1983	Model Racing
driblingo	Dribbling (Olympia)	1983	Model Racing (Olympia license)
ace	Ace	1976	Allied Leisure
clayshoo	Clay Shoot	1979	Allied Leisure
pirates	Pirates	1994	NIX
genix	Genix Family	1994	NIX
fitfight	Fit of Fighting		bootleg
histryma	The History of Martial Arts		bootleg
bbprot	unknown fighting game 'BB' (prototype)		<unknown>
beaminv	Beam Invader (set 1)	1979	Tekunon Kougyou
beaminva	Beam Invader (set 2)	1979	Tekunon Kougyou
mcatadv	Magical Cat Adventure	1993	Wintechno
mcatadvj	Magical Cat Adventure (Japan)	1993	Wintechno
catt	Catt (Japan)	1993	Wintechno
nost	Nostradamus	1993	Face
nostj	Nostradamus (Japan)	1993	Face
nostk	Nostradamus (Korea)	1993	Face
4enraya	4 En Raya	1990	IDSA
oneshot	One Shot One Kill		<unknown>
maddonna	Mad Donna (set 1)	1995	Tuning
maddonnb	Mad Donna (set 2)	1995	Tuning
tugboat	Tugboat	1982	ETM
noahsark	Noah's Ark	1983	Enter-Tech
berenstn	The Berenstain Bears in Big Paw's Cave	1984	Enter-Tech
gotcha	Got-cha Mini Game Festival	1997	Dongsung
ppchamp	Pasha Pasha Champ Mini Game Festival (Korea)	1997	Dongsung
amerdart	AmeriDarts (set 1)	1989	Ameri
amerdart2	AmeriDarts (set 2)	1989	Ameri
amerdart3	AmeriDarts (set 3)	1989	Ameri
coolpool	Cool Pool	1992	Catalina
9ballsht	9-Ball Shootout (set 1)	1993	E-Scape EnterMedia (Bundra license)
9ballsht2	9-Ball Shootout (set 2)	1993	E-Scape EnterMedia (Bundra license)
9ballsht3	9-Ball Shootout (set 3)	1993	E-Scape EnterMedia (Bundra license)
9ballshtc	9-Ball Shootout Championship	1993	E-Scape EnterMedia (Bundra license)
gumbo	Gumbo	1994	Min Corp.
mspuzzleg	Miss Puzzle (Clone of Gumbo)	1994	Min Corp.
mspuzzle	Miss Puzzle	1994	Min Corp.
mspuzzlen	Miss Puzzle (Nudes)	1994	Min Corp.
msbingo	Miss Bingo	1994	Min Corp.
dblpoint	Double Point	1995	Min Corp.
dblpointd	Double Point (Dong Bang Electron, bootleg?)	1995	bootleg? (Dong Bang Electron)
statusbj	Status Black Jack (V1.0c)	1981	Status Games
tripdraw	Tripple Draw (V3.1 s)	1981	Status Games
funcsino	Status Fun Casino (V1.3s)	1981	Status Games
hangman	Hangman	1984	Status Games
trivquiz	Triv Quiz	1984	Status Games
statriv2	Triv Two	1984	Status Games
statriv2v	Triv Two (Vertical)	1985	Status Games
statriv4	Triv Four	1985	Status Games
sextriv	Sex Triv	1985	Status Games
quaquiz2	Quadro Quiz II	1985	Status Games
supertr2	Super Triv II	1986	Status Games
supertr3	Super Triv III	1988	Status Games
cstripxi	Casino Strip XI	1990	Status Games
tickee	Tickee Tickats	1994	Raster Elite
ghoshunt	Ghost Hunter	1996	Hanaho Games
tutstomb	Tut's Tomb	1996	Island Design
mouseatk	Mouse Attack	1996	ICE
rapidfir	Rapid Fire v1.1	1998	Hanaho Games
rapidfire	Rapid Fire v1.0	1998	Hanaho Games
crgolf	Crowns Golf (834-5419-04)	1984	Nasco Japan
crgolfa	Crowns Golf (834-5419-03)	1984	Nasco Japan
crgolfb	Crowns Golf (set 3)	1984	Nasco Japan
crgolfc	Champion Golf	1984	Nasco Japan
crgolfbt	Champion Golf (bootleg)	1984	bootleg
crgolfhi	Crowns Golf in Hawaii	1985	Nasco Japan
truco	Truco-Tron		Playtronic SRL
thedeep	The Deep (Japan)	1987	Wood Place Inc.
rundeep	Run Deep	1988	bootleg (Cream)
wallc	Wall Crash (set 1)	1984	Midcoin
wallca	Wall Crash (set 2)	1984	Midcoin
wink	Wink (set 1)	1985	Midcoin
winka	Wink (set 2)	1985	Midcoin
skyarmy	Sky Army	1982	Shoei
lethalj	Lethal Justice	1996	The Game Room
eggventr	Egg Venture (Release 10)	1997	The Game Room
eggventr8	Egg Venture (Release 8)	1997	The Game Room
eggventr7	Egg Venture (Release 7)	1997	The Game Room
eggventra	Egg Venture (A.L. Release)	1997	The Game Room (Allied Leisure license)
eggventrd	Egg Venture Deluxe	1997	The Game Room
calchase	California Chase	1999	The Game Room
ripribit	Ripper Ribbit (Version 2.8.4)	1997	LAI Games
cfarm	Chicken Farm (Version 2.0)	1999	LAI Games
cclownz	Crazzy Clownz (Version 1.0)	1999	LAI Games
rotaryf	Rotary Fighter		<unknown>
portrait	Portraits (set 1)	1983	Olympia
portraita	Portraits (set 2)	1983	Olympia
enigma2	Enigma II	1981	GamePlan (Zilec Electronics license)
enigma2a	Enigma II (Space Invaders hardware)	1984	Zilec Electronics
enigma2b	Phantoms II (Space Invaders hardware)	1981	Zilec Electronics
ltcasino	Little Casino (older)	1982	Digital Controls Inc.
mv4in1	Mini Vegas 4in1	1983	Entertainment Enterprises
ltcasinn	Little Casino (newer)	1984	Digital Controls Inc.
coolmini	Cool Minigame Collection	1999	SemiCom
luplup	Lup Lup Puzzle / Zhuan Zhuan Puzzle (version 3.0 / 990128)	1999	Omega System
luplup29	Lup Lup Puzzle / Zhuan Zhuan Puzzle (version 2.9 / 990108)	1999	Omega System
puzlbang	Puzzle Bang Bang (Korea, version 2.8 / 990106)	1999	Omega System
suplup	Super Lup Lup Puzzle / Zhuan Zhuan Puzzle (version 4.0 / 990518)	1999	Omega System
jmpbreak	Jumping Break	1999	F2 System
vamphalf	Vamf x1/2 (Europe)	1999	Danbi / F2 System
vamphalfk	Vamp x1/2 (Korea)	1999	Danbi / F2 System
dquizgo2	Date Quiz Go Go Episode 2	2000	SemiCom
misncrft	Mission Craft (version 2.4)	2000	Sun
mrdig	Mr. Dig	2000	Sun
hidnctch	Hidden Catch (World) / Tul Lin Gu Lim Chat Ki '98 (Korea) (pcb ver 3.03)	1998	Eolith
ironfort	Iron Fortress	1998	Eolith
ironfortj	Iron Fortress (Japan)	1998	Eolith
puzzlekg	Puzzle King (Dance & Puzzle)	1998	Eolith
hidctch2	Hidden Catch 2 (pcb ver 3.03)	1999	Eolith
nhidctch	New Hidden Catch (World) / New Tul Lin Gu Lim Chat Ki '98 (Korea) (pcb ver 3.02)	1999	Eolith
landbrk	Land Breaker (World) / Miss Tang Ja Ru Gi (Korea) (pcb ver 3.02)	1999	Eolith
landbrka	Land Breaker (World) / Miss Tang Ja Ru Gi (Korea) (pcb ver 3.03)	1999	Eolith
raccoon	Raccoon World	1998	Eolith
fort2b	Fortress 2 Blue Arcade (ver 1.01 / pcb ver 3.05)	2001	Eolith
fort2ba	Fortress 2 Blue Arcade (ver 1.00 / pcb ver 3.05)	2001	Eolith
klondkp	KlonDike+	1999	Eolith
hidctch3	Hidden Catch 3 (ver 1.00 / pcb ver 3.05)	2000	Eolith
crazywar	Crazy War	2002	Eolith
bballoon	Balloon & Balloon	2003	Eolith
hapytour	Happy Tour	2005	GAV Company
xfiles	X-Files	1999	dgPIX Entertainment Inc.
kdynastg	King of Dynast Gear (version 1.8)	1999	EZ Graphics
fmaniac3	Fishing Maniac 3	2002	Saero Entertainment
promutrv	Progressive Music Trivia (Question set 1)	1985	Enerdyne Technologies Inc.
promutrva	Progressive Music Trivia (Question set 2)	1985	Enerdyne Technologies Inc.
promutrvb	Progressive Music Trivia (Question set 3)	1985	Enerdyne Technologies Inc.
promutrvc	Progressive Music Trivia (Question set 4)	1985	Enerdyne Technologies Inc.
strvmstr	Super Trivia Master	1986	Enerdyne Technologies Inc.
dorachan	Dorachan	1980	Craul Denshi
ladyfrog	Lady Frog	1990	Mondial Games
toucheme	Touche Me		<unknown>
rabbit	Rabbit (Japan)	1997	Electronic Arts / Aorn
tmmjprd	Tokimeki Mahjong Paradise - Dear My Love	1997	Media / Sonnet
tmpdoki	Tokimeki Mahjong Paradise - Doki Doki Hen	1998	Media / Sonnet
malzak	Malzak		Kitronix
malzak2	Malzak II		Kitronix
supertnk	Super Tank	1981	Video Games GmbH
crospang	Cross Pang	1998	F2 System
heuksun	Heuk Sun Baek Sa (Korea)		Oksan / F2 System
bestri	Bestri (Korea)	1998	F2 System
funybubl	Funny Bubble	1999	In Chang Electronic Co
funybublc	Funny Bubble (Comad version)	1999	Comad Industry Co Ltd
dcheese	Double Cheese	1993	HAR
lottof2	Lotto Fun 2	1993	HAR
fredmem	Fred Flintstones' Memory Match (World?, Ticket version, 3/17/95)	1994	Coastal Amusements
fredmemus	Fred Flintstones' Memory Match (US, High Score version, 3/10/95)	1994	Coastal Amusements
fredmemuk	Fred Flintstones' Memory Match (UK, 3/17/95)	1994	Coastal Amusements
fredmemj	Fred Flintstones' Memory Match (Japan, High Score version, 3/20/95)	1994	Coastal Amusements
fredmemc	Fred Flintstones' Memory Match (Mandarin Chinese, 3/17/95)	1994	Coastal Amusements
fredmesp	Fred Flintstones' Memory Match (Spanish, 3/17/95)	1994	Coastal Amusements
cecmatch	ChuckECheese's Match Game	1993	Coastal Amusements
f15se	F-15 Strike Eagle (rev. 2.2 02/25/91)	1991	Microprose Games Inc.
f15se21	F-15 Strike Eagle (rev. 2.1 02/04/91)	1991	Microprose Games Inc.
botss	Battle of the Solar System (rev. 1.1 3/24/92)	1992	Microprose Games Inc.
botssa	Battle of the Solar System (rev. 1.1a 7/23/92)	1992	Microprose Games Inc.
tankbatl	Tank Battle (prototype rev. 4/21/92)	1992	Microprose Games Inc.
dynadice	Dynamic Dice		<unknown>
atamanot	Computer Quiz Atama no Taisou (Japan)	1983	Yachiyo Denki / Uni Enterprize
ssingles	Swinging Singles	1983	Ent. Ent. Ltd
tcl	Taiwan Chess Legend	1995	Uniwang
othello	Othello (version 3.0)	1984	Success
sothello	Super Othello	1986	Success / Fujiwara
quake	Quake Arcade Tournament (Release Beta 2)	1998	Lazer-Tron / iD Software
macsbios	Multi Amenity Cassette System BIOS	1995	I'Max
mac2bios	Multi Amenity Cassette System 2 BIOS	1995	I'Max
kisekaem	Kisekae Mahjong	1995	I'Max
kisekaeh	Kisekae Hanafuda	1995	I'Max
cultname	Seimei-Kantei-Meimei-Ki Cult Name	1996	I'Max
yuka	Yu-Ka	1999	Yubis / T.System
yujan	Yu-Jan	1999	Yubis / T.System
onetwo	One + Two	1997	Barko
onetwoe	One + Two (earlier)	1997	Barko
1945kiii	1945k III	2000	Oriental
witch	Witch	1992	Sega / Vic Tokai
pbchmp95	Pinball Champ '95 (bootleg?)	1995	bootleg? (Veltmeijer Automaten)
cardline	Card Line		Veltmeijer
bmcbowl	BMC Bowling	1994	BMC
koftball	King of Football	1995	BMC
mpoker	Multi-Poker	1981	Merit Industries
pitboss	The Pit Boss (Set 1)	1983	Merit
pitbossa	The Pit Boss (Set 2)	1983	Merit
pitbossb	The Pit Boss (Set 3)	1983	Merit
pitbossc	The Pit Boss (Set 4)	1983	Merit
casino5	Casino Five	1984	Merit
trvwzh	Trivia ? Whiz (Horizontal) (question set 1)	1985	Merit
trvwzha	Trivia ? Whiz (Horizontal) (question set 2)	1985	Merit
trvwzhb	Trivia ? Whiz (Horizontal) (question set 3)	1985	Merit
trvwzv	Trivia ? Whiz (Vertical) (question set 1)	1985	Merit
trvwzva	Trivia ? Whiz (Vertical) (question set 2)	1985	Merit
trvwz2	Trivia ? Whiz (Edition 2) (question set 1)	1985	Merit
trvwz2a	Trivia ? Whiz (Edition 2) (question set 2)	1985	Merit
trvwz3h	Trivia ? Whiz (Edition 3 - Horizontal) (set 1)	1985	Merit
trvwz3ha	Trivia ? Whiz (Edition 3 - Horizontal) (set 2)	1985	Merit
trvwz3v	Trivia ? Whiz (Edition 3 - Vertical)	1985	Merit
trvwz4	Trivia ? Whiz (Edition 4) (question set 1)	1985	Merit
trvwz4a	Trivia ? Whiz (Edition 4) (question set 2)	1985	Merit
tictac	Tic Tac Trivia	1985	Merit
phrcraze	Phraze Craze (set 1)	1986	Merit
phrcrazea	Phraze Craze (set 2)	1986	Merit
phrcrazeb	Phraze Craze (Expanded Questions, set 1)	1986	Merit
phrcrazec	Phraze Craze (Expanded Questions, set 2)	1986	Merit
phrcrazev	Phraze Craze (Sex Kit, Vertical)	1986	Merit
bigappg	Big Apple Games	1986	Merit
dodge	Dodge City	1986	Merit
couple	The Couples (Set 1)	1988	Merit
couplep	The Couples (Set 2)	1988	Merit
couplei	The Couples (Set 3)	1988	Merit
pitboss2	Pit Boss II	1988	Merit
spitboss	Super Pit Boss	1988	Merit
pitbosss	Pit Boss Superstar	1990	Merit
pitbossm	Pit Boss Megastar (9244-00-01)	1994	Merit
pitbossma	Pit Boss Megastar (9243-00-01)	1994	Merit
pbst30	Pit Boss Supertouch 30 (9234-10-01)	1994	Merit
pbst30b	Pit Boss Supertouch 30 (9234-00-01)	1993	Merit
megat3	Megatouch III (9255-20-01 RON, Standard version)	1996	Merit
megat3a	Megatouch III (9255-20-01 ROF, Standard version)	1995	Merit
megat3ca	Megatouch III (9255-20-06 RON, California version)	1996	Merit
megat3nj	Megatouch III (9255-20-07 ROG, New Jersey version)	1995	Merit
megat3te	Megatouch III Tournament Edition (9255-30-01 ROE, Standard version)	1996	Merit
megat4	Megatouch IV (9255-40-01 ROE, Standard version)	1996	Merit
megat4a	Megatouch IV (9255-40-01 ROD, Standard version)	1996	Merit
megat4sn	Super Megatouch IV (9255-41-07 ROG, New Jersey version)	1996	Merit
megat4te	Megatouch IV Tournament Edition (9255-50-01 ROD, Standard version)	1996	Merit
megat4tea	Megatouch IV Tournament Edition (9255-50-01 ROA, Standard version)	1996	Merit
megat4st	Super Megatouch IV Tournament Edition (9255-51-01 ROB, Standard version)	1996	Merit
megat5	Megatouch 5 (9255-60-01 ROI, Standard version)	1997	Merit
megat5a	Megatouch 5 (9255-60-01 ROC, Standard version)	1997	Merit
megat5nj	Megatouch 5 (9255-60-07 RON, New Jersey version)	1998	Merit
megat6	Megatouch 6 (9255-80-01 ROA, Standard version)	1998	Merit
suprgolf	Super Crowns Golf (Japan)	1989	Nasco
hotblock	Hot Blocks - Tetrix II	1993	NIX?
pntnpuzl	Paint & Puzzle		Century?
trucocl	Truco Clemente	1991	Miky SRL
ertictac	Erotictac/Tactic	1990	Sisteme
poizone	Poizone	1991	Eterna
ssfindo	See See Find Out	1999	Icarus
ppcar	Pang Pang Car	1999	Icarus
imolagp	Imola Grand Prix	1981	Alberici
dambustr	Dambusters (US, set 1)	1981	South West Research
dambustra	Dambusters (US, set 2)	1981	South West Research
dambustruk	Dambusters (UK)	1981	South West Research
gunpey	Gunpey	2000	Banpresto
spaceg	Space Guerrilla	1979	Omori
wldarrow	Wild Arrow (Standard V4.8)	1982	Meyco Games
unkmeyco	unknown Meyco game		Meyco Games
mdrawpkr	Draw Poker Joker's Wild (Standard)		Meyco Games
mdrawpkra	Draw Poker Joker's Wild (02-11)		Meyco Games
laserbas	Laser Base (set 1)	1981	Hoei (Amstar license)
laserbasa	Laser Base (set 2)	1981	Hoei (Amstar license)
futflash	Future Flash	1981	Hoei
turbosub	Turbo Sub (prototype rev. TSCA)	1985	Entertainment Sciences
turbosub7	Turbo Sub (prototype rev. TSC7)	1985	Entertainment Sciences
turbosub6	Turbo Sub (prototype rev. TSC6)	1985	Entertainment Sciences
pipeline	Pipeline	1990	Daehyun Electronics
ttchamp	Table Tennis Champions (set 1)		Gamart?
ttchampa	Table Tennis Champions (set 2)		Gamart?
dreamwld	Dream World	2000	SemiCom
cybertnk	Cyber Tank (v1.04)	1988	Coreland
cubeqst	Cube Quest (01/04/84)	1983	Simutrek
cubeqsta	Cube Quest (12/30/83)	1983	Simutrek
pkscram	PK Scramble	1993	Cosmo Electronics Corporation
magicard	Magic Card (set 1)		Impera
magicarda	Magic Card (set 2)		Impera
magicardb	Magic Card (set 3)		Impera
magicardj	Magic Card Jackpot (4.01)	1998	Impera
magicle	Magic Lotto Export (5.03)	2001	Impera
jollycrd	Jolly Card (Austrian)	1985	TAB Austria
jolyc3x3	Jolly Card (3x3 deal)	1985	TAB Austria
jolycmzs	Jolly Card Professional 2.0 (MZS Tech)	1993	MZS Tech
jolyc980	Jolly Card Professional 2.0 (Spale Soft)	2000	Spale Soft
jolycdev	Jolly Card (Evona Electronic)	1998	TAB Austria / Evona Electronic
jolyccra	Jolly Card (Croatian, set 1)	1985	TAB Austria
jolyccrb	Jolly Card (Croatian, set 2)	1993	Soft Design
jolycdit	Jolly Card (Italian, blue TAB board, encrypted)		bootleg
jolycdib	Jolly Card (Italian, encrypted bootleg)	1990	bootleg
sjcd2kx3	Super Joly 2000 - 3x	1985	M.P.
jolycdab	Jolly Card (Austrian, Funworld, bootleg)	1986	Inter Games
bigdeal	Big Deal (Hungarian, set 1)	1986	Funworld
bigdealb	Big Deal (Hungarian, set 2)	1986	Funworld
jolycdat	Jolly Card (Austrian, Funworld)	1986	Funworld
cuoreuno	Cuore 1 (Italian)	1996	C.M.C.
elephfam	Elephant Family (Italian, new)	1997	C.M.C.
elephfmb	Elephant Family (Italian, old)	1996	C.M.C.
pool10	Pool 10 (Italian, set 1)	1996	C.M.C.
pool10b	Pool 10 (Italian, set 2)	1996	C.M.C.
pool10c	Pool 10 (Italian, set 3)	1996	C.M.C.
pool10d	Pool 10 (Italian, set 4)	1997	C.M.C.
tortufam	Tortuga Family (Italian)	1997	C.M.C.
potgame	Pot Game (Italian)	1996	C.M.C.
bottle10	Bottle 10 (Italian, set 1)	1996	C.M.C.
bottl10b	Bottle 10 (Italian, set 2)	1996	C.M.C.
royalcrd	Royal Card (Austrian, set 1)	1991	TAB Austria
royalcrda	Royal Card (Austrian, set 2)	1991	TAB Austria
royalcrdb	Royal Card (Austrian/Polish, set 3)	1991	TAB Austria
royalcrdc	Royal Card (Austrian, set 4)	1991	TAB Austria
royalcrdd	Royal Card (Austrian, set 5)	1991	TAB Austria
royalcrde	Royal Card (Austrian, set 6)	1991	TAB Austria
royalcrdf	Royal Card (Slovak, encrypted)	1991	Evona Electronic
royalcrdp	Royal Card v2.0 Professional	1993	Digital Dreams
lluck3x3	Lucky Lady (3x3 deal)	1991	TAB Austria
lluck4x1	Lucky Lady (4x1 aces)	1991	TAB Austria
magicrd2	Magic Card II (Bulgarian)	1996	Impera
magicd2a	Magic Card II (green TAB or Impera board)	1996	Impera
magicd2b	Magic Card II (blue TAB board, encrypted)	1996	Impera
vegasslw	Royal Vegas Joker Card (slow deal)	1993	Funworld
vegasfst	Royal Vegas Joker Card (fast deal)	1993	Soft Design
vegasfte	Royal Vegas Joker Card (fast deal, English gfx)	1993	Soft Design
vegasmil	Royal Vegas Joker Card (fast deal, Mile)	1993	Mile
jolyjokr	Jolly Joker (98bet, set 1)		Impera
jolyjokra	Jolly Joker (98bet, set 2)		Impera
jolyjokrb	Jolly Joker (40bet, Croatian hack)		Impera
multiwin	Multi Win (Ver.0167, encrypted)	1992	Funworld
jokercrd	Joker Card (Ver.A267BC, encrypted)	1993	Vesely Svet
mongolnw	Mongolfier New (Italian)		bootleg
soccernw	Soccer New (Italian)		bootleg
saloon	Saloon (French, encrypted)		<unknown>
funquiz	Fun World Quiz (Austrian)		Funworld
photoply	PhotoPlay		Funworld
snookr10	Snooker 10 (Ver 1.11)	1998	Sandii'
apple10	Apple 10 (Ver 1.21)	1998	Sandii'
tenballs	Ten Balls (Ver 1.05)	1997	<unknown>
gotya	Got-Ya (12/24/1981, prototype?)	1981	Game-A-Tron
sbugger	Space Bugger (set 1)	1981	Game-A-Tron
sbuggera	Space Bugger (set 2)	1981	Game-A-Tron
poker41	Poker 4-1	1983	Game-A-Tron
pulltabs	Pull Tabs	1983	Game-A-Tron
vroulet	Vegas Roulette	1989	World Game
rcasino	Royal Casino	1984	Dyna Electronics
ampoker2	American Poker II	1990	Novomatic
ampkr2b1	American Poker II (bootleg, set 1)	1990	bootleg
ampkr2b2	American Poker II (bootleg, set 2)	1990	bootleg
ampkr2b3	American Poker II (bootleg, set 3)	1994	bootleg
ampkr2b4	American Poker II (bootleg, set 4)	1994	bootleg
ampkr228	American Poker II (iamp2 v28)	1994	bootleg?
pkrdewin	Poker De Win	1990	bootleg
ampkr95	American Poker 95	1995	bootleg
videomat	Videomat (Polish bootleg)	1990	bootleg
rabbitpk	Rabbit Poker (Arizona Poker v1.1?)	1990	bootleg
sigmapkr	Sigma Poker	1995	Sigma Inc.
sigma2k	Sigma Poker 2000	1998	Sigma Inc.
sidewndr	Sidewinder		ACE
spellbnd	Spellbound		ACE
starspnr	Starspinner (Dutch/Nederlands)		ACE
acefruit	unknown ACE fruits game		ACE
attckufo	Attack Ufo	1980	Ryoto Electric Co.
fortecar	Forte Card		Fortex Ltd
jackpool	Jackpot Cards / Jackpot Pool (Italy)	1997	Electronic Projects
murogem	Muroge Monaco (set 1)		<unknown>
murogema	Muroge Monaco (set 2)		<unknown>
murogmbl	Muroge Monaco (bootleg?)	1982	bootleg?
lasvegas	Las Vegas, Nevada		hack
quizmstr	Quizmaster (German)	1985	Loewen Spielautomaten
trailblz	Trail Blazer	1987	Coinmaster
supnudg2	Super Nudger II (Version 5.21)	1989	Coinmaster
pokeroul	Poker Roulette (Version 8.22)	1990	Coinmaster
egghunt	Egg Hunt	1995	Invi Image
magic10	Magic's 10 (ver. 16.55)	1995	A.W.P. Games
magic10a	Magic's 10 (ver. 16.45)	1995	A.W.P. Games
magic10b	Magic's 10 (ver. 16.15)	1995	A.W.P. Games
magic102	Magic's 10 2 (ver 1.1)	1997	ABM Games
suprpool	Super Pool (9743 rev.01)	1997	ABM Games
hotslot	Hot Slot (ver. 05.01)	1996	ABM Electronics
mcolors	Magic Colors (ver. 1.7a)	1999	<unknown>
sgsafari	Super Gran Safari (ver 3.11)	1996	New Impeuropex Corp.
galaxi	Galaxi (v2.0)	2000	B.R.L.
magjoker	Magic Joker (v1.25.10.2000)	2000	B.R.L.
dwarfd	Dwarfs Den	1981	Electro-Sport
quarterh	Quarter Horse (set 1, Pioneer PR-8210)	1983	Electro-Sport
quarterha	Quarter Horse (set 2, Pioneer PR-8210)	1983	Electro-Sport
quarterhb	Quarter Horse (set 3, Pioneer LD-V2000)	1983	Electro-Sport
qc	Quarter Horse Classic	1995	ArJay Exports/Prestige Games
trvquest	Trivia Quest	1984	Sunn / Techstar
wheelfir	Wheels & Fire		TCH
littlerb	Little Robin	1993	TCH
tattack	Time Attacker		Shonan
mosaicf2	Mosaic (F2 System)	1999	F2 System
finalgdr	Final Godori (Korea, version 2.20.5915)	2001	SemiCom
mrkicker	Mr. Kicker	2001	SemiCom
wyvernwg	Wyvern Wings	2001	SemiCom (Game Vision license)
rbmk	Real Battle Mahjong King	1998	GMS
go2000	Go 2000	2000	SA
mirax	Mirax	1985	Current Technologies
miraxa	Mirax (set 2)	1985	Current Technologies
victor5	G.E.A.	1991	Subsino
victor21	Victor 21	1990	Subsino / Buffy
crsbingo	Poker Carnival	1991	Subsino
tisub	Treasure Island (Subsino, set 1)	1992	Subsino
tisuba	Treasure Island (Subsino, set 2)	1992	Subsino
stisub	Treasure Bonus (Subsino)	1995	American Alpha
sharkpy	Shark Party (Italy, v1.3)	1996	Subsino
sharkpya	Shark Party (Italy, v1.6)	1996	Subsino
sharkpye	Shark Party (English, Alpha license)	1995	American Alpha
smoto20	Super Rider (Italy, v2.0)	1996	Subsino
smoto16	Super Moto (Italy, v1.6)	1996	Subsino
saklove	Ying Hua Lian 2.0 (China 1.02)	1998	Subsino
bishjan	Bishou Jan (Japan 203)	1999	Subsino
lastfght	Last Fighting	2000	Subsino
sliver	Sliver	1996	Hollow Corp
intrscti	Intersecti		<unknown>
pasha2	Pasha Pasha 2	1998	Dong Sung
trvmadns	Trivia Madness	1985	Thunderhead Inc.
rcorsair	Red Corsair	1984	Nakasawa
pzlestar	Puzzle Star (Sang Ho Soft)	1991	Sang Ho Soft
sexyboom	Sexy Boom	1992	Sang Ho Soft
sfkick	Super Free Kick (set 1)	1988	Haesung/HJ Corp
sfkicka	Super Free Kick (set 2)		Haesung
spinkick	Hec's Spinkick	1988	Haesung/Seojin
7mezzo	7 e Mezzo		<unknown>
magicfly	Magic Fly		P&A Games
dynabomb	Dynamite Bomber (Korea, Rev 1.5)	2000	Limenko
legendoh	Legend of Heroes	2000	Limenko
sb2003	Super Bubble 2003 (World, Ver 1.0)	2003	Limenko
sb2003a	Super Bubble 2003 (Asia, Ver 1.0)	2003	Limenko
spotty	Spotty (Ver. 2.0.2)	2001	Prince Co.
carrera	Carrera (Version 6.7)		BS Electronics
pmpoker	PlayMan Poker (German)	1981	PlayMan
goldnpkr	Golden Poker Double Up (Big Boy)	1981	Bonanza Enterprises, Ltd
goldnpkb	Golden Poker Double Up (Mini Boy)	1981	Bonanza Enterprises, Ltd
pottnpkr	Jack Potten's Poker (set 1)		bootleg
potnpkra	Jack Potten's Poker (set 2)		bootleg
potnpkrb	Jack Potten's Poker (set 3)		bootleg
potnpkrc	Jack Potten's Poker (set 4)		bootleg
potnpkrd	Jack Potten's Poker (set 5)		bootleg
potnpkre	Jack Potten's Poker (set 6)		bootleg
goodluck	Good Luck	1991	<unknown>
royale	Royale (set 1)		<unknown>
royalea	Royale (set 2)		<unknown>
witchcrd	Witch Card (Video Klein)	1991	Video Klein
witchcda	Witch Card (Spanish, witch game, set 1)	1991	<unknown>
witchcdb	Witch Card (Spanish, witch game, set 2)	1991	<unknown>
witchcdc	Witch Card (English, no witch game)	1991	<unknown>
witchcdd	Witch Card (German, set 1)	1994	bootleg? (Proma)
witchcde	Witch Card (German, set 2)	1994	bootleg?
witchcdf	Witch Card (English, witch game, lamps)	1985	PlayMan
sloco93	Super Loco 93 (Spanish, set 1)	1993	<unknown>
sloco93a	Super Loco 93 (Spanish, set 2)	1993	<unknown>
maverik	Maverik		<unknown>
brasil89	Brasil 89	1989	<unknown>
poker91	Poker 91	1991	<unknown>
bsuerte	Buena Suerte (Spanish, set 1)	1990	<unknown>
bsuertea	Buena Suerte (Spanish, set 2)	1991	<unknown>
bsuerteb	Buena Suerte (Spanish, set 3)	1991	<unknown>
bsuertec	Buena Suerte (Spanish, set 4)	1991	<unknown>
bsuerted	Buena Suerte (Spanish, set 5)	1991	<unknown>
bsuertee	Buena Suerte (Spanish, set 6)	1991	<unknown>
bsuertef	Buena Suerte (Spanish, set 7)	1991	<unknown>
bsuerteg	Buena Suerte (Spanish, set 8)	1991	<unknown>
bsuerteh	Buena Suerte (Spanish, set 9)	1991	<unknown>
bsuertei	Buena Suerte (Spanish, set 10)	1991	<unknown>
bsuertej	Buena Suerte (Spanish, set 11)	1991	<unknown>
bsuertek	Buena Suerte (Spanish, set 12)	1991	<unknown>
bsuertel	Buena Suerte (Spanish, set 13)	1991	<unknown>
bsuertem	Buena Suerte (Spanish, set 14)	1991	<unknown>
bsuerten	Buena Suerte (Spanish, set 15)	1991	<unknown>
bsuerteo	Buena Suerte (Spanish, set 16)	1991	<unknown>
bsuertep	Buena Suerte (Spanish, set 17)	1991	<unknown>
bsuerteq	Buena Suerte (Spanish, set 18)	1991	<unknown>
bsuerter	Buena Suerte (Spanish, set 19)	1991	<unknown>
bsuertes	Buena Suerte (Spanish, set 20)	1991	<unknown>
bsuertet	Buena Suerte (Spanish, set 21)	1991	<unknown>
bsuerteu	Buena Suerte (Spanish, set 22)	1991	<unknown>
comg074	Cal Omega - Game 7.4 (Gaming Poker, W.Export)	1981	Cal Omega Inc.
comg076	Cal Omega - Game 7.6 (Arcade Poker)	1981	Cal Omega Inc.
comg079	Cal Omega - Game 7.9 (Arcade Poker)	1981	Cal Omega Inc.
comg080	Cal Omega - Game 8.0 (Arcade Black Jack)	1981	Cal Omega Inc.
comg094	Cal Omega - Game 9.4 (Keno)	1981	Cal Omega Inc.
comg107	Cal Omega - Game 10.7c (Big Game)	1982	Cal Omega Inc.
comg123	Cal Omega - Game 12.3 (Ticket Poker)	1982	Cal Omega Inc.
comg125	Cal Omega - Game 12.5 (Bingo)	1982	Cal Omega Inc.
comg127	Cal Omega - Game 12.7 (Keno)	1982	Cal Omega Inc.
comg128	Cal Omega - Game 12.8 (Arcade Game)	1982	Cal Omega Inc.
comg134	Cal Omega - Game 13.4 (Nudge Bingo)	1982	Cal Omega Inc.
comg145	Cal Omega - Game 14.5 (Pixels)	1982	Cal Omega Inc.
comg157	Cal Omega - Game 15.7 (Double-Draw Poker)	1983	Cal Omega Inc.
comg159	Cal Omega - Game 15.9 (Wild Double-Up)	1983	Cal Omega Inc.
comg164	Cal Omega - Game 16.4 (Keno)	1983	Cal Omega Inc.
comg168	Cal Omega - Game 16.8 (Keno)	1983	Cal Omega Inc.
comg172	Cal Omega - Game 17.2 (Double Double Poker)	1983	Cal Omega Inc.
comg175	Cal Omega - Game 17.51 (Gaming Draw Poker)	1984	Cal Omega / Casino Electronics Inc.
comg176	Cal Omega - Game 17.6 (Nudge Bingo)	1982	Cal Omega Inc.
comg181	Cal Omega - Game 18.1 (Nudge Bingo)	1982	Cal Omega Inc.
comg183	Cal Omega - Game 18.3 (Pixels)	1983	Cal Omega Inc.
comg185	Cal Omega - Game 18.5 (Pixels)	1983	Cal Omega Inc.
comg186	Cal Omega - Game 18.6 (Pixels)	1983	Cal Omega Inc.
comg187	Cal Omega - Game 18.7 (Amusement Poker)	1983	Cal Omega Inc.
comg204	Cal Omega - Game 20.4 (Super Blackjack)	1984	Cal Omega Inc.
comg208	Cal Omega - Game 20.8 (Winner's Choice)	1984	Cal Omega Inc.
comg227	Cal Omega - Game 22.7 (Amusement Poker, d/d)	1984	Cal Omega Inc.
comg230	Cal Omega - Game 23.0 (FC Bingo (4-card))	1984	Cal Omega Inc.
comg236	Cal Omega - Game 23.6 (Hotline)	1984	Cal Omega Inc.
comg239	Cal Omega - Game 23.9 (Gaming Draw Poker)	1985	Cal Omega / Casino Electronics Inc.
comg246	Cal Omega - Game 24.6 (Hotline)	1985	Cal Omega Inc.
comg272a	Cal Omega - Game 27.2 (Keno, amusement)	1985	Cal Omega Inc.
comg272b	Cal Omega - Game 27.2 (Keno, gaming)	1985	Cal Omega Inc.
comg903d	Cal Omega - System 903 Diag.PROM		Cal Omega Inc.
comg905d	Cal Omega - System 905 Diag.PROM		Cal Omega Inc.
elgrande	El Grande - 5 Card Draw (New)	1982	Tuni Electro Service / E.T. Marketing
jjpoker	Jackpot Joker Poker (set 1)	1983	Enter-Tech (ETL)
jjpokerb	Jackpot Joker Poker (set 2)	1983	Enter-Tech (ETL)
ssipkr24	SSI Poker (v2.4)	1988	SSI
ssipkr30	SSI Poker (v3.0)	1988	SSI
ssipkr40	SSI Poker (v4.0)	1990	SSI
altair	Altair	1981	Cidelsa
destryer	Destroyer (Cidelsa) (set 1)	1980	Cidelsa
destryera	Destroyer (Cidelsa) (set 2)	1980	Cidelsa
draco	Draco	1981	Cidelsa
rockduck	Rock Duck (prototype?)	1983	Datel SAS
tetriskr	Tetris (bootleg of Mirrorsoft PC-XT Tetris version)		bootleg
trvhang	Trivia Hangup (Question Set 1)	1984	SMS Manufacturing Corp.
trvhanga	Trivia Hangup (Question Set 2)	1984	SMS Manufacturing Corp.
sureshot	Sure Shot	1985	SMS Manufacturing Corp.
secondch	Second Chance	1985	SMS Manufacturing Corp.
skylncr	Sky Lancer (Bordun, ver.U450C)	1995	Bordun International
butrfly	Butterfly Video Game (ver.U350C)	1995	Bordun International
madzoo	Mad Zoo (ver.U450C)	1995	Bordun International
leader	Leader	1995	bootleg
livequiz	Live Quiz Show	1999	Andamiro
hammer	Hammer	2000	Andamiro
cowrace	Cow Race (1986 King Derby hack)	2000	bootleg
kingdrbb	King Derby (Taiwan bootleg)	1986	bootleg (Casino Electronics)
discoboy	Disco Boy	1993	Soft Art Co.
pangofun	Pango Fun (Italy)	1995	InfoCube
2mindril	Two Minute Drill	1993	Taito
koikoi	Koi Koi Part 2	1982	Kiwako
good	Good (Korea)	1998	<unknown>
filetto	Filetto (v1.05 901009)	1990	Novarmatic
quizo	Quiz Olympic (set 1)	1985	Seoul Coin Corp.
quizoa	Quiz Olympic (set 2)	1985	Seoul Coin Corp.
gstream	G-Stream G2020	2002	Oriental Soft Japan
miniboy7	Mini Boy 7	1983	Bonanza Enterprises, Ltd
39in1	39 in 1 MAME bootleg	2004	bootleg
48in1	48 in 1 MAME bootleg (ver 3.09)	2004	bootleg
48in1a	48 in 1 MAME bootleg (ver 3.02)	2004	bootleg
kingpin	King Pin	1983	American Communication Laboratories Inc.
kingpinm	King Pin Multi-Game	1983	American Communication Laboratories Inc.
thayers	Thayer's Quest	1984	RDI Video Systems
thayersa	Thayer's Quest (Alternate Set)	1984	RDI Video Systems
istellar	Interstellar Laser Fantasy	1983	Funai/Gakken
esh	Esh's Aurunmilla (set 1)	1983	Funai/Gakken
esha	Esh's Aurunmilla (Set 2)	1983	Funai/Gakken
eshb	Esh's Aurunmilla (Set 3)	1983	Funai/Gakken
comebaby	Come On Baby	2000	ExPotato
peset038	Player's Edge Plus (Set038) Set Chip	1987	IGT - International Gaming Technology
pepp0043	Player's Edge Plus (PP0043) 10's or Better	1987	IGT - International Gaming Technology
pepp0065	Player's Edge Plus (PP0065) Jokers Wild Poker	1987	IGT - International Gaming Technology
pepp0158	Player's Edge Plus (PP0158) 4 of a Kind Bonus Poker	1987	IGT - International Gaming Technology
pepp0188	Player's Edge Plus (PP0188) Standard Draw Poker	1987	IGT - International Gaming Technology
pepp0250	Player's Edge Plus (PP0250) Double Down Stud Poker	1987	IGT - International Gaming Technology
pepp0447	Player's Edge Plus (PP0447) Standard Draw Poker	1987	IGT - International Gaming Technology
pepp0516	Player's Edge Plus (PP0516) Double Bonus Poker	1987	IGT - International Gaming Technology
pebe0014	Player's Edge Plus (BE0014) Blackjack	1994	IGT - International Gaming Technology
peke1012	Player's Edge Plus (KE1012) Keno	1994	IGT - International Gaming Technology
peps0014	Player's Edge Plus (PS0014) Super Joker Slots	1996	IGT - International Gaming Technology
peps0022	Player's Edge Plus (PS0022) Red White & Blue Slots	1996	IGT - International Gaming Technology
peps0043	Player's Edge Plus (PS0043) Double Diamond Slots	1996	IGT - International Gaming Technology
peps0045	Player's Edge Plus (PS0045) Red White & Blue Slots	1996	IGT - International Gaming Technology
peps0308	Player's Edge Plus (PS0308) Double Jackpot Slots	1996	IGT - International Gaming Technology
peps0615	Player's Edge Plus (PS0615) Chaos Slots	1996	IGT - International Gaming Technology
peps0716	Player's Edge Plus (PS0716) River Gambler Slots	1996	IGT - International Gaming Technology
pex2069p	Player's Edge Plus (X002069P) Double Double Bonus Poker	1995	IGT - International Gaming Technology
pexp0019	Player's Edge Plus (XP000019) Deuces Wild Poker	1995	IGT - International Gaming Technology
pexp0112	Player's Edge Plus (XP000112) White Hot Aces Poker	1995	IGT - International Gaming Technology
pexs0006	Player's Edge Plus (XS000006) Triple Triple Diamond Slots	1997	IGT - International Gaming Technology
pexmp006	Player's Edge Plus (XMP00006) Multi-Poker	1995	IGT - International Gaming Technology
pexmp017	Player's Edge Plus (XMP00017) 5-in-1 Wingboard	1995	IGT - International Gaming Technology
pexmp024	Player's Edge Plus (XMP00024) Multi-Poker	1995	IGT - International Gaming Technology
mirage	Mirage Youjuu Mahjongden (Japan)	1994	Mitchell
dominob	Domino Block	1996	Wonwoo Systems
dominobv2	Domino Block ver.2	1996	Wonwoo Systems
jongkyo	Jongkyo	1985	Kiwako
gamecstl	GameCristal	2002	Cristaltec
gamecst2	GameCristal (version 2.613)	2002	Cristaltec
drw80pkr	Draw 80 Poker	1982	IGT - International Gaming Technology
drw80pk2	Draw 80 Poker - Minn	1983	IGT - International Gaming Technology
fortune1	Fortune I (PK485-S) Draw Poker	1984	IGT - International Gaming Technology
blazlaz	Blazing Lazers	1989	Hudson Soft
ggconnie	Go! Go! Connie chan Jaka Jaka Janken	1996	Eighting
paranoia	Paranoia	1990	Naxat Soft
vcombat	Virtual Combat	1993	VR8 Inc.
shadfgtr	Shadow Fighters	1993	Dutech Inc.
skimaxx	Skimaxx	1996	Kyle Hodgetts / ICE
blackt96	Black Touch '96	1996	D.G.R.M.
magictg	Magic the Gathering: Armageddon (set 1)	1997	Acclaim
magictga	Magic the Gathering: Armageddon (set 2)	1997	Acclaim
re900	Ruleta RE-900	1993	Entretenimientos GEMINIS
bs94	Buena Suerte '94	1994	Entretenimientos GEMINIS
jokrwild	Joker's Wild (encrypted)	1988	Sigma
pesadelo	Pesadelo (bootleg of Knightmare on MSX)	1989	bootleg (Forte II Games) / Konami
pengadvb	Penguin Adventure (bootleg of MSX version)	1988	bootleg / Konami
spool99	Super Pool 99 (Version 0.36)	1998	Electronic Projects
spool99a	Super Pool 99 (Version 0.31)	1998	Electronic Projects
vcarn	Video Carnival 1999 / Super Royal Card (Version 0.11)	1998	Electronic Projects
4roses	Four Roses (encrypted, set 1)	1999	<unknown>
4rosesa	Four Roses (encrypted, set 2)	1999	<unknown>
big10	Big 10		<unknown>
bingor1	Bingo Roll / Bell Star? (set 1)	2002	<unknown>
bingor2	Bingo Roll / Bell Star? (set 2)	2002	<unknown>
bingor3	Bingo Roll / Bell Star? (set 3)	2002	<unknown>
bingor4	Bingo Roll / Bell Star? (set 4)	2002	<unknown>
bingor5	Bingo Roll / Bell Star V3? (set 5)	2002	<unknown>
videopkr	Video Poker	1984	InterFlip
blckjack	Black Jack	1984	InterFlip
videodad	Video Dado	1987	InterFlip
videocba	Video Cordoba	1987	InterFlip
babypkr	Baby Poker	1987	Recreativos Franco
babydad	Baby Dado	1987	Recreativos Franco
laperla	La Perla Nera (Ver 2.0)	2002	Nazionale Elettronica
laperlag	La Perla Nera Gold (Ver 2.0)	2001	Nazionale Elettronica
capunc	Capitan Uncino (Ver 1.2)	2000	Nazionale Elettronica
capcor	Capitani Coraggiosi (Ver 1.3)	2001	Nazionale Elettronica
euro2k2	Europa 2002 (Ver 2.0, set 1)	2001	Nazionale Elettronica
euro2k2a	Europa 2002 (Ver 2.0, set 2)	2001	Nazionale Elettronica
euro2k2s	Europa 2002 Space (Ver 3.0)	2002	Nazionale Elettronica
mnumber	Mystery Number		M.M. - B.R.L.
abacus	Abacus (Ver 1.0)		<unknown>
bookthr	Book Theatre (Ver 1.2)		<unknown>
ntcash	NtCash	1999	<unknown>
wizard	Wizard (Ver 1.0)	1999	A.A.
trstar2k	Triple Star 2000		A.M.
laser2k1	Laser 2001 (Ver 1.2)	2001	<unknown>
mdrink	Magic Drink (Ver 1.2)	2001	<unknown>
te0144	Puzzle Bobble (Italian Gambling Game)	2001	<unknown>
cmagica	Carta Magica (Ver 1.8)		<unknown>
millsun	Millennium Sun		<unknown>
sspac2k1	Super Space 2001		<unknown>
elvis	Elvis?		<unknown>
sstar	Super Star		<unknown>
pirati	Pirati	2001	Cin
mnumitg	Magic Number (Italian Gambling Game, Ver 1.5)		<unknown>
mclass	Magic Class (Ver 2.2)		<unknown>
europass	Euro Pass (Ver 1.1)		<unknown>
newmcard	New Magic Card	2000	High Video
brasil	Bra$il (Version 3)	2000	High Video
fashion	Fashion (Version 2.14)	2000	High Video
ciclone	Ciclone	2000	High Video
tour4000	Tour 4000	2000	High Video
cfever40	Casino Fever 4.0	2000	High Video
cfever50	Casino Fever 5.0	2000	High Video
tour4010	Tour 4010	2000	High Video
cfever51	Casino Fever 5.1	2000	High Video
cfever61	Casino Fever 6.1	2000	High Video
cfever1k	Casino Fever 1k	2000	High Video
girotutt	GiroTutto	2000	High Video
steaser	Strip Teaser (Italy, Version 1.22)	1993	<unknown>
ilpag	Il Pagliaccio (Italy, Version 2.7C)		<unknown>
mil4000	Millennium Nuovo 4000 (Version 2.0)	2000	Sure Milano
mil4000a	Millennium Nuovo 4000 (Version 1.8)	2000	Sure Milano
mil4000b	Millennium Nuovo 4000 (Version 1.5)	2000	Sure Milano
mil4000c	Millennium Nuovo 4000 (Version 1.6)	2000	Sure Milano
ejollyx5	Euro Jolly X5		Solar Games
grandprx	Grand Prix		4fun
supjolly	Super Jolly		<unknown>
x5jokers	X Five Jokers (Version 1.12)		Electronic Projects
showhand	Show Hand (Italy)	2000	Astro Corp.
showhanc	Wang Pai Dui Jue	2000	Astro Corp.
skilldrp	Skill Drop Georgia	2002	Astro Corp.
speeddrp	Speed Drop	2003	Astro Corp.
winbingo	Win Win Bingo (set 1)		Astro Corp.
winbingoa	Win Win Bingo (set 2)		Astro Corp.
zoo	Zoo		Astro Corp.
ncb3	Cherry Bonus III (ver.1.40, set 1)		Dyna
cb3a	Cherry Bonus III (ver.1.40, set 2)		Dyna
cb3	Cherry Bonus III (ver.1.40, encrypted)		Dyna
cb3b	Cherry Bonus III (alt)		Dyna
cb3c	Cherry Bonus III (alt, set 2)		bootleg
cmv801	Cherry Master (Corsica, ver.8.01)		Corsica
cmv4	Cherry Master (ver.4, set 1)	1992	Dyna
cmv4a	Cherry Master (ver.4, set 2)	1992	Dyna
cmwm	Cherry Master (Watermelon bootleg / hack)		Dyna
cmfun	Cherry Master (Fun USA v2.5 bootleg / hack)	1995	Dyna
cmaster	Cherry Master I (ver.1.01, set 1)	1991	Dyna
cmasterb	Cherry Master I (ver.1.01, set 2)	1991	Dyna
cmezspin	Cherry Master I (E-Z Spin bootleg / hack)	1991	Dyna
cmasterc	Cherry Master I (ver.1.01, set 3)	1991	Dyna
cmasterbv	Cherry Master I (ver.1.01, set 4, with Blitz Poker ROM?)	1991	Dyna
cmasterd	Cherry Master I (ver.1.01, set 5)	1991	Dyna
cmastere	Cherry Master I (ver.1.01, set 6)	1991	Dyna
cmasterf	Cherry Master I (ver.1.01, set 7)	1991	Dyna
cmast91	Cherry Master '91 (ver.1.30)	1991	Dyna
cmast92	Cherry Master '92	1992	Dyna
jkrmast	Joker Master		<unknown>
pkrmast	Poker Master (set 1)		<unknown>
pkrmasta	Poker Master (set 2)		<unknown>
cb2001	Cherry Bonus 2001	2001	Dyna
scherrym	Super Cherry Master	2001	Dyna
queen	Queen?		STG
86lions	86 Lions	1985	Aristocrat
caswin	Casino Winner	1985	Aristocrat
3bagflnz	3 Bags Full - 3VXFC5345 (New Zealand)	1994	Aristocrat
blkrhino	Black Rhino - 3VXFC5344 (New Zealand)	1996	Aristocrat
coralr2	Coral Riches II - 1VXFC5472 (New Zealand)	2000	Aristocrat
eforest	Enchanted Forest - 12XF528902	1994	Aristocrat
eforesta	Enchanted Forest - 4VXFC818	1995	Aristocrat
eforestb	Enchanted Forest - 3VXFC5343 (New Zealand)	1996	Aristocrat
goldenc	Golden Canaries - 1VXFC5462	1996	Aristocrat
kgbird	K.G Bird - 4VXFC5341 (New Zealand, 87.98%)	1996	Aristocrat
kgbirda	K.G Bird - 4VXFC5341 (New Zealand, 91.97%)	1996	Aristocrat
phantomp	Phantom Pays - 4VXFC5431 (New Zealand)	1998	Aristocrat
swtht2nz	Sweet Hearts II - 1VXFC5461 (New Zealand)	1998	Aristocrat
topgear	Top Gear - 4VXFC969	1996	Aristocrat
wtigernz	White Tiger - 3VXFC5342 (New Zealand)	1996	Aristocrat
autmoon	Autumn Moon	1999	Aristocrat
ffortune	Fantasy Fortune	1999	Aristocrat
swthrt2v	Sweet Hearts II (C - 07/09/95, Venezuela version)	1995	Aristocrat
enchfrst	Enchanted Forest (E - 23/06/95, Local)	1995	Aristocrat
dolphntr	Dolphin Treasure (B - 06/12/96, NSW/ACT, Rev 1.24.4.0)	1996	Aristocrat
dolphtra	Dolphin Treasure (B - 06/12/96, NSW/ACT, Rev 3)	1996	Aristocrat
dmdtouch	Diamond Touch (E - 30-06-97, Local)	1997	Aristocrat
goldprmd	Golden Pyramids (B - 13-05-97, USA)	1997	Aristocrat
qotn	Queen of the Nile (B - 13-05-97, NSW/ACT)	1997	Aristocrat
adonis	Adonis (A - 25-05-98, NSW/ACT)	1998	Aristocrat
reelrock	Reelin-n-Rockin (A - 13/07/98, Local)	1998	Aristocrat
indiandr	Indian Dreaming (B - 15/12/98, Local)	1998	Aristocrat
magicmsk	Magic Mask (A - 09/05/2000, Export))	2000	Aristocrat
margmgc	Margarita Magic (A - 07/07/2000, NSW/ACT)	2000	Aristocrat
geishanz	Geisha (A - 05/03/01, New Zealand)	2001	Aristocrat
janshi	Janshi	1992	Eagle
ronjan	Ron Jan (Super)	1994	Wing Co., Ltd
pinkiri8	Pinkiri 8	1994	Alta
slotcarn	Slot Carnival	1985	Wing Co., Ltd.
lucky74	Lucky 74 (bootleg, set 1)	1988	Wing Co., Ltd.
lucky74a	Lucky 74 (bootleg, set 2)	1988	Wing Co., Ltd.
lucky8	New Lucky 8 Lines (set 1, W-4)	1989	Wing Co., Ltd. / GEI
lucky8a	New Lucky 8 Lines (set 2, W-4)	1989	Wing Co., Ltd. / GEI
lucky8b	New Lucky 8 Lines (set 3, W-4, extended gfx)	1989	Wing Co., Ltd. / GEI
luckgrln	Lucky Girl (newer Z180 based hardware)	1991	Wing Co., Ltd.
skill98	Skill '98 (ver. s98-1.33)	1998	Amcoe
match98	Match '98 (ver. 1.33)	1998	Amcoe
schery97	Skill Cherry '97 (ver. sc3.52)	1997	Amcoe
schery97a	Skill Cherry '97 (ver. sc3.52c4)	1997	Amcoe
roypok96	Royal Poker '96 (set 1)	1996	Amcoe
roypok96a	Royal Poker '96 (set 2)	1996	Amcoe
roypok96b	Royal Poker '96 (set 3)	1996	Amcoe
pokonl97	Poker Only '97 (ver. 3.3)	1997	Amcoe
nc96	New Cherry '96 Special Edition (set 1)	1996	Amcoe
nc96a	New Cherry '96 Special Edition (set 2)	1996	Amcoe
nc96b	New Cherry '96 Special Edition (set 3)	1996	Amcoe
nc96c	New Cherry '96 Special Edition (set 4)	1996	Amcoe
nc96txt	New Cherry '96 Special Edition (set 5, Texas XT)	2000	Amcoe
nfb96	New Fruit Bonus '96 Special Edition (set 1)	1996	Amcoe
nfb96a	New Fruit Bonus '96 Special Edition (set 2)	1996	Amcoe
nfb96b	New Fruit Bonus '96 Special Edition (set 3)	1996	Amcoe
nfb96c	New Fruit Bonus '96 Special Edition (set 4)	1996	Amcoe
nfb96txt	New Fruit Bonus '96 Special Edition (set 5, Texas XT)	1996	Amcoe
nfb96se	New Fruit Bonus '96 Special Edition (bootleg, set 1)	1996	bootleg
nfb96sea	New Fruit Bonus '96 Special Edition (bootleg, set 2)	1996	bootleg
nfb96seb	New Fruit Bonus '96 Special Edition (bootleg, set 3)	1996	bootleg
carb2002	Carriage Bonus 2002 (bootleg)	2002	bootleg
carb2003	Carriage Bonus 2003 (bootleg)	2003	bootleg
nfm	New Fruit Machine (Ming-Yang Electronic)	2003	Ming-Yang Electronic
unkch1	New Cherry Gold '99 (bootleg of Super Cherry Master) (set 1)	1999	bootleg
unkch2	Super Cherry Gold (bootleg of Super Cherry Master)	1999	bootleg
unkch3	New Cherry Gold '99 (bootleg of Super Cherry Master) (set 2)	1999	bootleg
unkch4	Grand Cherry Master (bootleg of Super Cherry Master)	1999	bootleg
ns8lines	New Lucky 8 Lines / New Super 8 Lines (W-4)		<unknown>
ns8linew	New Lucky 8 Lines / New Super 8 Lines (F-5, Witch Bonus)		<unknown>
ladylinr	Lady Liner		TAB Austria
kkojnoli	Kkoj Noli (Kill the Bees)		hack
wcat3	Wild Cat 3		E.A.I.
mtonic	Magical Odds (set 3, alt hardware)	1991	Pal Company
magical	Magical Odds (set 1)	1992	Pal Company / Micro Manufacturing Inc.
magicala	Magical Odds (set 2)	1992	Pal Company / Micro Manufacturing Inc.
sfbonus	Skill Fruit Bonus (Version 1.9R, set 1)	2003	Amcoe
sfbonusd1	Skill Fruit Bonus (Version 1.9R, set 2)	2003	Amcoe
sfbonusv1	Skill Fruit Bonus (Version 1.9R Dual)	2003	Amcoe
sfbonuso	Skill Fruit Bonus (Version 1.7)	2003	Amcoe
sfbonuso2	Skill Fruit Bonus (Version 1.6)	2003	Amcoe
parrot3	Parrot Poker III (Version 2.6E Dual)	2004	Amcoe
parrot3b1	Parrot Poker III (Version 2.6R, set 1)	2004	Amcoe
parrot3d1	Parrot Poker III (Version 2.6R, set 2)	2004	Amcoe
parrot3v1	Parrot Poker III (Version 2.6R Dual)	2004	Amcoe
parrot3o	Parrot Poker III (Version 2.4)	2003	Amcoe
hldspin1	Hold & Spin I (Version 2.7T, set 1)	2000	Amcoe
hldspin1dt	Hold & Spin I (Version 2.7T, set 2)	2000	Amcoe
hldspin1vt	Hold & Spin I (Version 2.7T Dual)	2000	Amcoe
hldspin1o	Hold & Spin I (Version 2.5T)	2000	Amcoe
hldspin2	Hold & Spin II (Version 2.8R, set 1)	2000	Amcoe
hldspin2d1	Hold & Spin II (Version 2.8R, set 2)	2000	Amcoe
hldspin2v1	Hold & Spin II (Version 2.8R Dual)	2000	Amcoe
hldspin2o	Hold & Spin II (Version 2.6)	2000	Amcoe
fcnudge	Fruit Carnival Nudge (Version 2.1 Dual)	2003	Amcoe
fcnudgeo	Fruit Carnival Nudge (Version 2.0, set 1)	2003	Amcoe
fcnudgeo2	Fruit Carnival Nudge (Version 2.0, set 2)	2003	Amcoe
fcnudgeo3	Fruit Carnival Nudge (Version 1.7)	2003	Amcoe
pickwin	Pick 'n Win (Version 2.9E Dual)	2001	Amcoe
pickwinb1	Pick 'n Win (Version 2.9R, set 1)	2001	Amcoe
pickwind1	Pick 'n Win (Version 2.9R, set 2)	2001	Amcoe
pickwinv1	Pick 'n Win (Version 2.9R Dual)	2001	Amcoe
pickwinbt	Pick 'n Win (Version 2.8T, set 1)	2001	Amcoe
pickwindt	Pick 'n Win (Version 2.8T, set 2)	2001	Amcoe
pickwinvt	Pick 'n Win (Version 2.8T, Dual)	2001	Amcoe
pickwino	Pick 'n Win (Version 2.6)	2001	Amcoe
pickwino2	Pick 'n Win (Version 2.5T)	2001	Amcoe
tighook	Tiger Hook (Version 2.1E Dual)	2004	Amcoe
tighookc1	Tiger Hook (Version 2.1R, set 1)	2004	Amcoe
tighookd1	Tiger Hook (Version 2.1R, set 2)	2004	Amcoe
tighookv1	Tiger Hook (Version 2.1R Dual)	2004	Amcoe
tighookc2	Tiger Hook (Version 2.0LT, set 1)	2004	Amcoe
tighookd2	Tiger Hook (Version 2.0LT, set 2)	2004	Amcoe
tighookv2	Tiger Hook (Version 2.0LT Dual)	2004	Amcoe
tighooko	Tiger Hook (Version 1.7XT)	2004	Amcoe
tighooko2	Tiger Hook (Version 1.7)	2004	Amcoe
robadv	Robin's Adventure (Version 1.7E Dual)	2004	Amcoe
robadvc1	Robin's Adventure (Version 1.7R, set 1)	2004	Amcoe
robadvd1	Robin's Adventure (Version 1.7R, set 2)	2004	Amcoe
robadvv1	Robin's Adventure (Version 1.7R Dual)	2004	Amcoe
robadvo	Robin's Adventure (Version 1.5)	2004	Amcoe
robadv2	Robin's Adventure 2 (Version 1.7E Dual)	2004	Amcoe
robadv2c1	Robin's Adventure 2 (Version 1.7R, set 1)	2004	Amcoe
robadv2d1	Robin's Adventure 2 (Version 1.7R, set 2)	2004	Amcoe
robadv2v1	Robin's Adventure 2 (Version 1.7R Dual)	2004	Amcoe
robadv2c2	Robin's Adventure 2 (Version 1.7LT, set 1)	2004	Amcoe
robadv2d2	Robin's Adventure 2 (Version 1.7LT, set 2)	2004	Amcoe
robadv2v2	Robin's Adventure 2 (Version 1.7LT Dual)	2004	Amcoe
robadv2c3	Robin's Adventure 2 (Version 1.7SH, set 1)	2004	Amcoe
robadv2d3	Robin's Adventure 2 (Version 1.7SH, set 2)	2004	Amcoe
robadv2v3	Robin's Adventure 2 (Version 1.7SH Dual)	2004	Amcoe
robadv2o	Robin's Adventure 2 (Version 1.5SH)	2004	Amcoe
robadv2o2	Robin's Adventure 2 (Version 1.5)	2004	Amcoe
pirpok2	Pirate Poker II (Version 2.4E Dual)	2003	Amcoe
pirpok2b1	Pirate Poker II (Version 2.2R, set 1)	2003	Amcoe
pirpok2d1	Pirate Poker II (Version 2.2R, set 2)	2003	Amcoe
pirpok2v1	Pirate Poker II (Version 2.2R Dual)	2003	Amcoe
pirpok2o	Pirate Poker II (Version 2.0)	2003	Amcoe
anibonus	Animal Bonus (Version 1.8E Dual)	2003	Amcoe
anibonusv1	Animal Bonus (Version 1.8R Dual)	2003	Amcoe
anibonusv2	Animal Bonus (Version 1.8LT Dual)	2003	Amcoe
anibonusb1	Animal Bonus (Version 1.7R, set 1)	2003	Amcoe
anibonusd1	Animal Bonus (Version 1.7R, set 2)	2003	Amcoe
anibonusb2	Animal Bonus (Version 1.7LT, set 1)	2003	Amcoe
anibonusd2	Animal Bonus (Version 1.7LT, set 2)	2003	Amcoe
anibonuso	Animal Bonus (Version 1.5)	2003	Amcoe
anibonuso2	Animal Bonus (Version 1.4, set 1)	2003	Amcoe
anibonuso3	Animal Bonus (Version 1.4, set 2)	2003	Amcoe
anibonusxo	Animal Bonus (Version 1.50XT)	2003	Amcoe
anibonusxo2	Animal Bonus (Version 1.40XT, set 1)	2003	Amcoe
anibonusxo3	Animal Bonus (Version 1.40XT, set 2)	2003	Amcoe
abnudge	Animal Bonus Nudge (Version 2.1 Dual)	2003	Amcoe
abnudgeb	Animal Bonus Nudge (Version 2.0, set 1)	2003	Amcoe
abnudged	Animal Bonus Nudge (Version 2.0, set 2)	2003	Amcoe
abnudgeo	Animal Bonus Nudge (Version 1.7)	2003	Amcoe
dblchal	Double Challenge (Version 1.5R, set 1)	2003	Amcoe
dblchalc1	Double Challenge (Version 1.5R, set 2)	2003	Amcoe
dblchald1	Double Challenge (Version 1.5R, set 3)	2003	Amcoe
dblchalv1	Double Challenge (Version 1.5R Dual)	2003	Amcoe
dblchalo	Double Challenge (Version 1.1)	2003	Amcoe
anithunt	Animal Treasure Hunt (Version 1.9R, set 1)	2003	Amcoe
anithuntd1	Animal Treasure Hunt (Version 1.9R, set 2)	2003	Amcoe
anithuntv1	Animal Treasure Hunt (Version 1.9R Dual)	2003	Amcoe
anithunto	Animal Treasure Hunt (Version 1.7)	2003	Amcoe
anithunto2	Animal Treasure Hunt (Version 1.5)	2003	Amcoe
sfruitb	Super Fruit Bonus (Version 2.5E Dual)	2002	Amcoe
sfruitbb1	Super Fruit Bonus (Version 2.5R, set 1)	2002	Amcoe
sfruitbd1	Super Fruit Bonus (Version 2.5R, set 2)	2002	Amcoe
sfruitbv1	Super Fruit Bonus (Version 2.5R Dual)	2002	Amcoe
sfruitbb2	Super Fruit Bonus (Version 2.0LT, set 1)	2002	Amcoe
sfruitbd2	Super Fruit Bonus (Version 2.0LT, set 2)	2002	Amcoe
sfruitbv2	Super Fruit Bonus (Version 2.0LT Dual)	2002	Amcoe
sfruitbo	Super Fruit Bonus (Version 2.0)	2002	Amcoe
sfruitbo2	Super Fruit Bonus (Version 1.80XT)	2002	Amcoe
sfruitbh	Super Fruit Bonus (Version 2.2EB Dual)	2002	Amcoe
sfruitbbh	Super Fruit Bonus (Version 2.2B, set 1)	2002	Amcoe
sfruitbdh	Super Fruit Bonus (Version 2.2B, set 2)	2002	Amcoe
sfruitbvh	Super Fruit Bonus (Version 2.2B Dual)	2002	Amcoe
sfruitboh	Super Fruit Bonus (Version 2.0B)	2002	Amcoe
fb2gen	Fruit Bonus 2nd Generation (Version 1.8E Dual)	2004	Amcoe
fb2genc1	Fruit Bonus 2nd Generation (Version 1.8R, set 1)	2004	Amcoe
fb2gend1	Fruit Bonus 2nd Generation (Version 1.8R, set 2)	2004	Amcoe
fb2genv1	Fruit Bonus 2nd Generation (Version 1.8R Dual)	2004	Amcoe
fb2genc2	Fruit Bonus 2nd Generation (Version 1.8LT, set 1)	2004	Amcoe
fb2gend2	Fruit Bonus 2nd Generation (Version 1.8LT, set 2)	2004	Amcoe
fb2genv2	Fruit Bonus 2nd Generation (Version 1.8LT Dual)	2004	Amcoe
fb2geno	Fruit Bonus 2nd Generation (Version 1.6XT)	2004	Amcoe
fb2geno2	Fruit Bonus 2nd Generation (Version 1.5)	2004	Amcoe
fb2nd	Fruit Bonus 2nd Edition (Version 1.8R, set 1)	2004	Amcoe
fb2ndd1	Fruit Bonus 2nd Edition (Version 1.8R, set 2)	2004	Amcoe
fb2ndv1	Fruit Bonus 2nd Edition (Version 1.8R Dual)	2004	Amcoe
fb2ndc2	Fruit Bonus 2nd Edition (Version 1.8LT, set 1)	2004	Amcoe
fb2ndd2	Fruit Bonus 2nd Edition (Version 1.8LT, set 2)	2004	Amcoe
fb2ndv2	Fruit Bonus 2nd Edition (Version 1.8LT Dual)	2004	Amcoe
fb2ndo	Fruit Bonus 2nd Edition (Version 1.5)	2004	Amcoe
fb4	Fruit Bonus 2004 (Version 1.5R, set 1)	2004	Amcoe
fb4c1	Fruit Bonus 2004 (Version 1.5R, set 2)	2004	Amcoe
fb4d1	Fruit Bonus 2004 (Version 1.5R, set 3)	2004	Amcoe
fb4v1	Fruit Bonus 2004 (Version 1.5R Dual)	2004	Amcoe
fb4exp	Fruit Bonus 2005 (2004 Export - Version 1.5E Dual)	2004	Amcoe
fb4b2	Fruit Bonus 2004 (Version 1.5LT, set 1)	2004	Amcoe
fb4c2	Fruit Bonus 2004 (Version 1.5LT, set 2)	2004	Amcoe
fb4d2	Fruit Bonus 2004 (Version 1.5LT, set 3)	2004	Amcoe
fb4v2	Fruit Bonus 2004 (Version 1.5LT Dual)	2004	Amcoe
fb4o	Fruit Bonus 2004 (Version 1.3XT)	2004	Amcoe
fb4o2	Fruit Bonus 2004 (Version 1.2)	2004	Amcoe
fb5	Fruit Bonus 2005 (Version 1.5SH, set 1)	2005	Amcoe
fb5c	Fruit Bonus 2005 (Version 1.5SH, set 2)	2005	Amcoe
fb5d	Fruit Bonus 2005 (Version 1.5SH, set 3)	2005	Amcoe
fb5v	Fruit Bonus 2005 (Version 1.5SH Dual)	2005	Amcoe
fb6	Fruit Bonus '06 - 10th anniversary (Version 1.7E CGA)	2006	Amcoe
fb6v	Fruit Bonus '06 - 10th anniversary (Version 1.7E Dual)	2006	Amcoe
fb6d1	Fruit Bonus '06 - 10th anniversary (Version 1.7R CGA, set 1)	2006	Amcoe
fb6s1	Fruit Bonus '06 - 10th anniversary (Version 1.7R CGA, set 2)	2006	Amcoe
fb6v1	Fruit Bonus '06 - 10th anniversary (Version 1.7R Dual)	2006	Amcoe
fb6d2	Fruit Bonus '06 - 10th anniversary (Version 1.7LT CGA, set 1)	2006	Amcoe
fb6s2	Fruit Bonus '06 - 10th anniversary (Version 1.7LT CGA, set 2)	2006	Amcoe
fb6v2	Fruit Bonus '06 - 10th anniversary (Version 1.7LT Dual)	2006	Amcoe
fb6s3	Fruit Bonus '06 - 10th anniversary (Version 1.3R CGA)	2006	Amcoe
fb6se	Fruit Bonus 2006 Special Edition (Version 1.4E CGA)	2006	Amcoe
fb6sev	Fruit Bonus 2006 Special Edition (Version 1.4E Dual)	2006	Amcoe
fb6sed1	Fruit Bonus 2006 Special Edition (Version 1.4R CGA)	2006	Amcoe
fb6sev1	Fruit Bonus 2006 Special Edition (Version 1.4R Dual)	2006	Amcoe
fb6sed2	Fruit Bonus 2006 Special Edition (Version 1.4LT CGA)	2006	Amcoe
fb6sev2	Fruit Bonus 2006 Special Edition (Version 1.4LT Dual)	2006	Amcoe
version4	Version 4 (Version 4.2R)	2006	Amcoe
bugfever	Bugs Fever (Version 1.7R CGA)	2006	Amcoe
bugfevero	Bugs Fever (Version 1.6R CGA)	2006	Amcoe
bugfeverd	Bugs Fever (Version 1.7E CGA)	2006	Amcoe
bugfeverv	Bugs Fever (Version 1.7R Dual)	2006	Amcoe
bugfeverv2	Bugs Fever (Version 1.7E Dual)	2006	Amcoe
funriver	Fun River (set 1)	2005	Amcoe
funriverv	Fun River (set 2)	2005	Amcoe
dvisland	Devil Island	2006	Amcoe
atworld	Around The World (Version 1.3E CGA)	2007	Amcoe
atworldd1	Around The World (Version 1.3R CGA)	2007	Amcoe
amclink	Amcoe Link Control Box (Version 2.2)		Amcoe
act2000	Action 2000 (Version 3.5E Dual)	1999	Amcoe
act2000v1	Action 2000 (Version 3.5R Dual)	1999	Amcoe
act2000d1	Action 2000 (Version 3.5R, set 1)	1999	Amcoe
act2000b1	Action 2000 (Version 3.5R, set 2)	1999	Amcoe
act2000vx	Action 2000 (Version 3.30XT Dual)	1999	Amcoe
act2000dx	Action 2000 (Version 3.30XT, set 1)	1999	Amcoe
act2000bx	Action 2000 (Version 3.30XT, set 2)	1999	Amcoe
act2000o	Action 2000 (Version 3.3)	1999	Amcoe
act2000o2	Action 2000 (Version 3.10XT)	1999	Amcoe
act2000o3	Action 2000 (Version 1.2)	1999	Amcoe
ch2000	Fruit Bonus 2000 / New Cherry 2000 (Version 4.4E Dual)	2000	Amcoe
ch2000b1	Fruit Bonus 2000 / New Cherry 2000 (Version 4.4R, set 1)	2000	Amcoe
ch2000c1	Fruit Bonus 2000 / New Cherry 2000 (Version 4.4R, set 2)	2000	Amcoe
ch2000d1	Fruit Bonus 2000 / New Cherry 2000 (Version 4.4R, set 3)	2000	Amcoe
ch2000v1	Fruit Bonus 2000 / New Cherry 2000 (Version 4.4R Dual)	2000	Amcoe
ch2000b2	Fruit Bonus 2000 / New Cherry 2000 (Version 4.1LT, set 1)	2000	Amcoe
ch2000c2	Fruit Bonus 2000 / New Cherry 2000 (Version 4.1LT, set 2)	2000	Amcoe
ch2000d2	Fruit Bonus 2000 / New Cherry 2000 (Version 4.1LT, set 3)	2000	Amcoe
ch2000v2	Fruit Bonus 2000 / New Cherry 2000 (Version 4.1LT Dual)	2000	Amcoe
ch2000o	Fruit Bonus 2000 / New Cherry 2000 (Version 3.9XT)	2000	Amcoe
ch2000o2	Fruit Bonus 2000 / New Cherry 2000 (Version 3.9D)	2000	Amcoe
ch2000o3	Fruit Bonus 2000 / New Cherry 2000 (Version 3.9)	2000	Amcoe
pir2001	Pirate 2001 (Version 2.5E Dual)	2001	Amcoe
pir2001b1	Pirate 2001 (Version 2.5R, set 1)	2001	Amcoe
pir2001d1	Pirate 2001 (Version 2.5R, set 2)	2001	Amcoe
pir2001v1	Pirate 2001 (Version 2.5R Dual)	2001	Amcoe
pir2001bx	Pirate 2001 (Version 2.40XT, set 1)	2001	Amcoe
pir2001dx	Pirate 2001 (Version 2.40XT, set 2)	2001	Amcoe
pir2001vx	Pirate 2001 (Version 2.40XT Dual)	2001	Amcoe
pir2001o	Pirate 2001 (Version 2.3N)	2001	Amcoe
pir2001o2	Pirate 2001 (Version 2.3)	2001	Amcoe
pir2001o3	Pirate 2001 (Version 2.20XT)	2001	Amcoe
pir2002	Pirate 2002 (Version 2.0E Dual)	2001	Amcoe
pir2002b1	Pirate 2002 (Version 2.0R, set 1)	2001	Amcoe
pir2002d1	Pirate 2002 (Version 2.0R, set 2)	2001	Amcoe
pir2002v1	Pirate 2002 (Version 2.0R Dual)	2001	Amcoe
pir2002bx	Pirate 2002 (Version 1.90XT, set 1)	2001	Amcoe
pir2002dx	Pirate 2002 (Version 1.90XT, set 2)	2001	Amcoe
pir2002vx	Pirate 2002 (Version 1.90XT Dual)	2001	Amcoe
pir2002o	Pirate 2002 (Version 1.8N)	2001	Amcoe
pir2002o2	Pirate 2002 (Version 1.8)	2001	Amcoe
pir2002o3	Pirate 2002 (Version 1.70XT)	2001	Amcoe
classice	Classic Edition (Version 1.6E)	2004	Amcoe
classicev	Classic Edition (Version 1.6E Dual)	2004	Amcoe
classice1	Classic Edition (Version 1.6R, set 1)	2004	Amcoe
classiced1	Classic Edition (Version 1.6R, set 2)	2004	Amcoe
classicev1	Classic Edition (Version 1.6R Dual)	2004	Amcoe
classice2	Classic Edition (Version 1.6LT, set 1)	2004	Amcoe
classiced2	Classic Edition (Version 1.6LT, set 2)	2004	Amcoe
classicev2	Classic Edition (Version 1.6LT Dual)	2004	Amcoe
seawld	Sea World (Version 1.6E Dual)	2005	Amcoe
seawldd1	Sea World (Version 1.6R CGA)	2005	Amcoe
moneymac	Money Machine (Version 1.7E Dual)	2005	Amcoe
moneymacd1	Money Machine (Version 1.7R)	2005	Amcoe
moneymacv1	Money Machine (Version 1.7R Dual)	2005	Amcoe
moneymacd2	Money Machine (Version 1.7LT)	2005	Amcoe
moneymacv2	Money Machine (Version 1.7LT Dual)	2005	Amcoe
chsuper3	Champion Super 3 (V0.35)	1999	<unknown>
chsuper2	Champion Super 2 (V0.13)	1999	<unknown>
chmpnum	Champion Number (V0.74)	1999	<unknown>
3super8	3 Super 8 (Italy)		<unknown>
buster	Buster	1987	Marian Electronics Ltd.
spielbud	Spiel Bude (German)	1985	ADP
himesiki	Himeshikibu (Japan)	1989	Hi-Soft
norautp	Noraut Poker	1988	Noraut Ltd.
norautdx	Noraut Deluxe Poker (console)		Noraut Ltd.
norautpn	Noraut Deluxe Poker (bootleg)		bootleg
norautjo	Noraut Joker Poker (original)		Noraut Ltd.
norautpl	Noraut Joker Poker (Prologic HW)		Prologic / Noraut Ltd.
norautjp	Noraut Joker Poker (alt)	1988	Noraut Ltd.
norautrh	Noraut Red Hot Joker Poker	1988	Noraut Ltd.
norautra	Noraut Red Hot Joker Poker (alt HW)		Noraut Ltd.
norautu	Noraut Poker (NTX10A)	1988	Noraut Ltd.
noraut3a	Noraut Joker Poker (V3.010a)	2002	Noraut Ltd.
noraut3b	Noraut Joker Poker (V3.011a)	2003	Noraut Ltd.
norautua	Noraut unknown set 1 (console)		Noraut Ltd.
norautub	Noraut unknown set 2 (console)		Noraut Ltd.
mainline	Mainline Double Joker Poker		Mainline London
df_djpkr	Double Joker Poker (45%-75% payout)		DellFern Ltd.
ndxron10	Royal on Ten (Noraut Deluxe hack)	2005	<unknown>
cgip30cs	Credit Poker (ver.30c, standard)	1999	CGI
kimblz80	Kimble Double HI-LO (z80 version)		Kimble Ireland
pma	PMA Poker	1983	PMA
bjpoker	Poker / Black Jack (Model 7521)		M.Kramer Manufacturing.
dphl	Draw Poker HI-LO (M.Kramer)	1983	M.Kramer Manufacturing.
dphla	Draw Poker HI-LO (Alt)	1983	<unknown>
dphljp	Draw Poker HI-LO (Japanese)	1983	<unknown>
kimbldhl	Kimble Double HI-LO		Kimble Ireland
gtipoker	GTI Poker	1983	GTI Inc
smshilo	HI-LO Double Up Joker Poker	1983	SMS Manufacturing Corp.
drhl	DRHL Poker (v.2.89)	1986	Drews Inc.
tpoker2	Turbo Poker 2	1993	Micro Manufacturing Inc.
ssjkrpkr	Southern Systems Joker Poker	1982	Southern Systems & Assembly
fastdrwp	Fast Draw (poker conversion kit)?		Stern Electronics?
dphlunka	Draw Poker HI-LO (unknown, rev 1)		SMS Manufacturing Corp.
dphlunkb	Draw Poker HI-LO (unknown, rev 2)		SMS Manufacturing Corp.
pachifev	Pachifever	1983	Sanki Denshi Kogyo
bonanza	Bonanza (Revision 3)	1993	New Image Technologies
bonanzar2	Bonanza (Revision 2)	1993	New Image Technologies
streetg	Street Games (Revision 4)	1993	New Image Technologies
streetgr3	Street Games (Revision 3)	1993	New Image Technologies
streetg2	Street Games II (Revision 7C)	1993	New Image Technologies
streetg2r5	Street Games II (Revision 5)	1993	New Image Technologies
colorama	Colorama (English)	2001	Coinmaster-Gaming, Ltd.
cmrltv75	Coinmaster Roulette V75 (Y2K, Spanish)	2001	Coinmaster-Gaming, Ltd.
cmkenosp	Coinmaster Keno (Y2K, Spanish, 2000-12-14)	2000	Coinmaster-Gaming, Ltd.
cmkenospa	Coinmaster Keno (Y2K, Spanish, 2000-12-02)	2000	Coinmaster-Gaming, Ltd.
mfish_3	Multi Fish (021124)	2002	Igro
mfish_3a	Multi Fish (021124, banking address hack)	2002	Igro
mfish_6	Multi Fish (030124)	2002	Igro
mfish_11	Multi Fish (031124)	2002	Igro
mfish_12	Multi Fish (040308)	2002	Igro
mfish_12a	Multi Fish (040308, banking address hack)	2002	Igro
crzmon_7	Crazy Monkey (031110)	2003	Igrosoft
crzmon_7a	Crazy Monkey (031110, backdoor set 1)	2003	Igrosoft
crzmon_7b	Crazy Monkey (031110, backdoor set 2)	2003	Igrosoft
crzmon_8	Crazy Monkey (050120)	2003	Igrosoft
crzmon_8a	Crazy Monkey (050120, backdoor)	2003	Igrosoft
fcockt_6	Fruit Cocktail (040216)	2003	Igrosoft
fcockt_6a	Fruit Cocktail (040216, banking address hack)	2003	Igrosoft
fcockt_6b	Fruit Cocktail (040216, backdoor)	2003	Igrosoft
fcockt_7	Fruit Cocktail (050118)	2003	Igrosoft
fcockt_7a	Fruit Cocktail (050118, backdoor)	2003	Igrosoft
fcockt_8	Fruit Cocktail (060111)	2003	Igrosoft
lhaunt_4	Lucky Haunter (031111)	2003	Igrosoft
lhaunt_4a	Lucky Haunter (031111, backdoor)	2003	Igrosoft
lhaunt_5	Lucky Haunter (040216)	2003	Igrosoft
lhaunt_5a	Lucky Haunter (040216, backdoor)	2003	Igrosoft
lhaunt_6	Lucky Haunter (040825)	2003	Igrosoft
lhaunt_6a	Lucky Haunter (040825, backdoor)	2003	Igrosoft
rollfr_2	Roll Fruit (040318)	2003	Igrosoft
garage_4	Garage (040219)	2004	Igrosoft
garage_4a	Garage (040219, backdoor)	2004	Igrosoft
garage_4b	Garage (040219, changed version text)	2004	Igrosoft
garage_5	Garage (050311)	2004	Igrosoft
garage_5a	Garage (050311, backdoor)	2004	Igrosoft
rclimb_3	Rock Climber (040827)	2004	Igrosoft
rclimb_3a	Rock Climber (040827, backdoor)	2004	Igrosoft
rclimb_3b	Rock Climber (040827, new service menu)	2004	Igrosoft
sweetl	Sweet Life (041220)	2004	Igrosoft
sweetla	Sweet Life (041220, backdoor)	2004	Igrosoft
sweetlb	Sweet Life (041220, banking address hack, changed version text)	2004	Igrosoft
resdnt_2	Resident (040513)	2004	Igrosoft
resdnt_2a	Resident (040513, backdoor)	2004	Igrosoft
island	Island (050713)	2005	Igrosoft
islanda	Island (050713, backdoor)	2005	Igrosoft
pirate_2	Pirate (060210)	2005	Igrosoft
pirate_3	Pirate (060803)	2005	Igrosoft
pirate2	Pirate 2 (061005)	2006	Igrosoft
pirate2a	Pirate 2 (061005, banking address hack set 1)	2006	Igrosoft
pirate2b	Pirate 2 (061005, banking address hack set 2)	2006	Igrosoft
pirate2c	Pirate 2 (061005, banking address hack, changed version text set 1)	2006	Igrosoft
pirate2d	Pirate 2 (061005, banking address hack, changed version text set 2)	2006	Igrosoft
pirate2e	Pirate 2 (061005, banking address hack, changed version text set 3)	2006	Igrosoft
island2	Island 2 (060529)	2006	Igrosoft
island2a	Island 2 (060529, banking address hack)	2006	Igrosoft
keks	Keks (060328)	2006	Igrosoft
keksa	Keks (060328, banking address hack)	2006	Igrosoft
keksb	Keks (060328, backdoor)	2006	Igrosoft
keksc	Keks (060328, banking address hack, changed version text)	2006	Igrosoft
keks_2	Keks (060403)	2006	Igrosoft
keks_2a	Keks (060403, banking address hack)	2006	Igrosoft
keks_2b	Keks (060403, banking address hack, changed version text)	2006	Igrosoft
cdi	CD-i (Mono-I) BIOS	1991	Philips
quizard	Quizard 1.7	1996	Disney
quizrd22	Quizard 2.2	1995	Disney
quizrd32	Quizard 3.2	1996	Disney
quizrr41	Quizard Rainbow 4.1	1998	Disney
m_brkfst	The Big Breakfast (Set 1 UK, Game Card 95-750-524)	1994	BFM
m_brkfs1	The Big Breakfast (Set 2)	1994	BFM
m_brkfs2	The Big Breakfast (Set 3)	1994	BFM
m_brkfs3	The Big Breakfast (Set 4)	1994	BFM
m_brkfs4	The Big Breakfast (Set 5)	1994	BFM
m_brkfs5	The Big Breakfast (Set 6)	1994	BFM
m_bdrwho	Dr.Who The Timelord (set 1, UK, Game Card 95-750-288)	1994	BFM
m_bdrwh1	Dr.Who The Timelord (set 2, UK, Game Card 95-750-661)	1994	BFM
m_bdrwh2	Dr.Who The Timelord (set 3)	1994	BFM
m_bdrwh3	Dr.Who The Timelord (set 4)	1994	BFM
m_bdrwh4	Dr.Who The Timelord (set 5)	1994	BFM
m_bdrwh5	Dr.Who The Timelord (set 6)	1994	BFM
m_bdrwh6	Dr.Who The Timelord (set 7)	1994	BFM
m_bdrwh7	Dr.Who The Timelord (set 8)	1994	BFM
m_bdrwh8	Dr.Who The Timelord (set 9)	1994	BFM
m_bdrwh9	Dr.Who The Timelord (set 10)	1994	BFM
m_bdrw10	Dr.Who The Timelord (set 11)	1994	BFM
m_bdrw11	Dr.Who The Timelord (set 12)	1994	BFM
m_bdrw12	Dr.Who The Timelord (set 13)	1994	BFM
m_bdrw13	Dr.Who The Timelord (set 14)	1994	BFM
m_bdrw14	Dr.Who The Timelord (set 15)	1994	BFM
m_bdrw15	Dr.Who The Timelord (set 16)	1994	BFM
m_bdrw16	Dr.Who The Timelord (set 17)	1994	BFM
m_bdrw17	Dr.Who The Timelord (set 18, not encrypted)	1994	BFM
m_bfocus	Focus (Dutch, Game Card 95-750-347)	1995	BFM/ELAM
m_bcgslm	Club Grandslam (UK, Game Card 95-750-843)	1996	BFM
m_luvjub	Luvvly Jubbly (UK Multisite 10/25p, Game Card 95-750-808)	1996	BFM
m_cpeno1	Club Public Enemy No.1 (UK, Game Card 95-750-846)	1996	BFM
m_supcrd	Supercards (Dutch, Game Card 39-340-271?)	1985	BFM/ELAM
m_tbirds	Thunderbirds		JPM
m_lotsse	Lotus SE (Dutch)	1988	BFM/ELAM
m_roulet	Roulette (Dutch, Game Card 39-360-129?)	1988	BFM/ELAM
m_clattr	Club attraction (UK, Game Card 39-370-196)	1990	BFM
m_tppokr	Toppoker (Dutch, Game Card 95-750-899)	1996	BFM/ELAM
m_sptlgt	Spotlight		Maygay Machines Ltd.
screenpl	Screen Play (ver. 4.0)	1991	Maygay
screenp1	Screen Play (ver. 1.9)	1991	Maygay
screenp2	Screen Play (ver. 1.9, Isle of Man)	1991	Maygay
m_oldtmr	Old Timer		Barcrest
m_ccelbr	Club Celebration		Barcrest
m_gmball	Gamball		Barcrest
m_honmon	Honey Money		Vivid
roul	Super Lucky Roulette	1990	bootleg
hitpoker	Hit Poker (Bulgaria)	1997	Accept Ltd.
vpoker	Videotronics Poker		Videotronics
jnero	Johnny Nero Action Hero	2004	ICE/Play Mechanix
am_uslot	Amatic Unknown Slots Game	1996	Amatic Trading GmbH
am_mg24	Multi Game I (V.Ger 2.4)	2000	Amatic Trading GmbH
am_mg3	Multi Game III (V.Ger 3.5)	2000	Amatic Trading GmbH
neptunp2	Neptune's Pearls 2		Unidesa?
rgum	Royal Gum (Italy)		<unknown>
poker72	Poker Monarch (v2.50)	1995	Extrema Systems International Ltd.
chkun	Chance Kun	1982	<unknown>
