005	005	1981	Sega
10yard	10-Yard Fight (World, set 1)	1983	Irem
10yard85	10-Yard Fight '85 (US, Taito license)	1985	Irem (Taito license)
10yardj	10-Yard Fight (Japan)	1983	Irem
110dance	Retro Dance Mat (110 song Super StepMania + 9-in-1 games) (PAL)	200?	<unknown>
119	119 (bootleg?)	1986	Coreland / Sega
11beat	Eleven Beat	1998	Hudson Soft
18wheelr	18 Wheeler: American Pro Trucker (deluxe, Rev A)	2000	Sega
18wheelro	18 Wheeler: American Pro Trucker (deluxe)	2000	Sega
18wheelrt	18 Wheeler: American Pro Trucker (deluxe, Rev T)	2000	Sega
18wheels	18 Wheeler: American Pro Trucker (standard)	2000	Sega
18wheelu	18 Wheeler: American Pro Trucker (upright)	2000	Sega
1941	1941: Counter Attack (World 900227)	1990	Capcom
1941j	1941: Counter Attack (Japan)	1990	Capcom
1941r1	1941: Counter Attack (World)	1990	Capcom
1941u	1941: Counter Attack (USA 900227)	1990	Capcom
1942	1942 (Revision B)	1984	Capcom
1942a	1942 (Revision A)	1984	Capcom
1942abl	1942 (Revision A, bootleg)	1984	bootleg
1942b	1942 (First Version)	1984	Capcom
1942h	Supercharger 1942	1991	hack (Two Bit Score)
1942p	1942 (Tecfri PCB, bootleg?)	1984	bootleg
1942w	1942 (Williams Electronics license)	1985	Capcom (Williams Electronics license)
1943	1943: The Battle of Midway (Euro)	1987	Capcom
1943b	1943: Battle of Midway (bootleg, hack of Japan set)	1987	bootleg
1943bj	1943: Midway Kaisen (bootleg)	1987	bootleg
1943j	1943: Midway Kaisen (Japan, Rev B)	1987	Capcom
1943ja	1943: Midway Kaisen (Japan)	1987	Capcom
1943jah	1943: Midway Kaisen (Japan, no protection hack)	1987	Capcom
1943kai	1943 Kai: Midway Kaisen (Japan)	1987	Capcom
1943mii	1943: The Battle of Midway Mark II (US)	1987	Capcom
1943u	1943: The Battle of Midway (US, Rev C)	1987	Capcom
1943ua	1943: The Battle of Midway (US)	1987	Capcom
1944	1944: The Loop Master (Europe 000620)	2000	Eighting / Raizing (Capcom license)
1944d	1944: The Loop Master (USA 000620 Phoenix Edition) (bootleg)	2000	bootleg
1944j	1944: The Loop Master (Japan 000620)	2000	Eighting / Raizing (Capcom license)
1944u	1944: The Loop Master (USA 000620)	2000	Eighting / Raizing (Capcom license)
1945kiii	1945k III (newer, OPCX2 PCB)	2000	Oriental Soft
1945kiiin	1945k III (newer, OPCX1 PCB)	2000	Oriental Soft
1945kiiio	1945k III (older, OPCX1 PCB)	1999	Oriental Soft
1945kiiipt	1945k III (Promat license, OPCX1 PCB)	1999	Promat
19xx	19XX: The War Against Destiny (Europe 960104)	1996	Capcom
19xxa	19XX: The War Against Destiny (Asia 960104)	1996	Capcom
19xxar1	19XX: The War Against Destiny (Asia 951207)	1996	Capcom
19xxb	19XX: The War Against Destiny (Brazil 951218)	1996	Capcom
19xxd	19XX: The War Against Destiny (USA 951207 Phoenix Edition) (bootleg)	1996	bootleg
19xxh	19XX: The War Against Destiny (Hispanic 951218)	1996	Capcom
19xxj	19XX: The War Against Destiny (Japan 960104, yellow case)	1996	Capcom
19xxjr1	19XX: The War Against Destiny (Japan 951225)	1996	Capcom
19xxjr2	19XX: The War Against Destiny (Japan 951207)	1996	Capcom
19xxu	19XX: The War Against Destiny (USA 951207)	1996	Capcom
1on1gov	1 on 1 Government (Japan)	2000	Tecmo
2020bb	2020 Super Baseball (set 1)	1991	SNK / Pallas
2020bba	2020 Super Baseball (set 2)	1991	SNK / Pallas
2020bbh	2020 Super Baseball (set 3)	1991	SNK / Pallas
20pacgal	Ms. Pac-Man/Galaga - 20th Anniversary Class of 1981 Reunion (V1.08)	2000	Namco / Cosmodog
20pacgalr0	Ms. Pac-Man/Galaga - 20th Anniversary Class of 1981 Reunion (V1.00)	2000	Namco / Cosmodog
20pacgalr1	Ms. Pac-Man/Galaga - 20th Anniversary Class of 1981 Reunion (V1.01)	2000	Namco / Cosmodog
20pacgalr2	Ms. Pac-Man/Galaga - 20th Anniversary Class of 1981 Reunion (V1.02)	2000	Namco / Cosmodog
20pacgalr3	Ms. Pac-Man/Galaga - 20th Anniversary Class of 1981 Reunion (V1.03)	2000	Namco / Cosmodog
20pacgalr4	Ms. Pac-Man/Galaga - 20th Anniversary Class of 1981 Reunion (V1.04)	2000	Namco / Cosmodog
280zzzap	280-ZZZAP (set 1)	1976	Dave Nutting Associates / Midway
280zzzapa	280-ZZZAP (set 2)	1976	Dave Nutting Associates / Midway
2mindril	Two Minute Drill (Ver 2.93A 1994/02/16)	1993	Taito America
2mindrila	Two Minute Drill (Ver 2.2A 1993/10/18)	1993	Taito America
30test	30 Test (remake)	1997	Namco
39in1	39 in 1 MAME bootleg (GNO-V000)	2004	bootleg
3bagfull	3 Bags Full (5VXFC790, Victoria)	1996	Aristocrat
3bagfullnz	3 Bags Full (3VXFC5345, New Zealand)	1996	Aristocrat
3bagfullu	3 Bags Full (4XF5196I02, US)	1998	Aristocrat
3cdpoker	3 Cards Poker 96 (V1.6)	1996	Armaly Labs
3cdpokera	3 Cards Poker 96 (V1.0)	1996	Armaly Labs
3countb	3 Count Bout / Fire Suplex (NGM-043 ~ NGH-043)	1993	SNK
3in1mbc	Gunstar Heroes / Snake Rattle n' Roll / Joe & Mac (Conny bootleg of Mega Drive versions)	1995	bootleg (Conny)
3in1semi	New HyperMan (3-in-1 with Cookie & Bibi & HyperMan) (set 1)	1998	SemiCom / XESS
3in1semia	New HyperMan (3-in-1 with Cookie & Bibi & HyperMan) (set 2)	1998	SemiCom / XESS
3kokushi	Sankokushi (Japan)	1996	Mitchell
3on3dunk	3 On 3 Dunk Madness (US, prototype? 1997/02/04)	1996	Video System Co.
3stooges	The Three Stooges In Brides Is Brides (set 1)	1984	Mylstar
3stoogesa	The Three Stooges In Brides Is Brides (set 2)	1984	Mylstar
3wonders	Three Wonders (World 910520)	1991	Capcom
3wondersb	Three Wonders (bootleg)	1991	bootleg
3wondersh	Three Wonders (hack)	1991	bootleg
3wondersr1	Three Wonders (World 910513)	1991	Capcom
3wondersu	Three Wonders (USA 910520)	1991	Capcom
3x3puzzl	3X3 Puzzle (Enterprise)	1998	Ace Enterprise
3x3puzzla	3X3 Puzzle (Normal)	1998	Ace Enterprise
40love	Forty-Love (World)	1984	Taito
40lovebl	Forty-Love (bootleg)	1984	bootleg
40lovej	Forty-Love (Japan)	1984	Taito
4dwarrio	4-D Warriors (315-5162)	1985	Coreland / Sega
4enraya	4 En Raya (set 1)	1990	IDSA
4enrayaa	4 En Raya (set 2)	1990	IDSA
4in1	4 Fun in 1	1981	Armenia / Food and Fun
4in1boot	Puzzle King (PacMan 2, Tetris, HyperMan 2, Snow Bros.)	2002	K1 Soft
4psimasy	Mahjong 4P Shimasho (Japan)	1994	Sphinx / AV Japan
500gp	500 GP (US, 5GP3 Ver. C)	1998	Namco
5acespkr	5-Aces Poker	198?	<unknown>
5clown	Five Clown (English, set 1)	1993	IGS
5clowna	Five Clown (English, set 2)	1993	IGS
5clownsp	Five Clown (Spanish hack)	1993	IGS
600	600	1981	Konami
64street	64th. Street: A Detective Story (World)	1991	Jaleco
64streetj	64th. Street: A Detective Story (Japan, set 1)	1991	Jaleco
64streetja	64th. Street: A Detective Story (Japan, set 2)	1991	Jaleco
720	720 Degrees (rev 4)	1986	Atari Games
720g	720 Degrees (German, rev 2)	1986	Atari Games
720gr1	720 Degrees (German, rev 1)	1986	Atari Games
720r1	720 Degrees (rev 1)	1986	Atari Games
720r2	720 Degrees (rev 2)	1986	Atari Games
720r3	720 Degrees (rev 3)	1986	Atari Games
7jigen	7jigen no Youseitachi - Mahjong 7 Dimensions (Japan)	1990	Dynax
7mezzo	7 e Mezzo	198?	<unknown>
7ordi	7 Ordi (Korea)	2002	Yun Sung
7smash	7 Smash (set 1)	1993	Sovic
7smasha	7 Smash (set 2)	1993	Sovic
7toitsu	Chi-Toitsu	1988	Yuga
800fath	800 Fathoms	1981	Amenip (US Billiards Inc. license)
800fatha	800 Fathoms (older)	1981	Amenip (US Billiards Inc. license)
86lions	86 Lions	1985	Aristocrat
88games	'88 Games	1988	Konami
8ball	Video Eight Ball	1982	Century Electronics
8ball1	Video Eight Ball (Rev.1)	1982	Century Electronics
8ballact	Eight Ball Action (DK conversion)	1984	Seatongrove UK, Ltd. (Magic Electronics USA license)
8ballact2	Eight Ball Action (DKJr conversion)	1984	Seatongrove UK, Ltd. (Magic Electronics USA license)
8bpm	Eight Ball Action (Pac-Man conversion)	1985	Seatongrove UK, Ltd. (Magic Electronics USA license)
99lstwar	'99: The Last War (set 1)	1985	Crux / Proma
99lstwara	'99: The Last War (set 2)	1985	Crux / Proma
99lstwarb	'99: The Last War (bootleg)	1985	bootleg
99lstwark	'99: The Last War (Kyugo)	1985	Crux / Kyugo
9ballsht	9-Ball Shootout (set 1)	1993	E-Scape EnterMedia (Bundra license)
9ballsht2	9-Ball Shootout (set 2)	1993	E-Scape EnterMedia (Bundra license)
9ballsht3	9-Ball Shootout (set 3)	1993	E-Scape EnterMedia (Bundra license)
9ballshtc	9-Ball Shootout Championship	1993	E-Scape EnterMedia (Bundra license)
a51mxr3k	Area 51 / Maximum Force Duo (R3000, 2/10/98)	1998	Atari Games
a51mxr3ka	Area 51 / Maximum Force Duo (R3000, 2/02/98)	1998	Atari Games
aafb	All American Football (Leland, rev E)	1989	Leland Corporation
aafbc	All American Football (Leland, rev C)	1989	Leland Corporation
aafbd2p	All American Football (Leland, rev D, 2 players)	1989	Leland Corporation
aafootb	All American Football (Tecmo, Japan)	1987	Tecmo
abaseb	Atari Baseball (set 1)	1979	Atari
abaseb2	Atari Baseball (set 2)	1979	Atari
abattle	Astro Battle (set 1)	1979	bootleg? (Sidam)
abattle2	Astro Battle (set 2)	1979	bootleg? (Sidam)
abcheck	Abnormal Check	1996	Namco
abcop	A.B. Cop (World) (FD1094 317-0169b)	1990	Sega
abcopd	A.B. Cop (World) (bootleg of FD1094 317-0169b set)	1990	bootleg
abcopj	A.B. Cop (Japan) (FD1094 317-0169b)	1990	Sega
abcopjd	A.B. Cop (Japan) (bootleg of FD1094 317-0169b set)	1990	bootleg
ablast	Hong Tian Lei (A-Blast) (Japan)	2000	Subsino
abnudge	Animal Bonus Nudge (Version 2.1 Dual)	2003	Amcoe
abnudgeb	Animal Bonus Nudge (Version 2.0, set 1)	2003	Amcoe
abnudged	Animal Bonus Nudge (Version 2.0, set 2)	2003	Amcoe
abnudgeo	Animal Bonus Nudge (Version 1.7)	2003	Amcoe
abscam	Abscam	1981	GL (US Billiards license)
abunai	Abunai Houkago - Mou Matenai (Japan 890325)	1989	Green Soft
aburner	After Burner (VER 1.32, deluxe/upright)	1987	Sega
aburner131	After Burner (VER 1.31, deluxe/upright)	1987	Sega
aburner2	After Burner II (VER 2.00, deluxe/upright)	1987	Sega
aburner2g	After Burner II (German, VER 2.01, deluxe/upright)	1987	Sega
acchi	Janken Game Acchi Muite Hoi! (Japan 1.3)	1995	Data East Corporation
ace	Ace	1976	Allied Leisure
aceattac	Ace Attacker (FD1094 317-0059)	1988	Sega
aceattaca	Ace Attacker (Japan, System 16A, FD1094 317-0060)	1988	Sega
acedrive	Ace Driver (World, AD2)	1994	Namco
acitya	Atlantic City Action	1983	Epos Corporation
acombat	Astro Combat (newer, CB)	1979	bootleg
acombat3	Astro Combat (unencrypted)	1979	bootleg (Proel)
acombat4	Astro Combat (encrypted)	1979	bootleg (Proel)
acombato	Astro Combat (older, PZ)	1979	bootleg
acrobatm	Acrobat Mission	1991	UPL (Taito license)
acrobatmbl	Acrobat Mission (bootleg with Raiden sounds)	1991	bootleg
act2000	Action 2000 (Version 3.5E Dual)	1999	Amcoe
act2000b1	Action 2000 (Version 3.5R, set 2)	1999	Amcoe
act2000bx	Action 2000 (Version 3.30XT, set 2)	1999	Amcoe
act2000d1	Action 2000 (Version 3.5R, set 1)	1999	Amcoe
act2000dx	Action 2000 (Version 3.30XT, set 1)	1999	Amcoe
act2000o	Action 2000 (Version 3.3)	1999	Amcoe
act2000o2	Action 2000 (Version 3.10XT)	1999	Amcoe
act2000o3	Action 2000 (Version 1.2)	1999	Amcoe
act2000v1	Action 2000 (Version 3.5R Dual)	1999	Amcoe
act2000vx	Action 2000 (Version 3.30XT Dual)	1999	Amcoe
actfancr	Act-Fancer Cybernetick Hyper Weapon (World revision 3)	1989	Data East Corporation
actfancr1	Act-Fancer Cybernetick Hyper Weapon (World revision 1)	1989	Data East Corporation
actfancr2	Act-Fancer Cybernetick Hyper Weapon (World revision 2)	1989	Data East Corporation
actfancrj	Act-Fancer Cybernetick Hyper Weapon (Japan revision 1)	1989	Data East Corporation
actionhw	Action Hollywood	1995	TCH / Proyesel
ad2083	A. D. 2083	1983	Midcoin
adcanoe	Adventure Canoe	1982	Taito
adillor	Armadillo Racing (World, AM2 Ver.A)	1997	Namco
adillorj	Armadillo Racing (Japan, AM1 Ver.A)	1997	Namco
adpoker	Amstar Draw Poker	198?	Amstar?
aerfboo2	Aero Fighters (bootleg, set 2)	1992	bootleg
aerfboot	Aero Fighters (bootleg, set 1)	1992	bootleg
aeroboto	Aeroboto	1984	Jaleco (Williams license)
aerofgt	Aero Fighters (World / USA + Canada / Korea / Hong Kong / Taiwan) (newer hardware)	1992	Video System Co.
aerofgtb	Aero Fighters (Taiwan / Japan, set 1)	1992	Video System Co.
aerofgtc	Aero Fighters (Taiwan / Japan, set 2)	1992	Video System Co.
aerofgts	Aero Fighters Special (USA)	1996	McO'River, Inc.
aerofgtsg	Aero Fighters Special (VER 1.00G)	2011	bootleg (Arcade MOD BIOS)
aerofgtst	Aero Fighters Special (Taiwan)	1996	Video System Co.
aerolitol	Aerolitos Espaciales (Spanish bootleg of Asteroids)	1980	bootleg (Pasatiempos Laguna)
aerolitos	Aerolitos (Spanish bootleg of Asteroids)	1980	bootleg (Rodmar Elec.)
afighter	Action Fighter (FD1089A 317-0018)	1986	Sega
afightera	Action Fighter (unprotected)	1986	Sega
afighterb	Action Fighter (unprotected, analog controls)	1986	Sega
afighterc	Action Fighter (FD1089B 317-unknown)	1986	Sega
afighterd	Action Fighter (FD1089B 317-unknown, analog controls)	1986	Sega
afightere	Action Fighter (System 16B, unprotected, analog controls)	1986	Sega
afighterf	Action Fighter (System 16B, FD1089B 317-unknown, analog controls)	1986	Sega
afighterg	Action Fighter (System 16B, FD1089B 317-unknown)	1986	Sega
afighterh	Action Fighter (System 16B, FD1089A 317-0018)	1986	Sega
afire	Astro Fire	1979	bootleg (Rene Pierre)
agallet	Air Gallet (Europe)	1996	Gazelle (Banpresto license)
agalleta	Air Gallet (older, Europe)	1996	Gazelle (Banpresto license)
agalletah	Air Gallet (older, Hong Kong)	1996	Gazelle (Banpresto license)
agalletaj	Akuu Gallet (older, Japan)	1996	Gazelle (Banpresto license)
agalletak	Air Gallet (older, Korea)	1996	Gazelle (Banpresto license)
agalletat	Air Gallet (older, Taiwan)	1996	Gazelle (Banpresto license)
agalletau	Air Gallet (older, USA)	1996	Gazelle (Banpresto license)
agalleth	Air Gallet (Hong Kong)	1996	Gazelle (Banpresto license)
agalletj	Akuu Gallet (Japan)	1996	Gazelle (Banpresto license)
agalletk	Air Gallet (Korea)	1996	Gazelle (Banpresto license)
agallett	Air Gallet (Taiwan)	1996	Gazelle (Banpresto license)
agalletu	Air Gallet (USA)	1996	Gazelle (Banpresto license)
agentx1	Agent X (prototype, rev 1)	1983	Atari
agentx2	Agent X (prototype, rev 2)	1983	Atari
agentx3	Agent X (prototype, rev 3)	1983	Atari
agentx4	Agent X (prototype, rev 4)	1983	Atari
agress	Agress - Missile Daisenryaku (Japan)	1991	Palco
agressb	Agress - Missile Daisenryaku (English bootleg)	2003	bootleg
ainferno	Air Inferno (World)	1990	Taito
ainfernoj	Air Inferno (Japan)	1990	Taito
ainfernou	Air Inferno (US)	1990	Taito America
airass	Air Assault (World)	1993	Irem
airattck	Air Attack (set 1)	1996	Comad
airattcka	Air Attack (set 2)	1996	Comad
airbustr	Air Buster: Trouble Specialty Raid Unit (World)	1990	Kaneko (Namco license)
airbustrb	Air Buster: Trouble Specialty Raid Unit (bootleg)	1990	bootleg
airbustrj	Air Buster: Trouble Specialty Raid Unit (Japan)	1990	Kaneko (Namco license)
airco22b	Air Combat 22 (Japan, ACS1 Ver.B)	1995	Namco
aircomb	Air Combat (AC2, US)	1992	Namco
aircombj	Air Combat (AC1, Japan)	1992	Namco
airduel	Air Duel (World, M82 hardware)	1990	Irem
airdueljm72	Air Duel (Japan, M72 hardware)	1990	Irem
airduelm72	Air Duel (World, M72 hardware)	1990	Irem
airduelu	Air Duel (US location test, M82 hardware)	1990	Irem America
airrace	Air Race (prototype)	1985	Atari Games
airwlkrs	Air Walkers	1997	Data East Corporation
airwolf	Airwolf	1987	Kyugo
airwolfa	Airwolf (US)	1987	Kyugo (United Amusements license)
ajax	Ajax	1987	Konami
ajaxj	Ajax (Japan)	1987	Konami
akamaru	Panel & Variety Akamaru Q Joushou Dont-R	1996	Dynax (Nakanihon license)
akamj	Aka Mahjong (Double Bet, ver 1 16)	1990	bootleg (Paradise Electronics)
akazukin	Akazukin (Japan)	1983	Sigma
aking	Angler King (Japan, AG1 Ver. A)	1998	Namco
akiss	Mahjong Angel Kiss (ver 1.0, 92047-01 version)	1995	Jaleco
akissa	Mahjong Angel Kiss (ver 1.0, 92048-01 version)	1995	Jaleco
akkaarrh	Akka Arrh (prototype)	1982	Atari
akkanvdr	Akkanvader (Ver 2.5J 1995/06/14)	1995	Taito
akumajou	Akuma-Jou Dracula (Japan version P)	1988	Konami
akumajoun	Akuma-Jou Dracula (Japan version N)	1988	Konami
aladmdb	Aladdin (bootleg of Mega Drive version)	1993	bootleg / Sega
alantin	Alantin - Aladdin's Magic Lamp	1999	bootleg (Robert / Avraam)
alcon	Alcon (US)	1986	Toaplan / Taito America
aleck64	Aleck64 PIF BIOS	1998	Nintendo / Seta
alexkidd	Alex Kidd: The Lost Stars (set 2, unprotected)	1986	Sega
alexkidd1	Alex Kidd: The Lost Stars (set 1, FD1089A 317-0021)	1986	Sega
alibaba	Ali Baba and 40 Thieves	1982	Sega
alibabab	Mustafa and 40 Thieves (bootleg)	1982	bootleg
alien3	Alien3: The Gun (World)	1993	Sega
alien3j	Alien3: The Gun (Japan)	1993	Sega
alien3u	Alien3: The Gun (US, Rev A)	1993	Sega
alienar	Alien Arena	1985	Duncan Brown
alienaru	Alien Arena (with Stargate sound)	1985	Duncan Brown
alienatt	Allien Attack (Game FBV2, ver.T)	199?	bootleg
aliencha	Alien Challenge (World)	1994	IGS
alienchac	Alien Challenge (China)	1994	IGS
aliencr	Alien Crush (United Amusements PC Engine)	1989	Hudson Soft
alienfnt	Alien Front (Rev T)	2001	Sega
alienfnta	Alien Front (Rev A)	2001	Sega
alieninv	Alien Invasion	19??	bootleg (Margamatics)
alieninvp2	Alien Invasion Part II	19??	bootleg
aliens	Aliens (World set 1)	1990	Konami
aliens2	Aliens (World set 2)	1990	Konami
aliens3	Aliens (World set 3)	1990	Konami
aliens4	Aliens (World set 4)	1990	Konami
aliensa	Aliens (Asia)	1990	Konami
aliensec	Alien Sector	1985	Namco
aliensj	Aliens (Japan set 1)	1990	Konami
aliensj2	Aliens (Japan set 2)	1990	Konami
aliensu	Aliens (US)	1990	Konami
aliensyn	Alien Syndrome (set 4, System 16B, unprotected)	1987	Sega
aliensyn2	Alien Syndrome (set 2, System 16A, FD1089A 317-0033)	1987	Sega
aliensyn3	Alien Syndrome (set 3, System 16B, FD1089A 317-0033)	1987	Sega
aliensyn5	Alien Syndrome (set 5, System 16A, FD1089B 317-0037)	1987	Sega
aliensyn7	Alien Syndrome (set 7, System 16B, MC-8123B 317-00xx)	1987	Sega
aliensynj	Alien Syndrome (set 6, Japan, new, System 16B, FD1089A 317-0033)	1987	Sega
aliensynjo	Alien Syndrome (set 1, Japan, old, System 16A, FD1089A 317-0033)	1987	Sega
aligator	Alligator Hunt (World, protected, checksum 2B34128B)	1994	Gaelco
aligatorp	Alligator Hunt (protected, prototype?, checksum B975CB0B)	1994	Gaelco
aligators	Alligator Hunt (Spain, protected, checksum 2B34128B)	1994	Gaelco
aligatorun	Alligator Hunt (unprotected, checksum F9C6891D)	1994	Gaelco
aligatoruna	Alligator Hunt (unprotected, checksum 25A83609)	1994	Gaelco
alinvade	Alien Invaders	198?	Forbes?
alleymas	Alley Master	1985	Cinematronics
alpha1v	Alpha One (Vision Electronics)	1988	Vision Electronics
alphaho	Alpha Fighter / Head On	19??	Data East Corporation
alphahob	Missile / Circuit (bootleg of Alpha Fighter / Head On)	19??	bootleg
alpham2	Alpha Mission II / ASO II - Last Guardian (NGM-007 ~ NGH-007)	1991	SNK
alpham2p	Alpha Mission II / ASO II - Last Guardian (prototype)	1991	SNK
alphamis	Alpha Mission	1985	SNK
alphaone	Alpha One (prototype, 3 lives)	1983	Atari
alphaonea	Alpha One (prototype, 5 lives)	1983	Atari
alphaxz	The Alphax Z (Japan)	1986	Ed Co. (Wood Place license)
alpine	Alpine Ski (set 1)	1982	Taito
alpinea	Alpine Ski (set 2)	1982	Taito
alpinerc	Alpine Racer (World, AR2 Ver.C)	1994	Namco
alpinerd	Alpine Racer (World, AR2 Ver.D)	1994	Namco
alpinerjc	Alpine Racer (Japan, AR1 Ver.C)	1994	Namco
alpines	Alpine Surfer (World, AF2 Ver.A)	1996	Namco
alpinr2a	Alpine Racer 2 (World, ARS2 Ver.A)	1996	Namco
alpinr2b	Alpine Racer 2 (World, ARS2 Ver.B)	1996	Namco
altair	Altair	1981	Cidelsa
altair2	Altair II	198?	Cidelsa
altaten	Alta Tensione (ver. 2.01a)	1999	<unknown>
altbeast	Altered Beast (set 8) (8751 317-0078)	1988	Sega
altbeast2	Altered Beast (set 2) (MC-8123B 317-0066)	1988	Sega
altbeast4	Altered Beast (set 4) (MC-8123B 317-0066)	1988	Sega
altbeast5	Altered Beast (set 5) (FD1094 317-0069)	1988	Sega
altbeast5d	Altered Beast (set 5) (bootleg of FD1094 317-0069 set)	1988	bootleg
altbeast6	Altered Beast (set 6) (8751 317-0076)	1988	Sega
altbeastbl	Altered Beast (Datsu bootleg)	1988	bootleg (Datsu)
altbeastj	Juuouki (set 7, Japan) (8751 317-0077)	1988	Sega
altbeastj1	Juuouki (set 1, Japan) (FD1094 317-0065)	1988	Sega
altbeastj3	Juuouki (set 3, Japan) (FD1094 317-0068)	1988	Sega
altbeastj3d	Juuouki (set 3, Japan) (bootleg of FD1094 317-0068 set)	1988	bootleg
amatelas	Sei Senshi Amatelass	1986	Nichibutsu
amazon	Soldier Girl Amazon	1986	Nichibutsu
amazont	Soldier Girl Amazon (Tecfri license)	1986	Nichibutsu (Tecfri license)
ambush	Ambush	1983	Tecfri
ambushh	Ambush (hack?)	1983	Tecfri
ambushj	Ambush (Japan)	1983	Tecfri (Nippon Amuse license)
ambushv	Ambush (Volt Electronics)	1983	Tecfri (Volt Electronics license)
amerdart	Ameri Darts (set 1)	1989	Ameri
amerdart2	Ameri Darts (set 2)	1989	Ameri
amerdart3	Ameri Darts (set 3)	1989	Ameri
americna	Americana (9131-01)	1987	Merit
americnaa	Americana (9131-00)	1987	Merit
amerug	Amerug (Shoei bootleg of Atari Football)	1980	Shoei
amidar	Amidar	1982	Konami
amidar1	Amidar (older)	1981	Konami
amidarb	Amidar (bootleg, set 1)	1982	bootleg
amidarb2	Amidar (bootleg, set 2)	1982	bootleg
amidaro	Amidar (Olympia)	1982	Konami (Olympia license)
amidars	Amidar (Scramble hardware)	1982	Konami
amidaru	Amidar (Stern Electronics)	1982	Konami (Stern Electronics license)
amigo	Amigo (bootleg of Amidar, set 1)	1982	bootleg
amigo2	Amigo (bootleg of Amidar, set 2)	1982	bootleg
ampkr228	American Poker II (iamp2 v28)	1994	bootleg?
ampkr2b1	American Poker II (bootleg, set 1)	1990	bootleg
ampkr2b2	American Poker II (bootleg, set 2)	1990	bootleg
ampkr2b3	American Poker II (bootleg, set 3)	1994	bootleg
ampkr2b4	American Poker II (bootleg, set 4)	1994	bootleg
ampkr2b5	American Poker II (bootleg, set 5)	1994	bootleg
ampkr2jspb	American Poker II - Jackpot (Spanish, set 3)	1994	bootleg?
ampkr95	American Poker 95	1995	bootleg
ampoker2	American Poker II	1990	Novomatic
amspdwy	American Speedway (set 1)	1987	Enerdyne Technologies Inc.
amspdwya	American Speedway (set 2)	1987	Enerdyne Technologies Inc.
amusco	American Music Poker (V1.4)	1987	Amusco
amuse	Amuse (Version 50.08 IBA)	1982	Greyhound Electronics
amuse1	Amuse (Version 30.08 IBA)	1982	Greyhound Electronics
amuse1a	Amuse (Version 30.08A)	1983	Greyhound Electronics
androdun	Andro Dunos (NGM-049 ~ NGH-049)	1992	Visco
androidp	Android (prototype, later build)	1987	Nasco
androidpo	Android (prototype, early build)	198?	Nasco
andromed	Andromeda SS (Japan?)	1980	Irem
angelkds	Angel Kids (Japan)	1988	Sega / Nasco?
anibonus	Animal Bonus (Version 1.8E Dual)	2003	Amcoe
anibonusb1	Animal Bonus (Version 1.7R, set 1)	2003	Amcoe
anibonusb2	Animal Bonus (Version 1.7LT, set 1)	2003	Amcoe
anibonusd1	Animal Bonus (Version 1.7R, set 2)	2003	Amcoe
anibonusd2	Animal Bonus (Version 1.7LT, set 2)	2003	Amcoe
anibonuso	Animal Bonus (Version 1.5)	2003	Amcoe
anibonuso2	Animal Bonus (Version 1.4, set 1)	2003	Amcoe
anibonuso3	Animal Bonus (Version 1.4, set 2)	2003	Amcoe
anibonusv1	Animal Bonus (Version 1.8R Dual)	2003	Amcoe
anibonusv2	Animal Bonus (Version 1.8LT Dual)	2003	Amcoe
anibonusxo	Animal Bonus (Version 1.50XT)	2003	Amcoe
anibonusxo2	Animal Bonus (Version 1.40XT, set 1)	2003	Amcoe
anibonusxo3	Animal Bonus (Version 1.40XT, set 2)	2003	Amcoe
animalc	Animal Catch	2000	Sammy
animalhjb	Animal House (bootleg of Jingle Bell)	1995?	bootleg
animalhs	Animal House (V1.0, set 1)	1991	Suns Co Ltd.
animalhsa	Animal House (V1.0, set 2)	1991	Suns Co Ltd.
animalhsb	Animal House (set 3)	1994	bootleg
animalhsc	Animal House (set 4)	1994	bootleg
animaljr	Exciting Animal Land Jr. (USA, Canada, Mexico)	1993	Nakanihon / East Technology (Taito license)
animaljrj	Waiwai Animal Land Jr. (Japan)	1993	Nakanihon / East Technology (Taito license)
animaljrs	Animalandia Jr. (Spanish)	1993	Nakanihon / East Technology (Taito license)
animalw	Animal Wonders (ver A900 66)	199?	GPS
animalwbl	Animal Wonders (ver A900, bootleg)	199?	bootleg
animechmp	Anime Champ (GCA07 VER. JAA)	2000	Konami
animpkr	unknown rocket/animal-themed poker	198?	<unknown>
anithunt	Animal Treasure Hunt (Version 1.9R, set 1)	2003	Amcoe
anithuntd1	Animal Treasure Hunt (Version 1.9R, set 2)	2003	Amcoe
anithunto	Animal Treasure Hunt (Version 1.7)	2003	Amcoe
anithunto2	Animal Treasure Hunt (Version 1.5)	2003	Amcoe
anithuntv1	Animal Treasure Hunt (Version 1.9R Dual)	2003	Amcoe
anmlbskt	Animal Basket / Hustle Tamaire Kyousou (24 Jan 2005)	2005	MOSS / Sammy
anmlbskta	Animal Basket / Hustle Tamaire Kyousou (19 Jan 2005)	2005	MOSS / Sammy
anpanman	Soreike! Anpanman Popcorn Koujou (Rev B)	1992	Sega
anpanmana	Soreike! Anpanman Popcorn Koujou (Rev A)	1992	Sega
anteater	Anteater	1982	Tago Electronics
anteaterg	Ameisenbaer (German)	1982	Tago Electronics (TV-Tuning license from Free Enterprise Games)
anteatergg	Ameisenbaer (German bootleg on Galaxian hardware)	1982	bootleg
anteateruk	The Anteater (UK)	1982	Tago Electronics (Free Enterprise Games license)
aodk	Aggressors of Dark Kombat / Tsuukai GANGAN Koushinkyoku (ADM-008 ~ ADH-008)	1994	ADK / SNK
aof	Art of Fighting / Ryuuko no Ken (NGM-044 ~ NGH-044)	1992	SNK
aof2	Art of Fighting 2 / Ryuuko no Ken 2 (NGM-056)	1994	SNK
aof2a	Art of Fighting 2 / Ryuuko no Ken 2 (NGH-056)	1994	SNK
aof3	Art of Fighting 3 - The Path of the Warrior / Art of Fighting - Ryuuko no Ken Gaiden	1996	SNK
aof3k	Art of Fighting 3 - The Path of the Warrior (Korean release)	1996	SNK
aoh	Age Of Heroes - Silkroad 2 (v0.63 - 2001/02/07)	2001	Unico
apache3	Apache 3 (rev F)	1988	Tatsumi
apache3a	Apache 3 (rev E)	1988	Tatsumi
apache3b	Apache 3 (Kana Corporation license, rev G)	1988	Tatsumi (Kana Corporation license)
apb	APB - All Points Bulletin (rev 7)	1987	Atari Games
apb1	APB - All Points Bulletin (rev 1)	1987	Atari Games
apb2	APB - All Points Bulletin (rev 2)	1987	Atari Games
apb3	APB - All Points Bulletin (rev 3)	1987	Atari Games
apb4	APB - All Points Bulletin (rev 4)	1987	Atari Games
apb5	APB - All Points Bulletin (rev 5)	1987	Atari Games
apb6	APB - All Points Bulletin (rev 6)	1987	Atari Games
apbf	APB - All Points Bulletin (French)	1987	Atari Games
apbg	APB - All Points Bulletin (German)	1987	Atari Games
aplarail	Attack Pla Rail (Japan, AP1/VER.A)	1998	Namco / Tomy
aponow	Apocaljpse Now (bootleg of Rescue)	1982	bootleg
apparel	Apparel Night (Japan 860929)	1986	Central Denshi
apple10	Apple 10 (Ver 1.21)	1998	Sandii'
appoooh	Appoooh	1984	Sanritsu / Sega
aquajack	Aqua Jack (World)	1990	Taito
aquajackj	Aqua Jack (Japan)	1990	Taito
aquajacku	Aqua Jack (US)	1990	Taito America
aquajet	Aqua Jet (World, AJ2 Ver.B)	1996	Namco
aquarium	Aquarium (US)	1996	Excellent System
aquariumj	Aquarium (Japan)	1996	Excellent System
aquarush	Aqua Rush (Japan, AQ1/VER.A1)	1999	Namco
ar_airh	SportTime Table Hockey (Arcadia, set 1, V 2.1)	1988	Arcadia Systems
ar_airh2	SportTime Table Hockey (Arcadia, set 2)	1988	Arcadia Systems
ar_argh	Aaargh (Arcadia)	1988	Arcadia Systems
ar_bios	Arcadia System BIOS	1988	Arcadia Systems
ar_blast	Blastaball (Arcadia, V 2.1)	1988	Arcadia Systems
ar_bowl	SportTime Bowling (Arcadia, V 2.1)	1988	Arcadia Systems
ar_dart	World Darts (Arcadia, set 1, V 2.1)	1987	Arcadia Systems
ar_dlta	Delta Command (Arcadia)	1988	Arcadia Systems
ar_fast	Magic Johnson's Fast Break (Arcadia, V 2.8)	1988	Arcadia Systems
ar_fasta	Magic Johnson's Fast Break (Arcadia, V 2.7)	1988	Arcadia Systems
ar_ldrb	Leader Board Golf (Arcadia, set 1, V 2.5)	1988	Arcadia Systems
ar_ldrba	Leader Board Golf (Arcadia, set 2, V 2.4)	1988	Arcadia Systems
ar_ldrbb	Leader Board Golf (Arcadia, set 3)	1988	Arcadia Systems
ar_ninj	Ninja Mission (Arcadia, set 1, V 2.5)	1987	Arcadia Systems
ar_ninj2	Ninja Mission (Arcadia, set 2)	1987	Arcadia Systems
ar_pm	Pharaohs Match (Arcadia)	1988	Arcadia Systems
ar_rdwr	RoadWars (Arcadia, V 2.3)	1988	Arcadia Systems
ar_sdwr	Sidewinder (Arcadia, set 1, V 2.1)	1988	Arcadia Systems
ar_sdwr2	Sidewinder (Arcadia, set 2)	1988	Arcadia Systems
ar_socc	World Trophy Soccer (Arcadia, V 3.0)	1989	Arcadia Systems
ar_spot	Spot (Arcadia, V 2.0)	1990	Arcadia Systems
ar_sprg	Space Ranger (Arcadia, V 2.0)	1987	Arcadia Systems
ar_xeon	Xenon (Arcadia, V 2.3)	1988	Arcadia Systems
arabfgt	Arabian Fight (World)	1991	Sega
arabfgtj	Arabian Fight (Japan)	1991	Sega
arabfgtu	Arabian Fight (US)	1991	Sega
arabian	Arabian	1983	Sun Electronics
arabiana	Arabian (Atari)	1983	Sun Electronics (Atari license)
arabianm	Arabian Magic (Ver 1.0O 1992/07/06)	1992	Taito
arabianmj	Arabian Magic (Ver 1.0J 1992/07/06)	1992	Taito
arabianmu	Arabian Magic (Ver 1.0A 1992/07/06)	1992	Taito America
aracnis	Aracnis (bootleg of Scorpion on Moon Cresta hardware, set 1)	19??	bootleg
arbalest	Arbalester	1989	Jordan I.S. / Seta
arcadecl	Arcade Classics (prototype)	1992	Atari Games
arcadian	Arcadia (NMK)	1994	NMK
archrivl	Arch Rivals (rev 4.0 6/29/89)	1989	Bally Midway
archrivla	Arch Rivals (rev 2.0 5/03/89)	1989	Bally Midway
archrivlb	Arch Rivals (rev 2.0 5/03/89, 8-way joystick bootleg)	1989	bootleg
arcwins	Arctic Wins (4XF5227H04, US)	1996	Aristocrat
arcwinsa	Arctic Wins (4XF5227H03, US)	1996	Aristocrat
area51	Area 51 (R3000)	1996	Atari Games
area51a	Area 51 (Atari Games license, Oct 25, 1995)	1995	Atari Games
area51mx	Area 51 / Maximum Force Duo v2.0	1998	Atari Games
area51t	Area 51 (Time Warner license, Oct 17, 1996)	1995	Atari Games (Time Warner license)
area51ta	Area 51 (Time Warner license, Nov 27, 1995)	1995	Atari Games (Time Warner license)
area88	Area 88 (Japan)	1989	Capcom
area88r	Area 88 (Japan Resale Ver.)	1989	Capcom
arescue	Air Rescue (World)	1992	Sega
arescuej	Air Rescue (Japan)	1992	Sega
arescueu	Air Rescue (US)	1992	Sega
argus	Argus	1986	NMK (Jaleco license)
argusg	Argus (Gottlieb, prototype)	1984	Gottlieb
arian	Arian Mission	1985	SNK
ark1ball	Arkanoid (bootleg with MCU, harder)	1986	bootleg
arkaboot	Arkanoid (bootleg of version Japan, older)	1986	bootleg
arkangc	Arkanoid (Game Corporation bootleg, set 1)	1986	bootleg (Game Corporation)
arkangc2	Arkanoid (Game Corporation bootleg, set 2)	1986	bootleg (Game Corporation)
arkanoid	Arkanoid (World, older)	1986	Taito
arkanoidj	Arkanoid (Japan, newer)	1986	Taito
arkanoidja	Arkanoid (Japan, newer w/level select)	1986	Taito
arkanoidjb	Arkanoid (Japan, older)	1986	Taito
arkanoidjbl	Arkanoid (bootleg with MCU, set 1)	1986	bootleg
arkanoidjbl2	Arkanoid (bootleg with MCU, set 2)	1986	bootleg (Beta)
arkanoidpe	Arkanoid (Phoenix Electronics license)	1986	Taito (Phoenix Electronics license)
arkanoidu	Arkanoid (US, newer)	1986	Taito America (Romstar license)
arkanoiduo	Arkanoid (US, older)	1986	Taito America (Romstar license)
arkarea	Ark Area	1988	UPL
arkatayt	Arkanoid (Tayto bootleg)	1986	bootleg (Tayto)
arkatour	Tournament Arkanoid (US, older)	1987	Taito America (Romstar license)
arkbloc2	Block (Game Corporation bootleg, set 2)	1986	bootleg (Game Corporation)
arkbloc3	Block (Game Corporation bootleg, set 3)	1986	bootleg (Game Corporation)
arkblock	Block (Game Corporation bootleg, set 1)	1986	bootleg (Game Corporation)
arkgcbl	Arkanoid (bootleg on Block hardware, set 1)	1986	bootleg
arkgcbla	Arkanoid (bootleg on Block hardware, set 2)	1986	bootleg
arknoid2	Arkanoid: Revenge of DOH (World)	1987	Taito
arknoid2b	Arkanoid: Revenge of DOH (Japan bootleg)	1987	bootleg
arknoid2j	Arkanoid: Revenge of DOH (Japan)	1987	Taito
arknoid2u	Arkanoid: Revenge of DOH (US)	1987	Taito America (Romstar license)
arkretrn	Arkanoid Returns (Ver 2.02O 1997/02/10)	1997	Taito
arkretrnj	Arkanoid Returns (Ver 2.02J 1997/02/10)	1997	Taito
arkretrnu	Arkanoid Returns (Ver 2.02A 1997/02/10)	1997	Taito
arktayt2	Arkanoid (Tayto bootleg, harder)	1986	bootleg (Tayto)
arlingtn	Arlington Horse Racing (v1.40-D)	1991	Strata / Incredible Technologies
arlingtna	Arlington Horse Racing (v1.21-D)	1991	Strata / Incredible Technologies
arlingtni	Arlington Horse Racing (v1.21-I)	1991	Strata / Incredible Technologies
armedf	Armed F (Japan)	1988	Nichibutsu
armedff	Armed F (Fillmore license)	1988	Nichibutsu (Fillmore license)
armora	Armor Attack	1980	Cinematronics
armorap	Armor Attack (prototype)	1980	Cinematronics
armorar	Armor Attack (Rock-Ola)	1980	Cinematronics (Rock-Ola license)
armorcar	Armored Car (set 1)	1981	Stern Electronics
armorcar2	Armored Car (set 2)	1981	Stern Electronics
armwar	Armored Warriors (Europe 941024)	1994	Capcom
armwar1d	Armored Warriors (Europe 941011 Phoenix Edition) (bootleg)	1994	bootleg
armwara	Armored Warriors (Asia 941024)	1994	Capcom
armwarar1	Armored Warriors (Asia 940920)	1994	Capcom
armwarb	Armored Warriors (Brazil 941024)	1994	Capcom
armwarr1	Armored Warriors (Europe 941011)	1994	Capcom
armwaru	Armored Warriors (USA 941024)	1994	Capcom
armwaru1	Armored Warriors (USA 940920)	1994	Capcom
armwrest	Arm Wrestling	1985	Nintendo
ashnojoe	Ashita no Joe (Japan)	1990	Taito / Wave
ashura	Ashura Blaster (World)	1990	Taito
ashuraj	Ashura Blaster (Japan)	1990	Taito
ashurau	Ashura Blaster (US)	1990	Taito America
asideral	Ataque Sideral (Spanish bootleg of UniWar S)	1980	bootleg (Electrogame S.A.)
asndynmt	Asian Dynamite / Dynamite Deka EX	2007	Sega
asndynmto	Asian Dynamite / Dynamite Deka EX (older)	2007	Sega
aso	ASO - Armored Scrum Object	1985	SNK
asoccer	American Soccer (Japan)	1987	Universal
assault	Assault (Rev B)	1988	Namco
assaultj	Assault (Japan)	1988	Namco
assaultp	Assault Plus (Japan)	1988	Namco
astdelux	Asteroids Deluxe (rev 3)	1980	Atari
astdelux1	Asteroids Deluxe (rev 1)	1980	Atari
astdelux2	Asteroids Deluxe (rev 2)	1980	Atari
asterion	Asterion	1980	bootleg? (Olympia)
asterix	Asterix (ver EAD)	1992	Konami
asterixaad	Asterix (ver AAD)	1992	Konami
asterixeaa	Asterix (ver EAA)	1992	Konami
asterixeac	Asterix (ver EAC)	1992	Konami
asterixj	Asterix (ver JAD)	1992	Konami
asterock	Asterock (Sidam bootleg of Asteroids)	1979	bootleg (Sidam)
asterockv	Asterock (Videotron bootleg of Asteroids)	1979	bootleg (Videotron)
asteroid	Asteroids (rev 4)	1979	Atari
asteroid1	Asteroids (rev 1)	1979	Atari
asteroid2	Asteroids (rev 2)	1979	Atari
asteroidb1	Asteroids (bootleg on Lunar Lander hardware, set 1)	1979	bootleg
asteroidb2	Asteroids (bootleg on Lunar Lander hardware, set 2)	1979	bootleg
astinvad	Astro Invader	1980	Konami (Stern Electronics license)
astinvadb	Astro Invader (bootleg)	1980?	bootleg
astoneag	Stone Age (Astro, Ver. EN.03.A, 2005/02/21)	2005	Astro Corp.
astoneag_aa05h	Stone Age (Astro, Ver. AA.05.H, 2007/03/15)	2007	Astro Corp.
astorm	Alien Storm (World, 2 Players) (FD1094 317-0154)	1990	Sega
astorm3	Alien Storm (World, 3 Players) (FD1094 317-0148)	1990	Sega
astorm3d	Alien Storm (World, 3 Players) (bootleg of FD1094 317-0148 set)	1990	bootleg
astormb2	Alien Storm (bootleg, set 2)	1990	bootleg
astormbl	Alien Storm (bootleg, set 1)	1990	bootleg
astormj	Alien Storm (Japan, 2 Players) (FD1094 317-0146)	1990	Sega
astormjd	Alien Storm (Japan, 2 Players) (bootleg of FD1094 317-0146 set)	1990	bootleg
astormu	Alien Storm (US, 3 Players) (FD1094 317-0147)	1990	Sega
astormud	Alien Storm (US, 3 Players) (bootleg of FD1094 317-0147 set)	1990	bootleg
astrass	Astra SuperStars (J 980514 V1.002)	1998	Sunsoft
astrians	Astrians (clone of Swarm)	1980	bootleg (BGV Ltd.)
astroamb	Astro Ambush (Scramble bootleg on Galaxian hardware)	1981	bootleg (U.C.E.)
astrob	Astro Blaster (version 3)	1981	Sega
astrob1	Astro Blaster (version 1)	1981	Sega
astrob2	Astro Blaster (version 2)	1981	Sega
astrob2a	Astro Blaster (version 2a)	1981	Sega
astrob2b	Astro Blaster (version 2b)	1981	Sega
astrobf	Astro Blaster (French)	1981	Sega
astrobg	Astro Blaster (German)	1981	Sega
astrof	Astro Fighter (set 1)	1979	Data East
astrof2	Astro Fighter (set 2)	1979	Data East
astrof3	Astro Fighter (set 3)	1979	Data East
astroff	Astro Fighter (Famaresa bootleg, set 1)	1979	bootleg (Famaresa)
astroff2	Astro Fighter (Famaresa bootleg, set 2)	1979	bootleg (Famaresa)
astrofl	Astro Flash (Japan)	1986	Sega
astroft	Astro Fighter (Taito)	1979	Data East (Taito license)
astropal	Astropal	1980?	Sidam?
astrowar	Astro Wars (set 1)	1980	Zaccaria / Zelco
astrowara	Astro Wars (set 2)	1980	Zaccaria / Zelco
astyanax	The Astyanax (EPROM version)	1989	Jaleco
astyanaxa	The Astyanax (mask ROM version)	1989	Jaleco
asuka	Asuka & Asuka (World)	1988	Taito
asukaj	Asuka & Asuka (Japan, rev 1)	1988	Taito
asukaja	Asuka & Asuka (Japan)	1988	Taito
asurabld	Asura Blade - Sword of Dynasty (Japan)	1998	Fuuki
asurabus	Asura Buster - Eternal Warriors (USA)	2001	Fuuki
asurabusj	Asura Buster - Eternal Warriors (Japan, set 1)	2000	Fuuki
asurabusja	Asura Buster - Eternal Warriors (Japan, set 2)	2000	Fuuki
asurabusjr	Asura Buster - Eternal Warriors (Japan) (ARCADIA review build)	2000	Fuuki
asylum	Asylum (prototype)	1991	Leland Corporation
ataqandr	Ataque Androide - Moon Cresta (FAR S.A. Spanish bootleg)	1980?	bootleg (FAR S.A.)
atarifb	Atari Football (revision 2)	1978	Atari
atarifb1	Atari Football (revision 1)	1978	Atari
atarifb2	Atari Football II	1978	Atari
atarifb4	Atari 4 Player Football	1979	Atari
atarisy1	Atari System 1 BIOS	1984	Atari Games
ataxx	Ataxx (rev 5)	1990	Leland Corporation
ataxxa	Ataxx (rev 4)	1990	Leland Corporation
ataxxe	Ataxx (Europe)	1990	Leland Corporation
ataxxj	Ataxx (Japan)	1990	Leland Corporation (Capcom license)
atehate	Athena no Hatena?	1993	Athena
atetb3482	Tetris (bootleg set 6, with UM3482)	1988	bootleg
atetb5205	Tetris (bootleg set 7, with OKI M5205)	1988	bootleg
atetris	Tetris (set 1)	1988	Atari Games
atetrisa	Tetris (set 2)	1988	Atari Games
atetrisb	Tetris (bootleg set 1)	1988	bootleg
atetrisb2	Tetris (bootleg set 2)	1988	bootleg
atetrisb3	Tetris (bootleg set 3)	1988	bootleg
atetrisb4	Tetris (bootleg set 4)	1988	bootleg
atetrisbp	Tetris (bartop, prototype)	1989	Atari Games
atetrisc	Tetris (cocktail set 1)	1989	Atari Games
atetrisc2	Tetris (cocktail set 2)	1989	Atari Games
athena	Athena	1986	SNK
athenab	Athena (bootleg)	1986	bootleg
atlantis	Battle of Atlantis (set 1)	1981	Comsoft
atlantis2	Battle of Atlantis (set 2)	1981	Comsoft
atlantisb	Battle of Atlantis (bootleg)	1981	bootleg
atlantol	Atlant Olimpic (Italian bootleg)	1996	bootleg
atombjt	Atom (bootleg of Bombjack Twin)	1993	bootleg (Kyon K.)
atomboy	Atomic Boy (revision B)	1985	Irem (Memetron license)
atomboya	Atomic Boy (revision A)	1985	Irem (Memetron license)
atomicp	Atomic Point (Korea)	1990	Philko
atompunk	Atomic Punk (US)	1991	Irem America (licensed from Hudson Soft)
attackf	Attack (bootleg of Defender)	1980	bootleg (Famaresa)
attackfc	Attack Force (encrypted)	1979?	Electronic Games Systems
attackfcu	Attack Force (unencrypted)	1979?	bootleg?
attckufo	Attack UFO	1980	Ryoto Electric Co.
atworld	Around The World (Version 1.4R CGA)	2007	Amcoe
atworldd1	Around The World (Version 1.3R CGA)	2007	Amcoe
atworlde1	Around The World (Version 1.3E CGA)	2007	Amcoe
au	Au (location test)	1983	Tehkan
aurail	Aurail (set 3, US) (unprotected)	1990	Sega / Westone
aurail1	Aurail (set 2, World) (FD1089B 317-0168)	1990	Sega / Westone
aurail1d	Aurail (set 2, World) (bootleg of FD1089B 317-0168 set)	1990	bootleg
aurailj	Aurail (set 1, Japan) (FD1089A 317-0167)	1990	Sega / Westone
aurailjd	Aurail (set 1, Japan) (bootleg of FD1089A 317-0167 set)	1990	bootleg
ausfache	Akatsuki Blitzkampf Ausf. Achse (Japan)	2008	Subtle Style
autmoon	Autumn Moon (1VXFC5488, New Zealand)	1999	Aristocrat
automat	Automat (bootleg of Robocop)	1988	bootleg
av2mj1bb	AV2Mahjong No.1 Bay Bridge no Seijo (Japan)	1991	Miki Syouji / AV Japan
av2mj2rg	AV2Mahjong No.2 Rouge no Kaori (Japan)	1991	Miki Syouji / AV Japan
avalnche	Avalanche	1978	Atari
avefenix	Ave Fenix (Electrogame, Spanish bootleg of Phoenix)	1980	bootleg (Video Game)
avefenixl	Ave Fenix (Laguna, Spanish bootleg of Phoenix)	1980	bootleg (Laguna)
avefenixrf	Ave Fenix (Recreativos Franco, Spanish bootleg of Phoenix)	1980	bootleg (Recreativos Franco S.A.)
avengers	Avengers (US, rev. D)	1987	Capcom
avengersa	Avengers (US, rev. C)	1987	Capcom
avengersb	Avengers (US, rev. A)	1987	Capcom
avengersc	Avengers (US)	1987	Capcom
avengrgs	Avengers In Galactic Storm (US/Europe 1.0)	1995	Data East Corporation
avengrgsj	Avengers In Galactic Storm (Japan 1.2)	1995	Data East Corporation
avmjts	AV-Mahjong Two Shot (Japan Ver 1.00 1990/05/21)	1990	Nichibutsu
avmjyk	AV-Mahjong Yanchana Koneko (Japan Ver 1.01 1990/08/23)	1990	Nichibutsu
avsp	Alien vs. Predator (Europe 940520)	1994	Capcom
avspa	Alien vs. Predator (Asia 940520)	1994	Capcom
avspd	Alien vs. Predator (Europe 940520 Phoenix Edition) (bootleg)	1994	bootleg
avsph	Alien vs. Predator (Hispanic 940520)	1994	Capcom
avspirit	Avenging Spirit	1991	Jaleco
avspj	Alien vs. Predator (Japan 940520)	1994	Capcom
avspu	Alien vs. Predator (USA 940520)	1994	Capcom
avtbingo	Arrow Bingo	1985	Advanced Video Technology
awbios	Atomiswave BIOS	2001	Sammy
aztarac	Aztarac	1983	Centuri
azumanga	Azumanga Daioh Puzzle Bobble (GDL-0018)	2002	MOSS (Taito license)
azurian	Azurian Attack	1982	Rait Electronics Ltd
b2b	Bang Bang Busters (2010 NCI release)	2000	Visco
b3rinsya	Burning Sanrinsya - Burning Tricycle	1997	Sigma
babydad	Baby Dado	1987	Recreativos Franco
babyfrts	Baby Fruits (100 pts version)	1981	Recreativos Franco
babypac	Baby Pac-Man (set 1)	1982	Dave Nutting Associates / Bally
babypac2	Baby Pac-Man (set 2)	1982	Dave Nutting Associates / Bally
babypkr	Baby Poker	1987	Recreativos Franco
baccarsp	Baccarat Special	1997	World Station Co.,LTD
backfire	Backfire! (Data East, Japan, set 1)	1995	Data East Corporation
backfirea	Backfire! (Data East, Japan, set 2)	1995	Data East Corporation
backfirt	Back Fire (Tecmo)	1988	Tecmo
backfirtb	Back Fire (Tecmo, bootleg)	1988	bootleg
baddudes	Bad Dudes vs. Dragonninja (US, revision 1)	1988	Data East USA
badlands	Bad Lands	1989	Atari Games
bagman	Bagman	1982	Valadon Automation
bagmanj	Bagman (Taito)	1982	Valadon Automation (Taito license)
bagmanm2	Bagman (bootleg on Moon Cresta hardware, set 2)	1984	bootleg (GIB)
bagmanm3	Bagman (bootleg on Moon Cresta hardware, set 3)	1982	bootleg
bagmanmc	Bagman (bootleg on Moon Cresta hardware, set 1)	1982	bootleg
bagmans	Bagman (Stern Electronics, revision A5)	1982	Valadon Automation (Stern Electronics license)
bagmans3	Bagman (Stern Electronics, revision A3)	1982	Valadon Automation (Stern Electronics license)
bagmans4	Bagman (Stern Electronics, revision A4)	1982	Valadon Automation (Stern Electronics license)
bagnard	Le Bagnard (set 1)	1982	Valadon Automation
bagnarda	Le Bagnard (set 2)	1982	Valadon Automation
bagnardi	Le Bagnard (Itisa, Spain)	1983	Valadon Automation (Itisa license)
bagnardio	Le Bagnard (Itisa, Spain, older)	1982	Valadon Automation (Itisa license)
baile	Baile 2005 (V3.2 2005-01-12)	2005	GMS
bakatono	Bakatonosama Mahjong Manyuuki (MOM-002 ~ MOH-002)	1991	Monolith Corp.
bakubaku	Baku Baku Animal (J 950407 V1.000)	1995	Sega
bakubrkr	Bakuretsu Breaker (Japan)	1992	Kaneko
bakuhatu	Mahjong Bakuhatsu Junjouden (Japan)	1991	Nichibutsu
bakutotu	Bakutotsu Kijuutei	1988	Namco
balcube	Bal Cube (Japan)	1996	Metro
ballbomb	Balloon Bomber	1980	Taito
ballboy	Ball Boy (2 players)	2003	bootleg
ballboy3p	Ball Boy (3 players)	2004	bootleg
ballbros	Balloon Brothers	1992	East Technology
ballch	Ball Challenge (20020607 1.0 OVERSEA)	2002	TVE
balonfgt	Vs. Balloon Fight (set BF4 A-3)	1984	Nintendo
baluba	Baluba-louk no Densetsu (Japan)	1986	Able Corp, Ltd.
bam2	Bust a Move 2 - Dance Tengoku Mix (HDD Japanese ROM ver. 1999/07/17 10:00:00)	1999	Metro / Enix / Namco
bam2a	Bust a Move 2 - Dance Tengoku Mix (CDROM Japanese ROM ver. 1999/07/17 10:00:00)	1999	Metro / Enix / Namco
bananadr	Mahjong Banana Dream (Japan 891124)	1989	Digital Soft
banbam	BanBam	1984	Sun Electronics
bandido	Bandido	1980	Nintendo (Exidy license)
bandit	Bandit (US prototype)	1989	Data East USA / Incredible Technologies
bang	Bang! (version 2, checksum 140E)	1998	Gaelco / Bit Managers
banga	Bang! (version 2, checksum D35D)	1998	Gaelco / Bit Managers
bangb	Bang! (version 0, checksum B61D)	1998	Gaelco / Bit Managers
bangball	Bang Bang Ball (v1.05)	1996	Banpresto / Kunihiko Tashiro+Goodhouse
bangbead	Bang Bead	2000	Visco
bangj	Gun Gabacho (Japan, version 2, checksum C6BB)	1999	Gaelco / Bit Managers (GM Shoji license)
bangja	Gun Gabacho (Japan, version 2, checksum 1C8C)	1999	Gaelco / Bit Managers (GM Shoji license)
bangjb	Gun Gabacho (Japan, version 2, checksum B75B)	1999	Gaelco / Bit Managers (GM Shoji license)
bankp	Bank Panic	1984	Sanritsu / Sega
bankpt	Bank Panic (Tecfri bootleg)	1984	bootleg (Tecfri)
baracuda	Barracuda	1981	hack (Coinex)
baraduke	Baraduke	1985	Namco
barbball	Barroom Baseball (prototype)	1983	Atari
barek2ch	Bare Knuckle II (scrambled bootleg of Mega Drive version)	1994	bootleg
barek2mb	Bare Knuckle II (bootleg of Mega Drive version)	1994	bootleg / Sega
barek3mb	Bare Knuckle III (scrambled bootleg of Mega Drive version)	1994	bootleg / Sega
barek3mba	Bare Knuckle III (bootleg of Mega Drive version)	1994	bootleg / Sega
barek3mbc	Bare Knuckle III (Conny bootleg of Mega Drive version)	1995	bootleg (Conny)
barekch	Bare Knuckle (scrambled bootleg of Mega Drive version)	1994	bootleg
barline	Barline (Japan?)	1988	Nichibutsu
barricad	Barricade	1976	Ramtek
barrier	Barrier	1979	Cinematronics (Vectorbeam license)
baryon	Baryon - Future Assault (set 1)	1997	SemiCom / Tirano
baryona	Baryon - Future Assault (set 2)	1997	SemiCom / Tirano
basebal2	Baseball: The Season II	1987	Cinematronics
basketbal	Basket Ball (8-way joystick bootleg of Arch Rivals)	1989	bootleg
bassang2	Bass Angler 2 (GE865 VER. JAA)	1998	Konami
bassangl	Bass Angler (GE765 VER. JAA)	1998	Konami
basschal	Sega Bass Fishing Challenge Version A	2009	Sega
basschalo	Sega Bass Fishing Challenge	2009	Sega
batcir	Battle Circuit (Europe 970319)	1997	Capcom
batcira	Battle Circuit (Asia 970319)	1997	Capcom
batcird	Battle Circuit (Europe 970319 Phoenix Edition) (bootleg)	1997	bootleg
batcirj	Battle Circuit (Japan 970319)	1997	Capcom
batlball	Battle Balls (Germany, newer)	1995	Seibu Kaihatsu (Tuning license)
batlballa	Battle Balls (Hong Kong)	1995	Seibu Kaihatsu (Metrotainment license)
batlballe	Battle Balls (Hong Kong, earlier)	1995	Seibu Kaihatsu (Metrotainment license)
batlballo	Battle Balls (Germany, earlier)	1995	Seibu Kaihatsu (Tuning license)
batlballpt	Battle Balls (Portugal)	1995	Seibu Kaihatsu
batlballu	Battle Balls (US)	1995	Seibu Kaihatsu (Fabtek license)
batlbubl	Battle Bubble (v2.00)	1999	Banpresto (Limenko license?)
batlzone	Battle Zone (bootleg of Mayday)	1980	bootleg (Video Game)
batman	Batman	1991	Atari Games
batman2	Batman Part 2	1981	bootleg
batmanfr	Batman Forever (JUE 960507 V1.000)	1996	Acclaim
batrider	Armed Police Batrider (Europe) (Fri Feb 13 1998)	1998	Raizing / Eighting
batriderc	Armed Police Batrider (China) (Fri Feb 13 1998)	1998	Raizing / Eighting
batriderhk	Armed Police Batrider (Hong Kong) (Mon Dec 22 1997)	1998	Raizing / Eighting
batriderj	Armed Police Batrider (Japan, B version) (Fri Feb 13 1998)	1998	Raizing / Eighting
batriderja	Armed Police Batrider (Japan, older version) (Mon Dec 22 1997)	1998	Raizing / Eighting
batriderk	Armed Police Batrider (Korea) (Fri Feb 13 1998)	1998	Raizing / Eighting
batridert	Armed Police Batrider (Taiwan) (Mon Dec 22 1997)	1998	Raizing / Eighting
batrideru	Armed Police Batrider (USA) (Fri Feb 13 1998)	1998	Raizing / Eighting
batsugun	Batsugun	1993	Toaplan
batsuguna	Batsugun (older, set 1)	1993	Toaplan
batsugunb	Batsugun (Korean PCB)	1993	Toaplan
batsugunbl	Batsugun (bootleg)	1993	Toaplan
batsugunc	Batsugun (older, set 2)	1993	Toaplan
batsugunsp	Batsugun - Special Version	1993	Toaplan
battlane	Battle Lane! Vol. 5 (set 1)	1986	Technos Japan (Taito license)
battlane2	Battle Lane! Vol. 5 (set 2)	1986	Technos Japan (Taito license)
battlane3	Battle Lane! Vol. 5 (set 3)	1986	Technos Japan (Taito license)
battlcry	Battlecry (Version E)	1991	Home Data
battlcryc	Battlecry (Version C)	1989	Home Data
battlcryp	Battlecry (Prototype)	1989	Home Data
battlera	Battle Rangers (World)	1988	Data East Corporation
battles	Battles (set 1)	1982	bootleg
battles2	Battles (set 2)	1982	bootleg
battlex	Battle Cross	1982	Omori Electric Co., Ltd.
battlnts	Battlantis (version G)	1987	Konami
battlntsa	Battlantis (version F)	1987	Konami
battlntsj	Battlantis (Japan, version E)	1987	Konami
battroad	The Battle-Road	1984	Irem
bayroute	Bay Route (set 3, World) (FD1094 317-0116)	1989	Sunsoft / Sega
bayroute1	Bay Route (set 1, US) (unprotected)	1989	Sunsoft / Sega
bayrouteb1	Bay Route (encrypted, protected bootleg)	1989	bootleg (Datsu)
bayrouteb2	Bay Route (Datsu bootleg)	1989	bootleg (Datsu)
bayrouted	Bay Route (set 3, World) (bootleg of FD1094 317-0116 set)	1989	bootleg
bayroutej	Bay Route (set 2, Japan) (FD1094 317-0115)	1989	Sunsoft / Sega
bayroutejd	Bay Route (set 2, Japan) (bootleg of FD1094 317-0115 set)	1989	bootleg
bbakraid	Battle Bakraid - Unlimited Version (USA) (Tue Jun 8 1999)	1999	Eighting
bbakraidc	Battle Bakraid - Unlimited Version (China) (Tue Jun 8 1999)	1999	Eighting
bbakraidj	Battle Bakraid - Unlimited Version (Japan) (Tue Jun 8 1999)	1999	Eighting
bbakraidja	Battle Bakraid (Japan) (Wed Apr 7 1999)	1999	Eighting
bballoon	BnB Arcade (V1.0005 World)	2003	Eolith
bballs	Bouncing Balls	1991	Comad
bballsa	Bouncing Balls (Adult)	1991	Comad
bbbxing	Best Bout Boxing (ver 1.3)	1994	Jaleco
bbh	Big Buck Hunter (v1.00.14)	2000	Incredible Technologies
bbh2sp	Big Buck Hunter II - Sportsman's Paradise (v2.02.11)	2004	Incredible Technologies
bbh2spa	Big Buck Hunter II - Sportsman's Paradise (v2.02.09)	2003	Incredible Technologies
bbh2spb	Big Buck Hunter II - Sportsman's Paradise (v2.02.08)	2003	Incredible Technologies
bbhcotw	Big Buck Hunter Call of the Wild (v3.02.5)	2006	Incredible Technologies
bbhsc	Big Buck Hunter - Shooter's Challenge (v1.60.01)	2002	Incredible Technologies
bbhsca	Big Buck Hunter - Shooter's Challenge (v1.50.07)	2002	Incredible Technologies
bbmanw	Bomber Man World / New Dyna Blaster - Global Quest	1992	Irem
bbmanwj	Bomber Man World (Japan)	1992	Irem
bbmanwja	Bomber Man World (Japan, revised sound hardware)	1992	Irem
bbombo	Baby & Bombo	1987?	Recreativos Franco
bbonk	Bigfoot Bonkers	1976	Meadows Games, Inc.
bbprot	unknown fighting game 'BB' (prototype)	199?	<unknown>
bbredux	Bubble Bobble ('bootleg redux' hack for Bobble Bobble PCB)	2013	bootleg (Punji)
bbros	Buster Bros. (USA)	1989	Mitchell (Capcom license)
bbust2	Beast Busters: Second Nightmare	1998	SNK / ADK
bbusters	Beast Busters (World)	1989	SNK
bbustersj	Beast Busters (Japan, Version 2, 3 Player)	1989	SNK
bbustersja	Beast Busters (Japan, Version 2, 2 Player)	1989	SNK
bbustersu	Beast Busters (US, Version 3)	1989	SNK
bbustersua	Beast Busters (US, Version 2)	1989	SNK
bchance	Bonne Chance! (French/English)	198?	<unknown>
bchancep	Bonne Chance! (Golden Poker prequel HW, set 1)	198?	<unknown>
bchanceq	Bonne Chance! (Golden Poker prequel HW, set 2)	198?	<unknown>
bchopper	Battle Chopper (World)	1987	Irem
bcrusher	Bone Crusher	1985	bootleg
bcruzm12	Battle Cruiser M-12	1983	Sigma Enterprises Inc.
bcstry	B.C. Story (set 1)	1997	SemiCom / Tirano
bcstrya	B.C. Story (set 2)	1997	SemiCom / Tirano
bdrdown	Border Down (Rev A) (GDL-0023A)	2003	G.Rev
bdream97	Hudie Meng 97	1995	bootleg (KKK)
beaminv	Beam Invader	1979	Teknon Kogyo
beastf	Beastie Feastie	1984	Epos Corporation
beastfp	Beastie Feastie (Pac-Man conversion, set 1)	1984	Epos Corporation
beastfpa	Beastie Feastie (Pac-Man conversion, set 2)	1984	Epos Corporation
beastrzr	Beastorizer (USA, Sep 22 1997)	1997	Eighting / Raizing
beastrzra	Beastorizer (USA, Jun 21 1997)	1997	Eighting / Raizing
beathead	BeatHead (prototype)	1993	Atari Games
beezer	Beezer (version 9.0)	1982	Pacific Polytechnical Corp. / Tong Electronic
beezer1	Beezer (unknown earlier version)	1982	Pacific Polytechnical Corp. / Tong Electronic
bejpoker	Bonanza's Joker Poker	1992	Bonanza Enterprises, Ltd
bel	Behind Enemy Lines	1997	Sega / EPL Productions
benberob	Ben Bero Beh (Japan)	1984	Taito
berabohm	Chou Zetsurinjin Berabowman (Japan, Rev C)	1988	Namco
berabohmb	Chou Zetsurinjin Berabowman (Japan, Rev B)	1988	Namco
berenstn	The Berenstain Bears in Bigpaw's Cave	1984	Enter-Tech, Ltd.
berlwall	The Berlin Wall	1991	Kaneko
berlwallk	The Berlin Wall (Korea)	1991	Kaneko (Inter license)
berlwallt	The Berlin Wall (bootleg?)	1991	Kaneko
bermudat	Bermuda Triangle (World?)	1987	SNK
bermudata	Bermuda Triangle (World Wars) (US)	1987	SNK
bermudatj	Bermuda Triangle (Japan)	1987	SNK
berzerk	Berzerk (revision RC31A)	1980	Stern Electronics
berzerka	Berzerk (revision RC31)	1980	Stern Electronics
berzerkb	Berzerk (revision RC28)	1980	Stern Electronics
berzerkf	Berzerk (French Speech, revision RC31)	1980	Stern Electronics
berzerkg	Berzerk (German Speech, revision RC32)	1980	Stern Electronics
berzerks	Berzerk (Spanish Speech, revision RC32)	1980	Stern Electronics (Sonic License)
bestbest	Best Of Best	1994	SunA
bestleag	Best League (bootleg of Big Striker, Italian Serie A)	1993	bootleg
bestleaw	Best League (bootleg of Big Striker, World Cup)	1993	bootleg
bestri	Bestri (Korea, set 1)	1998	F2 System
bestria	Bestri (Korea, set 2)	1998	F2 System
betafrce	Beta Force	1980?	bootleg (Omni)
bgaregga	Battle Garegga (Europe / USA / Japan / Asia) (Sat Feb 3 1996)	1996	Raizing / Eighting
bgareggabl	1945 Er Dai / 1945 Part-2 (Chinese hack of Battle Garegga)	1998	bootleg (Melody)
bgareggabla	Leishen Chuan / Thunder Deity Biography (Chinese hack of Battle Garegga)	1997	bootleg (Melody)
bgareggablj	Battle Garegga (Japan, bootleg) (Sat Feb 3 1996)	1996	bootleg
bgareggacn	Battle Garegga - Type 2 (Denmark / China) (Tue Apr 2 1996)	1996	Raizing / Eighting
bgareggahk	Battle Garegga (Austria / Hong Kong) (Sat Feb 3 1996)	1996	Raizing / Eighting
bgareggak	Battle Garegga (Korea / Greece) (Wed Feb 7 1996)	1996	Raizing / Eighting
bgaregganv	Battle Garegga - New Version (Austria / Hong Kong) (Sat Mar 2 1996)	1996	Raizing / Eighting
bgareggat	Battle Garegga (location test) (Wed Jan 17 1996)	1996	Raizing / Eighting
bgareggat2	Battle Garegga - Type 2 (Europe / USA / Japan / Asia) (Sat Mar 2 1996)	1996	Raizing / Eighting
bgareggatw	Battle Garegga (Taiwan / Germany) (Thu Feb 1 1996)	1996	Raizing / Eighting
big10	Big 10 (1985, Success)	1985	Success
big10a	Big 10 (1986, System Make)	1986	System Make
bigappg	The Big Apple (2131-13, U5-0)	1986	Big Apple Games / Merit
bigbang	Big Bang (9th Nov. 1993, set 1)	1993	NMK
bigbanga	Big Bang (9th Nov. 1993, set 2)	1993	NMK
bigbucks	Big Bucks	1986	Dynasoft Inc.
bigcsino	Big Casino	1984	Status Games
bigdeal	Big Deal (Hungarian, set 1)	1986	Fun World
bigdealb	Big Deal (Hungarian, set 2)	1986	Fun World
bigevglf	Big Event Golf (US)	1986	Taito America
bigevglfj	Big Event Golf (Japan)	1986	Taito
bigfghtr	Tatakae! Big Fighter (Japan)	1989	Nichibutsu
bigfight	Big Fight - Big Trouble In The Atlantic Ocean	1992	Tatsumi
bigfightj	Big Fight - Big Trouble In The Atlantic Ocean (Japan, rev F)	1992	Tatsumi
bigjoke	The Big Joke (Version 0.00)	1987	Grayhound Electronics
bigkarnk	Big Karnak (ver. 1.0, checksum 1e38c94)	1991	Gaelco
bigkarnka	Big Karnak (ver. 1.0, checksum 1e38b94)	1991	Gaelco
bigkarnkm	Big Karnak (Modular System)	1991	Gaelco
bigkong	Big Kong	1981	bootleg
bigkonggx	Big Kong (bootleg of Crazy Kong on Galaxian hardware)	1981	bootleg
bigprowr	The Big Pro Wrestling! (set 1)	1983	Technos Japan
bigprowra	The Big Pro Wrestling! (set 2)	1983	Technos Japan
bigrun	Big Run (11th Rallye version, Europe?)	1989	Jaleco
bigrunu	Big Run (11th Rallye version, US?)	1989	Jaleco
bigstrik	Big Striker	1992	Jaleco
bigstrkb	Big Striker (bootleg)	1992	bootleg
bigstrkba	Big Striker (bootleg w/Italian teams)	1992	bootleg
bigtwin	Big Twin	1995	Playmark
bigtwinb	Big Twin (no girls conversion, set 1)	1995	Playmark
bigtwinc	Big Twin (no girls conversion, set 2)	1995	Playmark
bijokkog	Bijokko Gakuen (Japan 880116)	1988	Nichibutsu
bijokkoy	Bijokko Yume Monogatari (Japan 870925)	1987	Nichibutsu
bikkuri	Bikkuri Pro Wrestling (Japan 881221, Ver 1.05)	1988	Nichibutsu
bikkuric	Bikkuri Card (Japan)	1987	Peni
biliard	New Biliard 98 (Pool 10 hack)	1998	bootleg
billiard	The Billiards (bootleg of Video Hustler)	1981	bootleg
billlist	Billard List	1995	D.G.R.M.
bilyard	Billiard	198?	Terminal
bingo	Bingo	1983	Game-A-Tron
bingopd	Paradise (Industrias Brasileiras, Version 1.04)	200?	Industrias Brasileiras
bingowng	Bingo (set 1)	1993	Wing Co., Ltd.
bingownga	Bingo (set 2)	1993	Wing Co., Ltd.
bioatack	Bio Attack	1983	Taito
biofreak	Bio F.R.E.A.K.S (prototype, boot ROM 0.1i)	1997	Midway Games
biohzdmb	Bio-Hazard Battle (scrambled bootleg of Mega Drive version)	1995	bootleg / Sega
biomtoy	Biomechanical Toy (ver. 1.0.1885, checksum 69f5e032)	1995	Gaelco / Zeus
biomtoya	Biomechanical Toy (ver. 1.0.1884, checksum 3f316c70)	1995	Gaelco / Zeus
biomtoyb	Biomechanical Toy (ver. 1.0.1878, checksum d84b28ff)	1995	Gaelco / Zeus
biomtoyc	Biomechanical Toy (ver. 1.0.1870, checksum ba682195)	1994	Gaelco / Zeus
bionicc	Bionic Commando (Euro)	1987	Capcom
bionicc1	Bionic Commando (US set 1)	1987	Capcom
bionicc2	Bionic Commando (US set 2)	1987	Capcom
bioniccbl	Bionic Commandos (bootleg, set 1)	1987	bootleg
bioniccbl2	Bionic Commandos (bootleg, set 2)	1987	bootleg
bioplayc	Bioplaything Cop (ver. 1.0.1823, checksum cd960fc9, prototype)	1994	Gaelco / Zeus
bioship	Bio-ship Paladin	1990	UPL (American Sammy license)
birdiy	Birdiy	1983	Mama Top
birdtry	Birdie Try (Japan, revision 2, revision 1 MCU)	1988	Data East Corporation
birdtrya	Birdie Try (Japan, revision 2)	1988	Data East Corporation
birdtryb	Birdie Try (Japan, sample version)	1988	Data East Corporation
bishi	Bishi Bashi Champ Mini Game Senshuken (ver JAA, 3 Players)	1996	Konami
bishjan	Bishou Jan (Japan, Ver. 203)	1999	Subsino
bjourney	Blue's Journey / Raguy (ALM-001 ~ ALH-001)	1990	Alpha Denshi Co.
bjourneyh	Blue's Journey / Raguy (ALH-001)	1990	Alpha Denshi Co.
bjtwin	Bombjack Twin (set 1)	1993	NMK
bjtwina	Bombjack Twin (set 2)	1993	NMK
bjtwinp	Bombjack Twin (prototype? with adult pictures, set 1)	1993	NMK
bjtwinpa	Bombjack Twin (prototype? with adult pictures, set 2)	1993	NMK
bk3ssrmb	Bare Knuckle III / Sunset Riders (scrambled bootleg of Mega Drive versions)	1994	bootleg / Sega
bking	Birdie King	1982	Taito
bking2	Birdie King 2	1983	Taito
bking3	Birdie King 3	1984	Taito
bkrtmaq	Bakuretsu Quiz Ma-Q Dai Bouken (Japan)	1992	Namco
bkungfu	Beyond Kung-Fu (location test)	1987	Irem
black	Czernyj Korabl (Arcade bootleg of ZX Spectrum 'Blackbeard')	19??	bootleg
blackhol	Black Hole (EFG Sanremo)	1981?	EFG Sanremo
blackt96	Black Touch '96	1996	D.G.R.M.
bladestl	Blades of Steel (version T, Joystick)	1987	Konami
bladestle	Blades of Steel (version E, Trackball)	1987	Konami
bladestll	Blades of Steel (version L, Trackball)	1987	Konami
blandia	Blandia	1992	Allumer
blandiap	Blandia (prototype)	1992	Allumer
blasted	Blasted	1988	Bally Midway
blaster	Blaster	1983	Williams / Vid Kidz
blasterkit	Blaster (conversion kit)	1983	Williams / Vid Kidz
blastero	Blaster (location test)	1983	Williams / Vid Kidz
blasto	Blasto	1978	Gremlin
blastoff	Blast Off (Japan)	1989	Namco
blazeon	Blaze On (World)	1992	A.I (Atlus license)
blazeonj	Blaze On (Japan)	1992	A.I (Atlus license)
blazer	Blazer (Japan)	1987	Namco
blazlaz	Blazing Lazers (United Amusements PC Engine)	1989	Hudson Soft
blazstar	Blazing Star	1998	Yumekobo
blckjack	Black Jack (InterFlip)	1984	InterFlip
bldwolf	Bloody Wolf (US)	1988	Data East USA
bldwolfj	Narazumono Sentoubutai Bloody Wolf (Japan)	1988	Data East Corporation
bldyroar	Bloody Roar (Japan, Jun 21 1997)	1997	Eighting / Raizing
bldyror2	Bloody Roar 2 (World)	1998	Eighting / Raizing
bldyror2a	Bloody Roar 2 (Asia)	1998	Eighting / Raizing
bldyror2j	Bloody Roar 2 (Japan)	1998	Eighting / Raizing
bldyror2u	Bloody Roar 2 (USA)	1998	Eighting / Raizing
blitz	NFL Blitz (ver 1.21, Dec 5 1997)	1997	Midway Games
blitz2k	NFL Blitz 2000 Gold Edition (ver 1.2, Sep 22 1999)	1999	Midway Games
blitz99	NFL Blitz '99 (ver 1.30, Sep 22 1998)	1998	Midway Games
blitz99a	NFL Blitz '99 (ver 1.2, Aug 28 1998)	1998	Midway Games
blkbustr	BlockBuster	1983	Sanritsu / Kiwako (ECI license)
blkdrgon	Black Dragon (Japan)	1987	Capcom
blkdrgonb	Black Dragon (bootleg)	1987	bootleg
blkheart	Black Heart	1991	UPL
blkheartj	Black Heart (Japan)	1991	UPL
blkhole	Black Hole	1981	TDS & MINTS
blkpnthr	Black Panther	1987	Konami
blkrhino	Black Rhino (4VXFC830, NSW)	1995	Aristocrat
blkrhinonz	Black Rhino (3VXFC5344, New Zealand)	1996	Aristocrat
blktch2	Black Touch II (Korea)	1993	<unknown>
blktiger	Black Tiger (US)	1987	Capcom
blktigera	Black Tiger (US, older)	1987	Capcom
blktigerb1	Black Tiger (bootleg set 1)	1987	bootleg
blktigerb2	Black Tiger (bootleg set 2)	1987	bootleg
blktigerb3	Black Tiger / Black Dragon (mixed bootleg?)	1987	bootleg
blktouch	Black Touch (Korea)	199?	Yang Gi Co Ltd.
blmbycar	Blomby Car (Version 1P0)	1994	ABM & Gecas
blmbycaru	Blomby Car (Version 1P0, not encrypted)	1994	ABM & Gecas
block	Block Block (World 911219 Joystick)	1991	Capcom
block2	Block 2 (S.P.A. bootleg)	1986	bootleg (S.P.A.)
blockade	Blockade	1976	Gremlin
blockbl	Block Block (bootleg)	1991	bootleg
blockcar	Block Carnival / Thunder & Lightning 2	1992	Visco
blockcarb	Block Carnival / Thunder & Lightning 2 (bootleg)	1992	bootleg
blocken	Blocken (Japan)	1994	Visco / KID
blockfvr	Block Fever	1978	Nintendo
blockgal	Block Gal (MC-8123B, 317-0029)	1987	Sega / Vic Tokai
blockgalb	Block Gal (bootleg)	1987	bootleg
blockhl	Block Hole	1989	Konami
blockj	Block Block (Japan 910910)	1991	Capcom
blockout	Block Out (set 1)	1989	Technos Japan / California Dreams
blockout2	Block Out (set 2)	1989	Technos Japan / California Dreams
blockout3	Block Out (Europe and Oceania)	1989	Technos Japan / California Dreams
blockoutj	Block Out (Japan)	1989	Technos Japan / California Dreams
blockr1	Block Block (World 911106 Joystick)	1991	Capcom
blockr2	Block Block (World 910910)	1991	Capcom
blokpong	Block Pong-Pong	2004	MOSS / Sammy
bloodbro	Blood Bros. (World?)	1990	TAD Corporation
bloodbroj	Blood Bros. (Japan, rev A)	1990	TAD Corporation
bloodbroja	Blood Bros. (Japan)	1990	TAD Corporation
bloodbrok	Blood Bros. (Korea)	1990	TAD Corporation
bloodbrou	Blood Bros. (US)	1990	TAD Corporation (Fabtek license)
bloodstm	BloodStorm (v2.22)	1994	Strata / Incredible Technologies
bloodstm104	BloodStorm (v1.04)	1994	Strata / Incredible Technologies
bloodstm110	BloodStorm (v1.10)	1994	Strata / Incredible Technologies
bloodstm210	BloodStorm (v2.10)	1994	Strata / Incredible Technologies
bloodstm216	BloodStorm (v2.16)	1994	Strata / Incredible Technologies
bloodstm220	BloodStorm (v2.20)	1994	Strata / Incredible Technologies
bloodstm221	BloodStorm (v2.21)	1994	Strata / Incredible Technologies
bloodwar	Blood Warrior	1994	Kaneko
bloxeed	Bloxeed (Japan) (FD1094 317-0139)	1989	Sega / Elorg
bloxeeda	Bloxeed (Japan, earlier) (FD1094 317-0139)	1989	Sega
bloxeedc	Bloxeed (World, C System)	1989	Sega / Elorg
bloxeedd	Bloxeed (Japan) (bootleg of FD1094 317-0139 set)	1989	bootleg
bloxeedu	Bloxeed (US, C System, Rev A)	1989	Sega / Elorg
blstroid	Blasteroids (rev 4)	1987	Atari Games
blstroid2	Blasteroids (rev 2)	1987	Atari Games
blstroid3	Blasteroids (rev 3)	1987	Atari Games
blstroidg	Blasteroids (German, rev 2)	1987	Atari Games
blstroidh	Blasteroids (with heads)	1987	Atari Games
blswhstl	Bells & Whistles (World, version L)	1991	Konami
blswhstla	Bells & Whistles (Asia, version M)	1991	Konami
bluehawk	Blue Hawk	1993	Dooyong
bluehawkn	Blue Hawk (Japan, NTC license, set 1)	1993	Dooyong (NTC license)
bluehawkna	Blue Hawk (Japan, NTC license, set 2)	1993	Dooyong (NTC license)
blueprnt	Blue Print (Midway)	1982	Zilec Electronics / Bally Midway
blueprntj	Blue Print (Jaleco)	1982	Zilec Electronics / Jaleco
blueshrk	Blue Shark (Midway)	1978	Midway
blueshrkmr	Blue Shark (Model Racing bootleg, set 1)	1978	bootleg (Model Racing)
blueshrkmr2	Blue Shark (Model Racing bootleg, set 2)	1978	bootleg (Model Racing)
blzntrnd	Blazing Tornado	1994	Human Amusement
bm1stmix	beatmania (ver JA-B)	1997	Konami
bm2ndmix	beatmania 2nd MIX (ver JA-B)	1998	Konami
bm2ndmixa	beatmania 2nd MIX (ver JA-A)	1998	Konami
bm3	Beatmania III	2000	Konami
bm36th	Beatmania III Append 6th Mix	2001	Konami
bm37th	Beatmania III Append 7th Mix	2002	Konami
bm3core	Beatmania III Append Core Remix	2000	Konami
bm3final	Beatmania III The Final	2002	Konami
bm3rdmix	beatmania 3rd MIX (ver JA-B)	1998	Konami
bm3rdmixa	beatmania 3rd MIX (ver JA-A)	1998	Konami
bm3rdmixe	beatmania 3rd MIX (ver EA-A)	1998	Konami
bm4thmix	beatmania 4th MIX (ver JA-A)	1999	Konami
bm5thmix	beatmania 5th MIX (ver JA-A)	1999	Konami
bm6thmix	beatmania 6th MIX (ver JA-A)	2001	Konami
bm7thmix	beatmania 7th MIX (ver JA-B)	2001	Konami
bmaster	Blade Master (World)	1991	Irem
bmcbowl	Konkyuu no Hoshi	1994	BMC
bmclubmx	beatmania Club MIX (ver JA-A)	2000	Konami
bmcmxaac	beatmania complete MIX (ver AA-C)	1999	Konami
bmcompm2	beatmania complete MIX 2 (ver JA-A)	2000	Konami
bmcompmx	beatmania complete MIX (ver JA-C)	1999	Konami
bmcompmxb	beatmania complete MIX (ver JA-B)	1999	Konami
bmcorerm	beatmania CORE REMIX (ver JA-A)	2000	Konami
bmcpokr	Dongfang Shenlong	1999	BMC
bmdct	beatmania featuring Dreams Come True (ver JA-A)	2000	Konami
bmfinal	beatmania THE FINAL (ver JA-A)	2002	Konami
bmiidx2	beatmania IIDX 2nd style (GC985 JAA)	1999	Konami
bmiidx3	beatmania IIDX 3rd style (GC992 JAC)	2000	Konami
bmiidx3a	beatmania IIDX 3rd style (GC992 JAA)	2000	Konami
bmiidx3b	beatmania IIDX 3rd style (GC992 JAB)	2000	Konami
bmiidx4	beatmania IIDX 4th style (GCA03 JAA)	2000	Konami
bmiidx5	beatmania IIDX 5th style (GCA17 JAA)	2001	Konami
bmiidx6	beatmania IIDX 6th style (GCB4U JAB)	2001	Konami
bmiidx6a	beatmania IIDX 6th style (GCB4U JAA)	2001	Konami
bmiidx7	beatmania IIDX 7th style (GCB44 JAB)	2002	Konami
bmiidx7a	beatmania IIDX 7th style (GCB44 JAA)	2002	Konami
bmiidx8	beatmania IIDX 8th style (GCC44 JAA)	2002	Konami
bmiidxc2	beatmania IIDX Substream with DDR 2nd Club Version 2 (984 A01 BM)	1999	Konami
bmiidxs	beatmania IIDX Substream (983 JAA)	1999	Konami
bmiidxsa	beatmania IIDX Substream (983-AA JAA)	1999	Konami
bmxstunts	BMX Stunts	1985	Jetsoft
bnglngby	Vs. Raid on Bungeling Bay (RD4-2 B)	1985	Nintendo / Broderbund Software Inc.
bngotime	Bingo Time	1986	CLS
bnj	Bump 'n' Jump	1982	Data East USA
bnjm	Bump 'n' Jump (Midway)	1982	Data East USA (Bally Midway license)
bnstars	Vs. Janshi Brandnew Stars (Ver 1.1, MegaSystem 32 Version)	1997	Jaleco
bnstars1	Vs. Janshi Brandnew Stars	1997	Jaleco
bnzabros	Bonanza Bros (US, Floppy DS3-5000-07d? Based)	1990	Sega
bnzabrosj	Bonanza Bros (Japan, Floppy DS3-5000-07b Based)	1990	Sega
boasorte	Boa Sorte! (Golden Poker prequel HW)	198?	<unknown>
boblbobl	Bobble Bobble (bootleg of Bubble Bobble)	1986	bootleg
boblcave	Bubble Bobble: Lost Cave V1.2 (for Bobble Bobble PCB)	2013	hack (Bisboch and Aladar)
bodyslam	Body Slam (8751 317-0015)	1986	Sega
bogeyman	Bogey Manor	1985	Technos Japan
boggy84	Boggy '84	1983	Kaneko
boggy84b	Boggy '84 (bootleg, set 1)	1983	bootleg (Eddie's Games)
bombbee	Bomb Bee	1979	Namco
bomber	Bomber (bootleg of Scramble)	198?	bootleg (Alca)
bombjack	Bomb Jack	1984	Tehkan
bombjack2	Bomb Jack (earlier)	1984	Tehkan
bombjackbl	Bomb Jack (bootleg)	1985	bootleg
bombjackt	Bomb Jack (Tecfri, Spain)	1984	Tehkan (Tecfri license)
bombkick	Bomb Kick (set 1)	1998	Yun Sung
bombkicka	Bomb Kick (set 2)	1998	Yun Sung
bomblord	Bomber Lord (bootleg)	1992	bootleg
bombrman	Bomber Man (Japan)	1991	Irem (licensed from Hudson Soft)
bombsa	Bombs Away (prototype)	1988	Jaleco
bonanza	Touchstar Bonanza (Revision 3)	1994	New Image Technologies
bonanzar2	Touchstar Bonanza (Revision 2)	1994	New Image Technologies
bongo	Bongo	1983	Jetsoft
bongog	Bongo (Galaxian hardware)	1983	bootleg?
bonkadv	B.C. Kid (Europe) / Bonk's Adventure: Arcade Version (US, China, Korea) / Kyukyoku!! PC Genjin: Special Arcade Version (Japan)	1994	Kaneko (Hudson Soft / Red license)
bonkadva	Bonk's Adventure: Arcade Version (prototype)	1994	Kaneko (Hudson Soft / Red license)
bonusch	Bonus Chance (W-8, set 1)	1990	Wing Co., Ltd.
bonuscha	Bonus Chance (W-8, set 2)	1990	Wing Co., Ltd.
bonuscrd	Bonus Card (German)	1986	Fun World
bonuscrda	Bonus Card (German, ATG Electronic hack)	1986	Fun World
bonuspkr	Bonus Poker	1984	Galanthis Inc.
bonzeadv	Bonze Adventure (World, rev 1)	1988	Taito
bonzeadvo	Bonze Adventure (World)	1988	Taito
bonzeadvp	Bonze Adventure (World, prototype, newer)	1988	Taito
bonzeadvp2	Bonze Adventure (World, prototype, older)	1988	Taito
bonzeadvu	Bonze Adventure (US, rev 1)	1988	Taito America
boobhack	Booby Kids (Italian manufactured graphic hack / bootleg of Kid no Hore Hore Daisakusen (bootleg))	1987	bootleg
boogwing	Boogie Wings (Europe v1.5, 92.12.07)	1992	Data East Corporation
boogwinga	Boogie Wings (Asia v1.5, 92.12.07)	1992	Data East Corporation
boogwingu	Boogie Wings (USA v1.7, 92.12.14)	1992	Data East Corporation
boomrang	Boomer Rang'r / Genesis (set 1)	1983	Data East Corporation
boomranga	Boomer Rang'r / Genesis (set 2)	1983	Data East Corporation
boonggab	Boong-Ga Boong-Ga (Spank'em!)	2001	Taff System
bootcamp	Boot Camp (set 1)	1987	Konami
bootcampa	Boot Camp (set 2)	1987	Konami
boothill	Boot Hill	1977	Dave Nutting Associates / Midway
borench	Borench (set 1)	1990	Sega
borencha	Borench (set 2)	1990	Sega
borenchj	Borench (Japan)	1990	Sega
borntofi	Born To Fight (set 1)	19??	International Games
borntofia	Born To Fight (set 2)	19??	International Games
borntofiv	Born To Fight (Vifico license)	1989	International Games (Vifico license)
bosco	Bosconian - Star Destroyer (version 5)	1981	Namco
bosco1	Bosconian - Star Destroyer (version 1, newer)	1981	Namco
bosco1o	Bosconian - Star Destroyer (version 1, older)	1981	Namco
bosco3	Bosconian - Star Destroyer (version 3)	1981	Namco
boscomd	Bosconian - Star Destroyer (Midway, new version)	1981	Namco (Midway license)
boscomdo	Bosconian - Star Destroyer (Midway, old version)	1981	Namco (Midway license)
botanic	Botanic (English / Spanish)	1983	Itisa
botanic2	Botanic (English / Spanish, Bagman conversion)	1983	Itisa
botanicf	Botanic (French)	1984	Itisa (Valadon Automation license)
botss	Battle of the Solar System (rev. 1.1a 7/23/92)	1992	Microprose Games Inc.
botss11	Battle of the Solar System (rev. 1.1 3/24/92)	1992	Microprose Games Inc.
bottl10b	Bottle 10 (Italian, set 2)	1996	C.M.C.
bottle10	Bottle 10 (Italian, set 1)	1996	C.M.C.
bottom9	Bottom of the Ninth (version T)	1989	Konami
bottom9n	Bottom of the Ninth (version N)	1989	Konami
bouldash	Boulder Dash / Boulder Dash Part 2 (World)	1990	Data East Corporation (licensed from First Star)
bouldashj	Boulder Dash / Boulder Dash Part 2 (Japan)	1990	Data East Corporation (licensed from First Star)
bounty	The Bounty (set 1)	1982	Orca
bowl3d	3-D Bowling	1978	Meadows Games, Inc.
bowler	Bowling Alley	1978	Midway
bowlgum	Bowling Gum	1992?	<unknown>
bowlrama	Bowl-O-Rama (Rev 1.0)	1991	P&P Marketing
bowmen	Bowmen	1994	Ten-Level
boxer	Boxer (prototype)	1978	Atari
boxingb	Boxing Bugs	1981	Cinematronics
boxyboy	Boxy Boy (World, SB2)	1990	Namco
boxyboya	Boxy Boy (SB?)	1990	Namco
bpoker	Video Poker (v1403)	1989	CODERE Argentina
bradley	Bradley Trainer	1980	Atari
brain	Brain	1986	Coreland / Sega
brainbox2	Brain Box II (Set 114)	1993	BFM
brapboys	B.Rap Boys (World)	1992	Kaneko
brapboysp	B.Rap Boys Special (World, newer)	1992	Kaneko
brapboysp2	B.Rap Boys Special (World, older)	1992	Kaneko
brapboyspj	B.Rap Boys Special (Japan)	1992	Kaneko
brapboyspu	B.Rap Boys Special (US)	1992	Kaneko
brasil	Bra$il (Version 3)	2000	High Video
brasil86	Brasil 86	1986	<unknown>
brasil87	Brasil 87	1987	<unknown>
brasil89	Brasil 89 (set 1)	1989	<unknown>
brasil89a	Brasil 89 (set 2)	1989	<unknown>
brasil93	Brasil 93	1993	<unknown>
brdrlinb	Borderline (Karateco bootleg)	1981	bootleg (Karateco)
brdrline	Borderline	1981	Sega
brdrlinet	Borderline (Tranquillizer Gun conversion)	1981	Sega
brdrlins	Borderline (Sidam bootleg)	1981	bootleg (Sidam)
breakers	Breakers	1996	Visco
breakout	Breakout	1976	Atari
breakrev	Breakers Revenge	1998	Visco
breywood	Breywood (Japan revision 2)	1986	Data East Corporation
brickyrd	Brickyard	1976	Ramtek
brickzn	Brick Zone (v6.0, Joystick)	1992	SunA
brickzn11	Brick Zone (v1.1, Spinner)	1992	SunA
brickznv4	Brick Zone (v4.0, Spinner)	1992	SunA
brickznv5	Brick Zone (v5.0, Joystick)	1992	SunA
brival	Burning Rival (World)	1992	Sega
brivalj	Burning Rival (Japan)	1992	Sega
brix	Brix	1982	Cinematronics / Advanced Microcomputer Systems
brixian	Brixian	1993	Cheil Computer System
brkball	Break Ball	1994	BFM/ATOD
brkblast	Brick Blast (bootleg of Wall Crash)	1984	bootleg (Fadesa)
brkthru	Break Thru (World)	1986	Data East Corporation
brkthruj	Kyoukou Toppa (Japan)	1986	Data East Corporation
brkthrut	Break Thru (Tecfri license)	1986	Data East Corporation (Tecfri license)
brkthruu	Break Thru (US)	1986	Data East USA
brod	Brodjaga (Arcade bootleg of ZX Spectrum 'Inspector Gadget and the Circus of Fear')	19??	bootleg
bronx	Bronx (bootleg of Cycle Shooting)	1986	bootleg
brubber	Burnin' Rubber	1982	Data East
brutforc	Brute Force	1991	Leland Corporation
brvblade	Brave Blade (World)	2000	Eighting / Raizing
brvbladea	Brave Blade (Asia)	2000	Eighting / Raizing
brvbladeg	Brave Blade (VER 1.40G)	2011	bootleg (Arcade MOD BIOS)
brvbladej	Brave Blade (Japan)	2000	Eighting / Raizing
brvbladeu	Brave Blade (USA)	2000	Eighting / Raizing
bs4thmix	beatstage 4th MIX (ver KA-A)	1999	Konami
bs94	Buena Suerte '94	1994	Entretenimientos GEMINIS
bs_gradius	Gradius (Bubble System)	1985	Konami
bs_gwarrior	Galactic Warriors (Bubble System)	1985	Konami
bs_rf2	Konami RF2: Red Fighter (Bubble System)	1985	Konami
bs_twinbee	TwinBee (Bubble System)	1985	Konami
bscompmx	beatstage complete MIX (ver KA-B)	1999	Konami
bsebman	Carrera (Version 6.7) / Bomberman (Version 6.6)	19??	BS Electronics
bsebmanbl	Bomberman (Version 6.6, Avraam bootleg)	1999	bootleg (Ballas / Avraam)
bsebmanbl2	Bomberman (Version 6.6, J.T. bootleg)	1999	bootleg (J.T.)
bshark	Battle Shark (World)	1989	Taito
bsharkj	Battle Shark (Japan)	1989	Taito
bsharkjjs	Battle Shark (Japan, Joystick)	1989	Taito
bsharku	Battle Shark (US)	1989	Taito America
bsharkuo	Battle Shark (US, older)	1989	Taito America
bsktball	Atari Basketball	1979	Atari
bssoccer	Back Street Soccer (KRB-0031 PCB)	1996	SunA (Unico license)
bssoccera	Back Street Soccer (KRB-0032A PCB)	1996	SunA (Unico license)
bstars	Baseball Stars Professional (NGM-002)	1990	SNK
bstars2	Baseball Stars 2	1992	SNK
bstarsh	Baseball Stars Professional (NGH-002)	1990	SNK
bsuerte	Buena Suerte (Spanish, set 1)	1990	<unknown>
bsuertea	Buena Suerte (Spanish, set 2)	1991	<unknown>
bsuerteb	Buena Suerte (Spanish, set 3)	1991	<unknown>
bsuertec	Buena Suerte (Spanish, set 4)	1991	<unknown>
bsuerted	Buena Suerte (Spanish, set 5)	1991	<unknown>
bsuertee	Buena Suerte (Spanish, set 6)	1991	<unknown>
bsuertef	Buena Suerte (Spanish, set 7)	1991	<unknown>
bsuerteg	Buena Suerte (Spanish, set 8)	1991	<unknown>
bsuerteh	Buena Suerte (Spanish, set 9)	1991	<unknown>
bsuertei	Buena Suerte (Spanish, set 10)	1991	<unknown>
bsuertej	Buena Suerte (Spanish, set 11)	1991	<unknown>
bsuertek	Buena Suerte (Spanish, set 12)	1991	<unknown>
bsuertel	Buena Suerte (Spanish, set 13)	1991	<unknown>
bsuertem	Buena Suerte (Spanish, set 14)	1991	<unknown>
bsuerten	Buena Suerte (Spanish, set 15, Prodel PCB)	1991	<unknown>
bsuerteo	Buena Suerte (Spanish, set 16)	1991	<unknown>
bsuertep	Buena Suerte (Spanish, set 17)	1991	<unknown>
bsuerteq	Buena Suerte (Spanish, set 18)	1991	<unknown>
bsuerter	Buena Suerte (Spanish, set 19)	1991	<unknown>
bsuertes	Buena Suerte (Spanish, set 20)	1991	<unknown>
bsuertet	Buena Suerte (Spanish, set 21)	1991	<unknown>
bsuerteu	Buena Suerte (Spanish, set 22)	1991	<unknown>
bsuertev	Buena Suerte (Spanish/Portuguese, set 23)	1991	<unknown>
bsuprem	Baby Suprem	198?	Andra / Vifico
btchamp	Beat the Champ (GV053 UAA01)	1996	Konami
btime	Burger Time (Data East set 1)	1982	Data East Corporation
btime2	Burger Time (Data East set 2)	1982	Data East Corporation
btime3	Burger Time (Data East USA)	1982	Data East USA Inc.
btimem	Burger Time (Midway)	1982	Data East (Bally Midway license)
btlecity	Vs. Battle City	1985	Namco
btlfield	Battle Field (Japan)	1987	Alpha Denshi Co. (SNK license)
btlfieldb	Battle Field (bootleg)	1987	bootleg
btlkroad	Battle K-Road	1994	Psikyo
btlkroadk	Battle K-Road (Korea)	1994	Psikyo
btoads	Battletoads	1994	Rare / Electronic Arts
btplay2k	Beat Player 2000	2000	dgPIX Entertainment Inc.
bub68705	Bubble Bobble (bootleg with 68705)	1986	bootleg
bubblem	Bubble Memories: The Story Of Bubble Bobble III (Ver 2.4O 1996/02/15)	1995	Taito
bubblemj	Bubble Memories: The Story Of Bubble Bobble III (Ver 2.3J 1996/02/07)	1995	Taito
bubblemu	Bubble Memories: The Story Of Bubble Bobble III (Ver 2.5A 1996/02/21)	1995	Taito America
bubbles	Bubbles	1982	Williams
bubblesp	Bubbles (prototype)	1982	Williams
bubblesr	Bubbles (Solid Red label)	1982	Williams
bubbletr	Bubble Trouble - Golly! Ghost! 2 (World, Rev B)	1992	Namco
bubbletrj	Bubble Trouble - Golly! Ghost! 2 (Japan, Rev C)	1992	Namco
bubbroul	Bubblen Roulette (Japan, main ver. 1.8, video ver. 1.3)	1997	Taito
bubl2000	Bubble 2000	1998	Afega (Tuning license)
bubl2000a	Bubble 2000 V1.2	1998	Afega (Tuning license)
bublbob2	Bubble Bobble II (Ver 2.6O 1994/12/16)	1994	Taito
bublbob2o	Bubble Bobble II (Ver 2.5O 1994/10/05)	1994	Taito
bublbob2p	Bubble Bobble II (Ver 0.0J 1993/12/13, prototype)	1994	Taito
bublbobl	Bubble Bobble (Japan, Ver 0.1)	1986	Taito
bublbobl1	Bubble Bobble (Japan, Ver 0.0)	1986	Taito
bublboblb	Bubble Bobble (for Bobble Bobble PCB)	2013	bootleg (Aladar)
bublboblp	Bubble Bobble (prototype on Tokio hardware)	1986	Taito
bublboblr	Bubble Bobble (US, Ver 5.1)	1986	Taito America (Romstar license)
bublboblr1	Bubble Bobble (US, Ver 1.0)	1986	Taito America (Romstar license)
bublbust	Bubble Buster (USA, B-System)	1994	Taito America
bublcave	Bubble Bobble: Lost Cave V1.2	2013	hack (Bisboch and Aladar)
bublcave10	Bubble Bobble: Lost Cave V1.0	2012	hack (Bisboch and Aladar)
bublcave11	Bubble Bobble: Lost Cave V1.1	2012	hack (Bisboch and Aladar)
bublpong	Bubble Pong Pong	1996	Top Ltd.
bubsymphe	Bubble Symphony (Ver 2.5O 1994/10/05)	1994	Taito
bubsymphj	Bubble Symphony (Ver 2.5J 1994/10/05)	1994	Taito
bubsymphu	Bubble Symphony (Ver 2.5A 1994/10/05)	1994	Taito America
bubsys	Bubble System BIOS	1985	Konami
bucaner	Buccaneer (set 1)	1981	hack (Video Research)
bucanera	Buccaneer (set 2)	1981	hack (Video Research)
buccanrs	Buccaneers (set 1)	1989	Duintronic
buccanrsa	Buccaneers (set 2)	1989	Duintronic
buccanrsb	Buccaneers (set 3, harder)	1989	Duintronic
buckrog	Buck Rogers: Planet of Zoom	1982	Sega
buckrogn	Buck Rogers: Planet of Zoom (not encrypted, set 1)	1982	Sega
buckrogn2	Buck Rogers: Planet of Zoom (not encrypted, set 2)	1982	Sega
bucky	Bucky O'Hare (ver EAB)	1992	Konami
buckyaa	Bucky O'Hare (ver AA)	1992	Konami
buckyaab	Bucky O'Hare (ver AAB)	1992	Konami
buckyea	Bucky O'Hare (ver EA)	1992	Konami
buckyjaa	Bucky O'Hare (ver JAA)	1992	Konami
buckyuab	Bucky O'Hare (ver UAB)	1992	Konami
bugfever	Bugs Fever (Version 1.7R CGA)	2006	Amcoe
bugfeverd	Bugs Fever (Version 1.7E CGA)	2006	Amcoe
bugfevero	Bugs Fever (Version 1.6R CGA)	2006	Amcoe
bugfeverv	Bugs Fever (Version 1.7R Dual)	2006	Amcoe
bugfeverv2	Bugs Fever (Version 1.7E Dual)	2006	Amcoe
buggyboy	Buggy Boy/Speed Buggy (cockpit, rev. D)	1985	Tatsumi
buggyboyb	Buggy Boy/Speed Buggy (cockpit, rev. B)	1986	Tatsumi
buggyboyjr	Buggy Boy Junior/Speed Buggy (upright)	1986	Tatsumi
buggychl	Buggy Challenge	1984	Taito
buggychlt	Buggy Challenge (Tecfri)	1984	Taito (Tecfri license)
bujutsu	Fighting Wu-Shu 2nd! (ver JAA)	1997	Konami
bullet	Bullet (FD1094 317-0041)	1987	Sega
bulletd	Bullet (bootleg of FD1094 317-0041 set)	1987	bootleg
bullfgt	Bullfight (315-5065)	1984	Coreland / Sega
bullfgtr	Bull Fighter	1984	Alpha Denshi Co.
bullfgtrs	Bull Fighter (Sega)	1984	Alpha Denshi Co. (Sega license)
bullsdrt	Bulls Eye Darts	1985	Shinkai Inc. (Magic Electronics Inc. license)
bullsdrtg	Bulls Eye Darts (Galaxian conversion)	1985	Senko Industries
bumba	Bumba (bootleg of Head On)	1979	bootleg (Niemer)
buraiken	Hissatsu Buraiken (Japan, rev. A)	1987	Capcom
buraikenb	Hissatsu Buraiken (Japan, bootleg)	1987	bootleg
burgkids	Burger Kids (Japan)	1995	Sunwise
burglarx	Burglar X	1997	Unico
buriki	Buriki One: World Grapple Tournament '99 in Tokyo (rev.B)	1999	SNK
burnforc	Burning Force (Japan, new version (Rev C))	1989	Namco
burnforco	Burning Force (Japan, old version)	1989	Namco
burningf	Burning Fight (NGM-018 ~ NGH-018)	1991	SNK
burningfh	Burning Fight (NGH-018, US)	1991	SNK
burningfp	Burning Fight (prototype, older)	1991	SNK
burningfpa	Burning Fight (prototype, near final, ver 23.3, 910326)	1991	SNK
burningfpb	Burning Fight (prototype, newer, V07)	1991	SNK
butasan	Butasan - Pig's & Bomber's (Japan, English)	1987	NMK (Jaleco license)
butasanj	Butasan (Japan, Japanese)	1987	NMK (Jaleco license)
butrfly	Butterfly Video Game (version A00)	1995	Bordun International
butrflya	Butterfly Video Game (version U863M)	2006	Bordun International
butrflybl	Butterfly Video Game (version U350C)	1995	bootleg
buttobi	Buttobi Striker	1994	Konami
buzzard	Buzzard	1984	Crux
bwcasino	Boardwalk Casino	1983	Epos Corporation
bwidow	Black Widow	1982	Atari
bwidowp	Black Widow (prototype)	1982	Atari
bwings	B-Wings (Japan new Ver.)	1984	Data East Corporation
bwingsa	B-Wings (Alt Ver.?)	1984	Data East Corporation
bwingso	B-Wings (Japan old Ver.)	1984	Data East Corporation
bygone	Bygone (prototype)	1985	Taito
bzone	Battlezone (rev 2)	1980	Atari
bzonea	Battlezone (rev 1)	1980	Atari
bzonec	Battlezone (cocktail)	1980	Atari
cabal	Cabal (World, Joystick)	1988	TAD Corporation
cabala	Cabal (Korea?, Joystick)	1989	TAD Corporation (Alpha Trading license)
cabalbl	Cabal (bootleg of Joystick version, set 1, alternate sound hardware)	1988	bootleg (Red Corporation)
cabalbl2	Cabal (bootleg of Joystick version, set 2)	1988	bootleg
cabaluk	Cabal (UK, Trackball)	1989	TAD Corporation (Electrocoin license)
cabalukj	Cabal (UK, Joystick)	1989	TAD Corporation (Electrocoin license)
cabalus	Cabal (US set 1, Trackball)	1988	TAD Corporation (Fabtek license)
cabalus2	Cabal (US set 2, Trackball)	1988	TAD Corporation (Fabtek license)
cachat	Cachat (Japan)	1993	Taito
cactus	Cactus (bootleg of Saboten Bombers)	1992	bootleg
cadanglr	Angler Dangler (DECO Cassette) (US)	1982	Data East Corporation
cadash	Cadash (World)	1989	Taito
cadashf	Cadash (France)	1989	Taito
cadashg	Cadash (Germany, rev 1)	1989	Taito
cadashgo	Cadash (Germany)	1989	Taito
cadashi	Cadash (Italy)	1989	Taito
cadashj	Cadash (Japan, rev 2)	1989	Taito
cadashj1	Cadash (Japan, rev 1)	1989	Taito
cadashjo	Cadash (Japan)	1989	Taito
cadashp	Cadash (World, prototype)	1989	Taito
cadashs	Cadash (Spain, rev 1)	1989	Taito
cadashso	Cadash (Spain)	1989	Taito
cadashu	Cadash (US, rev 2)	1989	Taito America
cadashu1	Cadash (US, rev 1?)	1989	Taito America
cafetime	Mahjong Cafe Time	1992	Dynax
cairblad	Change Air Blade (Japan)	1999	Sammy
calchase	California Chase	1999	The Game Room
calcune	Calcune (Japan, prototype)	1996	Yuvo
calibr50	Caliber 50 (Ver. 1.01)	1989	Seta
calipso	Calipso	1982	Tago Electronics
calorie	Calorie Kun vs Moguranian	1986	Sega
calorieb	Calorie Kun vs Moguranian (bootleg)	1986	bootleg
calspeed	California Speed (Version 2.1a Apr 17 1998, GUTS 1.25 Apr 17 1998 / MAIN Apr 17 1998)	1998	Atari Games
calspeeda	California Speed (Version 1.0r8 Mar 10 1998, GUTS Mar 10 1998 / MAIN Mar 10 1998)	1998	Atari Games
calspeedb	California Speed (Version 1.0r7a Mar 4 1998, GUTS Mar 3 1998 / MAIN Jan 19 1998)	1998	Atari Games
cameltry	Cameltry (World, YM2610)	1989	Taito
cameltrya	Cameltry (World, YM2203 + M6295)	1989	Taito
cameltryau	Cameltry (US, YM2203 + M6295)	1989	Taito America
cameltryj	Cameltry (Japan, YM2610)	1989	Taito
cameltryu	Cameltry (US, YM2610)	1989	Taito America
candance	Cannon Dancer (Japan)	1996	Mitchell (Atlus license)
candory	Candory (Ponpoko bootleg with Mario)	1982	bootleg
candy	Candy Candy	1999	Eolith
cane	Cane (prototype)	1979?	Model Racing
cannball	Cannon Ball (Yun Sung, horizontal)	1995	Yun Sung / Soft Vision
cannballv	Cannon Ball (Yun Sung, vertical)	1995	Yun Sung / J&K Production
cannonb	Cannon Ball (bootleg on Crazy Kong hardware) (set 1, buggy)	1985	bootleg (Soft)
cannonb2	Cannon Ball (bootleg on Crazy Kong hardware) (set 2, buggy)	1985	bootleg (TV Game Gruenberg)
cannonb3	Cannon Ball (bootleg on Crazy Kong hardware) (set 3, no bonus game)	1985	bootleg (Soft)
cannonbp	Cannon Ball (Pac-Man Hardware)	1985	Novomatic
canvas	Canvas Croquis	1985	SNK
canyon	Canyon Bomber	1977	Atari
canyonp	Canyon Bomber (prototype)	1977	Atari
capbowl	Capcom Bowling (set 1)	1988	Incredible Technologies / Capcom
capbowl2	Capcom Bowling (set 2)	1988	Incredible Technologies / Capcom
capbowl3	Capcom Bowling (set 3)	1988	Incredible Technologies / Capcom
capbowl4	Capcom Bowling (set 4)	1988	Incredible Technologies / Capcom
capitol	Capitol	1981	bootleg? (Universal Video Spiel)
capsnk	Capcom Vs. SNK: Millennium Fight 2000 (Rev C)	2000	Capcom / SNK
capsnka	Capcom Vs. SNK: Millennium Fight 2000 (Rev A)	2000	Capcom / SNK
capsnkb	Capcom Vs. SNK: Millennium Fight 2000	2000	Capcom / SNK
captainx	Captain X	1990	bootleg (Electronics)
captaven	Captain America and The Avengers (Asia Version 1.4)	1991	Data East Corporation
captavena	Captain America and The Avengers (Asia Version 1.0)	1991	Data East Corporation
captavene	Captain America and The Avengers (UK Version 1.4)	1991	Data East Corporation
captavenj	Captain America and The Avengers (Japan Version 0.2)	1991	Data East Corporation
captavenu	Captain America and The Avengers (US Version 1.9)	1991	Data East Corporation
captavenua	Captain America and The Avengers (US Version 1.4)	1991	Data East Corporation
captavenuu	Captain America and The Avengers (US Version 1.6)	1991	Data East Corporation
captcomm	Captain Commando (World 911202)	1991	Capcom
captcommb	Captain Commando (bootleg)	1991	bootleg
captcommb2	Captain Commando (bootleg with 2xMSM5205)	1991	bootleg
captcommj	Captain Commando (Japan 911202)	1991	Capcom
captcommjr1	Captain Commando (Japan 910928)	1991	Capcom
captcommr1	Captain Commando (World 911014)	1991	Capcom
captcommu	Captain Commando (USA 910928)	1991	Capcom
captflag	Captain Flag (Japan)	1993	Jaleco
car2	Car 2 (bootleg of Head On 2)	1979	bootleg (RZ Bologna)
caractn	Car Action (set 1)	1982	bootleg
caractn2	Car Action (set 2)	1982	bootleg
carb2002	Carriage Bonus 2002 (bootleg)	2002	bootleg
carb2003	Carriage Bonus 2003 (bootleg)	2003	bootleg
cardline	Card Line	199?	Veltmeijer
carhntds	Car Hunt / Deep Scan (France)	1979	Sega
carjmbre	Car Jamboree	1983	Omori Electric Co., Ltd.
carket	Carket Ball	1996	SemiCom
carnevil	CarnEvil (v1.0.3)	1998	Midway Games
carniv37	Carnival 37	1992	Able
carnival	Carnival (upright, AY8912 music)	1980	Sega
carnivalb	Carnival (upright, PIT8253 music)	1980	Sega
carnivalc	Carnival (cocktail)	1980	Sega
carnivalca	Carnival (cocktail, earlier)	1980	Sega
carnivalh	Carnival (Head On hardware, set 1)	1980	Sega
carnivalha	Carnival (Head On hardware, set 2)	1980	Sega
carnivalmm	Carnival (ManilaMatic bootleg)	1980	bootleg (ManilaMatic)
carnking	Carnival King (v1.00.11)	2002	Incredible Technologies
carpolo	Car Polo	1977	Exidy
carrera	Carrera (Version 6.7)	19??	BS Electronics
cartfury	CART Fury Championship Racing (ver 1.00)	2000	Midway Games
cas21iwc	Casino 21 UCMC/IWC (ver 30.08)	1990	UCMC/IWC
casanova	Casanova	199?	Promat
casbjack	Casino Black Jack (color, Standard 00-05)	1983	Meyco Games, Inc.
cascade	Cascade	1978	bootleg? (Sidam)
cashquiz	Cash Quiz (Type B, Version 5)	1986	Zilec-Zenitone
casino5	Casino Five (3315-02, U5-2B)	1989	Merit
casino5a	Casino Five (3315-02, U5-0)	1984	Merit
casino5b	Casino Five (3315-12, U5-0)	1984	Merit
caspoker	Casino Poker (Ver PM88-01-21, German)	1988	PM / Beck Elektronik
caspokera	Casino Poker (Ver PM86LO-35-5, German)	1987	PM / Beck Elektronik
caspokerb	Casino Poker (Ver PM86-35-1, German)	1986	PM / Beck Elektronik
castfant	Astro Fantasia (DECO Cassette) (US)	1981	Data East Corporation
caswin	Casino Winner	1985	Aristocrat
catacomb	Catacomb	1982	MTM Games
catch22	Catch-22 (version 8.0)	1985	Exidy
catchp	Catch (prototype)	1977	Atari
caterplr	Caterpillar (bootleg of Centipede)	1980	bootleg (Olympia)
catnmous	Cat and Mouse (type 02 program)	1982	Zaccaria
catnmousa	Cat and Mouse (type 01 program)	1982	Zaccaria
catt	Catt (Japan)	1993	Wintechno
cavelon	Cavelon	1983	Jetsoft
cavenger	Cosmic Avenger	1981	Universal
cawing	Carrier Air Wing (World 901012)	1990	Capcom
cawingb2	Carrier Air Wing (bootleg with 2xYM2203 + 2xMSM5205, set 2)	1990	bootleg
cawingbl	Carrier Air Wing (bootleg with 2xYM2203 + 2xMSM5205, set 1)	1990	bootleg
cawingj	U.S. Navy (Japan 901012)	1990	Capcom
cawingjr	U.S. Navy (Japan Resale Ver. 901130)	1990	Capcom
cawingr1	Carrier Air Wing (World 901009)	1990	Capcom
cawingu	Carrier Air Wing (USA 901130)	1990	Capcom
cawingur1	Carrier Air Wing (USA 901012)	1990	Capcom
cb2	Cherry Bonus II (V2.00 06/01)	1989	Dyna
cb2001	Cherry Bonus 2001 (V1.1I)	2000	Dyna
cb3	Cherry Bonus III (ver.1.40, encrypted)	199?	Dyna
cb3a	Cherry Bonus III (ver.1.40, set 2)	199?	Dyna
cb3b	Cherry Bonus III (alt)	199?	Dyna
cb3c	Cherry Bonus III (Ivanhoe V46-0799)	199?	bootleg
cb3d	Cherry Bonus III (set 3)	199?	bootleg
cb3e	Cherry Bonus III (set 4, encrypted bootleg)	199?	bootleg
cb3g	Cherry Bonus III (ver.1.40, set 6)	199?	Dyna
cb3h	Cherry Bonus III (ver.1.40, set 7)	199?	Dyna
cb3i	Cherry Bonus III (ver.3.0)	1992	Dyna
cb3j	Cherry Bonus III (ver.2.20)	199?	Dyna
cb3micro	Cherry Bonus III (Micronic v1.2, hack)	1992	Micronic
cb3s51	Cherry Bonus III (ver.5.1)	199?	Dyna
cbaai	Cherry Bonus (A.A.I. bootleg)	1990	bootleg (A.A.I.)
cbaj	Cool Boarders Arcade Jam (Export)	1998	UEP Systems
cbajbl	Cool Boarders Arcade Jam (Export bootleg)	1998	bootleg
cbasebal	Capcom Baseball (Japan)	1989	Capcom
cbdash	Boulder Dash (DECO Cassette) (US)	1985	Data East Corporation
cbnj	Bump 'n' Jump (DECO Cassette) (US)	1982	Data East Corporation
cbombers	Chase Bombers (World)	1994	Taito
cbombersj	Chase Bombers (Japan)	1994	Taito
cbombersp	Chase Bombers (Japan Prototype)	1994	Taito
cbonus	Cherry Bonus (Dyna v1.01 20fev)	1988	Dyna
cbtime	Burger Time (DECO Cassette) (US)	1983	Data East Corporation
cburnrub	Burnin' Rubber (DECO Cassette) (US) (set 1)	1982	Data East Corporation
cburnrub2	Burnin' Rubber (DECO Cassette) (US) (set 2)	1982	Data East Corporation
cburnrubj	Burnin' Rubber (DECO Cassette) (Japan)	1982	Data East Corporation
cbuster	Crude Buster (World FX version)	1990	Data East Corporation
cbusterj	Crude Buster (Japan FR revision 1)	1990	Data East Corporation
cbusterw	Crude Buster (World FU version)	1990	Data East Corporation
ccasino	Chinese Casino (Japan)	1987	V-System Co.
ccastles	Crystal Castles (version 4)	1983	Atari
ccastles1	Crystal Castles (version 1)	1983	Atari
ccastles2	Crystal Castles (version 2)	1983	Atari
ccastles3	Crystal Castles (version 3)	1983	Atari
ccastlesf	Crystal Castles (version 3, French)	1983	Atari
ccastlesg	Crystal Castles (version 3, German)	1983	Atari
ccastlesj	Crystal Castles (joystick version)	1983	Atari
ccastlesp	Crystal Castles (version 3, Spanish)	1983	Atari
ccboot	Crazy Climber (bootleg set 1)	1980	bootleg
ccboot2	Crazy Climber (bootleg set 2)	1980	bootleg
ccbootmm	Crazy Climber (ManilaMatic bootleg)	1980	bootleg (ManilaMatic)
ccbootmr	Crazy Climber (Model Racing bootleg)	1980	bootleg (Model Racing)
ccclass	Country Club Classic (v1.10 03-apr-1997)	1997	Creative Electronics and Software
cchance	Cherry Chance	1987	Taito
cchasm	Cosmic Chasm (set 1)	1983	Cinematronics / GCE
cchasm1	Cosmic Chasm (set 2)	1983	Cinematronics / GCE
cclimber	Crazy Climber (US set 1)	1980	Nichibutsu
cclimbera	Crazy Climber (US set 2)	1980	Nichibutsu
cclimberj	Crazy Climber (Japan)	1980	Nichibutsu
cclimbr2	Crazy Climber 2 (Japan)	1988	Nichibutsu
cclimbr2a	Crazy Climber 2 (Japan, Harder)	1988	Nichibutsu
cclimbroper	Crazy Climber (Spanish, Operamatic bootleg)	1980	bootleg (Operamatic)
cclimbrrod	Crazy Climber (Spanish, Rodmar bootleg)	1980	bootleg (Rodmar)
cclownz	Crazzy Clownz (Version 1.0)	1999	LAI Games
ccly	Chong Chong Leyuan (V100CN)	2005	IGS
cdibios	CD-i (Mono-I) (PAL) BIOS	1995	Philips
cdiscon1	Disco No.1 (DECO Cassette) (US)	1982	Data East Corporation
cdracula	Castle Of Dracula	1994	Yun Sung (Escape license)
cdrawpkr	Draw Poker (Joker Poker V.01)	1984	Coinmaster
cdsteljn	DS Telejan (DECO Cassette) (Japan)	1981	Data East Corporation
cecmatch	ChuckECheese's Match Game	1993	Coastal Amusements
cedmag	Magnet System	1987	EFO SA / Cedar
cencourt	Center Court (World, 4 Players, prototype) (MC-8123B)	1988	Sega
centipdb	Centipede (bootleg, set 1)	1980	bootleg
centipdb2	Centipede (bootleg, set 2)	1980	bootleg
centipdd	Centipede Dux (hack)	1989	hack (Two-Bit Score)
centiped	Centipede (revision 4)	1980	Atari
centiped1	Centipede (revision 1)	1980	Atari
centiped2	Centipede (revision 2)	1980	Atari
centiped3	Centipede (revision 3)	1980	Atari
centipedj	Centipede (Japan, revision 3)	1980	Atari
cerberus	Cerberus	1985	Cinematronics
cexplore	Explorer (DECO Cassette) (US)	1982	Data East Corporation
cfarm	Chicken Farm (Version 2.0)	1999	LAI Games
cfboy0a1	Flash Boy (vertical) (DECO Cassette MD) (No.12/Ver.0/Set.1,Japan)	1981	Data East Corporation
cfever1k	Casino Fever 1k	2000	High Video
cfever40	Casino Fever 4.0	2000	High Video
cfever50	Casino Fever 5.0	2000	High Video
cfever51	Casino Fever 5.1	2000	High Video
cfever61	Casino Fever 6.1	2000	High Video
cfghtice	Fighting Ice Hockey (DECO Cassette) (US)	1984	Data East Corporation
cfield	Chaos Field (Japan) (GDL-0025)	2004	Able
cfishing	Fishing (DECO Cassette) (Japan)	1982	Data East Corporation
cflyball	Flying Ball (DECO Cassette) (US)	1985	Data East Corporation
cgang	Cosmo Gang (US)	1990	Namco (Data East license)
cgangpzl	Cosmo Gang the Puzzle (US)	1992	Namco
cgangpzlj	Cosmo Gang the Puzzle (Japan)	1992	Namco
cgidjp	Double Joker Poker (CGI)	198?	CGI
cgip23b	Credit Poker (ver.23b, 7 & 9 bonus)	1998	CGI
cgip30b	Credit Poker (ver.30b, 7 & 9 bonus)	1999	CGI
cgip30cs	Credit Poker (ver.30c, standard)	1999	CGI
cgip30e	Credit Poker (ver.30e, Extra Bonus)	1999	CGI
cgold	Caribbean Gold (3VXEC449, US)	1986	Ainsworth Nominees P.L.
cgold2	Caribbean Gold II (4XF5182H04, US)	1996	Aristocrat
cgold2a	Caribbean Gold II (3XF5182H04, US)	1995	Aristocrat
cgraplop	Cluster Buster (DECO Cassette) (US)	1983	Data East Corporation
cgraplop2	Graplop (DECO Cassette) (US) (Prototype?)	1983	Data East Corporation
cgraplopj	Graplop (DECO Cassette) (Japan)	1983	Data East Corporation
ch2000	Fruit Bonus 2000 / New Cherry 2000 (Version 4.4E Dual)	2000	Amcoe
ch2000b1	Fruit Bonus 2000 / New Cherry 2000 (Version 4.4R, set 1)	2000	Amcoe
ch2000b2	Fruit Bonus 2000 / New Cherry 2000 (Version 4.1LT, set 1)	2000	Amcoe
ch2000c1	Fruit Bonus 2000 / New Cherry 2000 (Version 4.4R, set 2)	2000	Amcoe
ch2000c2	Fruit Bonus 2000 / New Cherry 2000 (Version 4.1LT, set 2)	2000	Amcoe
ch2000d1	Fruit Bonus 2000 / New Cherry 2000 (Version 4.4R, set 3)	2000	Amcoe
ch2000d2	Fruit Bonus 2000 / New Cherry 2000 (Version 4.1LT, set 3)	2000	Amcoe
ch2000o	Fruit Bonus 2000 / New Cherry 2000 (Version 3.9XT)	2000	Amcoe
ch2000o10	Fruit Bonus 2000 / New Cherry 2000 (Version T 2.3C)	2000	Amcoe
ch2000o11	Fruit Bonus 2000 / New Cherry 2000 (Version 3.7)	2000	Amcoe
ch2000o2	Fruit Bonus 2000 / New Cherry 2000 (Version 3.9D)	2000	Amcoe
ch2000o3	Fruit Bonus 2000 / New Cherry 2000 (Version 3.9)	2000	Amcoe
ch2000o4	Fruit Bonus 2000 / New Cherry 2000 (Version 2.6 Special)	2000	Amcoe
ch2000o5	Fruit Bonus 2000 / New Cherry 2000 (Version 3.1 Special)	2000	Amcoe
ch2000o6	Fruit Bonus 2000 / New Cherry 2000 (Version 3.3 Special)	2000	Amcoe
ch2000o7	Fruit Bonus 2000 / New Cherry 2000 (Version 3.4 Special, set 1)	2000	Amcoe
ch2000o8	Fruit Bonus 2000 / New Cherry 2000 (Version 3.4 Special, set 2)	2000	Amcoe
ch2000o9	Fruit Bonus 2000 / New Cherry 2000 (Version 2.3B)	2000	Amcoe
ch2000v1	Fruit Bonus 2000 / New Cherry 2000 (Version 4.4R Dual)	2000	Amcoe
ch2000v2	Fruit Bonus 2000 / New Cherry 2000 (Version 4.1LT Dual)	2000	Amcoe
chainrec	Chain Reaction (World, Master Version 2.2, 1995.09.25)	1995	Data East Corporation
chaknpop	Chack'n Pop	1983	Taito
chalgirl	Challenge Girl (Falcon bootleg)	1984?	bootleg
challeng	Challenger	1981	Centuri
cham24	Chameleon 24	2002	bootleg
chamburger	Hamburger (DECO Cassette) (Japan)	1982	Data East Corporation
chameleo	Chameleon	1983	Jaleco
champbas	Champion Base Ball	1983	Alpha Denshi Co. (Sega license)
champbasj	Champion Base Ball (Japan set 1)	1983	Alpha Denshi Co.
champbasja	Champion Base Ball (Japan set 2)	1983	Alpha Denshi Co.
champbasjb	Champion Base Ball (Japan set 3)	1983	Alpha Denshi Co.
champbb2	Champion Base Ball Part-2 (set 1)	1983	Alpha Denshi Co. (Sega license)
champbb2j	Champion Base Ball Part-2 (Japan)	1983	Alpha Denshi Co.
champbwl	Championship Bowling	1989	Seta / Romstar Inc.
champbwla	Championship Bowling (location test)	1989	Seta / Romstar Inc.
champwr	Champion Wrestler (World)	1989	Taito
champwrj	Champion Wrestler (Japan)	1989	Taito
champwru	Champion Wrestler (US)	1989	Taito America
chanbara	Chanbara (Japan)	1985	Data East Corporation
chance32	Chance Thirty Two	19??	PAL System Co, Ltd.
changela	Change Lanes	1983	Taito America
changes	Changes	1982	Orca
changesa	Changes (EME license)	1982	Orca (Eastern Micro Electronics, Inc. license)
chaoshea	Chaos Heat (V2.09O 1998/10/02 17:00)	1998	Taito
chaosheaj	Chaos Heat (V2.08J 1998/09/25 17:00)	1998	Taito
charlien	Charlie Ninja	1995	Mitchell
chasehq	Chase H.Q. (World)	1988	Taito
chasehqj	Chase H.Q. (Japan)	1988	Taito
chasehqju	Chase H.Q. (Japan, upright?)	1988	Taito
chasehqu	Chase H.Q. (US)	1988	Taito America
chboxing	Champion Boxing	1984	Sega
checkman	Check Man	1982	Zilec-Zenitone
checkmanj	Check Man (Japan)	1982	Zilec-Zenitone (Jaleco license)
checkmat	Checkmate	1977	Dave Nutting Associates / Midway
cheekyms	Cheeky Mouse	1980	Universal
cheesech	Cheese Chase	1994	Art & Magic
chelnov	Atomic Runner Chelnov (World)	1988	Data East Corporation
chelnovj	Atomic Runner Chelnov (Japan)	1988	Data East Corporation
chelnovjbl	Atomic Runner Chelnov (Japan, bootleg with I8031, set 1)	1988	bootleg
chelnovjbla	Atomic Runner Chelnov (Japan, bootleg with I8031, set 2)	1988	bootleg
chelnovu	Atomic Runner Chelnov (US)	1988	Data East USA
cherry96	New Cherry '96 (ver 3.7, 1997/01/04, bootleg)	1996	bootleg
cherry96a	New Cherry '96 (ver 3.2, 1996/06/01, bootleg)	1996	bootleg
cherry98	New Cherry '98 (v4.3 1998/09/07, Gamemax bootleg, set 1)	1998	bootleg
cherry98a	New Cherry '98 (v4.3 1998/09/07, Gamemax bootleg, set 2)	1998	bootleg
chessc2	Chess Challenge II (ver. 1445A)	2002	IGS
chewheel	Cherry Wheel (Version 1.7)	200?	Assogiochi Assago
chewing	Chewing Gum	19??	<unknown>
cheyenne	Cheyenne (version 1.0)	1984	Exidy
chicgum	Chic Gum Video	1992?	<unknown>
chikij	Chiki Chiki Boys (Japan 900619)	1990	Capcom
chiller	Chiller (version 3.0)	1986	Exidy
chimerab	Chimera Beast (Japan, prototype, set 1)	1993	Jaleco
chimeraba	Chimera Beast (Japan, prototype, set 2)	1993	Jaleco
chinagat	China Gate (US)	1988	Technos Japan (Taito / Romstar license)
chinatow	China Town (Ver 1B, Dino4 HW)	1998	<unknown>
chinatwn	China Town (Japan)	1991	Data East Corporation
chinhero	Chinese Hero	1984	Taiyo System
chinhero2	Chinese Hero (older, set 1)	1984	Taiyo System
chinhero3	Chinese Hero (older, set 2)	1984	Taiyo System
chinherot	Chinese Heroe (Taito)	1984	Taiyo System (Taito license)
chinmoku	Mahjong Chinmoku no Hentai (Japan 900511)	1990	Nichibutsu
chinsan	Ganbare Chinsan Ooshoubu (MC-8123A, 317-5012)	1987	Sanritsu
chkndraw	Chicken Draw (2131-04, U5-1)	1984	Merit
chkndrawa	Chicken Draw (2131-04, U5-0)	1984	Merit
chkun	Chance Kun (Japan)	1988	Peni
chleague	Champion League (v220I, Poker)	2000	IGS
chleaguel	Champion League (v220I, Lattine)	2000	IGS
chleaguexa	Champion League (v220I, dual program, set 1)	1998	Playmark
chleaguexb	Champion League (v220I, dual program, set 2)	1998	Playmark
chmpnum	Champion Number (V0.74)	1999	<unknown>
chmpnuma	Champion Number (V0.67)	1999	<unknown>
chocomk	Musapey's Choco Marker (Rev A) (GDL-0014A)	2002	Ecole Software
chocovdr	Uchuu Daisakusen: Chocovader Contactee (Japan, CVC1 Ver.A)	2002	Namco
chokchok	Choky! Choky!	1995	SemiCom
choko	Janpai Puzzle Choukou (Japan 010820)	2001	Mitchell (Capcom license)
chokop	Janpai Puzzle Choukou (Japan 010820 Publicity)	2001	Mitchell (Capcom license)
choplift	Choplifter (8751 315-5151)	1985	Sega
chopliftbl	Choplifter (bootleg)	1985	bootleg
chopliftu	Choplifter (unprotected)	1985	Sega
chopper	Chopper I (US Ver 2)	1988	SNK
choppera	Chopper I (US Ver 1?)	1988	SNK
chopperb	Chopper I (US)	1988	SNK
chqflag	Chequered Flag	1988	Konami
chqflagj	Chequered Flag (Japan)	1988	Konami
chry10	Cherry 10 (bootleg with PIC16F84)	199?	bootleg
chryangl	Cherry Angel (set 1)	1994	bootleg (G.C.I.)
chryangla	Cherry Angel (encrypted, W-4 hardware)	1994	bootleg (G.C.I.)
chryanglb	Cherry Angel (set 2)	1994	bootleg
chrygld	Cherry Gold I (set 1)	199?	bootleg
chryglda	Cherry Gold I (set 2, encrypted bootleg)	199?	bootleg
chsuper2	Champion Super 2 (V0.13)	1999	<unknown>
chsuper3	Champion Super 3 (V0.35)	1999	<unknown>
chthree	Channel Three	199?	Promat
chukatai	Chuka Taisen (World) (P0-028-A PCB)	1988	Taito
chukataij	Chuka Taisen (Japan) (P0-028-A PCB)	1988	Taito
chukataija	Chuka Taisen (Japan) (P0-025-A PCB)	1988	Taito
chukataiu	Chuka Taisen (US) (P0-028-A PCB)	1988	Taito America
chusenoh	Chusenoh	1992	Konami
chwrestl	Champion Pro Wrestling	1985	Sega
chwy	Highway Chase (DECO Cassette) (US)	1980	Data East Corporation
ciclone	Ciclone	2000	High Video
circus	Circus / Acrobat TV	1977	Exidy / Taito
circusc	Circus Charlie (level select, set 1)	1984	Konami
circusc2	Circus Charlie (level select, set 2)	1984	Konami
circusc3	Circus Charlie (level select, set 3)	1984	Konami
circusc4	Circus Charlie (no level select)	1984	Konami
circuscc	Circus Charlie (Centuri)	1984	Konami (Centuri license)
circusce	Circus Charlie (Centuri, earlier)	1984	Konami (Centuri license)
circuso	Circus / Acrobat TV (older)	1977	Exidy / Taito
cischeat	Cisco Heat	1990	Jaleco
citalcup	Champion Italian Cup (bootleg V220IT)	199?	bootleg (SGS)
cityatta	City Attack (Petaco S.A., bootleg of Pleiads)	1981	bootleg (Petaco S.A.)
citybomb	City Bomber (World)	1987	Konami
citybombj	City Bomber (Japan)	1987	Konami
citycon	City Connection (set 1)	1985	Jaleco
citycona	City Connection (set 2)	1985	Jaleco
citylove	City Love (Japan 860908)	1986	Nichibutsu
cjddz	Chaoji Dou Dizhu (V219CN)	2004	IGS
cjddz215cn	Chaoji Dou Dizhu (V215CN)	2004	IGS
cjddz217cn	Chaoji Dou Dizhu (V217CN)	2004	IGS
cjddzlf	Chaoji Dou Dizhu Liang Fu Pai (V109CN)	2005	IGS
cjddzp	Chaoji Dou Dizhu Jiaqiang Ban (S300CN)	2004	IGS
cjddzps	Chaoji Dou Dizhu Jiaqiang Ban (S300CN) / unknown second set	200?	bootleg (WDF)
cjddzs	Chaoji Dou Dizhu (V219CN) / Chaoji Dou Dizhu Jianan Ban (V302CN)	2007	bootleg (WDF)
cjddzsa	Chaoji Dou Dizhu (V219CN) / Chaoji Dou Dizhu Jianan Ban (V405CN)	2009	bootleg (WDF)
cjdlz	Chaoji Da Lianzhuang (Version 1.1)	1999	GMS
cjsxp	Huangpai Zuqiu Plus / Chaoji Shuangxing Plus (V103CN)	2001	IGS
cjtljp	Chaoji Tuolaji Jiaqiang Ban (V206CN)	2005	IGS
ckong	Crazy Kong	1981	Kyoei / Falcon
ckongalc	Crazy Kong (Alca bootleg)	1981	bootleg (Alca)
ckongdks	Donkey Kong (Spanish bootleg of Crazy Kong)	1981	bootleg
ckongg	Crazy Kong (bootleg on Galaxian hardware)	1981	bootleg
ckonggx	Crazy Kong (bootleg on Galaxian hardware, encrypted, set 1)	1981	bootleg
ckongmc	Crazy Kong (bootleg on Moon Cresta hardware, set 1)	1981	bootleg
ckongmc2	Crazy Kong (bootleg on Moon Cresta hardware, set 2)	1981	bootleg
ckongo	Crazy Kong (Orca bootleg)	1981	bootleg (Orca)
ckongpt2	Crazy Kong Part II (set 1)	1981	Falcon
ckongpt2a	Crazy Kong Part II (set 2)	1981	Falcon
ckongpt2b	Crazy Kong Part II (alternative levels)	1981	bootleg
ckongpt2b2	Crazy Kong Part II (bootleg)	1981	bootleg
ckongpt2j	Crazy Kong Part II (Japan)	1981	Falcon
ckongpt2jeu	Crazy Kong Part II (Jeutel bootleg)	1981	bootleg (Jeutel)
ckongpt2ss	Crazy Kong (SegaSA / Sonic bootleg)	1982	bootleg (SegaSA / Sonic)
ckongs	Crazy Kong (bootleg on Scramble hardware)	1981	bootleg
clapapa	Rootin' Tootin' / La-Pa-Pa (DECO Cassette) (US)	1983	Data East Corporation
clapapa2	Rootin' Tootin' (DECO Cassette) (US)	1983	Data East Corporation
classice	Classic Edition (Version 1.6E)	2004	Amcoe
classice1	Classic Edition (Version 1.6R, set 1)	2004	Amcoe
classice2	Classic Edition (Version 1.6LT, set 1)	2004	Amcoe
classiced1	Classic Edition (Version 1.6R, set 2)	2004	Amcoe
classiced2	Classic Edition (Version 1.6LT, set 2)	2004	Amcoe
classiceo	Classic Edition (Version 1.4R)	2004	Amcoe
classicev	Classic Edition (Version 1.6E Dual)	2004	Amcoe
classicev1	Classic Edition (Version 1.6R Dual)	2004	Amcoe
classicev2	Classic Edition (Version 1.6LT Dual)	2004	Amcoe
claybust	Claybuster	1978	Model Racing
claychal	Sega Clay Challenge	2008	Sega
claypign	Clay Pigeon (version 2.0)	1986	Exidy
clayshoo	Clay Shoot	1979	Allied Leisure
clbowl	Coors Light Bowling	1989	Incredible Technologies / Capcom
cleoftp	Cleopatra Fortune Plus (GDL-0012)	2002	Altron / Taito
cleopatr	Cleopatra Fortune (Ver 2.1J 1996/09/05)	1996	Taito
cleopatro	Cleopatra Fortune (Ver 2.1O 1996/09/05, bootleg)	1996	bootleg
cliffhgr	Cliff Hanger (set 1)	1983	Stern Electronics
cliffhgra	Cliff Hanger (set 2)	1983	Stern Electronics
cll	Cuty Line Limited (ver.1.30, CLLB)	1991	Dyna / TAB Austria
clla	Cuty Line Limited (ver.1.30, CLLJ, set 1)	1991	Dyna / TAB Austria
cllb	Cuty Line Limited (ver.1.30, CLLJ, set 2)	1991	Dyna / TAB Austria
cloak	Cloak & Dagger (rev 5)	1983	Atari
cloakfr	Cloak & Dagger (French)	1983	Atari
cloakgr	Cloak & Dagger (German)	1983	Atari
cloaksp	Cloak & Dagger (Spanish)	1983	Atari
clocknch	Lock'n'Chase (DECO Cassette) (US)	1981	Data East Corporation
clocknchj	Lock'n'Chase (DECO Cassette) (Japan)	1981	Data East Corporation
cloud9	Cloud 9 (prototype)	1983	Atari
clowns	Clowns (rev. 2)	1978	Midway
clowns1	Clowns (rev. 1)	1978	Midway
clpoker	Poker Genius	1994	Chain Leisure
clshroad	Clash-Road	1986	Wood Place
clshroadd	Clash-Road (Data East license)	1986	Wood Place (Data East license)
clshroads	Clash-Road (Status license)	1986	Wood Place (Status Game Corp. license)
cltchitr	Clutch Hitter (US) (FD1094 317-0176)	1991	Sega
cltchitrd	Clutch Hitter (US) (bootleg of FD1094 317-0176 set)	1991	bootleg
cltchitrj	Clutch Hitter (Japan) (FD1094 317-0175)	1991	Sega
cltchitrjd	Clutch Hitter (Japan) (bootleg of FD1094 317-0175 set)	1991	bootleg
club90s	Mahjong CLUB 90's (set 1) (Japan 900919)	1990	Nichibutsu
club90sa	Mahjong CLUB 90's (set 2) (Japan 900919)	1990	Nichibutsu
clubcard	Club Card (ver. 1.1 English)	199?	Impera / Mega Tech
clubpacm	Pacman Club / Club Lambada (Argentina)	1989	hack (Miky SRL)
clubpacma	Pacman Club (Argentina)	1990	hack (Miky SRL)
cluckypo	Lucky Poker (DECO Cassette) (US)	1981	Data East Corporation
cluclu	Vs. Clu Clu Land	1984	Nintendo
cluedo	Cluedo (prod. 2D)	1995	JPM
cluedo2	Cluedo (prod. 2)	1995	JPM
cluedo2c	Cluedo (prod. 2C)	1995	JPM
cluedod	Cluedo (prod. 2D) (Protocol)	1995	JPM
cm1codar	Cherry Master I (ver.1.01, Spanish, CODERE, set 1)	1991	CODERE Argentina
cm1codara	Cherry Master I (ver.1.01, Spanish, CODERE, set 2)	1991	CODERE Argentina
cm1codarb	Cherry Master I (ver.1.01, Spanish, CODERE, set 3)	1991	CODERE Argentina
cm1spa	Cherry Master I (ver.1.01, Spanish, Dyna)	1991	Dyna
cmanhat	Manhattan (DECO Cassette) (Japan)	1981	Data East Corporation
cmast91	Cherry Master '91 (ver.1.30)	1991	Dyna
cmast97	Cherry Master '97 (V1.7, set 1)	1996	Dyna
cmast97a	Cherry Master '97 (V1.7, set 2, no girls)	1997	Dyna
cmast97b	Cherry Master '97 (V1.7, set 3, no girls)	1996	Dyna
cmast97bl16	Cherry Master '97 (v1.6, bootleg)	1997	bootleg
cmast97bl18	Cherry Master '97 (v1.8, bootleg)	1997	bootleg
cmast97i	Cheri Mondo '97 (V1.4I)	1996	Dyna
cmaster	Cherry Master I (ver.1.01, set 1)	1991	Dyna
cmasterb	Cherry Master I (ver.1.01, set 2)	1991	Dyna
cmasterbv	Cherry Master I (ver.1.01, set 4, with Blitz Poker ROM?)	1991	Dyna
cmasterc	Cherry Master I (ver.1.01, set 3)	1991	Dyna
cmasterd	Cherry Master I (ver.1.01, set 5)	1991	Dyna
cmastere	Cherry Master I (ver.1.01, set 6)	1991	Dyna
cmasterf	Cherry Master I (ver.1.01, set 7)	1991	Dyna
cmasterg	Cherry Master I (ver.1.01, set 8, V4-B-)	1991	Dyna
cmasterh	Cherry Master I (ver.1.10)	1991	Dyna
cmasteri	Cherry Master I (ver.1.01, set 9)	1991	Dyna
cmasterj	Cherry Master I (ver.1.01, set 10, BET stops all)	1991	Dyna
cmasterk	Cherry Master I (ver.1.01, set 11, TAKE stops all)	1991	Dyna
cmasterl	Cherry Master I (ver.1.01, set 12)	1991	Dyna
cmasterm	Cherry Master I (ver.1.01, set 13, BET stops all)	1991	Dyna
cmastern	Cherry Master I (ver.1.01, set 14, TAKE stops all)	1991	Dyna
cmasteroid	Asteroids 1981 (Tetris + Cherry Master with space graphics)	1992	bootleg (Aidonis Games)
cmehyou	Mahjong Circuit no Mehyou (Japan)	1992	Nichibutsu / Kawakusu
cmezspin	Cherry Master I (E-Z Spin bootleg / hack)	1991	Dyna
cmezspina	Cherry Master I (E-Z Spin Hands Count bootleg / hack, set 1)	199?	bootleg
cmezspinb	Cherry Master I (E-Z Spin Hands Count bootleg / hack, set 2)	199?	bootleg
cmfb55	Cherry Master (bootleg, Game FB55 Ver.2)	199?	bootleg
cmfun	Cherry Master (Fun USA v2.5 bootleg / hack)	1995	Dyna
cmissnx	Mission-X (DECO Cassette) (US)	1982	Data East Corporation
cmpacman	Super Pacman (v1.2) + Cherry Master (Corsica, v8.31, unencrypted, set 1)	198?	<unknown>
cmpacmana	Super Pacman (v1.2) + Cherry Master (Corsica, v8.31, unencrypted, set 2)	198?	<unknown>
cmpacmanb	Super Pacman (v1.2) + Cherry Master (Corsica, v8.31, encrypted)	198?	<unknown>
cmpap	Cherry Master (ED-98, Pick-A-Party)	198?	Pick-A-Party Brazil
cmpmx10	Classic Max Pocket Mx-10 - 12 in 1 (vertical)	2007	Jungle Soft
cmpmx11	Classic Max Pocket PCMX11 - 12 in 1 Colour Games Console (horizontal, France)	2007	Jungle Soft (Premier Portfolio International license)
cmtetris	Tetris + Cherry Master (Corsica, v8.01, unencrypted, set 1)	198?	<unknown>
cmtetrisa	Tetris + Cherry Master (Corsica, v8.01, unencrypted, set 2)	198?	<unknown>
cmtetrisc	Tetris + Cherry Master (Corsica, v8.01, encrypted)	198?	<unknown>
cmtetrisd	Tetris + Cherry Master (Aidonis Games bootleg)	198?	bootleg (Aidonis Games)
cmtetrise	Tetris + Cherry Master (unencrypted bootleg, set 1)	198?	bootleg
cmtetrisf	Tetris + Cherry Master (unencrypted bootleg, set 2)	198?	bootleg
cmv4	Cherry Master (ver.4, set 1)	1992	Dyna
cmv4a	Cherry Master (ver.4, set 2)	1992	Dyna
cmv4zg	Cherry Bonus III (Ziogas V4.1 hack, set 1)	1991	hack
cmv4zga	Cherry Bonus III (Ziogas V4.1 hack, set 2)	1991	hack
cmv801	Cherry Master (ED-96, Corsica CM v8.01)	198?	Corsica
cmv823	Cherry Master (ED-96, Corsica CM v8.23)	198?	Corsica
cmwm	Cherry Master (Watermelon bootleg / hack)	199?	Dyna
cndypuzl	Candy Puzzle (v1.0)	1995	CD Express
cnebula	Nebula (DECO Cassette) (UK)	1981	Data East Corporation
cnightst	Night Star (DECO Cassette) (US) (set 1)	1983	Data East Corporation
cnightst2	Night Star (DECO Cassette) (US) (set 2)	1983	Data East Corporation
cninja	Caveman Ninja (World ver 4)	1991	Data East Corporation
cninja1	Caveman Ninja (World ver 1)	1991	Data East Corporation
cninjabl	Caveman Ninja (bootleg)	1991	bootleg
cninjabl2	Tatakae Genshizin Joe & Mac (Japan, bootleg)	1991	bootleg
cninjau	Caveman Ninja (US ver 4)	1991	Data East Corporation
cntrygrl	Country Girl (Japan set 1)	1984	Royal Denshi
cntrygrla	Country Girl (Japan set 2)	1984	Nichibutsu
cobra	Cobra Command (Data East LD, set 1)	1984	Data East
cobracom	Cobra-Command (World/US revision 5)	1988	Data East Corporation
cobracoma	Cobra-Command (World/US revision 4)	1988	Data East Corporation
cobracomb	Cobra-Command (World/US)	1988	Data East Corporation
cobracomj	Cobra-Command (Japan)	1988	Data East Corporation
cobracomjb	Cobra-Command (Japan, bootleg)	1988	bootleg
cobram3	Cobra Command (M.A.C.H. 3 hardware, set 1)	1984	Data East
cobram3a	Cobra Command (M.A.C.H. 3 hardware, set 2)	1984	Data East
cocean1a	Ocean to Ocean (Medal) (DECO Cassette MD) (No.10/Ver.1,Japan)	1981	Data East Corporation
cocean6b	Ocean to Ocean (Medal) (DECO Cassette MD) (No.10/Ver.6,US)	1981	Data East Corporation
cocoloco	Coco Loco (set 1)	1981	Petaco S.A.
cocolocoa	Coco Loco (set 2)	1981	Recel S.A.
cocolocob	Coco Loco (set 3)	1981	Petaco S.A.
codemagik	Code Magik (Ver 5.5) / Super 7 (stealth game)	198?	Voyageur de L'Espace Inc.
coh1000a	Acclaim ZN-1	1995	Acclaim
coh1000c	Capcom ZN-1	1995	Capcom
coh1000t	Taito FX-1	1995	Taito
coh1000w	Time Warner ZN-1	1995	Atari
coh1001l	Atlus ZN-1	1995	Atlus
coh1002e	Eighting / Raizing ZN-1	1996	Eighting / Raizing
coh1002m	Tecmo TPS System	1997	Tecmo
coh1002t	Taito G NET (COH-1002T)	1999	Taito
coh1002v	Video System ZN-1	1996	Video System Co.
coh3002c	Capcom ZN-2	1997	Capcom
coh3002t	Taito G NET (COH-3002T)	1998	Taito
colision	Colision (bootleg of Head On)	1979	bootleg (ASSA)
colmns97	Columns '97 (JET 961209 V1.000)	1996	Sega
colony7	Colony 7 (set 1)	1981	Taito
colony7a	Colony 7 (set 2)	1981	Taito
colt	Colt (bootleg of N.Y. Captor)	1986	bootleg
column2j	Columns II: The Voyage Through Time (Japan)	1990	Sega
columns	Columns (World)	1990	Sega
columns2	Columns II: The Voyage Through Time (World)	1990	Sega
columnsj	Columns (Japan)	1990	Sega
columnsu	Columns (US, cocktail, Rev A)	1990	Sega
combat	Combat (version 3.0)	1985	Exidy
combatsc	Combat School (joystick)	1988	Konami
combatscb	Combat School (bootleg)	1988	bootleg (Datsu)
combatscj	Combat School (Japan trackball)	1987	Konami
combatsct	Combat School (trackball)	1987	Konami
combh	Combat Hawk	1987	Sanritsu / Sega
comg074	Cal Omega - Game 7.4 (Gaming Poker, W.Export)	1981	Cal Omega Inc.
comg076	Cal Omega - Game 7.6 (Arcade Poker)	1981	Cal Omega Inc.
comg079	Cal Omega - Game 7.9 (Arcade Poker)	1981	Cal Omega Inc.
comg079b	Cal Omega - Game 7.9b (Arcade Poker, bootleg?)	1981	Cal Omega Inc.
comg080	Cal Omega - Game 8.0 (Arcade Black Jack)	1981	Cal Omega Inc.
comg094	Cal Omega - Game 9.4 (Keno)	1981	Cal Omega Inc.
comg107	Cal Omega - Game 10.7c (Big Game)	1982	Cal Omega Inc.
comg125	Cal Omega - Game 12.5 (Bingo)	1982	Cal Omega Inc.
comg127	Cal Omega - Game 12.7 (Keno)	1982	Cal Omega Inc.
comg128	Cal Omega - Game 12.8 (Arcade Game)	1982	Cal Omega Inc.
comg134	Cal Omega - Game 13.4 (Nudge)	1982	Cal Omega Inc.
comg145	Cal Omega - Game 14.5 (Pixels)	1982	Cal Omega Inc.
comg157	Cal Omega - Game 15.7 (Double-Draw Poker)	1983	Cal Omega Inc.
comg159	Cal Omega - Game 15.9 (Wild Double-Up)	1983	Cal Omega Inc.
comg168	Cal Omega - Game 16.8 (Keno)	1983	Cal Omega Inc.
comg170	Cal Omega - Game 17.0 (Amusement Poker)	1983	Cal Omega Inc.
comg172	Cal Omega - Game 17.2 (Double Double Poker)	1983	Cal Omega Inc.
comg175	Cal Omega - Game 17.51 (Gaming Draw Poker, Sch 07-0T)	1984	Cal Omega / Casino Electronics Inc.
comg176	Cal Omega - Game 17.6 (Nudge)	1982	Cal Omega Inc.
comg181	Cal Omega - Game 18.1 (Nudge)	1982	Cal Omega Inc.
comg183	Cal Omega - Game 18.3 (Pixels)	1983	Cal Omega Inc.
comg184	Cal Omega - Game 18.4 (Pixels)	1983	Cal Omega Inc.
comg185	Cal Omega - Game 18.5 (Pixels)	1983	Cal Omega Inc.
comg186	Cal Omega - Game 18.6 (Pixels)	1983	Cal Omega Inc.
comg204	Cal Omega - Game 20.4 (Super Blackjack)	1984	Cal Omega Inc.
comg208	Cal Omega - Game 20.8 (Winner's Choice)	1984	Cal Omega Inc.
comg236	Cal Omega - Game 23.6 (Hotline)	1984	Cal Omega Inc.
comg239	Cal Omega - Game 23.9 (Gaming Draw Poker)	1985	Cal Omega / Casino Electronics Inc.
comg240	Cal Omega - Game 24.0 (Gaming Draw Poker, hold)	1985	Cal Omega / Casino Electronics Inc.
comg246	Cal Omega - Game 24.6 (Hotline)	1985	Cal Omega Inc.
comg272a	Cal Omega - Game 27.2 (Keno, amusement)	1985	Cal Omega Inc.
comg272b	Cal Omega - Game 27.2 (Keno, gaming)	1985	Cal Omega Inc.
comg5107	CEI 51.07 (CEI 906-III Poker, Schedule 05F)	1988	Casino Electronics Inc.
comg5108	CEI 51.08 (CEI 906-III Poker, Schedule 05F)	1988	Casino Electronics Inc.
comg5108a	CEI 51.08 (CEI 906-III Poker, Schedule 09F)	1988	Casino Electronics Inc.
comg5108b	CEI 51.08 (CEI 906-III Poker, Schedule 21F)	1988	Casino Electronics Inc.
comg6004	CEI 60.04 (CEI 906-III Poker, Schedule 09F)	1989	Casino Electronics Inc.
commando	Commando (World)	1985	Capcom
commandob	Commando (bootleg set 1)	1985	bootleg
commandob2	Commando (bootleg set 2)	1985	bootleg
commandob3	Commando (bootleg set 3)	1985	bootleg
commandoj	Senjou no Ookami (Japan)	1985	Capcom
commandou	Commando (US set 1)	1985	Capcom (Data East USA license)
commandou2	Commando (US set 2)	1985	Capcom (Data East USA license)
commandw	Command War - Super Special Battle & War Game (Ver 0.0J, prototype)	1992	Taito
commsega	Commando (Sega)	1983	Sega
comotion	CoMotion	1976	Gremlin
comotionp	CoMotion (patent)	1976	Gremlin
compgolf	Competition Golf Final Round (World?, revision 3)	1986	Data East Corporation
compgolfo	Competition Golf Final Round (Japan, old version)	1985	Data East Corporation
complexx	Complex X	1984	Taito America
condor	Condor (Sidam bootleg of Phoenix)	1981	bootleg (Sidam)
condorn	Condor (S C Novar bootleg of Phoenix)	1981	bootleg (S C Novar)
condorva	Condor (Valadon Automation bootleg of Phoenix)	1980	bootleg (Valadon Automation)
confmiss	Confidential Mission (GDS-0001)	2000	Sega
congo	Congo Bongo (Rev C, 2 board stack)	1983	Sega
congoa	Congo Bongo (Rev C, 3 board stack)	1983	Sega
conquest	Conquest (prototype)	1982	Williams / Vid Kidz
contcirc	Continental Circus (World)	1987	Taito
contcircj	Continental Circus (Japan)	1987	Taito
contcircu	Continental Circus (US set 1)	1987	Taito America
contcircua	Continental Circus (US set 2)	1987	Taito America
contra	Contra (US / Asia, set 1)	1987	Konami
contra1	Contra (US / Asia, set 2)	1987	Konami
contrab	Contra (bootleg)	1987	bootleg
contrabj	Contra (Japan bootleg, set 1)	1987	bootleg
contrabj1	Contra (Japan bootleg, set 2)	1987	bootleg
contrae	Contra (US / Asia, set 3)	1987	Konami
contraj	Contra (Japan, set 1)	1987	Konami
contraj1	Contra (Japan, set 2)	1987	Konami
contrambc	Contra (Conny bootleg of Mega Drive version)	1995	bootleg (Conny / Chuangyi)
cookbib	Cookie & Bibi (set 1)	1995	SemiCom
cookbib2	Cookie & Bibi 2 (English, set 1)	1996	SemiCom
cookbib2a	Cookie & Bibi 2 (English, set 2)	1996	SemiCom
cookbib2b	Cookie & Bibi 2 (English, set 3)	1996	SemiCom
cookbib2c	Cookie & Bibi 2 (English / Korean)	1996	SemiCom
cookbib3	Cookie & Bibi 3	1997	SemiCom
cookbiba	Cookie & Bibi (set 2)	1995	SemiCom
cookrace	Cook Race	1982	bootleg
coolmini	Cool Minigame Collection	1999	SemiCom
coolminii	Cool Minigame Collection (Italy)	1999	SemiCom
coolpool	Cool Pool	1992	Catalina
coolridr	Cool Riders	1995	Sega
coozumou	Oozumou - The Grand Sumo (DECO Cassette) (Japan)	1984	Data East Corporation
cop01	Cop 01 (set 1)	1985	Nichibutsu
cop01a	Cop 01 (set 2)	1985	Nichibutsu
copsnrob	Cops'n Robbers	1976	Atari
coralr2	Coral Riches II (1VXFC5472, New Zealand)	2000	Aristocrat
coronatn	Coronation Street Quiz Game	1999	JPM
coronatnd	Coronation Street Quiz Game (Protocol)	1999	JPM
cosmccop	Cosmic Cop (World)	1991	Irem
cosmica	Cosmic Alien (version II, set 1)	1979	Universal
cosmica1	Cosmic Alien (first version)	1979	Universal
cosmica22	Cosmic Alien (version II, set 2)	1979	Universal
cosmica23	Cosmic Alien (version II, set 3)	1979	Universal
cosmica2a	Cosmic Alien (early version II?)	1979	Universal
cosmicbat	Cosmic Battle (Recreativos Franco bootleg of Space Invaders)	1979	bootleg (Recreativos Franco)
cosmicg	Cosmic Guerilla	1979	Universal
cosmicgi	Cosmic Guerilla (Spanish bootleg)	1979	bootleg (Inder)
cosmicin	Cosmic Invaders (bootleg of Space Invaders)	1978	bootleg
cosmicm2	Cosmic Monsters 2	1979	bootleg (Universal)
cosmicmo	Cosmic Monsters (version II)	1979	bootleg (Universal)
cosmo	Cosmo	1979	TDS & MINTS
cosmogng	Cosmo Gang the Video (US)	1991	Namco
cosmogngj	Cosmo Gang the Video (Japan)	1991	Namco
cosmos	Cosmos	1981	Century Electronics
cothello	Computer Othello	1978	Nintendo
cots	Creatures of the Sea (20050328 USA 6.3)	2005	ECM
cotton	Cotton (set 4, World) (FD1094 317-0181a)	1991	Success / Sega
cotton2	Cotton 2 (JUET 970902 V1.000)	1997	Success
cottonbm	Cotton Boomerang (JUET 980709 V1.000)	1998	Success
cottond	Cotton (set 4, World) (bootleg of FD1094 317-0181a set)	1991	bootleg
cottong	Cotocoto Cottong	1982	bootleg
cottonj	Cotton (set 2, Japan, Rev B) (FD1094 317-0179b)	1991	Success / Sega
cottonja	Cotton (set 1, Japan, Rev A) (FD1094 317-0179a)	1991	Success / Sega
cottonjad	Cotton (set 1, Japan, Rev A) (bootleg of FD1094 317-0179a set)	1991	bootleg
cottonjd	Cotton (set 2, Japan, Rev B) (bootleg of FD1094 317-0179b set)	1991	bootleg
cottonu	Cotton (set 3, US) (FD1094 317-0180)	1991	Success / Sega
cottonud	Cotton (set 3, US) (bootleg of FD1094 317-0180 set)	1991	bootleg
countrun	Counter Run (NS6201-A 1988.3)	1988	Nihon System (Sega license)
countrunb	Counter Run (bootleg set 1)	1988	bootleg
countrunb3	Counter Run (bootleg set 3)	1988	bootleg
countryc	Country Club	1988	SNK
couple	The Couples (set 1)	1988	bootleg
couplei	The Couples (set 3)	1988	bootleg
couplep	The Couples (set 2)	1988	bootleg
cpoker	Champion Poker (v220I)	1993?	IGS
cpoker101	Champion Poker (v101)	1993	IGS
cpoker2	Champion Poker 2 (V100A)	2000?	IGS
cpoker201f	Champion Poker (v201F)	1993	IGS
cpoker300us	Champion Poker (v300US)	1993	IGS
cpokerpk	Champion Italian PK (bootleg, blue board)	199?	bootleg (SGS)
cpokerpkg	Champion Italian PK (bootleg, green board)	199?	bootleg (SGS)
cpokert	Champion Poker (v200G)	1993?	IGS (Tuning license)
cpokerx	Champion Poker (v100)	1993	IGS
cppicf	Peter Pepper's Ice Cream Factory (DECO Cassette) (US) (set 1)	1984	Data East Corporation
cppicf2	Peter Pepper's Ice Cream Factory (DECO Cassette) (US) (set 2)	1984	Data East Corporation
cprobowl	Pro Bowling (DECO Cassette) (US)	1983	Data East Corporation
cprogolf	Tournament Pro Golf (DECO Cassette) (US)	1981	Data East Corporation
cprogolf18	18 Challenge Pro Golf (DECO Cassette) (Japan)	1982	Data East Corporation
cprogolfj	Tournament Pro Golf (DECO Cassette) (Japan)	1981	Data East Corporation
cps1mult	CPS1 Multi Game	20??	bootleg
cps3boot	CPS3 Multi-game bootleg for HD6417095 type SH2 (V4)	1999	bootleg
cps3boota	CPS3 Multi-game bootleg for dead security cart (V5)	1999	bootleg
cps3bootao	CPS3 Multi-game bootleg for dead security cart (older)	1999	bootleg
cps3bootao2	CPS3 Multi-game bootleg for dead security cart (oldest) (New Generation, 2nd Impact and 3rd Strike only)	1999	bootleg
cps3booto	CPS3 Multi-game bootleg for HD6417095 type SH2 (older)	1999	bootleg
cps3booto2	CPS3 Multi-game bootleg for HD6417095 type SH2 (oldest) (New Generation, 3rd Strike, JoJo's Venture, JoJo's Bizarre Adventure and Red Earth only)	1999	bootleg
cps3bs32	Street Fighter III 2nd Impact: Giant Attack (USA 970930, bootleg for HD6417095 type SH2, V3)	1999	bootleg
cps3bs32a	Street Fighter III 2nd Impact: Giant Attack (USA 970930, bootleg for HD6417095 type SH2, older)	1999	bootleg
cpsoccer	Pro Soccer (DECO Cassette) (US)	1983	Data East Corporation
cpsoccerj	Pro Soccer (DECO Cassette) (Japan)	1983	Data East Corporation
cptennis	Pro Tennis (DECO Cassette) (US)	1982	Data East Corporation
cptennisj	Pro Tennis (DECO Cassette) (Japan)	1982	Data East Corporation
cptshark	Captain Shark (Ver. CS.01.6, Apr 21 2006)	2006	Astro Corp. / American Alpha
cracksht	Crackshot (version 2.0)	1985	Exidy
crash	Crash (set 1)	1979	Exidy
crasha	Crash (set 2)	1979	Exidy
crashrd	Crash Road (bootleg of Space Chaser)	1979	bootleg (Centromatic)
crater	Crater Raider	1984	Bally Midway
crazyblk	Crazy Blocks	1983	Sanritsu / Kiwako (ECI license)
crazybon	Crazy Bonus 2002 (Ver. 1, Sang-Ho HW, set 1)	1997	bootleg (Crazy Co.)
crazybona	Crazy Bonus 2002 (Ver. 1, Sang-Ho HW, set 2)	1997	bootleg (Crazy Co.)
crazybonb	Crazy Bonus 2002 (Ver. 1, dual game)	1997	bootleg (TV Games)
crazycop	Crazy Cop (Japan)	1988	Konami
crazyfgt	Crazy Fight	1996	Subsino
crazym	Crazy Mazey	1982	bootleg (Game-A-Tron)
crazywar	Crazy War	2002	Eolith
crbaloon	Crazy Balloon (set 1)	1980	Taito
crbaloon2	Crazy Balloon (set 2)	1980	Taito
crgolf	Crowns Golf (834-5419-04)	1984	Nasco Japan
crgolfa	Crowns Golf (834-5419-03)	1984	Nasco Japan
crgolfb	Crowns Golf (set 3)	1984	Nasco Japan
crgolfbt	Champion Golf (bootleg)	1984	bootleg
crgolfc	Champion Golf	1984	Nasco Japan
crgolfhi	Crowns Golf in Hawaii	1985	Nasco Japan
crimec	Crime City (World)	1989	Taito
crimecj	Crime City (Japan)	1989	Taito
crimecu	Crime City (US)	1989	Taito America
crimfght	Crime Fighters (World 2 players)	1989	Konami
crimfghtj	Crime Fighters (Japan 2 Players)	1989	Konami
crimfghtu	Crime Fighters (US 4 Players)	1989	Konami
critcrsh	Critter Crusher (EA 951204 V1.000)	1995	Sega
crkdown	Crack Down (World, Floppy Based, FD1094 317-0058-04c)	1989	Sega
crkdownj	Crack Down (Japan, Floppy Based, FD1094 317-0058-04b Rev A)	1989	Sega
crkdownu	Crack Down (US, Floppy Based, FD1094 317-0058-04d)	1989	Sega
crockman	Crock-Man	1980	bootleg (Rene Pierre)
crockmnf	Crock-Man (Marti Colls bootleg of Rene Pierre Crock-Man)	1980	bootleg (Marti Colls)
croquis	Croquis (Korea)	1996	Deniam
croquisg	Croquis (Germany)	1996	Deniam
crospang	Cross Pang	1998	F2 System
crossbld	Cross Blades! (Japan)	1991	Irem
crossbow	Crossbow (version 2.0)	1983	Exidy
croupier	Croupier (Playmark Roulette v.20.05)	1997	Playmark
croupiera	Croupier (Playmark Roulette v.09.04)	1997	Playmark
crsbingo	Poker Carnival	1991	Subsino
crshrace	Lethal Crash Race / Bakuretsu Crash Race (set 1)	1993	Video System Co.
crshrace2	Lethal Crash Race / Bakuretsu Crash Race (set 2)	1993	Video System Co.
crshrace2a	Lethal Crash Race / Bakuretsu Crash Race (set 2, alternate sound ROM)	1993	Video System Co.
crswd2bl	Crossed Swords 2 (bootleg of CD version)	1996	bootleg (Razoola)
crsword	Crossed Swords (ALM-002 ~ ALH-002)	1991	Alpha Denshi Co.
crszone	Crisis Zone (World, CSZO4 Ver. B)	1999	Namco
crszonev2b	Crisis Zone (World, CSZO2 Ver. B)	1999	Namco
crszonev3a	Crisis Zone (US, CSZO3 Ver. A)	1999	Namco
crszonev3b	Crisis Zone (US, CSZO3 Ver. B, set 1)	1999	Namco
crszonev3b2	Crisis Zone (US, CSZO3 Ver. B, set 2)	1999	Namco
crszonev4a	Crisis Zone (World, CSZO4 Ver. A)	1999	Namco
cruisin	Cruisin	1985	Jaleco (Kitkorp license)
cruisin5	Cruisin 5: Cruise Back	2023	Abyss
crush	Crush Roller (set 1)	1981	Alpha Denshi Co. / Kural Samno Electric, Ltd.
crush2	Crush Roller (set 2)	1981	Alpha Denshi Co. / Kural Esco Electric, Ltd.
crush3	Crush Roller (set 3)	1981	Alpha Denshi Co. / Kural Electric, Ltd.
crush4	Crush Roller (set 4)	1981	Alpha Denshi Co. / Kural Electric, Ltd.
crush5	Crush Roller (set 5)	1981	Alpha Denshi Co. / Kural TWT
crushbl	Crush Roller (bootleg, set 1)	1981	bootleg
crushbl2	Crush Roller (bootleg, set 2)	1981	bootleg
crushbl3	Crush Roller (bootleg, set 3)	1981	bootleg
crusherm	Crusher Makochan (Japan)	1999	Takumi
crushrlf	Crush Roller (Famare SA PCB)	1981	bootleg
crushs	Crush Roller (bootleg, set 4)	1981	bootleg (Sidam)
crusnusa	Cruis'n USA (v4.5)	1994	Midway
crusnusa11	Cruis'n USA (v1.1)	1994	Midway
crusnusa20	Cruis'n USA (v2.0)	1994	Midway
crusnusa21	Cruis'n USA (v2.1)	1994	Midway
crusnusa40	Cruis'n USA (v4.0)	1994	Midway
crusnusa41	Cruis'n USA (v4.1)	1994	Midway
crusnusa44	Cruis'n USA (v4.4)	1994	Midway
crusnwld	Cruis'n World (v2.5)	1996	Midway
crusnwld13	Cruis'n World (v1.3)	1996	Midway
crusnwld17	Cruis'n World (v1.7)	1996	Midway
crusnwld19	Cruis'n World (v1.9)	1996	Midway
crusnwld20	Cruis'n World (v2.0)	1996	Midway
crusnwld23	Cruis'n World (v2.3)	1996	Midway
crusnwld24	Cruis'n World (v2.4)	1996	Midway
cryptklr	Crypt Killer (GQ420 UAA)	1995	Konami
crysbios	Crystal System BIOS	2001	BrezzaSoft
crysking	The Crystal of Kings	2001	BrezzaSoft
crystal	Crystal Colours (CMC hardware)	1998	J.C.D. srl
crystal2	Crystal Gal 2 (Japan 860620)	1986	Nichibutsu
crystalc	Crystals Colours (Ver 1.02)	1998	JCD
crystalca	Crystals Colours (Ver 1.01)	1998	JCD
crystalg	Crystal Gal (Japan 860512)	1986	Nichibutsu
crzcircus	Crazy Circus (Ver. US.01.7)	2007	Astro Corp.
crzcross	Crazy Cross (ver EAA)	1994	Konami
crzrally	Crazy Rally (set 1)	1985	Tecfri
crzrallya	Crazy Rally (set 2)	1985	Tecfri
crzrallyg	Crazy Rally (Gecas license)	1985	Tecfri (Gecas license)
crzrallyrf	Crazy Rally (Recreativos Franco license)	1985	Tecfri (Recreativos Franco license)
crzybugs	Crazy Bugs (V204US)	2009	IGS
crzybugs103jp	Crazy Bugs (V103JP)	2007	IGS
crzybugs200us	Crazy Bugs (V200US)	2005	IGS
crzybugs202us	Crazy Bugs (V202US)	2006	IGS
crzytaxi	Crazy Taxi	1999	Sega
csclub	Capcom Sports Club (Europe 971017)	1997	Capcom
csclub1	Capcom Sports Club (Europe 970722)	1997	Capcom
csclub1d	Capcom Sports Club (Europe 970722 Phoenix Edition) (bootleg)	1997	bootleg
cscluba	Capcom Sports Club (Asia 970722)	1997	Capcom
csclubh	Capcom Sports Club (Hispanic 970722)	1997	Capcom
csclubj	Capcom Sports Club (Japan 970722)	1997	Capcom
csclubjy	Capcom Sports Club (Japan 970722, yellow case)	1997	Capcom
cscrtry	Scrum Try (DECO Cassette) (US) (set 1)	1984	Data East Corporation
cscrtry2	Scrum Try (DECO Cassette) (US) (set 2)	1984	Data East Corporation
csdaruma	Crayon Shin-chan no Daruma Otoshi da Zo	1998	Banpresto
csdtenis	Super Doubles Tennis (DECO Cassette) (Japan)	1983	Data East Corporation
cshift	Chicken Shift (11/23/84)	1984	Bally/Sente
csilver	Captain Silver (World)	1987	Data East Corporation
csilverj	Captain Silver (Japan, revision 2)	1987	Data East Corporation
csilverja	Captain Silver (Japan, revision 1)	1987	Data East Corporation
csk227it	Champion Skill (with Ability)	198?	IGS
csk234it	Champion Skill (Ability, Poker & Symbols)	198?	IGS
cskater	Skater (DECO Cassette) (Japan)	1983	Data East Corporation
csmash	Cosmic Smash (Rev A)	2000	Sega
csmasho	Cosmic Smash	2000	Sega
cspike	Cannon Spike / Gun Spike	2000	Psikyo / Capcom
csprint	Championship Sprint (rev 3)	1986	Atari Games
csprint1	Championship Sprint (rev 1)	1986	Atari Games
csprint2	Championship Sprint (rev 2)	1986	Atari Games
csprintf	Championship Sprint (French)	1986	Atari Games
csprintg	Championship Sprint (German, rev 2)	1986	Atari Games
csprintg1	Championship Sprint (German, rev 1)	1986	Atari Games
csprints	Championship Sprint (Spanish, rev 2)	1986	Atari Games
csprints1	Championship Sprint (Spanish, rev 1)	1986	Atari Games
cstlevna	Vs. Castlevania	1987	Konami
csuperas	Super Astro Fighter (DECO Cassette) (US)	1981	Data East Corporation
csweetht	Sweet Heart (DECO Cassette) (US)	1982	Data East Corporation
ct2k3sa	Crouching Tiger Hidden Dragon 2003 Super Plus (hack of The King of Fighters 2001, alternate)	2003	bootleg (Phenixsoft)
ct2k3sp	Crouching Tiger Hidden Dragon 2003 Super Plus (hack of The King of Fighters 2001)	2003	bootleg (Phenixsoft)
ctainv	CTA Invader	19??	bootleg (CTA Corporation)
cterrani	Terranean (DECO Cassette) (US)	1981	Data East Corporation
cthd2003	Crouching Tiger Hidden Dragon 2003 (hack of The King of Fighters 2001)	2003	bootleg (Phenixsoft)
ctisland	Treasure Island (DECO Cassette) (US) (set 1)	1981	Data East Corporation
ctisland2	Treasure Island (DECO Cassette) (US) (set 2)	1981	Data East Corporation
ctisland3	Treasure Island (DECO Cassette) (Europe?)	1981	Data East Corporation
ctomaday	Captain Tomaday	1999	Visco
ctornado	Tornado (DECO Cassette) (US)	1982	Data East Corporation
ctower	The Tower (DECO Cassette) (Europe)	1981	Data East Corporation
ctribe	The Combatribes (US, rev 2, set 1)	1990	Technos Japan
ctribeb	The Combatribes (bootleg set 1)	1990	bootleg
ctribeb2	The Combatribes (bootleg set 2)	1990	bootleg
ctribej	The Combatribes (Japan, rev 2)	1990	Technos Japan
ctribeu1	The Combatribes (US, rev 1)	1990	Technos Japan
ctribeua	The Combatribes (US, rev 2, set 2)	1990	Technos Japan
ctrpllrp	Caterpillar Pacman Hack	1982	hack
cubeqst	Cube Quest (01/04/84)	1983	Simutrek
cubeqsta	Cube Quest (12/30/83)	1983	Simutrek
cubo	Cubo BIOS	1993	Commodore
cubybop	Cuby Bop (Japan, location test)	199?	Hot-B
cuebrick	Cue Brick (World, version D)	1989	Konami
cuebrickj	Cue Brick (Japan)	1989	Konami
cultures	Jibun wo Migaku Culture School Mahjong Hen	1994	Face
cuncino	Capitan Uncino (High Video, version 2)	2000	High Video
cuoreuno	Cuore 1 (Italian, set 1)	1996	C.M.C.
cuoreunoa	Cuore 1 (Italian, set 2)	1996	C.M.C.
cuoreunob	Cuore 1 (Italian, set 3)	1996	C.M.C.
cuoreunoc	Cuore 1 (Italian, set 4)	1996	C.M.C.
cuoreunod	Cuore 1 (Italian, set 5)	1996	C.M.C.
cuoreunoe	Cuore 1 (Italian, set 6)	1996	C.M.C.
cuoreunof	Cuore 1 (Italian, set 7)	1996	bootleg
cupfinal	Taito Cup Finals (Ver 1.0O 1993/02/28)	1993	Taito
cupsoc	Seibu Cup Soccer (set 1)	1992	Seibu Kaihatsu
cupsocsb	Seibu Cup Soccer :Selection: (bootleg, set 1)	1992	bootleg
cupsocsb2	Seibu Cup Soccer :Selection: (bootleg, set 2)	1992	bootleg
cupsocsb3	Seibu Cup Soccer :Selection: (bootleg, set 3)	1992	bootleg
cupsocsb4	Seibu Cup Soccer :Selection: (bootleg, set 4)	1992	bootleg
cupsocsb5	Seibu Cup Soccer :Selection: (bootleg, set 5)	1992	bootleg
curvebal	Curve Ball	1984	Mylstar
cutefght	Cute Fighter	1998	SemiCom
cutieq	Cutie Q	1979	Namco
cutyline	Cuty Line (LC-88, ver.1.01)	1991	Dyna
cvs2	Capcom Vs. SNK 2: Mark Of The Millennium 2001 (USA) (GDL-0008)	2001	Capcom / SNK
cvs2mf	Capcom Vs. SNK 2: Millionaire Fighting 2001 (Japan, Rev A) (GDL-0007A)	2001	Capcom / SNK
cworld	Capcom World (Japan)	1989	Capcom
cworld2j	Adventure Quiz Capcom World 2 (Japan 920611)	1992	Capcom
cworld2ja	Adventure Quiz Capcom World 2 (Japan 920611, B-Board 90629B-3, no battery)	1992	Capcom
cworld2jb	Adventure Quiz Capcom World 2 (Japan 920611, B-Board 91634B-2)	1992	Capcom
cybattlr	Cybattler	1993	Jaleco
cyberbal	Cyberball (rev 4)	1988	Atari Games
cyberbal1	Cyberball (rev 1)	1988	Atari Games
cyberbal2	Cyberball (rev 2)	1988	Atari Games
cyberbal2p	Cyberball 2072 (2 player, rev 4)	1989	Atari Games
cyberbal2p1	Cyberball 2072 (2 player, rev 1)	1989	Atari Games
cyberbal2p2	Cyberball 2072 (2 player, rev 2)	1989	Atari Games
cyberbal2p3	Cyberball 2072 (2 player, rev 3)	1989	Atari Games
cyberbalp	Cyberball (prototype)	1988	Atari Games
cyberbalt	Tournament Cyberball 2072 (rev 2)	1989	Atari Games
cyberbalt1	Tournament Cyberball 2072 (rev 1)	1989	Atari Games
cyberlip	Cyber-Lip (NGM-010)	1990	SNK
cybertnk	Cyber Tank (v1.4)	1988	Coreland
cybots	Cyberbots: Fullmetal Madness (Europe 950424)	1995	Capcom
cybotsj	Cyberbots: Fullmetal Madness (Japan 950420)	1995	Capcom
cybotsjd	Cyberbots: Fullmetal Madness (Japan 950424) (decrypted bootleg)	1995	bootleg
cybotsu	Cyberbots: Fullmetal Madness (USA 950424)	1995	Capcom
cybotsud	Cyberbots: Fullmetal Madness (USA 950424 Phoenix Edition) (bootleg)	1995	bootleg
cybrcomm	Cyber Commando (Japan, CY1)	1994	Namco
cybrcycc	Cyber Cycles (World, CB2 Ver.C)	1995	Namco
cybrcyccj	Cyber Cycles (Japan, CB1 Ver.C)	1995	Namco
cybsled	Cyber Sled (CY2, World)	1993	Namco
cybsleda	Cyber Sled (CY1, World?)	1993	Namco
cybstorm	Cyberstorm (prototype)	1993	Atari Games
cyclemb	Cycle Maabou (Japan)	1984	Taito
cyclshtg	Cycle Shooting	1986	Taito
cyclwarr	Cycle Warriors (rev C)	1991	Tatsumi
cyclwarra	Cycle Warriors (rev B)	1991	Tatsumi
cyclwarrb	Cycle Warriors	1991	Tatsumi
cyvern	Cyvern - The Dragon Weapons (US)	1998	Kaneko
cyvernj	Cyvern - The Dragon Weapons (Japan)	1998	Kaneko
czeroize	Zeroize (DECO Cassette) (US)	1983	Data East Corporation
czmon	Crazy Monkey (030217 World)	2003	Igrosoft
czmon_12	Crazy Monkey (090711 Entertainment)	2003	Igrosoft
czmon_13	Crazy Monkey (100311 World)	2003	Igrosoft
czmon_15	Crazy Monkey (100311 Entertainment)	2003	Igrosoft
czmon_16	Crazy Monkey (100312 Russia)	2003	Igrosoft
czmon_17	Crazy Monkey (100324 Entertainment X)	2003	Igrosoft
czmon_18	Crazy Monkey (100331 Entertainment X)	2003	Igrosoft
czmon_19	Crazy Monkey (101208 Entertainment N)	2003	Igrosoft
czmon_2	Crazy Monkey (030225 World)	2003	Igrosoft
czmon_20	Crazy Monkey (110111 Entertainment A)	2003	Igrosoft
czmon_21	Crazy Monkey (110124 Entertainment A)	2003	Igrosoft
czmon_22	Crazy Monkey (110204 Entertainment A)	2003	Igrosoft
czmon_23	Crazy Monkey (110311 Entertainment B)	2003	Igrosoft
czmon_24	Crazy Monkey (140526 Entertainment B)	2003	Igrosoft
czmon_25	Crazy Monkey (110411 Entertainment C)	2003	Igrosoft
czmon_3	Crazy Monkey (030227 World)	2003	Igrosoft
czmon_4	Crazy Monkey (030404 World)	2003	Igrosoft
czmon_5	Crazy Monkey (030421 World)	2003	Igrosoft
czmon_6	Crazy Monkey (031016 World)	2003	Igrosoft
czmon_7	Crazy Monkey (031110 World)	2003	Igrosoft
czmon_7a	Crazy Monkey (bootleg, 031110, backdoor set 1)	2003	bootleg
czmon_7b	Crazy Monkey (bootleg, 031110, backdoor set 2)	2003	bootleg
czmon_8	Crazy Monkey (050120 World)	2003	Igrosoft
czmon_8a	Crazy Monkey (bootleg, 050120, backdoor)	2003	bootleg
czmon_8b	Crazy Monkey (bootleg, 050120, changed version text)	2003	bootleg
czmon_8c	Crazy Monkey (bootleg, 050120, VIDEO GAME-1 CM01)	2003	bootleg
czmon_8d	Crazy Monkey (bootleg, 050120, LOTTOGAME (I))	2003	bootleg
czmon_8e	Crazy Monkey (bootleg, 050120, LOTO PROGRAM V-CM2)	2003	bootleg
czmon_8f	Crazy Monkey (bootleg, 050120, LOTOS CM01)	2003	bootleg
czmon_8g	Crazy Monkey (bootleg, 050120, payout percentage modified)	2003	bootleg
czmon_9	Crazy Monkey (070315 Russia)	2003	Igrosoft
czmon_9a	Crazy Monkey (bootleg, 070315, VIDEO GAME-1 O01 set 1)	2003	bootleg
czmon_9b	Crazy Monkey (bootleg, 070315, VIDEO GAME-1 O01 set 2)	2003	bootleg
czmon_9c	Crazy Monkey (bootleg, 070315, payout percentage 70)	2003	bootleg
d9final	Dream 9 Final (v2.24)	1992	Excellent System
dacholer	Dacholer	1983	Nichibutsu
dadandrn	Kyukyoku Sentai Dadandarn (ver JAA)	1993	Konami
dafuwng3	Da Fu Weng III (V130LI)	1995	IGS
dahuangg	Da Huangguan	1995	IGS
dai2kaku	Dai-Dai-Kakumei (Japan)	2004	SystemBit
dai3wksi	Dai 3 Wakusei (Japan)	1979	Sun Electronics
daifugo	Daifugo (Japan)	1983	Seta Kikaku / Sega (Esco Trading Co license)
daikaiju	Daikaiju no Gyakushu (rev 1)	1986	Taito
daimakai	Daimakaimura (Japan)	1988	Capcom
daimakair	Daimakaimura (Japan Resale Ver.)	1988	Capcom
daimyojn	Mahjong Daimyojin (Japan, T017-PB-00)	2002	Dynax / Techno-Top / Techno-Planning
daioh	Daioh	1993	Athena
daioha	Daioh (earlier)	1993	Athena
daiohc	Daioh (93111A PCB conversion)	1993	Athena
daiohp	Daioh (prototype)	1993	Athena
daiohp2	Daioh (prototype, earlier)	1993	Athena
daiohp3	Daioh (prototype, earliest)	1993	Athena
daireach	Mahjong Dai-Reach (Japan, TSM012-C01)	2001	Techno-Top
daireika	Mahjong Daireikai (Japan)	1989	Jaleco / NMK
dairesya	Dai Ressya Goutou (Japan, version K)	1986	Konami (Kawakusu license)
daisenpu	Daisenpu (Japan)	1989	Toaplan / Taito
daiskiss	Daisu-Kiss (ver JAA)	1996	Konami
daisyari	Daisyarin (Japan)	1989	Best System
daitorid	Daitoride (Japan)	1995	Metro
daitorida	Daitoride (Japan, YMF278B version)	1996	Metro
daiyogen	Mahjong Daiyogen (Japan)	1990	Video System Co.
dakkochn	DakkoChan House (MC-8123B, 317-5014)	1987	White Board
dambustr	Dambusters (US, set 1)	1981	South West Research
dambustra	Dambusters (US, set 2)	1981	South West Research
dambustruk	Dambusters (UK)	1981	South West Research
dance555	Sports and Dance Fit Games Mat D-555 (PAL)	200?	Subor
danceyes	Dancing Eyes (World, DC2/VER.B)	1996	Namco
danceyesj	Dancing Eyes (Japan, DC1/VER.A)	1996	Namco
danceyesu	Dancing Eyes (US, DC3/VER.C)	1996	Namco
danchih	Danchi de Hanafuda (J 990607 V1.400)	1999	Altron (Tecmo license)
danchiq	Danchi de Quiz: Okusan Yontaku Desuyo! (J 001128 V1.200)	2000	Altron
dangar	Ufo Robo Dangar (4/09/1987)	1986	Nichibutsu
dangara	Ufo Robo Dangar (12/1/1986)	1986	Nichibutsu
dangarb	Ufo Robo Dangar (9/26/1986, bootleg set 1)	1986	bootleg
dangarbt	Ufo Robo Dangar (9/26/1986, bootleg set 2)	1986	bootleg
dangarj	Ufo Robo Dangar (9/26/1986, Japan)	1986	Nichibutsu
dangerex	Danger Express (prototype)	1992	Atari Games
dangerz	Danger Zone (rev 2)	1986	Cinematronics
dangerz0	Danger Zone (rev 0)	1986	Cinematronics
dangseed	Dangerous Seed (Japan)	1989	Namco
dankuga	Dan-Ku-Ga (Ver 0.0J 1994/12/13, prototype)	1994	Taito
daraku	The Fallen Angels (World) / Daraku Tenshi: The Fallen Angels (Japan)	1998	Psikyo
darius	Darius (World, rev 2)	1986	Taito
darius2	Darius II (triple screen) (Japan, rev 1)	1989	Taito
darius2d	Darius II (dual screen) (Japan, Rev 2)	1989	Taito
darius2do	Darius II (dual screen) (Japan, Rev 1)	1989	Taito
dariuse	Darius Extra Version (Japan)	1986	Taito
dariusg	Darius Gaiden - Silver Hawk (Ver 2.5O 1994/09/19)	1994	Taito
dariusgj	Darius Gaiden - Silver Hawk (Ver 2.5J 1994/09/19)	1994	Taito
dariusgu	Darius Gaiden - Silver Hawk (Ver 2.5A 1994/09/19)	1994	Taito America
dariusgx	Darius Gaiden - Silver Hawk Extra Version (Ver 2.7J 1995/03/06) (Official Hack)	1994	Taito
dariusj	Darius (Japan, rev 1)	1986	Taito
dariuso	Darius (Japan)	1986	Taito
dariusu	Darius (US, rev 2)	1986	Taito America
darkadv	Dark Adventure	1987	Konami
darkedge	Dark Edge (World)	1992	Sega
darkedgej	Dark Edge (Japan)	1992	Sega
darkhleg	Dark Horse Legend (GX706 VER. JAA)	1998	Konami
darkhors	Dark Horse (USA v4.00, bootleg of Jockey Club II)	2001	bootleg
darkmist	The Lost Castle In Darkmist	1986	Seibu Kaihatsu (Taito license)
darkplnt	Dark Planet	1982	Stern Electronics
darkseal	Dark Seal (World revision 3)	1990	Data East Corporation
darkseal1	Dark Seal (World revision 1)	1990	Data East Corporation
darkseal2	Dark Seal 2 (Japan v2.1)	1992	Data East Corporation
darksealj	Dark Seal (Japan revision 4)	1990	Data East Corporation
darktowr	Dark Tower	1992	The Game Room
darkwar	Dark Warrior	1981	Century Electronics
darthvdr	Darth Vader (bootleg of Space Invaders)	1978	bootleg
darwin	Darwin 4078 (Japan)	1986	Data East Corporation
dashhero	Minna Ganbare! Dash Hero	2000	Sigma
dassault	Desert Assault (US)	1991	Data East Corporation
dassault4	Desert Assault (US 4 Players)	1991	Data East Corporation
daytona	Daytona USA (Revision A)	1994	Sega
daytona93	Daytona USA	1993	Sega
daytonagtx	Daytona USA (GTX 2004 Edition)	2003	hack (Kyle Hodgetts)
daytonam	Daytona USA (To The MAXX)	2001	hack (Kyle Hodgetts)
daytonas	Daytona USA (with Saturn advertisements)	1994	Sega
daytonase	Daytona USA Special Edition (Revision A)	1994	Sega
daytonat	Daytona USA (Turbo hack, set 1)	1994?	hack (Kyle Hodgetts)
daytonata	Daytona USA (Turbo hack, set 2)	1994?	hack (Kyle Hodgetts)
dazzler	Dazzler	1982	Century Electronics
dbc	Daai Baan Sing (Hong Kong, V027H)	1995	IGS
dblagent	Double Agent (3XF5287H04, US)	1996	Aristocrat
dblaxle	Double Axle (US, Rev 1, set 1)	1991	Taito America
dblaxleu	Double Axle (US)	1991	Taito America
dblaxleua	Double Axle (US, Rev 1, set 2)	1991	Taito America
dblaxleul	Double Axle (US, Rev 1, Linkable)	1991	Taito America
dblchal	Double Challenge (Version 1.5R, set 1)	2003	Amcoe
dblchalc1	Double Challenge (Version 1.5R, set 2)	2003	Amcoe
dblchald1	Double Challenge (Version 1.5R, set 3)	2003	Amcoe
dblchalo	Double Challenge (Version 1.1)	2003	Amcoe
dblchalv1	Double Challenge (Version 1.5R Dual)	2003	Amcoe
dblcrown	Double Crown (v1.0.3)	1997	Cadence Technology
dbldynj	The Double Dynamites (Japan, 13NOV89)	1989	Seibu Kaihatsu
dbldynu	The Double Dynamites (US, 13NOV89)	1989	Seibu Kaihatsu (Fabtek license)
dblewing	Double Wings (set 1)	1993	Mitchell
dblewinga	Double Wings (set 2)	1993	Mitchell
dblewingb	Double Wings (Asia)	1994	Mitchell
dblplay	Super Baseball Double Play Home Run Derby	1987	Leland Corporation / Tradewest
dblpoint	Double Point	1995	Min Corp.
dblpointd	Double Point (Dong Bang Electron, bootleg?)	1995	bootleg? (Dong Bang Electron)
dbreed	Dragon Breed (World, M81 hardware)	1989	Irem
dbreedjm72	Dragon Breed (Japan, M72 hardware)	1989	Irem
dbreedm72	Dragon Breed (World, M72 hardware)	1989	Irem
dbz	Dragon Ball Z (rev B)	1993	Banpresto
dbz2	Dragon Ball Z 2 - Super Battle	1994	Banpresto
dbz2bl	Dragon Ball Z 2 - Super Battle (bootleg)	1994	bootleg
dbza	Dragon Ball Z (rev A)	1993	Banpresto
dbzvrvs	Dragon Ball Z: V.R. V.S. (Japan, Rev A)	1994	Sega / Banpresto
dcclub	Dynamic Country Club (World, ROM Based)	1991	Sega
dcclubfd	Dynamic Country Club (US, Floppy Based, FD1094 317-0058-09d)	1991	Sega
dcclubj	Dynamic Country Club (Japan, ROM Based)	1991	Sega
dcheese	Double Cheese	1993	HAR Management
dcon	D-Con	1992	Success
dcrown	Dream Crown (set 1)	1994	Nippon Data Kiki
dday	D-Day (Olympia)	1982	Olympia
ddayc	D-Day (Centuri)	1982	Olympia (Centuri license)
ddaydoo	Chulgyeok D-Day (Korea)	1990	Dooyong
ddayjlc	D-Day (Jaleco, set 1)	1984	Jaleco
ddayjlca	D-Day (Jaleco, set 2)	1984	Jaleco
ddboy	Dam Dam Boy (on dedicated PCB)	1994	Konami
ddboya	Dam Dam Boy (on Tsukande Toru Chicchi PCB)	1994	Konami
ddcrew	D. D. Crew (World, 3 Players) (FD1094 317-0190)	1991	Sega
ddcrew1	D. D. Crew (World, 4 Players) (FD1094 317-0187)	1991	Sega
ddcrew1d	D. D. Crew (World, 4 Players) (bootleg of FD1094 317-0187 set)	1991	bootleg
ddcrew2	D. D. Crew (World, 2 Players) (FD1094 317-0184)	1991	Sega
ddcrew2d	D. D. Crew (World, 2 Players) (bootleg of FD1094 317-0184 set)	1991	bootleg
ddcrewbl	D. D. Crew (bootleg)	1990	bootleg
ddcrewd	D. D. Crew (World, 3 Players) (bootleg of FD1094 317-0190 set)	1991	bootleg
ddcrewj	D. D. Crew (Japan, 4 Players) (FD1094 317-0185)	1991	Sega
ddcrewj2	D. D. Crew (Japan, 2 Players) (FD1094 317-0182)	1991	Sega
ddcrewj2d	D. D. Crew (Japan, 2 Players) (bootleg of FD1094 317-0182 set)	1991	bootleg
ddcrewjd	D. D. Crew (Japan, 4 Players) (bootleg of FD1094 317-0185 set)	1991	bootleg
ddcrewu	D. D. Crew (US, 4 Players) (FD1094 317-0186)	1991	Sega
ddcrewud	D. D. Crew (US, 4 Players) (bootleg of FD1094 317-0186 set)	1991	bootleg
ddealer	Double Dealer	1991	NMK
ddellf96	Double Joker Poker Dellfern 1996	1996	Dellfern Ltd.
ddellf97	Dellfern V18 (77's, 99's & Suits, 1 Credit)	1997	Dellfern Ltd.
ddellf97a	Dellfern V18 (77's, 99's & Suits, 10 Credits)	1997	Dellfern Ltd.
ddellf97b	Dellfern V18 (Joker Poker, raise bet, 2p/10p)	1997	Dellfern Ltd.
ddellf97c	Dellfern V18 (£6 Jackpot Bank Poker)	1997	Dellfern Ltd.
ddellf97d	Dellfern V18 (Joker Poker / Jack Plus)	1997	Dellfern Ltd.
ddellf97e	Dellfern V18 (Amusement Poker)	1997	Dellfern Ltd.
ddenlovj	Don Den Lover Vol. 1 - Shiro Kuro Tsukeyo! (Japan)	1995	Dynax
ddenlovr	Don Den Lover Vol. 1 (Hong Kong)	1996	Dynax
ddenlovrb	Don Den Lover Vol. 1 - Heukbaeg-euro Jeonghaja (Korea, bootleg)	1995	bootleg
ddenlovrk	Don Den Lover Vol. 1 - Heukbaeg-euro Jeonghaja (Korea)	1995	Dynax
ddonpach	DoDonPachi (World, 1997 2/ 5 Master Ver.)	1997	Cave (Atlus license)
ddonpacha	DoDonPachi (2012/02/12 Arrange Ver. 1.1) (hack)	2012	hack (trap15)
ddonpachj	DoDonPachi (Japan, 1997 2/ 5 Master Ver.)	1997	Cave (Atlus license)
ddp2	DoDonPachi II - Bee Storm (World, ver. 102)	2001	IGS
ddp2100	DoDonPachi II - Bee Storm (World, ver. 100)	2001	IGS
ddp2100c	DoDonPachi - Feng Bao (China, ver. 100)	2001	IGS
ddp2100hk	DoDonPachi II - Fung Bou (Hong Kong, ver. 100)	2001	IGS
ddp2100j	DoDonPachi II (Japan, ver. 100)	2001	IGS (Cave license)
ddp2100k	DoDonPachi II - Bee Storm (Korea, ver. 100)	2001	IGS
ddp2100t	DoDonPachi - Feng Bao (Taiwan, ver. 100)	2001	IGS
ddp2101	DoDonPachi II - Bee Storm (World, ver. 101)	2001	IGS
ddp2101c	DoDonPachi - Feng Bao (China, ver. 101)	2001	IGS
ddp2101hk	DoDonPachi II - Fung Bou (Hong Kong, ver. 101)	2001	IGS
ddp2101j	DoDonPachi II (Japan, ver. 101)	2001	IGS (Cave license)
ddp2101k	DoDonPachi II - Bee Storm (Korea, ver. 101)	2001	IGS
ddp2101t	DoDonPachi - Feng Bao (Taiwan, ver. 101)	2001	IGS
ddp2c	DoDonPachi - Feng Bao (China, ver. 102)	2001	IGS
ddp2hk	DoDonPachi II - Fung Bou (Hong Kong, ver. 102)	2001	IGS
ddp2j	DoDonPachi II (Japan, ver. 102)	2001	IGS (Cave license)
ddp2k	DoDonPachi II - Bee Storm (Korea, ver. 102)	2001	IGS
ddp2t	DoDonPachi - Feng Bao (Taiwan, ver. 102)	2001	IGS
ddp3	DoDonPachi III (World, 2002.05.15 Master Ver)	2002	Cave (AMI license)
ddpdfk	DoDonPachi Dai-Fukkatsu Ver 1.5 (Japan, 2008/06/23 MASTER VER 1.5)	2008	Cave (AMI license)
ddpdfk10	DoDonPachi Dai-Fukkatsu Ver 1.0 (Japan, 2008/05/16 MASTER VER)	2008	Cave (AMI license)
ddpdoj	DoDonPachi Dai-Ou-Jou (Japan, 2002.04.05.Master Ver, 68k Label V101)	2002	Cave (AMI license)
ddpdoja	DoDonPachi Dai-Ou-Jou (Japan, 2002.04.05.Master Ver, 68k Label V100)	2002	Cave (AMI license)
ddpdojb	DoDonPachi Dai-Ou-Jou (Japan, 2002.04.05 Master Ver)	2002	Cave (AMI license)
ddpdojblk	DoDonPachi Dai-Ou-Jou Black Label (Japan, 2002.10.07.Black Ver, newer)	2002	Cave (AMI license)
ddpdojblka	DoDonPachi Dai-Ou-Jou Black Label (Japan, 2002.10.07.Black Ver, older)	2002	Cave (AMI license)
ddpdojblkb	DoDonPachi Dai-Ou-Jou Black Label (Japan, 2002.10.07 Black Ver)	2002	Cave (AMI license)
ddpdojblkbl	DoDonPachi Dai-Ou-Jou Black Label (Japan, 2002.10.07 Black Ver., bootleg Knights of Valour Super Heroes conversion)	2012	bootleg
ddpdojp	DoDonPachi Dai-Ou-Jou (Japan, 2002.04.05 Master Ver, location test)	2002	Cave (AMI license)
ddpdojt	DoDonPachi Dai-Ou-Jou Tamashii (V201, China)	2010	IGS / Cave (Tong Li Animation license)
ddr2m	Dance Dance Revolution 2nd Mix (GN895 VER. JAA)	1999	Konami
ddr2mc	Dance Dance Revolution 2nd Mix with beatmaniaIIDX CLUB VERSiON (GE896 VER. JAA)	1999	Konami
ddr2mc2	Dance Dance Revolution 2nd Mix with beatmaniaIIDX substream CLUB VERSiON 2 (GE984 VER. JAA)	1999	Konami
ddr2ml	Dance Dance Revolution 2nd Mix - Link Ver (GE885 VER. JAC)	1999	Konami
ddr2mla	Dance Dance Revolution 2nd Mix - Link Ver (GE885 VER. JAB)	1999	Konami
ddr2mlb	Dance Dance Revolution 2nd Mix - Link Ver (GE885 VER. JAA)	1999	Konami
ddr5m	Dance Dance Revolution 5th Mix (G*A27 VER. JAA)	2001	Konami
ddra	Dance Dance Revolution (GN845 VER. AAA)	1999	Konami
ddragon	Double Dragon (World set 1)	1987	Technos Japan (Taito license)
ddragon2	Double Dragon II: The Revenge (World)	1988	Technos Japan
ddragon2bl	Double Dragon II: The Revenge (US, bootleg)	1988	bootleg
ddragon2j	Double Dragon II: The Revenge (Japan)	1988	Technos Japan
ddragon2u	Double Dragon II: The Revenge (US)	1988	Technos Japan
ddragon3	Double Dragon 3: The Rosetta Stone (US)	1990	East Technology / Technos Japan
ddragon3b	Double Dragon 3: The Rosetta Stone (bootleg)	1990	bootleg
ddragon3j	Double Dragon 3: The Rosetta Stone (Japan)	1990	East Technology / Technos Japan
ddragon3p	Double Dragon 3: The Rosetta Stone (prototype)	1990	East Technology / Technos Japan
ddragona	Double Dragon (World set 2)	1987	Technos Japan (Taito license)
ddragonbl	Double Dragon (bootleg with HD6309)	1987	bootleg
ddragonbl2	Double Dragon (bootleg)	1987	bootleg
ddragonbla	Double Dragon (bootleg with MC6803)	1987	bootleg
ddragonj	Double Dragon (Japan set 1)	1987	Technos Japan
ddragonja	Double Dragon (Japan set 2)	1987	Technos Japan
ddragonu	Double Dragon (US set 1)	1987	Technos Japan (Taito America license)
ddragonua	Double Dragon (US set 2)	1987	Technos Japan (Taito America license)
ddragonub	Double Dragon (US set 3)	1987	Technos Japan (Taito America license)
ddrbocd	Dance Dance Revolution Best of Cool Dancers (GE892 VER. JAA)	1999	Konami
ddream95	Dunk Dream '95 (Japan 1.4, EAM)	1995	Data East Corporation
ddrextrm	Dance Dance Revolution Extreme (G*C36 VER. JAA)	2002	Konami
ddribble	Double Dribble	1986	Konami
ddribblep	Double Dribble (prototype?)	1986	Konami
ddrj	Dance Dance Revolution - Internet Ranking Ver (GC845 VER. JBA)	1998	Konami
ddrjb	Dance Dance Revolution (GC845 VER. JAB)	1998	Konami
ddrkara	Dance Dance Revolution Karaoke Mix (GQ921 VER. JBB)	1999	Konami
ddrkara2	Dance Dance Revolution Karaoke Mix 2 (GQ947 VER. JAA)	2000	Konami
ddrkids	Dance Dance Revolution Kids (GQAN4 JAA)	2000	Konami
ddrmax	DDRMAX - Dance Dance Revolution 6th Mix (G*B19 VER. JAA)	2001	Konami
ddrmax2	DDRMAX2 - Dance Dance Revolution 7th Mix (G*B20 VER. JAA)	2002	Konami
ddrsbm	Dance Dance Revolution Solo Bass Mix (GQ894 VER. JAA)	1999	Konami
ddru	Dance Dance Revolution (GN845 VER. UAA)	1999	Konami
ddrusa	Dance Dance Revolution USA (G*A44 VER. UAA)	2000	Konami
ddsom	Dungeons & Dragons: Shadow over Mystara (Europe 960619)	1996	Capcom
ddsoma	Dungeons & Dragons: Shadow over Mystara (Asia 960619)	1996	Capcom
ddsomar1	Dungeons & Dragons: Shadow over Mystara (Asia 960208)	1996	Capcom
ddsomb	Dungeons & Dragons: Shadow over Mystara (Brazil 960223)	1996	Capcom
ddsomh	Dungeons & Dragons: Shadow over Mystara (Hispanic 960223)	1996	Capcom
ddsomj	Dungeons & Dragons: Shadow over Mystara (Japan 960619)	1996	Capcom
ddsomjr1	Dungeons & Dragons: Shadow over Mystara (Japan 960223)	1996	Capcom
ddsomjr2	Dungeons & Dragons: Shadow over Mystara (Japan 960206)	1996	Capcom
ddsomr1	Dungeons & Dragons: Shadow over Mystara (Europe 960223)	1996	Capcom
ddsomr2	Dungeons & Dragons: Shadow over Mystara (Europe 960209)	1996	Capcom
ddsomr3	Dungeons & Dragons: Shadow over Mystara (Europe 960208)	1996	Capcom
ddsomu	Dungeons & Dragons: Shadow over Mystara (USA 960619)	1996	Capcom
ddsomud	Dungeons & Dragons: Shadow over Mystara (USA 960619 Phoenix Edition) (bootleg)	1996	bootleg
ddsomur1	Dungeons & Dragons: Shadow over Mystara (USA 960209)	1996	Capcom
ddtod	Dungeons & Dragons: Tower of Doom (Europe 940412)	1993	Capcom
ddtoda	Dungeons & Dragons: Tower of Doom (Asia 940412)	1993	Capcom
ddtodar1	Dungeons & Dragons: Tower of Doom (Asia 940113)	1993	Capcom
ddtodd	Dungeons & Dragons: Tower of Doom (Europe 940412 Phoenix Edition) (bootleg)	1993	bootleg
ddtodh	Dungeons & Dragons: Tower of Doom (Hispanic 940412)	1993	Capcom
ddtodhr1	Dungeons & Dragons: Tower of Doom (Hispanic 940125)	1993	Capcom
ddtodhr2	Dungeons & Dragons: Tower of Doom (Hispanic 940113)	1993	Capcom
ddtodj	Dungeons & Dragons: Tower of Doom (Japan 940412)	1993	Capcom
ddtodjr1	Dungeons & Dragons: Tower of Doom (Japan 940125)	1993	Capcom
ddtodjr2	Dungeons & Dragons: Tower of Doom (Japan 940113)	1993	Capcom
ddtodr1	Dungeons & Dragons: Tower of Doom (Europe 940113)	1993	Capcom
ddtodu	Dungeons & Dragons: Tower of Doom (USA 940125)	1993	Capcom
ddtodur1	Dungeons & Dragons: Tower of Doom (USA 940113)	1993	Capcom
ddungeon	Dangerous Dungeons (set 1)	1992	The Game Room
ddungeone	Dangerous Dungeons (set 2)	1992	East Coast Coin Company
ddux	Dynamite Dux (set 3, World) (FD1094 317-0096)	1988	Sega
ddux1	Dynamite Dux (set 1, World) (8751 317-0095)	1988	Sega
dduxbl	Dynamite Dux (Datsu bootleg)	1989	bootleg (Datsu)
dduxd	Dynamite Dux (set 3, World) (bootleg of FD1094 317-0096 set)	1988	bootleg
dduxj	Dynamite Dux (set 2, Japan) (FD1094 317-0094)	1988	Sega
dduxjd	Dynamite Dux (set 2, Japan) (bootleg of FD1094 317-0094 set)	1988	bootleg
deadang	Dead Angle	1988	Seibu Kaihatsu
deadconx	Dead Connection (World)	1992	Taito
deadconxj	Dead Connection (Japan)	1992	Taito
deadeye	Dead Eye	1978	Meadows Games, Inc.
dealer	The Dealer	1984	Epos Corporation
deathbrd	Death Brade (Japan ver JM-3)	1991	Data East Corporation
deathcox	Death Crimson OX (USA)	2000	Ecole Software
deathcoxj	Death Crimson OX (Japan, Rev A)	2000	Ecole Software
deathcoxo	Death Crimson OX (Japan)	2000	Ecole Software
deathsml	Deathsmiles (Japan, 2007/10/09 MASTER VER)	2007	Cave (AMI license)
decathlt	Decathlete (JUET 960709 V1.001)	1996	Sega
decathlto	Decathlete (JUET 960424 V1.000)	1996	Sega
decocass	DECO Cassette System	1981	Data East Corporation
decodark	DECO Cassette System ROM Multigame (Darksoft, v17)	2022	bootleg (Darksoft)
decodark15	DECO Cassette System ROM Multigame (Darksoft, v15)	2022	bootleg (Darksoft)
decodark16	DECO Cassette System ROM Multigame (Darksoft, v16)	2022	bootleg (Darksoft)
decomult	DECO Cassette System ROM Multigame (David Widel)	2008	bootleg (David Widel)
deerhunt	Deer Hunting USA V4.3	2000	Sammy USA Corporation
deerhunta	Deer Hunting USA V4.2	2000	Sammy USA Corporation
deerhuntb	Deer Hunting USA V4.0	2000	Sammy USA Corporation
deerhuntc	Deer Hunting USA V3	2000	Sammy USA Corporation
deerhuntd	Deer Hunting USA V2	2000	Sammy USA Corporation
deerhunte	Deer Hunting USA V1	2000	Sammy USA Corporation
deerhuntj	Deer Hunting USA V4.4.1 (Japan)	2000	Sammy USA Corporation
defcmnd	Defense Command (bootleg of Defender)	1980	bootleg
defence	Defence Command (bootleg of Defender)	1981	bootleg (Outer Limits)
defender	Defender (Red label)	1980	Williams
defenderb	Defender (Blue label)	1980	Williams
defenderg	Defender (Green label)	1980	Williams
defenderj	T.T Defender	1980	Williams (Taito Corporation license)
defenderom	Operacion Defender (bootleg of Defender)	1981	bootleg (Operamatic)
defenderw	Defender (White label)	1980	Williams
defense	Defense (System 16B, FD1089A 317-0028)	1987	Sega
defenseb	Defense (bootleg of Defender)	198?	bootleg
deltrace	Delta Race	1981	bootleg (Allied Leisure)
deluxe4u	Deluxe 4 U (ver. 0107, 07/01/2000)	2000	ESD
deluxe5	Deluxe 5 (ver. 0107, 07/01/2000, set 1)	2000	ESD
deluxe5a	Deluxe 5 (ver. 0107, 07/01/2000, set 2)	2000	ESD
deluxe5b	Deluxe 5 (ver. 0107, 07/01/2000, set 3)	2000	ESD
demndrgn	Demons & Dragons (prototype)	1982	Dave Nutting Associates / Bally Midway
demoderb	Demolition Derby	1984	Bally Midway
demoderbc	Demolition Derby (cocktail)	1984	Bally Midway
demoderm	Demolition Derby (MCR-3 Mono Board Version)	1984	Bally Midway
demofist	Demolish Fist	2003	Polygon Magic / Dimps
demon	Demon	1982	Rock-Ola
demoneye	Demoneye-X	1981	Irem
demonwld	Demon's World (World) / Horror Story (Japan) (set 1)	1990	Toaplan
demonwld1	Demon's World (World) / Horror Story (Japan) (set 2)	1989	Toaplan
demonwld2	Demon's World (World) / Horror Story (Japan) (set 3)	1989	Toaplan
demonwld3	Demon's World (World) / Horror Story (Japan) (set 4)	1989	Toaplan
demonwld4	Demon's World (World) / Horror Story (Japan) (set 5)	1989	Toaplan
demonwld5	Demon's World (World) / Horror Story (Japan) (set 6)	1989	Toaplan (APM Electronics license)
dendego	Densha de GO! (Ver 2.3 J)	1996	Taito
dendego2	Densha de GO! 2 Kousoku-hen (Ver 2.5 J)	1998	Taito
dendego23k	Densha de GO! 2 Kousoku-hen 3000-bandai (Ver 2.20 J)	1998	Taito
dendegoa	Densha de GO! (Ver 2.2 J)	1996	Taito
dendegox	Densha de GO! EX (Ver 2.4 J)	1996	Taito
denjinmk	Denjin Makai (set 1)	1994	Winkysoft (Banpresto license)
denjinmka	Denjin Makai (set 2)	1994	Winkysoft (Banpresto license)
denseib	Ghost Chaser Densei (SNES bootleg, set 1)	1996	bootleg
denseib2	Ghost Chaser Densei (SNES bootleg, set 2)	1996	bootleg
depthch	Depthcharge	1977	Gremlin
depthcho	Depthcharge (older)	1977	Gremlin
deroon	Deroon DeroDero (earlier, set 1)	1995	Tecmo
deroon2	Deroon DeroDero / Tecmo Stackers	1996	Tecmo
deroona	Deroon DeroDero (earlier, set 2)	1996	Tecmo
desert	Desert Tank	1994	Sega / Martin Marietta
desertbr	Desert Breaker (World) (FD1094 317-0196)	1992	Sega
desertbrd	Desert Breaker (World) (bootleg of FD1094 317-0196 set)	1992	bootleg
desertbrj	Desert Breaker (Japan) (FD1094 317-0194)	1992	Sega
desertbrjd	Desert Breaker (Japan) (bootleg of FD1094 317-0194 set)	1992	bootleg
desertdn	Desert Dan	1982	Kawakusu (Video Optics license)
desertgu	Desert Gun	1977	Dave Nutting Associates / Midway
desertwr	Desert War / Wangan Sensou (ver 1.0)	1995	Jaleco
desterth	Destination Earth (bootleg of Lunar Rescue)	1979	bootleg
destroyr	Destroyer (Atari, version O2)	1977	Atari
destroyr1	Destroyer (Atari, version O1)	1977	Atari
destryer	Destroyer (Cidelsa, set 1)	1980	Cidelsa
destryera	Destroyer (Cidelsa, set 2)	1980	Cidelsa
detatwin	Detana!! Twin Bee (Japan, version J)	1991	Konami
devilfsh	Devil Fish (Mars hardware)	1982	Artic
devilfshg	Devil Fish (Galaxian hardware)	1982	Artic
devilfshgb	Devil Fish (Galaxian hardware, bootleg)	1984	bootleg (Vision)
devilfshv	Devil Fish (Nuova Videotron bootleg)	1983	bootleg (Nuova Videotron)
devilw	Devil World	1987	Konami
devstors	Devastators (ver. Z)	1988	Konami
devstors2	Devastators (ver. 2)	1988	Konami
devstorsv	Devastators (ver. V)	1988	Konami
devstorsx	Devastators (ver. X)	1988	Konami
devzone	Devil Zone	1980	Universal
devzone2	Devil Zone (easier)	1980	Universal
df_djpkr	Double Joker Poker / Jacks Plus (45%-75% payout)	1996	DellFern Ltd.
df_djpkra	Double Joker Poker / Jacks Plus (45%-75% payout, alt)	1996	DellFern Ltd.
dfeveron	Dangun Feveron (Japan, 98/09/17 VER.)	1998	Cave (Nihon System license)
dfjail	The Destroyer From Jail (Korea)	1991	Philko
dfkbl	DoDonPachi Dai-Fukkatsu Black Label (Japan, 2010/1/18 BLACK LABEL)	2010	Cave
dfruit	Fruit Dream (Japan, Ver. 1.20)	1993	Nippon Data Kiki / Star Fish
dfruita	Fruit Dream (Japan, Ver. 1.10)	1993	Nippon Data Kiki / Star Fish
dharma	Dharma Doujou	1994	Metro
dharmag	Dharma Doujou (Germany)	1994	Metro
dharmaj	Dharma Doujou (Japan)	1994	Metro
dharmak	Dharma Dojang - Mangchi Man (Korea)	1994	Metro
diamrun	Diamond Run	1989	KH Video
dicegame	Dice - The Dice Game!	1991	bootleg (Tuning)
diehard	Die Hard Arcade (UET 960515 V1.000)	1996	Sega
dietgo	Diet Go Go (Europe v1.1 1992.09.26, set 1)	1992	Data East Corporation
dietgoe	Diet Go Go (Europe v1.1 1992.09.26, set 2)	1992	Data East Corporation
dietgoea	Diet Go Go (Europe v1.1 1992.09.26, set 3)	1992	Data East Corporation
dietgoeb	Diet Go Go (Europe v1.1 1992.08.04)	1992	Data East Corporation
dietgoj	Diet Go Go (Japan v1.1 1992.09.26)	1992	Data East Corporation
dietgou	Diet Go Go (USA v1.1 1992.09.26)	1992	Data East Corporation
digdug	Dig Dug (rev 2)	1982	Namco
digdug1	Dig Dug (rev 1)	1982	Namco
digdug2	Dig Dug II (New Ver.)	1985	Namco
digdug2o	Dig Dug II (Old Ver.)	1985	Namco
digdugat	Dig Dug (Atari, rev 2)	1982	Namco (Atari license)
digdugat1	Dig Dug (Atari, rev 1)	1982	Namco (Atari license)
digger	Digger	1980	Sega
diggerc	Digger (CVS)	1982	Century Electronics
diggerma	Digger Man (prototype)	2000	Kyle Hodgetts
digsid	Dig Dug (manufactured by Sidam)	1982	Namco (Sidam license)
dimahoo	Dimahoo (Europe 000121)	2000	Eighting / Raizing (Capcom license)
dimahoou	Dimahoo (USA 000121)	2000	Eighting / Raizing (Capcom license)
dimahoud	Dimahoo (USA 000121 Phoenix Edition) (bootleg)	2000	bootleg
dindice	Dice game	199?	Dinaris
dingo	Dingo	1983	Ashby Computers and Graphics Ltd. (Jaleco license)
dingov	Dingo (Nuova Videotron bootleg)	1983	bootleg (Nuova Videotron)
dino	Cadillacs and Dinosaurs (World 930201)	1993	Capcom
dinoa	Cadillacs and Dinosaurs (Asia TW 930223)	1993	Capcom
dinodino	Dino Dino (Ver. A1.1, 01/13/2005)	2005	Astro Corp.
dinohunt	Dinosaur Hunter (Chinese bootleg of Cadillacs and Dinosaurs)	1993	bootleg
dinoj	Cadillacs: Kyouryuu Shin Seiki (Japan 930201)	1993	Capcom
dinopic	Cadillacs and Dinosaurs (bootleg with PIC16C57, set 1)	1993	bootleg
dinopic2	Cadillacs and Dinosaurs (bootleg with PIC16C57, set 2)	1993	bootleg
dinopic3	Cadillacs and Dinosaurs (bootleg with PIC16C57, set 3)	1993	bootleg
dinorex	Dino Rex (World)	1992	Taito
dinorexj	Dino Rex (Japan)	1992	Taito
dinorexu	Dino Rex (US)	1992	Taito America
dinou	Cadillacs and Dinosaurs (USA 930201)	1993	Capcom
dirtdash	Dirt Dash (World, DT2 Ver.C)	1995	Namco
dirtdasha	Dirt Dash (World, DT2 Ver.A)	1995	Namco
dirtdashb	Dirt Dash (World, DT2 Ver.B)	1995	Namco
dirtdashj	Dirt Dash (Japan, DT1 Ver.A)	1995	Namco
dirtfoxj	Dirt Fox (Japan)	1989	Namco
dirtypig	Dirty Pigskin Football	2006	Sammy
disco	Disco No.1	1982	Data East
discoboy	Disco Boy	1993	Soft Art Co.
discoboyp	Disco Boy (Promat license)	1993	Soft Art Co. / Promat
discof	Disco No.1 (Rev.F)	1982	Data East
divebomb	Kyuukoukabakugekitai - Dive Bomber Squad (Japan, prototype)	1989	Konami
diverboy	Diver Boy	1992	Gamart (Electronic Devices Italy license)
djboy	DJ Boy (World)	1989	Kaneko
djboyj	DJ Boy (Japan, set 1)	1989	Kaneko (Sega license)
djboyja	DJ Boy (Japan, set 2)	1989	Kaneko (Sega license)
djboyu	DJ Boy (US, set 1)	1990	Kaneko (American Sammy license)
djboyua	DJ Boy (US, set 2)	1990	Kaneko (American Sammy license)
djgirl	DJ Girl (Promat license)	1993	Soft Art Co. / Promat
dkgensan	Daiku no Gensan (Japan, M84 hardware, set 1)	1990	Irem
dkgensana	Daiku no Gensan (Japan, M84 hardware, set 2)	1990	Irem
dkgensanm72	Daiku no Gensan (Japan, M72 hardware)	1990	Irem
dkgensanm82	Daiku no Gensan (Japan, M82 hardware)	1990	Irem
dking	Donkey King	1981	bootleg
dkingjr	Donkey King Jr. (bootleg of Donkey Kong Jr.)	1982	bootleg
dkingjrv	Donkey King Jr. (Nuova Videotron bootleg)	198?	bootleg (Nuova Videotron)
dkmb	Donkey Kong / Donkey Kong Jr / Mario Bros	2003	Namco / Nintendo / Cosmodog
dkong	Donkey Kong (US set 1)	1981	Nintendo of America
dkong3	Donkey Kong 3 (US)	1983	Nintendo of America
dkong3abl	Donkey Kong 3 (bootleg on Ambush hardware)	1983	bootleg
dkong3b	Donkey Kong 3 (bootleg on Donkey Kong Jr. hardware)	1984	bootleg
dkong3hs	Donkey Kong High Score Kit (hack,V1.0a)	1983	hack (Braze Technologies)
dkong3j	Donkey Kong 3 (Japan)	1983	Nintendo
dkongf	Donkey Kong Foundry (hack)	2004	hack (Jeff Kulczycki)
dkonghrd	Donkey Kong (hard kit)	1981	Nintendo of America
dkonghs	Donkey Kong High Score Kit (hack,V1.2)	2001	hack (Braze Technologies)
dkongike	Donkey Kong/DK (Japan) (hack,V1.1 IKE)	2001	hack (Braze Technologies)
dkongj	Donkey Kong (Japan set 1)	1981	Nintendo
dkongjnrj	Donkey Kong Junior (Japan set F-1)	1982	Nintendo
dkongjo	Donkey Kong (Japan set 2)	1981	Nintendo
dkongjo1	Donkey Kong (Japan set 3)	1981	Nintendo
dkongjr	Donkey Kong Junior (US set F-2)	1982	Nintendo of America
dkongjr2	Donkey Kong Junior (US, bootleg?)	1982	Nintendo of America
dkongjrb	Donkey Kong Jr. (bootleg)	1982	bootleg
dkongjre	Donkey Kong Junior (E kit)	1982	Nintendo of America
dkongjrhs	Donkey Junior High Score Kit (hack,V1.2)	2001	hack (Braze Technologies)
dkongjrj	Donkey Kong Jr. (Japan)	1982	Nintendo
dkongjrm	Donkey Kong Jr. (bootleg on Moon Cresta hardware, set 1)	1982	bootleg
dkongjrmc	Donkey Kong Jr. (bootleg on Moon Cresta hardware, set 2)	1982	bootleg (Centromatic)
dkongjrpb	Donkey Kong Junior (P kit, bootleg)	1982	bootleg
dkongo	Donkey Kong (US set 2)	1981	Nintendo
dkongpe	Donkey Kong: Pauline Edition Rev 5 (2013-04-22)	2013	hack (Clay Cowgill and Mike Mika)
dkongx	Donkey Kong II: Jumpman Returns (hack, V1.2)	2006	hack (Braze Technologies)
dkongx11	Donkey Kong II: Jumpman Returns (hack, V1.1)	2006	hack (Braze Technologies)
dlair	Dragon's Lair (US Rev. F2)	1983	Cinematronics
dlaird	Dragon's Lair (US Rev. D, Pioneer LD-V1000)	1983	Cinematronics
dlaire	Dragon's Lair (US Rev. E)	1983	Cinematronics
dlairf	Dragon's Lair (US Rev. F)	1983	Cinematronics
dland	Dream Land / Super Dream Land (bootleg of Bubble Bobble)	1987	bootleg
dleague	Dynamite League (US)	1990	Taito America
dleaguej	Dynamite League (Japan)	1990	Taito
dmndrby	Diamond Derby (Win bet, newer)	1994	Electrocoin
dmndrbya	Diamond Derby (Win bet, original)	1986	Electrocoin
dmndrbybl	Diamond Derby (Quinella bet, EDG Impeuropex bootleg)	1986	bootleg (EDG Impeuropex)
dmnfrnt	Demon Front / Moyu Zhanxian (68k label V105, ROM M105XX 08/05/02) (ARM label V105, ROM 08/05/02 S105XX)	2002	IGS
dmnfrnt102	Demon Front / Moyu Zhanxian (68k label V102, ROM M102XX 06/19/02) (ARM label V102, ROM 05/24/02 S101XX)	2002	IGS
dmnfrnt103	Demon Front / Moyu Zhanxian (68k label V103, ROM M103XX 07/05/02) (ARM label V103, ROM 07/05/02 S103XX)	2002	IGS
dmx2m	Dance Maniax 2nd Mix (G*A39 VER. JAA)	2000	Konami
dmx2majp	Dance Maniax 2nd Mix Append J-Paradise (G*A38 VER. JAA)	2001	Konami
dncfrks	Dance Freaks (G*874 VER. KAA)	2000	Konami
dngrtrck	Danger Track (bootleg of Rally-X)	1980	bootleg (Petaco)
dnmtdeka	Dynamite Deka (J 960515 V1.000)	1996	Sega
doa	Dead or Alive (Model 2B, Revision C)	1996	Tecmo
doa2	Dead or Alive 2	1999	Tecmo
doa2a	Dead or Alive 2 (Rev A)	1999	Tecmo
doa2m	Dead or Alive 2 Millennium	2000	Tecmo
doaa	Dead or Alive (Model 2A, Revision A)	1996	Tecmo
doaab	Dead or Alive (Model 2A)	1996	Tecmo
doaae	Dead or Alive (Export, Model 2A, Revision A)	1996	Tecmo
doab	Dead or Alive (Model 2B, Revision B)	1996	Tecmo
doapp	Dead Or Alive ++ (Japan/USA/Export)	1998	Tecmo
doappk	Dead Or Alive ++ (Korea)	1998	Tecmo
dobouchn	Dobou-Chan (ver JAA)	1996	Konami
docastle	Mr. Do's Castle (set 1)	1983	Universal
docastle2	Mr. Do's Castle (set 2)	1983	Universal
docastleo	Mr. Do's Castle (older)	1983	Universal
dockman	Dock Man (set 1)	1982	Taito
dockmanb	Dock Man (set 2)	1982	Taito
dockmanc	Dock Man (set 3)	1982	Taito
dodgecty	Dodge City (9131-02, U9-2T)	1988	Merit
dodgectya	Dodge City (9131-02, U9-2B)	1988	Merit
dodgectyba	Dodge City (2131-82, U5-0D)	1988	Merit
dodgectybb	Dodge City (2131-82, U5-50)	1989	Merit
dodgectybc	Dodge City (2131-82, U5-0 GT)	1989	Merit
dodgem	Dodgem	1979	Zaccaria
dodgeman	Dodge Man	1983	Omori Electric Co., Ltd.
dodghero	Minna Atsumare! Dodge Hero	1997	Sigma
dogfgt	Acrobatic Dog-Fight	1984	Technos Japan
dogfgtj	But-ten Ohara's Suit-Cha Luck-a Dog-Fight (Japan)	1984	Technos Japan
dogfgtu	Acrobatic Dog-Fight (USA)	1985	Technos Japan (Data East USA license)
dogfight	Dog Fight (Thunderbolt)	1983	Orca / Thunderbolt
dogfightp	Dog Fight (Orca, prototype)	1983	Orca
dogosokb	Dogou Souken (Joystick hack bootleg)	1986	bootleg
dogosoke	Dogou Souken (Japan)	1986	SNK
dogpatch	Dog Patch	1977	Midway
dogyuun	Dogyuun	1992	Toaplan
dogyuuna	Dogyuun (older set)	1992	Toaplan
dogyuunb	Dogyuun (oldest set)	1992	Toaplan
dogyuunbl	Dogyuun (bootleg)	1993	Toaplan
dogyuunt	Dogyuun (10/9/1992 location test)	1992	Toaplan
dogyuunto	Dogyuun (8/25/1992 location test)	1992	Toaplan
dokaben	Dokaben (Japan)	1989	Capcom
dokaben2	Dokaben 2 (Japan)	1989	Capcom
dokidoki	Doki Doki Penguin Land	1985	Sega
dokyusei	Mahjong Doukyuusei (Japan)	1995	Make Software / Elf / Media Trading
dokyusp	Mahjong Doukyuusei Special (Japan)	1995	Make Software / Elf / Media Trading
dolmen	Dolmen	1995	Afega
dolmenk	Goindol (Afega)	1995	Afega
dolphin	Dolphin Blue	2003	Sammy
domino	Domino Man (set 1)	1982	Bally Midway
dominoa	Domino Man (set 2)	1982	Bally Midway
dominob	Domino Block	1996	Wonwoo Systems
dominobv2	Domino Block ver.2	1996	Wonwoo Systems
dominos	Dominos	1977	Atari
dominos4	Dominos 4 (Cocktail)	1977	Atari
dommy	Dommy	1983	Technos Japan
doncdoon	Hanabi de Doon! - Don-chan Puzzle	2003	Aruze
dondenmj	Don Den Mahjong (Japan)	1986	Dyna Electronics
dondokod	Don Doko Don (World, rev 1)	1989	Taito
dondokodj	Don Doko Don (Japan, rev 1)	1989	Taito
dondokodu	Don Doko Don (US, rev 1)	1989	Taito America
donghaer	Donggul Donggul Haerong	2001	Danbi
donpachi	DonPachi (US)	1995	Cave (Atlus license)
donpachihk	DonPachi (Hong Kong)	1995	Cave (Atlus license)
donpachij	DonPachi (Japan)	1995	Cave (Atlus license)
donpachijs	DonPachi (Japan, Satsuei version)	1995	Cave (Atlus license)
donpachikr	DonPachi (Korea)	1995	Cave (Atlus license)
dorachan	Dora-chan (Japan)	1980	Alpha Denshi Co. / Craul Denshi
doraemon	Doraemon Slot	1993?	Sunsoft / Epoch
doraemonp	Doraemon no Eawase Montage (prototype)	1993?	Sunsoft / Epoch
dorodon	Dorodon (set 1)	1982	UPL (Falcon license?)
dorodon2	Dorodon (set 2)	1982	UPL (Falcon license?)
dorunrun	Do! Run Run (set 1)	1984	Universal
dorunrun2	Do! Run Run (set 2)	1984	Universal
dorunrunc	Do! Run Run (Do's Castle hardware, set 1)	1984	Universal
dorunrunca	Do! Run Run (Do's Castle hardware, set 2)	1984	Universal
dotrikun	Dottori Kun (new version)	1990	Sega
dotrikun2	Dottori Kun (old version)	1990	Sega
dotriman	Dottori-Man Jr.	2016	hack (Chris Covell)
dotron	Discs of Tron (Upright, 10/4/83)	1983	Bally Midway
dotrona	Discs of Tron (Upright, 9/22/83)	1983	Bally Midway
dotrone	Discs of Tron (Environmental)	1983	Bally Midway
dotronep	Discs of Tron (Environmental, prototype, 8/9/83)	1983	Bally Midway
doubledr	Double Dragon (Neo-Geo)	1995	Technos Japan
douni	Mr. Do! vs. Unicorns (Japan)	1983	Universal
dowild	Mr. Do's Wild Ride	1984	Universal
downhill	Downhill Bikers (World, DH2 Ver. A)	1997	Namco
downhillu	Downhill Bikers (US, DH3 Ver. A)	1997	Namco
downtown	DownTown / Mokugeki (set 1)	1989	Seta
downtown2	DownTown / Mokugeki (set 2)	1989	Seta
downtownj	DownTown / Mokugeki (joystick hack)	1989	Seta
downtownp	DownTown / Mokugeki (prototype)	1989	Seta
dphl	Draw Poker HI-LO (M.Kramer)	1982	M.Kramer Manufacturing.
dphla	Joker Poker (Kramer, alt)	1983	<unknown>
dphlac	Draw Poker HI-LO (Americade)	1983	Americade
dphljp	Draw Poker HI-LO (Japanese)	1983	<unknown>
dphlunkb	Unknown Draw Poker HI-LO	198?	<unknown>
dplay	Double Play	1977	Midway
dpoker	Draw Poker (Bally, 03-20)	1985	Bally
dquizgo	Date Quiz Go Go (Korea)	1998	SemiCom / AceVer
dquizgo2	Date Quiz Go Go Episode 2	2000	SemiCom
draco	Draco	1981	Cidelsa
dragnblz	Dragon Blaze	2000	Psikyo
dragngun	Dragon Gun (US, LTEST-02 Version 0.00, 1992-12-08)	1992	Data East Corporation
dragngunj	Dragon Gun (Japan, Master Version 0.00, 1992-11-24)	1992	Data East Corporation
dragonsh	Dragon's Heaven (development board)	1997	Face
dragoona	Dragoon Might (ver AAB)	1995	Konami
dragoonj	Dragoon Might (ver JAA)	1995	Konami
dragrace	Drag Race	1977	Atari (Kee Games)
drakton	Drakton (DK conversion)	1984	Epos Corporation
draw88pkr	Draw 88 Poker (V2.0)	1988	BTE, Inc.
drderby	Derby Derby	1981	SNK
dream9	Dream 9 (v1.52)	1990	Excellent System
dreambal	Dream Ball (Japan V2.4)	1993	NDK / Data East
dreamwld	Dream World	2000	SemiCom
dremshpr	Dream Shopper	1982	Sanritsu
drgnbowl	Dragon Bowl (set 1, encrypted program)	1992	Nics
drgnbowla	Dragon Bowl (set 2, unencrypted program)	1992	Nics
drgnbstr	Dragon Buster	1984	Namco
drgninja	Dragonninja (Japan, revision 1)	1988	Data East Corporation
drgninjab	Dragonninja (bootleg)	1988	bootleg
drgninjab2	Dragonninja (bootleg with 68705)	1988	bootleg
drgnmst	Dragon Master (set 1)	1994	Unico
drgnmst2	Dragon Master (set 2)	1994	Unico
drgnunit	Dragon Unit / Castle of Dragon	1989	Athena / Seta
drgnwrld	Dragon World (World, V040O)	1997	IGS
drgnwrldv10c	Zhongguo Long (China, V010C)	1995	IGS
drgnwrldv11h	Dung Fong Zi Zyu (Hong Kong, V011H, set 1)	1995	IGS
drgnwrldv11ha	Dung Fong Zi Zyu (Hong Kong, V011H, set 2)	1995	IGS
drgnwrldv20j	Chuugokuryuu (Japan, V020J)	1995	IGS / Alta
drgnwrldv21	Dragon World (World, V021O)	1995	IGS
drgnwrldv21j	Chuugokuryuu (Japan, V021J)	1995	IGS / Alta
drgnwrldv30	Dragon World (World, V030O)	1995	IGS
drgnwrldv40k	Dongbang Jiju (Korea, V040K)	1995	IGS
drgpunch	Dragon Punch (Japan, ver. 1.30)	1989	Dynax
drgpunchbl	Dragon Punch (Japan, ver. 1.30, bootleg)	1989	Dynax
drgw2	Dragon World II (ver. 110X, Export)	1997	IGS
drgw2100c	Zhongguo Long II (ver. 100C, China)	1997	IGS
drgw2100hk	Dungfong Zi Zyu II (ver. 100H, Hong Kong)	1997	IGS
drgw2100j	Chuugokuryuu II (ver. 100J, Japan)	1997	IGS (Alta license)
drgw2100x	Dragon World II (ver. 100X, Export)	1997	IGS
drgw2101c	Zhongguo Long II (ver. 101C, China)	1997	IGS
drgw3	Dragon World 3 / Zhongguo Long 3 / Dungfong Zi Zyu 3 / Chuugokuryuu 3 Special (ver. 106)	1998	IGS
drgw3100	Chuugokuryuu 3 Special (Japan, ver. 100)	1998	IGS
drgw3103	Chuugokuryuu 3 Special (Japan, ver. 103)	1998	IGS
drgw3105	Dragon World 3 / Zhongguo Long 3 / Dungfong Zi Zyu 3 / Chuugokuryuu 3 Special (ver. 105)	1998	IGS
drhl	Drews Revenge (v.2.89, set 1)	1986	Drews Inc.
drhla	Drews Revenge (v.2.89, set 2)	1986	Drews Inc.
dribling	Dribbling (set 1)	1983	Model Racing
driblinga	Dribbling (set 2)	1983	Model Racing
driblingam	Dribbling (Automave)	1983	Model Racing (Automave license)
driblingo	Dribbling (Olympia)	1983	Model Racing (Olympia license)
driblingvm	Dribbling (Videomac bootleg, Brazil)	1983	bootleg (Videomac)
drifto94	Drift Out '94 - The Hard Order (Japan)	1994	Visco
driftout	Drift Out (Europe)	1991	Visco
driftoutct	Drift Out (Europe, Cameltry conversion)	1991	Visco
driftoutj	Drift Out (Japan)	1991	Visco
drivedge	Driver's Edge (v1.6)	1994	Strata / Incredible Technologies
driveout	Drive Out (bootleg of Drift Out)	1991	bootleg (Electronic Devices)
driveyes	Driver's Eyes (Japan) (1992/01/10, Main Ver 2.1, Sub Ver 1.1)	1992	Namco
drivfrcb	Driving Force (Galaxian conversion bootleg)	1985	bootleg (Elsys Software)
drivfrcg	Driving Force (Galaxian conversion)	1984	Shinkai Inc. (Magic Electronics USA license)
drivfrcp	Driving Force (Pac-Man conversion)	1984	Shinkai Inc. (Magic Electronics Inc. license)
drivfrcsg	Driving Force (Galaxian conversion, Seatongrove UK, E-0010)	1985	Shinkai Inc. (Seatongrove UK, Ltd. license)
drivfrcsgb	Driving Force (Galaxian conversion, Seatongrove UK)	1985	Shinkai Inc. (Seatongrove UK, Ltd. license)
drivfrct	Top Racer (bootleg of Driving Force)	1984	bootleg (EMT Germany)
drkseal	Dark Seal (8-liner)	1999	bootleg (Vegas)
drktnjr	Drakton (DKJr conversion)	1984	Epos Corporation
drmario	Vs. Dr. Mario	1990	Nintendo
drmicro	Dr. Micro	1983	Sanritsu
drmn	DrumMania (GQ881 VER. JAD)	1999	Konami
drmnu	DrumMania (GQ881 VER. UAB)	1999	Konami
drtomy	Dr. Tomy	1993	Playmark
drtoppel	Dr. Toppel's Adventure (World)	1987	Kaneko / Taito
drtoppelj	Dr. Toppel's Tankentai (Japan)	1987	Kaneko / Taito
drtoppelu	Dr. Toppel's Adventure (US)	1987	Kaneko / Taito America
drw80pkr	Draw 80 Poker (Minn)	1983	IGT - International Game Technology
drw80wld	Wild 1 (Quick Change Kit)	1982	IGT - International Game Technology
dsaber	Dragon Saber (World, DO2)	1990	Namco
dsabera	Dragon Saber (World, older?)	1990	Namco
dsaberj	Dragon Saber (Japan, Rev B)	1990	Namco
dsem	Dancing Stage Euro Mix (G*936 VER. EAA)	2000	Konami
dsem2	Dancing Stage Euro Mix 2 (G*C23 VER. EAA)	2002	Konami
dsfdct	Dancing Stage featuring Dreams Come True (GC910 VER. JCA)	1999	Konami
dsfdcta	Dancing Stage featuring Dreams Come True (GC910 VER. JAA)	1999	Konami
dsftkd	Dancing Stage featuring TRUE KiSS DESTiNATiON (G*884 VER. JAA)	1999	Konami
dsmbl	Deathsmiles MegaBlack Label (Japan, 2008/10/06 MEGABLACK LABEL VER)	2008	Cave (AMI license)
dsoccr94	Dream Soccer '94 (World, M107 hardware)	1994	Irem (Data East Corporation license)
dsoccr94j	Dream Soccer '94 (Japan, M92 hardware)	1994	Irem
dsoccr94k	Dream Soccer '94 (Korea, M107 hardware)	1994	Irem (Data East Corporation license)
dspirit	Dragon Spirit (new version (DS3))	1987	Namco
dspirit1	Dragon Spirit (old version (DS1))	1987	Namco
dspirit2	Dragon Spirit (DS2)	1987	Namco
dsrtwars	Desert Wars (bootleg of Battlezone)	1981	bootleg (Andra S.A.)
dstage	Dancing Stage - Internet Ranking Ver (GC845 VER. EBA)	1999	Konami
dstagea	Dancing Stage (GN845 VER. EAA)	1999	Konami
dstlk	Darkstalkers: The Night Warriors (Europe 940705)	1994	Capcom
dstlka	Darkstalkers: The Night Warriors (Asia 940705)	1994	Capcom
dstlkb	Darkstalkers: The Night Warriors (Brazil 940818)	1994	Capcom
dstlkh	Darkstalkers: The Night Warriors (Hispanic 940818)	1994	Capcom
dstlku	Darkstalkers: The Night Warriors (USA 940818)	1994	Capcom
dstlku1d	Darkstalkers: The Night Warriors (USA 940705 Phoenix Edition) (bootleg)	1994	bootleg
dstlkur1	Darkstalkers: The Night Warriors (USA 940705)	1994	Capcom
dt7	DT7 (prototype)	1993	Toaplan
dtfamily	Diet Family	2001	SemiCom
dtoyoken	Mahjong Dai Touyouken (Japan)	1996	Dynax / Sigma
dtrvwz5	Deluxe Trivia ? Whiz Edition 5 (6221-70, U5-0A)	1987	Merit
dtrvwz5v	Deluxe Trivia ? Whiz Edition 5 (6221-75, U5-0, vertical)	1987	Merit
dualaslt	Dual Assault	1984	Data East USA
duckhunt	Vs. Duck Hunt (set DH3 E)	1985	Nintendo
dumpmtmt	Dump Matsumoto (Japan, 8751 317-0011a)	1986	Sega
dungeonm	Dungeon Magic (Ver 2.1O 1994/02/18)	1993	Taito
dungeonmu	Dungeon Magic (Ver 2.1A 1994/02/18)	1993	Taito America
dunhuang	Mahjong Dunhuang	1995	Spirit
dunkmnia	Dunk Mania (World, DM2/VER.C)	1995	Namco
dunkmniajc	Dunk Mania (Japan, DM1/VER.C)	1995	Namco
dunkshot	Dunk Shot (Rev C, FD1089A 317-0022)	1987	Sega
dunkshota	Dunk Shot (Rev A, FD1089A 317-0022)	1987	Sega
dunkshoto	Dunk Shot (FD1089A 317-0022)	1986	Sega
dvisland	Devil Island (Version 1.4R CGA)	2006	Amcoe
dvislando	Devil Island (Version 1.0R CGA)	2006	Amcoe
dw2001	Chuugokuryuu 2001 [Dragon World 2001] (V100 02/21/01 16:05:16, Japan)	2001	IGS
dwarfd	Draw Poker III / Dwarfs Den (Dwarf Gfx)	1981	Electro-Sport
dwarfda	Draw Poker III / Dwarfs Den (Card Gfx)	1981	Electro-Sport
dwex	Dragon World 3 EX / Zhongguo Long 3 EX / Dungfong Zi Zyu 3 EX / Chuugokuryuu 3 EX (ver. 100)	2000	IGS
dwex101cn	Dragon World 3 EX / Zhongguo Long 3 EX / Dungfong Zi Zyu 3 EX / Chuugokuryuu 3 EX (ver. 101CN)	2001	IGS
dwpc	Zhongguo Long Pretty Chance [Dragon World Pretty Chance] (V110 03/19/02 11:13:16, China)	2001	IGS
dwpc101j	Chuugokuryuu Pretty Chance [Dragon World Pretty Chance] (V101 09/26/01 10:23:26, Japan)	2001	IGS
dybbnao	Dynamite Baseball NAOMI (Japan)	1998	Sega
dyger	Dyger (Korea set 1)	1989	Philko
dygera	Dyger (Korea set 2)	1989	Philko
dynabb	Dynamite Baseball	1996	Sega
dynabb97	Dynamite Baseball 97 (Revision A)	1997	Sega
dynablst	Dynablaster / Bomber Man	1991	Irem (licensed from Hudson Soft)
dynablstb	Dynablaster / Bomber Man (bootleg, set 1)	1992	bootleg (Seitu)
dynablstb2	Dynablaster / Bomber Man (bootleg, set 2)	1992	bootleg (Seitu)
dynablstb3	Dynablaster / Bomber Man (bootleg, set 3)	1992	bootleg (Seitu)
dynablstb4	Dynablaster / Bomber Man (bootleg, set 4)	1992	bootleg (Seitu)
dynabomb	Dynamite Bomber (Korea, Rev 1.5)	2000	Limenko
dynadice	Dynamic Dice	19??	<unknown>
dynagear	Dyna Gear	1993	Sammy
dynamcop	Dynamite Cop (Export, Model 2A)	1998	Sega
dynamcopb	Dynamite Cop (Export, Model 2B)	1998	Sega
dynamcopc	Dynamite Cop (USA, Model 2C)	1998	Sega
dynamski	Dynamic Ski	1984	Taiyo System (Nichibutsu license)
dynashot	Dynamic Shoot Kyousou	1988	Jaleco
dyndeka2	Dynamite Deka 2 (Japan, Model 2A)	1998	Sega
dyndeka2b	Dynamite Deka 2 (Japan, Model 2B)	1998	Sega
dynduke	Dynamite Duke (Europe, 03SEP89)	1989	Seibu Kaihatsu
dyndukea	Dynamite Duke (Europe, 25JUL89)	1989	Seibu Kaihatsu
dyndukej	Dynamite Duke (Japan, 03SEP89)	1989	Seibu Kaihatsu
dyndukeja	Dynamite Duke (Japan, 25JUL89)	1989	Seibu Kaihatsu
dyndukeu	Dynamite Duke (US, 25JUL89)	1989	Seibu Kaihatsu (Fabtek license)
dynobop	Dyno Bop (v1.1)	1990	Grand Products / Incredible Technologies
dynwar	Dynasty Wars (USA, B-Board 89624B-?)	1989	Capcom
dynwara	Dynasty Wars (USA, B-Board 88622B-3)	1989	Capcom
dynwarj	Tenchi wo Kurau (Japan)	1989	Capcom
dynwarjr	Tenchi wo Kurau (Japan Resale Ver.)	1989	Capcom
dzigzag	Zig Zag (Dig Dug hardware)	1982	bootleg
eagle	Eagle (set 1)	1980	Nichibutsu (Centuri license)
eagle2	Eagle (set 2)	1980	Nichibutsu (Centuri license)
eagle3	Eagle (set 3)	1980	Nichibutsu (Centuri license)
eaglshot	Eagle Shot Golf (US)	1994	Sammy
eaglshotj	Eagle Shot Golf (Japan, bootleg?)	1994	Sammy
earthjkr	U.N. Defense Force: Earth Joker (US / Japan, set 1)	1993	Visco
earthjkra	U.N. Defense Force: Earth Joker (US / Japan, set 2)	1993	Visco
earthjkrb	U.N. Defense Force: Earth Joker (US / Japan, set 3)	1993	Visco
earthjkrp	U.N. Defense Force: Earth Joker (Japan, prototype?)	1993	Visco
ebases	Extra Bases	1980	Dave Nutting Associates / Midway
eca	Emergency Call Ambulance (Export)	1999	Sega
ecaj	Emergency Call Ambulance (Japan)	1999	Sega
ecau	Emergency Call Ambulance (USA)	1999	Sega
ecofghtr	Eco Fighters (World 931203)	1993	Capcom
ecofghtra	Eco Fighters (Asia 931203)	1993	Capcom
ecofghtrd	Eco Fighters (World 931203 Phoenix Edition) (bootleg)	1993	bootleg
ecofghtrh	Eco Fighters (Hispanic 931203)	1993	Capcom
ecofghtru	Eco Fighters (USA 940215)	1993	Capcom
ecofghtru1	Eco Fighters (USA 931203)	1993	Capcom
edf	E.D.F.: Earth Defense Force (set 1)	1991	Jaleco
edfa	E.D.F.: Earth Defense Force (set 2)	1991	Jaleco
edfb	E.D.F.: Earth Defense Force (set 3)	1991	Jaleco
edfbl	E.D.F.: Earth Defense Force (bootleg)	1991	bootleg
edfp	E.D.F.: Earth Defense Force (Japan, prototype)	1991	Jaleco
edfu	E.D.F.: Earth Defense Force (North America)	1991	Jaleco
edrandy	The Cliffhanger - Edward Randy (World ver 3)	1990	Data East Corporation
edrandy1	The Cliffhanger - Edward Randy (World ver 1)	1990	Data East Corporation
edrandy2	The Cliffhanger - Edward Randy (World ver 2)	1990	Data East Corporation
edrandyj	The Cliffhanger - Edward Randy (Japan ver 3)	1990	Data East Corporation
eeekk	Eeekk!	1983	Epos Corporation
eeekkp	Eeekk! (Pac-Man conversion)	1984	Epos Corporation
efdt	El Fin Del Tiempo	1981	Niemer
eforest	Enchanted Forest (4VXFC818, NSW)	1995	Aristocrat
eforestnz	Enchanted Forest (3VXFC5343, New Zealand)	1996	Aristocrat
eforestu	Enchanted Forest (12XF528902, US)	1996	Aristocrat
egghunt	Egg Hunt	1995	Invi Image
eggor	Eggor	1983	Telko
eggs	Eggs (USA)	1983	Technos Japan (Universal USA license)
eggsplc	Eggs Playing Chicken	2002	The Game Room
eggventr	Egg Venture (Release 10)	1997	ICE / The Game Room
eggventr1	Egg Venture (Release 1)	1997	Kyle Hodgetts / The Game Room
eggventr2	Egg Venture (Release 2)	1997	ICE / The Game Room
eggventr4	Egg Venture (Release 4)	1997	ICE / The Game Room
eggventr7	Egg Venture (Release 7)	1997	ICE / The Game Room
eggventr8	Egg Venture (Release 8)	1997	ICE / The Game Room
eggventra	Egg Venture (A.L. Release)	1997	The Game Room (A.L. Australia license)
eggventrd	Egg Venture Deluxe	1997	The Game Room
ehrgeiz	Ehrgeiz (World, EG2/VER.A)	1998	Square / Namco
ehrgeizja	Ehrgeiz (Japan, EG1/VER.A)	1998	Square / Namco
ehrgeizua	Ehrgeiz (US, EG3/VER.A)	1998	Square / Namco
eibise	Eibise (Japan)	1990	Taito
eightfrc	Eight Forces	1994	Tecmo
eightman	Eight Man (NGM-025 ~ NGH-025)	1991	SNK / Pallas
einning	Extra Inning / Ball Park II	1978	Midway / Taito
ejanhs	E Jong High School (Japan)	1996	Seibu Kaihatsu
ejihon	Ejihon Tantei Jimusho (J 950613 V1.000)	1995	Sega
ejsakura	E-Jan Sakurasou (Japan, SYS386F V2.0)	1999	Seibu Kaihatsu
ejsakura12	E-Jan Sakurasou (Japan, SYS386F V1.2)	1999	Seibu Kaihatsu
elandore	Touryuu Densetsu Elan-Doree / Elan Doree - Legend of Dragoon (JUET 980922 V1.006)	1998	Sai-Mate
eldoraddoa	El Dorado (Dyna D9101 HW, V1.4D)	1991	Dyna
eldoraddoab	El Dorado (Dyna D9101 HW, V1.5U, Dyna/Grayhound)	1991	Dyna / Grayhound
eldoraddoac	El Dorado (Dyna D9101 HW, V1.2D)	1991	Dyna
elecyoyo	The Electric Yo-Yo (rev 1)	1982	Taito America
elecyoyoa	The Electric Yo-Yo	1982	Taito America
elephfam	Elephant Family (Italian, new)	1997	C.M.C.
elephfmb	Elephant Family (Italian, old)	1996	C.M.C.
elevator	Elevator Action (BA3, 4 PCB version, 1.1)	1983	Taito
elevatora	Elevator Action (EA, 5 PCB version, 1.1)	1983	Taito
elevatorb	Elevator Action (bootleg)	1983	bootleg
elfin	Elfin	1999	dgPIX Entertainment Inc.
elgrande	El Grande - 5 Card Draw (New)	1982	Tuni Electro Service
elim2	Eliminator (2 Players, set 1)	1981	Gremlin
elim2a	Eliminator (2 Players, set 2)	1981	Gremlin
elim2c	Eliminator (2 Players, cocktail)	1981	Gremlin
elim4	Eliminator (4 Players)	1981	Gremlin
elim4p	Eliminator (4 Players, prototype)	1981	Gremlin
elvact2u	Elevator Action II (Ver 2.2A 1995/02/20)	1994	Taito America
elvactr	Elevator Action Returns (Ver 2.2O 1995/02/20)	1994	Taito
elvactrj	Elevator Action Returns (Ver 2.2J 1995/02/20)	1994	Taito
embargo	Embargo	1977	Cinematronics
emeralda	Emeraldia (World)	1993	Namco
emeraldaj	Emeraldia (Japan)	1993	Namco
emeraldajb	Emeraldia (Japan Version B)	1993	Namco
emeraldajd	Emeraldia (Japan Version D)	1993	Namco
empcity	Empire City: 1931 (bootleg?)	1986	Seibu Kaihatsu
empcityfr	Empire City: 1931 (France)	1986	Seibu Kaihatsu (Norad license)
empcityi	Empire City: 1931 (Italy)	1986	Seibu Kaihatsu (Eurobed license)
empcityj	Empire City: 1931 (Japan)	1986	Seibu Kaihatsu (Taito license)
empcityu	Empire City: 1931 (US)	1986	Seibu Kaihatsu (Taito / Romstar license)
empcityubl	Empire City: 1931 (US, bootleg)	1986	Seibu Kaihatsu
endless	Gundam Wing: Endless Duel (SNES bootleg, set 1)	1996	bootleg
endlessa	Gundam Wing: Endless Duel (SNES bootleg, set 2)	1996	bootleg
endrichs	Endless Riches (Ver 1.21)	1999	E.N.Tiger
endrichsa	Endless Riches (Ver 1.20)	1999	E.N.Tiger
endrichsb	Endless Riches (Ver 1.10)	1999	E.N.Tiger
endurobl	Enduro Racer (bootleg set 1)	1986	bootleg
enduror	Enduro Racer (Rev A, YM2151, FD1089B 317-0013A)	1986	Sega
enduror1	Enduro Racer (YM2203, FD1089B 317-0013A)	1986	Sega
enduror1d	Enduro Racer (bootleg of YM2203, FD1089B 317-0013A set)	1986	bootleg
endurora	Enduro Racer (Rev A, YM2151, mask ROM sprites, FD1089B 317-0013A)	1986	Sega
endurorb	Enduro Racer (YM2151, FD1089B 317-0013A)	1986	Sega
endurord	Enduro Racer (bootleg of Rev A, YM2151, FD1089B 317-0013A set)	1986	bootleg
enforce	Enforce (World)	1988	Taito
enforcej	Enforce (Japan)	1988	Taito
enforceja	Enforce (Japan, Analog Controls)	1988	Taito
enigma2	Enigma II	1981	Zilec Electronics (Game Plan license)
enigma2a	Enigma II (Space Invaders hardware)	1984	Zilec Electronics
enigma2b	Phantoms II (Space Invaders hardware)	1981	Zilec Electronics
enmadaio	Enma Daio (Japan)	1993	Toaplan / Taito
eprom	Escape from the Planet of the Robot Monsters (set 1)	1989	Atari Games
eprom2	Escape from the Planet of the Robot Monsters (set 2)	1989	Atari Games
equites	Equites	1984	Alpha Denshi Co.
equitess	Equites (Sega)	1984	Alpha Denshi Co. (Sega license)
ertictac	Erotictac/Tactic	1990	Sisteme
ertictaca	Erotictac/Tactic (ver 01)	1990	Sisteme
ertictacb	Erotictac/Tactic (set 2)	1990	Sisteme
esb	The Empire Strikes Back	1985	Atari Games
esckids	Escape Kids (Asia, 4 Players)	1991	Konami
esckidsj	Escape Kids (Japan, 2 Players)	1991	Konami
escmars	Escape from Mars (bootleg of Lunar Rescue)	1980	bootleg
escounts	Every Second Counts (39-360-053)	1990	BFM
espgal	Espgaluda (2003/10/15 Master Ver)	2003	Cave (AMI license)
espgal2	Espgaluda II (Japan, 2005/11/14.MASTER VER.)	2005	Cave (AMI license)
espgal2a	Espgaluda II (Japan, 2005/11/14 MASTER VER, newer CV1000-B PCB)	2005	Cave (AMI license)
espgal2b	Espgaluda II (Japan, 2005/11/14 MASTER VER, original CV1000-B PCB)	2005	Cave (AMI license)
espgalbl	Espgaluda (2003/10/15 Master Ver, bootleg cartridge conversion)	2003	bootleg
espial	Espial (Europe)	1983	Orca / Thunderbolt
espialj	Espial (Japan)	1983	Orca / Thunderbolt
espialn	Espial (Nova Apparate license)	1983	Orca / Thunderbolt
espialu	Espial (US?)	1983	Orca / Thunderbolt
esprade	ESP Ra.De. (World, 1998 4/22 International Ver.)	1998	Cave (Atlus license)
espradej	ESP Ra.De. (Japan, 1998 4/21 Master Ver.)	1998	Cave (Atlus license)
espradejo	ESP Ra.De. (Japan, 1998 4/14 Master Ver.)	1998	Cave (Atlus license)
eswat	Cyber Police ESWAT (set 4, World) (FD1094 317-0130)	1989	Sega
eswatbl	Cyber Police ESWAT (bootleg, set 1)	1989	bootleg
eswatbl2	Cyber Police ESWAT (bootleg, set 2)	1989	bootleg
eswatd	Cyber Police ESWAT (set 4, World) (bootleg of FD1094 317-0130 set)	1989	bootleg
eswatj	Cyber Police ESWAT (set 2, Japan) (FD1094 317-0128)	1989	Sega
eswatj1	Cyber Police ESWAT (set 1, Japan) (FD1094 317-0131)	1989	Sega
eswatj1d	Cyber Police ESWAT (set 1, Japan) (bootleg of FD1094 317-0131 set)	1989	bootleg
eswatjd	Cyber Police ESWAT (set 2, Japan) (bootleg of FD1094 317-0128 set)	1989	bootleg
eswatu	Cyber Police ESWAT (set 3, US) (FD1094 317-0129)	1989	Sega
eswatud	Cyber Police ESWAT (set 3, US) (bootleg of FD1094 317-0129 set)	1989	bootleg
eto	Kokontouzai Eto Monogatari (Japan)	1994	Visco
etoa	Kokontouzai Eto Monogatari (Japan, prototype?)	1994	Visco
euroch92	Euro Champ '92 (World)	1992	Taito
euroch92j	Euro Champ '92 (Japan)	1992	Taito
eurogael	Euro League (Gaelco bootleg, Modular System)	1989	bootleg (Gaelco / Ervisa)
evilngt	Evil Night (ver UBA)	1998	Konami
evilston	Evil Stone	1990	Spacy Industrial
evosocc	Evolution Soccer	2001	Evoga / BrezzaSoft
excelsr	Excelsior (set 1)	1996	Playmark
excelsra	Excelsior (set 2)	1996	Playmark
excitebk	Vs. Excitebike (set EB4-3 E)	1984	Nintendo
excitebkj	Vs. Excitebike (set EB4-4 A)	1984	Nintendo
excitebko	Vs. Excitebike (set EB4-3 ?)	1984	Nintendo
excthour	Exciting Hour	1985	Technos Japan (Taito license)
exctleag	Excite League (FD1094 317-0079)	1988	Sega
exctleagd	Excite League (bootleg of FD1094 317-0079 set)	1988	bootleg
exctscc2	Exciting Soccer II	1984	Alpha Denshi Co.
exctsccr	Exciting Soccer	1983	Alpha Denshi Co.
exctsccra	Exciting Soccer (alternate music)	1983	Alpha Denshi Co.
exctsccrb	Exciting Soccer (bootleg)	1983	bootleg (Kazutomi)
exctsccrj	Exciting Soccer (Japan)	1983	Alpha Denshi Co.
exctsccrjo	Exciting Soccer (Japan, older)	1983	Alpha Denshi Co.
exctsccru	Exciting Soccer (US)	1983	Alpha Denshi Co.
exedexes	Exed Exes	1985	Capcom
exerion	Exerion	1983	Jaleco
exerionb	Exerion (bootleg, set 1)	1983	bootleg
exerionb2	Exerion (bootleg, set 2)	1983	bootleg
exerionba	Exerion (Assa, bootleg)	1983	bootleg (Assa)
exeriont	Exerion (Taito)	1983	Jaleco (Taito America license)
exerizer	Exerizer (Japan)	1987	Jaleco
exerizerb	Exerizer (bootleg)	1987	bootleg
exodus	Exodus (bootleg?)	19??	bootleg? (Subelectro)
expcard	Express Card / Top Card (Ver. 1.5)	1998	Subsino (American Alpha license)
explbrkr	Explosive Breaker (World)	1992	Kaneko
explbrkrk	Explosive Breaker (Korea)	1992	Kaneko
explorer	Explorer (bootleg of Scramble)	1981	bootleg (Sidam)
exprraid	Express Raider (World, Rev 4)	1986	Data East Corporation
exprraidbl	Express Raider (bootleg)	1986	bootleg
exprraidi	Express Raider (Italy)	1986	Data East Corporation
exprraidu	Express Raider (US, rev 5)	1986	Data East USA
exsprt48	Excite Sports Wireless Interactive TV Game - 48-in-1 (NTSC)	200?	Excite
extdwnhl	Extreme Downhill (v1.5)	1995	Sammy Industries Japan
exterm	Exterminator	1989	Premier Technology
extrmatn	Extermination (World)	1987	Taito
extrmatnj	Extermination (Japan)	1987	Taito
extrmatnu	Extermination (US, World Games)	1987	Taito (World Games license)
extrmatnur	Extermination (US, Romstar)	1987	Taito America (Romstar license)
exvania	Exvania (World)	1992	Namco
exvaniaj	Exvania (Japan)	1992	Namco
exzisus	Exzisus (Japan, dedicated)	1987	Taito
exzisusa	Exzisus (Japan, conversion)	1987	Taito
exzisust	Exzisus (TAD license)	1987	Taito (TAD license)
eyes	Eyes (US, set 1)	1982	Techstar (Rock-Ola license)
eyes2	Eyes (US, set 2)	1982	Techstar (Rock-Ola license)
eyesb	Eyes (bootleg, set 1)	1982	bootleg
eyeszac	Eyes (Italy)	1982	Techstar (Zaccaria license)
eyeszacb	Eyes (bootleg, set 2, decrypted)	1982	bootleg
f15se	F-15 Strike Eagle (rev. 2.2 02/25/91, 29K ver. 3.1f)	1991	Microprose Games Inc.
f15se21	F-15 Strike Eagle (rev. 2.1 02/04/91)	1991	Microprose Games Inc.
f15se22	F-15 Strike Eagle (rev. 2.2 02/25/91, 29K ver. 2.2a)	1991	Microprose Games Inc.
f16s8l	F-16 Super 8 Lines	1989	Leisure Ent
f1dream	F-1 Dream (set 1)	1988	Capcom (Romstar license)
f1dreama	F-1 Dream (set 2)	1988	Capcom (Romstar license)
f1dreamb	F-1 Dream (bootleg, set 1)	1988	bootleg
f1dreamba	F-1 Dream (bootleg, set 2)	1988	bootleg
f1en	F1 Exhaust Note (World, Rev A)	1991	Sega
f1enj	F1 Exhaust Note (Japan, Rev A)	1991	Sega
f1enu	F1 Exhaust Note (US, Rev A)	1991	Sega
f1gp	F-1 Grand Prix (set 1)	1991	Video System Co.
f1gp2	F-1 Grand Prix Part II	1992	Video System Co.
f1gpa	F-1 Grand Prix (set 2)	1991	Video System Co.
f1gpb	F-1 Grand Prix (set 3)	1991	Video System Co.
f1gpbl	F-1 Grand Prix (Playmark bootleg)	1991	bootleg (Playmark)
f1gpstar	Grand Prix Star (ver 4.0)	1992	Jaleco
f1gpstar2	Grand Prix Star (ver 2.0)	1991	Jaleco
f1gpstar3	Grand Prix Star (ver 3.0)	1991	Jaleco
f1gpstr2	F-1 Grand Prix Star II	1993	Jaleco
f1lap	F1 Super Lap (World)	1993	Sega
f1lapj	F1 Super Lap (Japan)	1993	Sega
f1lapt	F1 Super Lap (World, Unprotected)	1993	Sega
f1superb	F-1 Super Battle	1994	Jaleco
fa	F/A (Japan)	1992	Namco
faceoff	Face Off (Japan 2 Players)	1988	Namco
failgate	Fail Gate	1991	Success (Seibu Kaihatsu license)
falcnwld	Falcons Wild - Wild Card 1991 (TVG)	1991	TVG
falcnwlda	Falcons Wild - World Wide Poker (Video Klein, set 1)	1990	Video Klein
falcnwldb	Falcons Wild - World Wide Poker (Video Klein, set 2)	1990	Video Klein
falcnwldd	Falcons Wild - World Wide Poker (Falcon original)	1983	Falcon
falcon	Falcon (bootleg of Phoenix) (8085A CPU)	1980	bootleg
falconz	Falcon (bootleg of Phoenix) (Z80 CPU)	1980	bootleg (Digimatic)
famibox	FamicomBox	1986	Nintendo
famistat	FamicomStation	1986	Nintendo
fantasia	Fantasia (940429 PCB, set 1)	1994	Comad & New Japan System
fantasiaa	Fantasia (940307 PCB)	1994	Comad & New Japan System
fantasiab	Fantasia (940429 PCB, set 2)	1994	Comad & New Japan System
fantasian	Fantasia (940803 PCB)	1994	Comad & New Japan System
fantastc	Fantastic (Galaga conversion on Galaxian hardware)	198?	Taito do Brasil
fantasyg	Fantasy (Germany, set 1)	1981	SNK
fantasyg2	Fantasy (Germany, set 2)	1981	SNK
fantasyj	Fantasy (Japan)	1981	SNK
fantasyu	Fantasy (US)	1981	SNK (Rock-Ola license)
fantazia	Fantazia (bootleg?)	1980	bootleg (Subelectro)
fantjour	Fantastic Journey (ver EAA)	1994	Konami
fantjoura	Fantastic Journey (ver AAA)	1994	Konami
fantland	Fantasy Land (set 1)	19??	Electronic Devices Italy
fantlanda	Fantasy Land (set 2)	19??	Electronic Devices Italy
fantsia2	Fantasia II (Explicit)	1997	Comad
fantsia2a	Fantasia II (Less Explicit)	1997	Comad
fantsia2n	Fantasia II (1998)	1998	Comad
fantstry	Fantasy Story (set 1)	2002	Z Soft
fantstrya	Fantasy Story (set 2)	2002	Z Soft
fantsy95	Fantasy '95	1995	Hi-max Technology Inc.
fantzn2	Fantasy Zone II - The Tears of Opa-Opa (MC-8123, 317-0057)	1988	Sega
fantzn2x	Fantasy Zone II - The Tears of Opa-Opa (System 16C version)	2008	Sega / M2
fantzn2xp	Fantasy Zone II - The Tears of Opa-Opa (System 16C version, prototype)	2008	Sega / M2
fantzone	Fantasy Zone (Rev A, unprotected)	1986	Sega
fantzone1	Fantasy Zone (unprotected)	1986	Sega
fantzonee	Fantasy Zone (FD1089B 317-0016)	1986	Sega
fantzonep	Fantasy Zone (317-5000)	1986	Sega
fantzonepr	Fantasy Zone (prototype)	1986	Sega
fantzoneta	Fantasy Zone (Time Attack, bootleg)	2008	bootleg
farmer	Farmers Rebellion	1985	Sun Electronics
fashion	Fashion (Version 2.14)	2000	High Video
fashiong	Fashion Gambler (set 1)	1997	ADP
fashiong2	Fashion Gambler (set 2)	1997	ADP
fastdrwp	Fast Draw (poker conversion kit)	198?	Stern Electronics
fastfred	Fast Freddie	1982	Kaneko (Atari license)
fastlane	Fast Lane	1987	Konami
fatfursp	Fatal Fury Special / Garou Densetsu Special (NGM-058 ~ NGH-058, set 1)	1993	SNK
fatfurspa	Fatal Fury Special / Garou Densetsu Special (NGM-058 ~ NGH-058, set 2)	1993	SNK
fatfurspb	Fatal Fury Special (SNES bootleg with timer)	199?	bootleg
fatfurwa	Fatal Fury: Wild Ambition / Garou Densetsu: Wild Ambition (rev.A)	1998	SNK
fatfury1	Fatal Fury - King of Fighters / Garou Densetsu - Shukumei no Tatakai (NGM-033 ~ NGH-033)	1991	SNK
fatfury2	Fatal Fury 2 / Garou Densetsu 2 - Arata-naru Tatakai (NGM-047 ~ NGH-047)	1992	SNK
fatfury3	Fatal Fury 3 - Road to the Final Victory / Garou Densetsu 3 - Haruka-naru Tatakai (NGM-069 ~ NGH-069)	1995	SNK
fax	FAX	1983	Exidy
fax2	FAX 2	1983	Exidy
fb2010	Fruit Bonus 2010 (v. 2.0.1.3)	2009	Amcoe
fb2010a	Fruit Bonus 2010 (v. 2.0.1.0)	2009	Amcoe
fb2gen	Fruit Bonus 2nd Generation (Version 1.8E Dual)	2004	Amcoe
fb2genc1	Fruit Bonus 2nd Generation (Version 1.8R, set 1)	2004	Amcoe
fb2genc2	Fruit Bonus 2nd Generation (Version 1.8LT, set 1)	2004	Amcoe
fb2gencq	Fruit Bonus 2nd Generation (Version 1.8Q)	2004	Amcoe
fb2gend1	Fruit Bonus 2nd Generation (Version 1.8R, set 2)	2004	Amcoe
fb2gend2	Fruit Bonus 2nd Generation (Version 1.8LT, set 2)	2004	Amcoe
fb2geno	Fruit Bonus 2nd Generation (Version 1.6XT)	2004	Amcoe
fb2geno2	Fruit Bonus 2nd Generation (Version 1.5)	2004	Amcoe
fb2genv1	Fruit Bonus 2nd Generation (Version 1.8R Dual)	2004	Amcoe
fb2genv2	Fruit Bonus 2nd Generation (Version 1.8LT Dual)	2004	Amcoe
fb2nd	Fruit Bonus 2nd Edition (Version 1.8R, set 1)	2004	Amcoe
fb2ndc2	Fruit Bonus 2nd Edition (Version 1.8LT, set 1)	2004	Amcoe
fb2ndd1	Fruit Bonus 2nd Edition (Version 1.8R, set 2)	2004	Amcoe
fb2ndd2	Fruit Bonus 2nd Edition (Version 1.8LT, set 2)	2004	Amcoe
fb2ndo	Fruit Bonus 2nd Edition (Version 1.5)	2004	Amcoe
fb2ndo1	Fruit Bonus 2nd Edition (Version 1.6R)	2004	Amcoe
fb2ndv1	Fruit Bonus 2nd Edition (Version 1.8R Dual)	2004	Amcoe
fb2ndv2	Fruit Bonus 2nd Edition (Version 1.8LT Dual)	2004	Amcoe
fb3g	Fruit Bonus 3G (Version 1.0.3)	200?	Amcoe
fb4	Fruit Bonus 2004 (Version 1.5R, set 1)	2004	Amcoe
fb4_14	Fruit Bonus 2004 (Version 1.4)	2004	Amcoe
fb4b2	Fruit Bonus 2004 (Version 1.5LT, set 1)	2004	Amcoe
fb4c1	Fruit Bonus 2004 (Version 1.5R, set 2)	2004	Amcoe
fb4c2	Fruit Bonus 2004 (Version 1.5LT, set 2)	2004	Amcoe
fb4d1	Fruit Bonus 2004 (Version 1.5R, set 3)	2004	Amcoe
fb4d2	Fruit Bonus 2004 (Version 1.5LT, set 3)	2004	Amcoe
fb4exp	Fruit Bonus 2005 (2004 Export - Version 1.5E Dual)	2004	Amcoe
fb4o	Fruit Bonus 2004 (Version 1.3XT)	2004	Amcoe
fb4o2	Fruit Bonus 2004 (Version 1.2)	2004	Amcoe
fb4v1	Fruit Bonus 2004 (Version 1.5R Dual)	2004	Amcoe
fb4v2	Fruit Bonus 2004 (Version 1.5LT Dual)	2004	Amcoe
fb5	Fruit Bonus 2005 (Version 1.5SH, set 1)	2005	Amcoe
fb5c	Fruit Bonus 2005 (Version 1.5SH, set 2)	2005	Amcoe
fb5d	Fruit Bonus 2005 (Version 1.5SH, set 3)	2005	Amcoe
fb5v	Fruit Bonus 2005 (Version 1.5SH Dual)	2005	Amcoe
fb6	Fruit Bonus '06 - 10th anniversary (Version 1.7E CGA)	2006	Amcoe
fb6d1	Fruit Bonus '06 - 10th anniversary (Version 1.7R CGA)	2006	Amcoe
fb6d2	Fruit Bonus '06 - 10th anniversary (Version 1.7LT CGA)	2006	Amcoe
fb6s1	Fruit Bonus '06 - 10th anniversary (Version 1.7R CGA, Compact PCB)	2006	Amcoe
fb6s2	Fruit Bonus '06 - 10th anniversary (Version 1.7LT CGA, Compact PCB)	2006	Amcoe
fb6s3	Fruit Bonus '06 - 10th anniversary (Version 1.3R CGA, Compact PCB)	2006	Amcoe
fb6se	Fruit Bonus 2006 Special Edition (Version 1.4E CGA)	2006	Amcoe
fb6sed1	Fruit Bonus 2006 Special Edition (Version 1.4R CGA)	2006	Amcoe
fb6sed2	Fruit Bonus 2006 Special Edition (Version 1.4LT CGA)	2006	Amcoe
fb6sev	Fruit Bonus 2006 Special Edition (Version 1.4E Dual)	2006	Amcoe
fb6sev1	Fruit Bonus 2006 Special Edition (Version 1.4R Dual)	2006	Amcoe
fb6sev2	Fruit Bonus 2006 Special Edition (Version 1.4LT Dual)	2006	Amcoe
fb6v	Fruit Bonus '06 - 10th anniversary (Version 1.7E Dual)	2006	Amcoe
fb6v1	Fruit Bonus '06 - 10th anniversary (Version 1.7R Dual)	2006	Amcoe
fb6v2	Fruit Bonus '06 - 10th anniversary (Version 1.7LT Dual)	2006	Amcoe
fbait2bc	Fisherman's Bait 2 - A Bass Challenge (GE865 VER. UAB)	1998	Konami
fbaitbc	Fisherman's Bait - A Bass Challenge (GE765 VER. UAB)	1998	Konami
fbaitmc	Fisherman's Bait - Marlin Challenge (GX889 VER. EA)	1999	Konami
fbaitmca	Fisherman's Bait - Marlin Challenge (GX889 VER. AA)	1999	Konami
fbaitmcj	Fisherman's Bait - Marlin Challenge (GX889 VER. JA)	1999	Konami
fbaitmcu	Fisherman's Bait - Marlin Challenge (GX889 VER. UA)	1999	Konami
fball	Fire Ball (FM Work)	1992	FM Work
fbcrazy	Football Crazy (Video Quiz)	1997	BFM
fbdeluxe	Fruit Bonus Deluxe (Version 1.0.9)	200?	Amcoe
fbdeluxeo	Fruit Bonus Deluxe (Version 1.0.7)	200?	Amcoe
fbfrenzy	Football Frenzy (NGM-034 ~ NGH-034)	1992	SNK
fcnudge	Fruit Carnival Nudge (Version 2.1 Dual)	2003	Amcoe
fcnudgeo	Fruit Carnival Nudge (Version 2.0, set 1)	2003	Amcoe
fcnudgeo2	Fruit Carnival Nudge (Version 2.0, set 2)	2003	Amcoe
fcnudgeo3	Fruit Carnival Nudge (Version 1.7)	2003	Amcoe
fcockt	Fruit Cocktail (030505 World)	2003	Igrosoft
fcockt2	Fruit Cocktail 2 (080707 Russia)	2008	Igrosoft
fcockt2_10	Fruit Cocktail 2 (110111 Entertainment A)	2008	Igrosoft
fcockt2_11	Fruit Cocktail 2 (110124 Entertainment A)	2008	Igrosoft
fcockt2_12	Fruit Cocktail 2 (110204 Entertainment A)	2008	Igrosoft
fcockt2_13	Fruit Cocktail 2 (110311 Entertainment B)	2008	Igrosoft
fcockt2_14	Fruit Cocktail 2 (140526 Entertainment B)	2008	Igrosoft
fcockt2_15	Fruit Cocktail 2 (110411 Entertainment C)	2008	Igrosoft
fcockt2_2	Fruit Cocktail 2 (080904 Russia)	2008	Igrosoft
fcockt2_3	Fruit Cocktail 2 (080909 World)	2008	Igrosoft
fcockt2_4	Fruit Cocktail 2 (081105 World)	2008	Igrosoft
fcockt2_4a	Fruit Cocktail 2 (bootleg, 081105, banking address hack)	2008	bootleg
fcockt2_4b	Fruit Cocktail 2 (bootleg, 081105, banking address hack, no credit limit)	2008	bootleg
fcockt2_4c	Fruit Cocktail 2 (bootleg, 081105, VIDEO GAME-1 FR02)	2008	bootleg
fcockt2_4d	Fruit Cocktail 2 (bootleg, 081105, banking address hack, payout percentage 70)	2008	bootleg
fcockt2_4e	Fruit Cocktail 2 (bootleg, 081105, LOTTOGAME (I))	2008	bootleg
fcockt2_4f	Fruit Cocktail 2 (bootleg, 081105, LOTOS FR02)	2008	bootleg
fcockt2_5	Fruit Cocktail 2 (081106 Russia)	2008	Igrosoft
fcockt2_6	Fruit Cocktail 2 (090525 Lottery)	2008	Igrosoft
fcockt2_7	Fruit Cocktail 2 (090813 Entertainment)	2008	Igrosoft
fcockt2_8	Fruit Cocktail 2 (100412 Entertainment X)	2008	Igrosoft
fcockt2_9	Fruit Cocktail 2 (101208 Entertainment N)	2008	Igrosoft
fcockt2a	Fruit Cocktail 2 (bootleg, 080707, banking address hack)	2008	bootleg
fcockt_10	Fruit Cocktail (070517 Russia)	2003	Igrosoft
fcockt_11	Fruit Cocktail (070822 Russia)	2003	Igrosoft
fcockt_12	Fruit Cocktail (070911 Russia)	2003	Igrosoft
fcockt_14	Fruit Cocktail (090708 Entertainment)	2003	Igrosoft
fcockt_15	Fruit Cocktail (100324 Entertainment X)	2003	Igrosoft
fcockt_16	Fruit Cocktail (100331 Entertainment X)	2003	Igrosoft
fcockt_17	Fruit Cocktail (101208 Entertainment N)	2003	Igrosoft
fcockt_18	Fruit Cocktail (110111 Entertainment A)	2003	Igrosoft
fcockt_19	Fruit Cocktail (110124 Entertainment A)	2003	Igrosoft
fcockt_2	Fruit Cocktail (030512 World)	2003	Igrosoft
fcockt_20	Fruit Cocktail (110204 Entertainment A)	2003	Igrosoft
fcockt_21	Fruit Cocktail (110311 Entertainment B)	2003	Igrosoft
fcockt_22	Fruit Cocktail (140526 Entertainment B)	2003	Igrosoft
fcockt_3	Fruit Cocktail (030623 World)	2003	Igrosoft
fcockt_4	Fruit Cocktail (031028 World)	2003	Igrosoft
fcockt_5	Fruit Cocktail (031111 World)	2003	Igrosoft
fcockt_6	Fruit Cocktail (040216 World)	2003	Igrosoft
fcockt_6a	Fruit Cocktail (bootleg, 040216, banking address hack)	2003	bootleg
fcockt_6b	Fruit Cocktail (bootleg, 040216, backdoor)	2003	bootleg
fcockt_6c	Fruit Cocktail (bootleg, 040216, LotoRossy+)	2003	bootleg
fcockt_6d	Fruit Cocktail (bootleg, 040216, VIDEO GAME-1 FR01)	2003	bootleg
fcockt_7	Fruit Cocktail (050118 World)	2003	Igrosoft
fcockt_7a	Fruit Cocktail (bootleg, 050118, backdoor)	2003	bootleg
fcockt_7b	Fruit Cocktail (bootleg, 050118, VIDEO GAME-1 FR01)	2003	bootleg
fcockt_7c	Fruit Cocktail (bootleg, 050118, payout percentage 40)	2003	bootleg
fcockt_7d	Fruit Cocktail (bootleg, 050118, payout percentage 60)	2003	bootleg
fcockt_7e	Fruit Cocktail (bootleg, 050118, payout percentage 70)	2003	bootleg
fcockt_7f	Fruit Cocktail (bootleg, 050118, changed version text)	2003	bootleg
fcockt_7g	Fruit Cocktail (bootleg, 050118, LOTO PROGRAM V-FC2)	2003	bootleg
fcockt_7h	Fruit Cocktail (bootleg, 050118, LOTOS FR01)	2003	bootleg
fcockt_8	Fruit Cocktail (060111 World)	2003	Igrosoft
fcockt_8a	Fruit Cocktail (bootleg, 060111, LOTO COCKTAIL V01-0001)	2003	bootleg
fcockt_8b	Fruit Cocktail (bootleg, 060111, LOTTOGAME (I))	2003	bootleg
fcockt_9	Fruit Cocktail (070305 Russia)	2003	Igrosoft
fcombat	Field Combat	1985	Jaleco
fcrash	Final Crash (bootleg of Final Fight)	1990	bootleg (Playmark)
fearless	Fearless Pinocchio (V101US)	2006	IGS (American Alpha license)
fengyunh	Fengyun Hui	1998	BMC
fengyunz	Fengyun Zhengba	1998	BMC
fenixexpl	Fenix (Explomatic, Spanish bootleg of Phoenix)	1980	bootleg (Explomatic)
fenixn	Fenix (Niemer bootleg of Phoenix)	1980	bootleg (Niemer)
fever13	Fever 13 (Japan, v1.3)	1995	Excellent System
feverch	Fever Chance (W-6, Japan, set 1)	1986	Wing Co., Ltd.
fevercha	Fever Chance (W-6, Japan, set 2)	1986	Wing Co., Ltd.
feverchtw	Fever Chance (W-6, Taiwan)	1986	Yamate
feverchw4	Fever Chance (W-6, cross-system for W-4)	1986	bootleg
feversoc	Fever Soccer	2004	Seibu Kaihatsu
feversos	Fever SOS (World, 98/09/25 VER)	1998	Cave (Nihon System license)
ffantasy	Fighting Fantasy (Japan, revision 3)	1989	Data East Corporation
ffantasya	Fighting Fantasy (Japan)	1989	Data East Corporation
ffantasyb	Fighting Fantasy (Japan revision ?)	1989	Data East Corporation
ffantasybl	Fighting Fantasy (bootleg with 68705)	1989	bootleg
ffantasyj	Fighting Fantasy (Japan, revision 2)	1989	Data East Corporation
ffight	Final Fight (World, set 1)	1989	Capcom
ffight2b	Final Fight 2 (SNES bootleg)	1996	bootleg
ffight3b	Final Fight 3 (SNES bootleg, set 1)	199?	bootleg
ffight3b2	Final Fight 3 (SNES bootleg, set 2)	199?	bootleg
ffighta	Final Fight (World, set 2)	1989	Capcom
ffightae	Final Fight 30th Anniversary Edition (World, hack)	2019	hack
ffightbl	Final Fight (bootleg)	1990	bootleg
ffightbla	Final Fight (bootleg on Final Crash PCB)	1990	bootleg
ffightblb	Final Fight (bootleg with single OKI)	1990	bootleg (Soon Hwa)
ffightj	Final Fight (Japan)	1989	Capcom
ffightj1	Final Fight (Japan 900112)	1989	Capcom
ffightj2	Final Fight (Japan 900305)	1989	Capcom
ffightj3	Final Fight (Japan 900405)	1989	Capcom
ffightj4	Final Fight (Japan 900613)	1989	Capcom
ffightjh	Street Smart / Final Fight (Japan, hack)	1989	bootleg
ffightu	Final Fight (USA, set 1)	1989	Capcom
ffightu1	Final Fight (USA, set 2)	1989	Capcom
ffightua	Final Fight (USA 900112)	1989	Capcom
ffightub	Final Fight (USA 900424)	1989	Capcom
ffightuc	Final Fight (USA 900613)	1989	Capcom
ffortune	Fantasy Fortune (1VXFC5460, New Zealand)	1998	Aristocrat
ffreveng	Final Fight Revenge / Final Revenge (JUET 990930 V1.100)	1999	Capcom
ffrevng10	Final Fight Revenge / Final Revenge (JUET 990714 V1.000)	1999	Capcom
fghtatck	Fighter & Attacker (US)	1992	Namco
fghtbskt	Fighting Basketball	1984	Paradise Co. Ltd.
fghthist	Fighter's History (World Version 43-09, DE-0395-1 PCB)	1993	Data East Corporation
fghthista	Fighter's History (World Version 43-07, DE-0380-2 PCB)	1993	Data East Corporation
fghthistb	Fighter's History (World Version 43-05, DE-0380-2 PCB)	1993	Data East Corporation
fghthistj	Fighter's History (Japan Version 41-07, DE-0395-1 PCB)	1993	Data East Corporation
fghthistja	Fighter's History (Japan Version 41-05, DE-0380-2 PCB)	1993	Data East Corporation
fghthistjb	Fighter's History (Japan Version 41-04, DE-0380-1 PCB)	1993	Data East Corporation
fghthistu	Fighter's History (US Version 42-09, DE-0396-0 PCB)	1993	Data East Corporation
fghthistua	Fighter's History (US Version 42-06, DE-0395-1 PCB)	1993	Data East Corporation
fghthistub	Fighter's History (US Version 42-05, DE-0395-1 PCB)	1993	Data East Corporation
fghthistuc	Fighter's History (US Version 42-03, DE-0380-2 PCB)	1993	Data East Corporation
fghtmn	Fighting Mania (QG918 VER. EAA)	2000	Konami
fghtmna	Fighting Mania (QG918 VER. AAA)	2000	Konami
fghtmnk	Fighting Mania (QG918 VER. KAA)	2000	Konami
fghtmnu	Fighting Mania (QG918 VER. UAA)	2000	Konami
fgoal	Field Goal (set 1)	1979	Taito
fgoala	Field Goal (set 2)	1979	Taito
fgtlayer	Fighting Layer (Asia, FTL3/VER.A)	1998	Arika / Namco
fgtlayerja	Fighting Layer (Japan, FTL0/VER.A)	1998	Arika / Namco
fhawk	Fighting Hawk (World)	1988	Taito
fhawkj	Fighting Hawk (Japan)	1988	Taito
fhboxers	Funky Head Boxers (JUETBKAL 951218 V1.000)	1995	Sega
fhunter	Fortune Hunter (2XF5196I01, US)	1996	Aristocrat
fhuntera	Fortune Hunter (2XF5196I02, US)	1996	Aristocrat
fieldday	Field Day	1984	Taito
fightfev	Fight Fever / Wang Jung Wang (set 1)	1994	Viccom
fightfeva	Fight Fever / Wang Jung Wang (set 2)	1994	Viccom
fightrol	Fighting Roller	1983	Kaneko (Taito license)
filetto	Filetto (v1.05 901009)	1990	Novarmatic
finalap2	Final Lap 2 (World, Rev B)	1990	Namco
finalap2j	Final Lap 2 (Japan)	1990	Namco
finalap2jb	Final Lap 2 (Japan, Rev B)	1990	Namco
finalap3	Final Lap 3 (World, Rev C)	1992	Namco
finalap3a	Final Lap 3 (World)	1992	Namco
finalap3bl	Final Lap 3 (bootleg)	1992	Namco
finalap3j	Final Lap 3 (Japan)	1992	Namco
finalap3jc	Final Lap 3 (Japan, Rev C)	1992	Namco
finalapr	Final Lap R (Rev. B)	1994	Namco
finalapr1	Final Lap R	1994	Namco
finalaprj	Final Lap R (Japan Rev. C)	1994	Namco
finalaprj1	Final Lap R (Japan Rev. B)	1994	Namco
finalb	Final Blow (World)	1988	Taito
finalbj	Final Blow (Japan)	1988	Taito
finalbny	Mahjong Final Bunny (Japan)	1991	Nichibutsu
finalbu	Final Blow (US, rev 1)	1988	Taito America
finalgdr	Final Godori (Korea, version 2.20.5915)	2001	SemiCom
finalizr	Finalizer: Super Transformation (set 1)	1985	Konami
finalizra	Finalizer: Super Transformation (set 2)	1985	Konami
finalizrb	Finalizer: Super Transformation (bootleg)	1985	bootleg
finallap	Final Lap (Rev E)	1987	Namco
finallapc	Final Lap (Rev C)	1987	Namco
finallapd	Final Lap (Rev D)	1987	Namco
finallapjb	Final Lap (Japan, Rev B)	1987	Namco
finallapjc	Final Lap (Japan, Rev C)	1987	Namco
finalttr	Final Tetris	1993	Jeil Computer System
findlove	Zenkoku Seifuku Bishoujo Grand Prix Find Love (J 971212 V1.000)	1997	Daiki / FCF
findout	Find Out (Version 4.04, set 1)	1987	Elettronolo
findouta	Find Out (Version 4.04, set 2)	1989	Elettronolo
finehour	Finest Hour (Japan)	1989	Namco
finfurl	Final Furlong (World, FF2 Ver. A)	1997	Namco
finfurl2	Final Furlong 2 (World, FFS2 Ver. A)	1998	Namco
finfurl2j	Final Furlong 2 (Japan, FFS1 Ver. A)	1998	Namco
finger	Finger (bootleg of Stinger)	1983	bootleg
firebarr	Fire Barrel (Japan)	1993	Irem
firebatl	Fire Battle	1984	Wood Place (Taito license)
firebeas	Firebeast (prototype)	1983	Atari
firefox	Fire Fox (set 1)	1984	Atari
firefoxa	Fire Fox (set 2)	1984	Atari
firehawk	Fire Hawk (World) / Huohu Chuanshuo (China) (horizontal)	2001	ESD
firehawkv	Fire Hawk (World) / Huohu Chuanshuo (China) (switchable orientation)	2001	ESD
fireone	Fire One	1979	Exidy
fireshrk	Fire Shark	1990	Toaplan
fireshrka	Fire Shark (earlier)	1989	Toaplan
fireshrkd	Fire Shark (Korea, set 1, easier)	1990	Toaplan (Dooyong license)
fireshrkdh	Fire Shark (Korea, set 2, harder)	1990	Toaplan (Dooyong license)
firetrap	Fire Trap (US, rev A)	1986	Wood Place (Data East USA license)
firetrapa	Fire Trap (US)	1986	Wood Place (Data East USA license)
firetrapbl	Fire Trap (Japan bootleg)	1986	bootleg
firetrapj	Fire Trap (Japan)	1986	Wood Place
firetrk	Fire Truck / Smokey Joe (PROM version)	1978	Atari
firetrka	Fire Truck / Smokey Joe (ROM version)	1978	Atari
fishfren	Fishin' Frenzy (prototype)	1995	Time Warner Interactive
fitegolf	Lee Trevino's Fighting Golf (World?)	1988	SNK
fitegolfu	Lee Trevino's Fighting Golf (US, Ver 2, set 1)	1988	SNK
fitegolfua	Lee Trevino's Fighting Golf (US, Ver 2, set 2)	1988	SNK
fitfight	Fit of Fighting	199?	bootleg
fitter	Fitter	1981	Taito
fitterbl	Fitter (bootleg of Round-Up)	1981	bootleg
fiveside	Five a Side Soccer (ver UAA)	1995	Konami
fixeight	FixEight (Europe)	1992	Toaplan
fixeighta	FixEight (Southeast Asia)	1992	Toaplan
fixeightat	FixEight (Southeast Asia, Taito license)	1992	Toaplan (Taito license)
fixeightbl	FixEight (Korea, bootleg)	1992	bootleg (Shine)
fixeighth	FixEight (Hong Kong)	1992	Toaplan
fixeightht	FixEight (Hong Kong, Taito license)	1992	Toaplan (Taito license)
fixeightj	FixEight - Jigoku no Eiyuu Densetsu (Japan)	1992	Toaplan
fixeightjt	FixEight - Jigoku no Eiyuu Densetsu (Japan, Taito license)	1992	Toaplan (Taito license)
fixeightk	FixEight (Korea)	1992	Toaplan
fixeightkt	FixEight (Korea, Taito license)	1992	Toaplan (Taito license)
fixeightt	FixEight (Europe, Taito license)	1992	Toaplan (Taito license)
fixeighttw	FixEight (Taiwan)	1992	Toaplan
fixeighttwt	FixEight (Taiwan, Taito license)	1992	Toaplan (Taito license)
fixeightu	FixEight (USA)	1992	Toaplan
fixeightut	FixEight (USA, Taito license)	1992	Toaplan (Taito license)
fjbuster	Fujiyama Buster (Japan)	1992	Kaneko
fl7_1000	Flaming 7's (Cyberdyne Systems 7V5.00 (CB1000), 1000 bonus)	199?	Cyberdyne Systems
fl7_2000	Flaming 7's (Cyberdyne Systems 7V5.00 (CYB1092), 2000 bonus)	199?	Cyberdyne Systems
fl7_2k16	Flaming 7's (Cyberdyne Systems 7V5.00 (CYB1092), 2000 bonus, Egyptian Gold edition)	199?	Cyberdyne Systems
fl7_3121	Flaming 7's (W4 Hardware, prg 5XXXX V6 01A, Red, White & Blue 7's + Hollywood Nights)	199?	Cyberdyne Systems
fl7_50	Flaming 7's (Cyberdyne Systems 7V5.00 (CYB1092), 50 bonus)	199?	Cyberdyne Systems
fl7_500	Flaming 7's (Cyberdyne Systems 7V5.00 (CB500), 500 bonus)	199?	Cyberdyne Systems
fl7_50_gs01	Flaming 7's (50 bonus, GS01: American Gold, Star Sevens, Cherry Bonus, Nevada Numbers)	199?	Cyberdyne Systems
fl7_50_gs02	Flaming 7's (50 bonus, GS02: Black Bart, Diamonds 7's, Cherry Bonus, Nevada Numbers)	199?	Cyberdyne Systems
fl7_50_gs03	Flaming 7's (50 bonus, GS03: Cash Cabaret, Wild West, Cherry Bonus, Nevada Numbers)	199?	Cyberdyne Systems
fl7_50_gs04	Flaming 7's (50 bonus, GS04: Diamond Delight II, Diamonds 7's, Cherry Bonus, Nevada Numbers)	199?	Cyberdyne Systems
fl7_50_gs05	Flaming 7's (50 bonus, GS05: Diamond Double, Diamonds 7's, Cherry Bonus, Nevada Numbers)	199?	Cyberdyne Systems
fl7_50_gs06	Flaming 7's (50 bonus, GS06: Dream Catcher, Diamonds 7's, Cherry Bonus, Nevada Numbers)	199?	Cyberdyne Systems
fl7_50_gs07	Flaming 7's (50 bonus, GS07: Egyptian Gold, Diamonds 7's, Cherry Bonus, Nevada Numbers)	199?	Cyberdyne Systems
fl7_50_gs08	Flaming 7's (50 bonus, GS08: Flaming 7's, Diamonds 7's, Cherry Bonus, Nevada Numbers)	199?	Cyberdyne Systems
fl7_50_gs09	Flaming 7's (50 bonus, GS09: Golden Treasure, Flaming 7's #2, Cherry Bonus, Nevada Numbers)	199?	Cyberdyne Systems
fl7_50_gs10	Flaming 7's (50 bonus, GS10: Greenbacks, Lucky Shamrock, Red White & Blue 7's, Nevada Numbers)	199?	Cyberdyne Systems
fl7_50_gs11	Flaming 7's (50 bonus, GS11: Harley Davidson Black, Diamonds 7's, Cherry Bonus, Nevada Numbers)	199?	Cyberdyne Systems
fl7_50_gs12	Flaming 7's (50 bonus, GS12: Harley Davidson White, Diamonds 7's, Cherry Bonus, Nevada Numbers)	199?	Cyberdyne Systems
fl7_50_gs13	Flaming 7's (50 bonus, GS13: Hollywood Nights, Dynamite Diamonds, Cherry Bonus, Nevada Numbers)	199?	Cyberdyne Systems
fl7_50_gs14	Flaming 7's (50 bonus, GS14: House of Fury, Diamonds 7's, Cherry Bonus, Nevada Numbers)	199?	Cyberdyne Systems
fl7_50_gs15	Flaming 7's (50 bonus, GS15: Independence Day, Diamonds 7's, Cherry Bonus, Nevada Numbers)	199?	Cyberdyne Systems
fl7_50_gs16	Flaming 7's (50 bonus, GS16: Infinity, Diamond Doubles, Cherry Bonus, All Sevens)	199?	Cyberdyne Systems
fl7_50_gs17	Flaming 7's (50 bonus, GS17: Jackpot Junction, Diamonds 7's, Cherry Bonus, Nevada Numbers)	199?	Cyberdyne Systems
fl7_50_gs18	Flaming 7's (50 bonus, GS18: Jokers Wild, Deuces Wild, Cherry Bonus, Nevada Numbers)	199?	Cyberdyne Systems
fl7_50_gs19	Flaming 7's (50 bonus, GS19: Konocti Gold, Bar TNT, Cherry Bonus, Nevada Numbers)	199?	Cyberdyne Systems
fl7_50_gs20	Flaming 7's (50 bonus, GS20: Midnight 7's, Diamonds 7's, Cherry Bonus, Nevada Numbers)	199?	Cyberdyne Systems
fl7_50_gs21	Flaming 7's (50 bonus, GS21: Mighty Buffalo, Diamonds 7's, Cherry Bonus, Nevada Numbers)	199?	Cyberdyne Systems
fl7_50_gs22	Flaming 7's (50 bonus, GS22: Moolah, Diamonds 7's, Cherry Bonus, Nevada Numbers)	199?	Cyberdyne Systems
fl7_50_gs23	Flaming 7's (50 bonus, GS23: Moon Over SA, Diamonds 7's, Cherry Bonus, Nevada Numbers)	199?	Cyberdyne Systems
fl7_50_gs24	Flaming 7's (50 bonus, GS24: Sturgeon 7's, Native American Gold, Cherry Bonus, Nevada Numbers)	199?	Cyberdyne Systems
fl7_50_gs25	Flaming 7's (50 bonus, GS25: Native Nickels, Diamonds 7's, Cherry Bonus, Nevada Numbers)	199?	Cyberdyne Systems
fl7_50_gs26	Flaming 7's (50 bonus, GS26: Native Nickels, Sun God, Cherry Bonus, Nevada Numbers)	199?	Cyberdyne Systems
fl7_50_gs27	Flaming 7's (50 bonus, GS27: Palace of Riches, Diamonds 7's, Cherry Bonus, Nevada Numbers)	199?	Cyberdyne Systems
fl7_50_gs28	Flaming 7's (50 bonus, GS28: Phantom, Diamonds 7's, Cherry Bonus, Nevada Numbers)	199?	Cyberdyne Systems
fl7_50_gs29	Flaming 7's (50 bonus, GS29: Prospector's Gold, Red Hot Ice, Cherry Bonus, Nevada Numbers)	199?	Cyberdyne Systems
fl7_50_gs30	Flaming 7's (50 bonus, GS30: Prospector's Gold, Red White & Blue 7's, Cherry Bonus, Nevada Numbers)	199?	Cyberdyne Systems
fl7_50_gs31	Flaming 7's (50 bonus, GS31: Red Hot Ice, Red White & Blue 7's, Cherry Bonus, Nevada Numbers)	199?	Cyberdyne Systems
fl7_50_gs32	Flaming 7's (50 bonus, GS32: Rising Star, Trophy Bucks, Cherry Bonus, Nevada Numbers)	199?	Cyberdyne Systems
fl7_50_gs33	Flaming 7's (50 bonus, GS33: Rockin' Reels, Diamonds 7's, Cherry Bonus, Nevada Numbers)	199?	Cyberdyne Systems
fl7_50_gs34	Flaming 7's (50 bonus, GS34: Rockin' Reels, Rising Star, Cherry Bonus, Nevada Numbers)	199?	Cyberdyne Systems
fl7_50_gs35	Flaming 7's (50 bonus, GS35: Rolling Thunder, Diamonds 7's, Cherry Bonus, Nevada Numbers)	199?	Cyberdyne Systems
fl7_50_gs36	Flaming 7's (50 bonus, GS36: Super Stars & Stripes, Sweethearts & Sevens, Star Sevens, Cherry Bonus)	199?	Cyberdyne Systems
fl7_50_gs37	Flaming 7's (50 bonus, GS37: Sweethearts & Sevens, Diamonds 7's, Cherry Bonus, Nevada Numbers)	199?	Cyberdyne Systems
fl7_50_gs38	Flaming 7's (50 bonus, GS38: Wild Thing, Jokers Wild, Cherry Bonus Wild, Nevada Numbers Wild)	199?	Cyberdyne Systems
fl7_50_gs39	Flaming 7's (50 bonus, GS39: Wild Fire, Diamonds 7's, Cherry Bonus, Nevada Numbers)	199?	Cyberdyne Systems
fl7_tw	Flaming 7's (Taiwanese Hardware, v7.3)	199?	Cyberdyne Systems
fl7_twa	Flaming 7's (Taiwanese Hardware, v6.5)	199?	Cyberdyne Systems
flagrall	'96 Flag Rally	1996	Promat?
flamegun	Flame Gunner (Export)	1999	Gaps Inc.
flamegung	Flame Gunner (VER 1.40G)	2011	bootleg (Arcade MOD BIOS)
flamegunj	Flame Gunner (Japan)	1999	Gaps Inc.
flashgal	Flashgal (set 1)	1985	Kyugo / Sega
flashgala	Flashgal (set 2)	1985	Kyugo / Sega
flashgalk	Flashgal (set 1, Kyugo logo)	1985	Kyugo / Sega
flicky	Flicky (128k Version, 315-5051)	1984	Sega
flickya	Flicky (128k Version, 315-5051, larger ROMs)	1984	Sega
flickyb	Flicky (128k Version, 315-5051, larger ROMs, newer)	1984	Sega
flickyo	Flicky (64k Version, 315-5051, set 1)	1984	Sega
flickys1	Flicky (64k Version, 315-5051, set 2)	1984	Sega
flickys2	Flicky (128k Version, not encrypted)	1984	Sega
flickyup	Flicky (64k Version, on Up'n Down boardset, set 1)	1984	Sega
flickyupa	Flicky (64k Version, on Up'n Down boardset, set 2)	1984	bootleg
flipjack	Flipper Jack	1983?	Jackson Co., Ltd.
flipmaze	Flip Maze (V2.04J 1999/09/02 20:00)	1999	MOSS / Taito
flipshot	Flip Shot	1998	Visco
flipull	Flipull (Japan)	1989	Taito
flkatck	Flak Attack (Japan, version P)	1987	Konami
flkatcka	Flak Attack (Japan, version P, PWB 450593 sub-board)	1987	Konami
floritas	Floritas (bootleg of Moon Cresta)	1980	bootleg
floritasm	Floritas (Multivideo Spanish bootleg of Moon Cresta)	1980	bootleg (Multivideo)
flower	Flower (US)	1986	Clarue (Komax license)
flowerj	Flower (Japan)	1986	Clarue (Sega / Alpha Denshi Co. license)
flowerjb	Flower (Japan, bootleg?)	1986	Clarue (Sega / Alpha Denshi Co. license)
flsbeats	Flash Beats	1998	Sega
flshback	Flashback	1982?	ACE
flstory	The FairyLand Story	1985	Taito
flstoryo	The FairyLand Story (earlier)	1985	Taito
flyball	Flyball (rev 2)	1976	Atari
flyball1	Flyball (rev 1)	1976	Atari
flyboy	Fly-Boy	1982	Kaneko
flyboyb	Fly-Boy (bootleg)	1982	bootleg
flytiger	Flying Tiger (set 1)	1992	Dooyong
flytigera	Flying Tiger (set 2)	1992	Dooyong
fmaniac2p	Fishing Maniac 2+	2000	Saero Entertainment
fmaniac3	Fishing Maniac 3	2002	Saero Entertainment
fncywld	Fancy World - Earth of Crisis (set 1)	1996	Unico
fncywlda	Fancy World - Earth of Crisis (set 2)	1996	Unico
fnkyfish	Funky Fish	1981	Sun Electronics
fnshark	Flyin' Shark (bootleg of Hishou Zame)	1987	bootleg
fntspcian	Fantastic Spacians (hack of 'Super Galaxians')	1979	hack (Hoei)
foodf	Food Fight (rev 3)	1982	General Computer Corporation (Atari license)
foodf1	Food Fight (rev 1)	1982	General Computer Corporation (Atari license)
foodf2	Food Fight (rev 2)	1982	General Computer Corporation (Atari license)
foodfc	Food Fight (cocktail)	1982	General Computer Corporation (Atari license)
foolrace	Fool Race	1979?	EFG Sanremo
footbpow	Football Power (version 4.6)	1999	Gaelco
footbpow11	Football Power (version 1.1)	1999	Gaelco
footbpow12	Football Power (version 1.2)	1999	Gaelco
footbpow14	Football Power (version 1.4)	1999	Gaelco
footchmp	Football Champ / Euro Football Champ (World)	1990	Taito
forcebrk	Force Break (bootleg)	1986	bootleg
forgottn	Forgotten Worlds (World, newer)	1988	Capcom
forgottna	Forgotten Worlds (World)	1988	Capcom
forgottnj	Forgotten Worlds (Japan) (English prototype)	1988	Capcom
forgottnu	Forgotten Worlds (USA, B-Board 88621B-2, Rev. C)	1988	Capcom
forgottnua	Forgotten Worlds (USA, B-Board 88618B-2, Rev. A)	1988	Capcom
forgottnuaa	Forgotten Worlds (USA, B-Board 88618B-2, Rev. AA)	1988	Capcom
forgottnuc	Forgotten Worlds (USA, B-Board 88618B-2, Rev. C)	1988	Capcom
forgottnue	Forgotten Worlds (USA, B-Board 88618B-2, Rev. E)	1988	Capcom
formatz	Formation Z	1984	Jaleco
fort2b	Fortress 2 Blue Arcade (World) (ver 1.01 / pcb ver 3.05)	2001	Eolith
fort2ba	Fortress 2 Blue Arcade (Korea) (ver 1.00 / pcb ver 3.05)	2001	Eolith
fortecrd	Forte Card (Ver 110, Spanish)	1994	Fortex Ltd.
fortecrde	Forte Card (Ver 103, English)	1994	Fortex Ltd.
fortune1	Fortune I (PK485-S) Draw Poker	1984	IGT - International Game Technology
fotns	Fist Of The North Star / Hokuto no Ken	2005	Arc System Works / Sega
fourplay	Four Play	2002	Macro
fourtrax	Four Trax (World)	1989	Namco
fourtraxa	Four Trax (US?, censored banners)	1989	Namco (Atari license?)
fourtraxj	Four Trax (Japan)	1989	Namco
foxyruby	Foxy Ruby (Ver. US.01.01.A)	2009	Astro Corp.
fpoint	Flash Point (set 2, Japan) (FD1094 317-0127A)	1989	Sega
fpoint1	Flash Point (set 1, Japan) (FD1094 317-0127A)	1989	Sega
fpoint1d	Flash Point (set 1, Japan) (bootleg of FD1094 317-0127A set)	1989	bootleg
fpointbj	Flash Point (Japan, bootleg set 1)	1989	bootleg (Datsu)
fpointbl	Flash Point (World, bootleg)	1989	bootleg (Datsu)
fpointbla	Flash Point (Japan, bootleg set 2)	1989	bootleg
fpointd	Flash Point (set 2, Japan) (bootleg of FD1094 317-0127A set)	1989	bootleg
franticf	Frantic Fred (Release 2)	1998	ICE
franticfa	Frantic Fred	1996	ICE / The Game Room
fredmem	Fred Flintstone's Memory Match (World?, Ticket version, 3/17/95)	1994	Coastal Amusements
fredmemc	Fred Flintstone's Memory Match (Mandarin Chinese, 3/17/95)	1994	Coastal Amusements
fredmemj	Fred Flintstone's Memory Match (Japan, High Score version, 3/20/95)	1994	Coastal Amusements
fredmemuk	Fred Flintstone's Memory Match (UK, 3/17/95)	1994	Coastal Amusements
fredmemus	Fred Flintstone's Memory Match (US, High Score version, 3/10/95)	1994	Coastal Amusements
fredmesp	Fred Flintstone's Memory Match (Spanish, 3/17/95)	1994	Coastal Amusements
freekick	Free Kick (NS6201-A 1987.10)	1987	Nihon System (Merit license)
freekicka	Free Kick (NS6201-A 1987.9)	1987	Nihon System
freekickb1	Free Kick (bootleg set 1)	1987	bootleg
freekickb2	Free Kick (bootleg set 2)	1987	bootleg
freekickb3	Free Kick (bootleg set 3)	1987	bootleg
freeze	Freeze	1984	Cinematronics
freezeat	Freeze (Atari) (prototype, English voice, 96/10/25)	1996	Atari Games
freezeat2	Freeze (Atari) (prototype, 96/10/18)	1996	Atari Games
freezeat3	Freeze (Atari) (prototype, 96/10/07)	1996	Atari Games
freezeat4	Freeze (Atari) (prototype, 96/10/03)	1996	Atari Games
freezeat5	Freeze (Atari) (prototype, 96/09/20, AMOA-96)	1996	Atari Games
freezeat6	Freeze (Atari) (prototype, 96/09/07, Jamma-96)	1996	Atari Games
freezeatjp	Freeze (Atari) (prototype, Japanese voice, 96/10/25)	1996	Atari Games
frenzy	Frenzy (revision RA1)	1982	Stern Electronics
friskyt	Frisky Tom (set 1)	1981	Nichibutsu
friskyta	Frisky Tom (set 2)	1981	Nichibutsu
friskytb	Frisky Tom (set 3)	1981	Nichibutsu
frogf	Frog (Falcon bootleg)	1981	bootleg (Falcon)
frogg	Frog (bootleg on Galaxian hardware)	1981	bootleg
froggeg	Frog (Hermatic, bootleg on Galaxian hardware from Electro Game)	1981	bootleg (Hermatic)
frogger	Frogger	1981	Konami
froggeram	Frogger (bootleg on Amigo? hardware)	1981	bootleg
froggereb	Frogger - New Serie 92 (bootleg)	1992	bootleg (Eurobed)
froggermc	Frogger (Moon Cresta hardware)	1981	Konami (Sega license)
froggers	Frog	1981	bootleg
froggers1	Frogger (Sega, set 1)	1981	Konami (Sega license)
froggers2	Frogger (Sega, set 2)	1981	Konami (Sega license)
froggers3	Frogger (Sega, set 3)	1981	Konami (Sega license)
froggert	Frogger (Turtles hardware)	1981	Konami (Sega license)
froggerv	Frogger (Nuova Videotron bootleg)	1981	bootleg (Nuova Videotron / Gamepack)
froggervd	Frogger (Hermatic, bootleg on Scramble hardware from Video Dens)	1981	bootleg (Hermatic)
froggrs	Frogger (Coin Music, bootleg on Scramble hardware)	1981	bootleg (Coin Music)
frogs	Frogs	1978	Gremlin
froman2b	Idol Mahjong Final Romance 2 (Neo-Geo, bootleg of CD version)	1995	bootleg
fromanc2	Taisen Idol-Mahjong Final Romance 2 (Japan, newer)	1995	Video System Co.
fromanc2o	Taisen Idol-Mahjong Final Romance 2 (Japan, older)	1995	Video System Co.
fromanc4	Taisen Mahjong Final Romance 4 (Japan)	1998	Video System Co.
fromance	Idol-Mahjong Final Romance (Japan)	1991	Video System Co.
fromancr	Taisen Mahjong Final Romance R (Japan)	1995	Video System Co.
frontlin	Front Line (AA1, 4 PCB version)	1982	Taito
frontlina	Front Line (FL, 5 PCB version)	1982	Taito
fround	The Final Round (version M)	1988	Konami
froundl	The Final Round (version L)	1988	Konami
fruitbun	Fruits & Bunny (World?)	1984	Nichibutsu
fruitpar	Fruit Paradise (V214US)	1999	IGS
fruitpar206us	Fruit Paradise (V206US)	1999	IGS
fruitstb	Fruit Star Bonus (Ver 8.2.00ITL)	199?	Webak Elektronik
fruitstba	Fruit Star Bonus (Ver 8.27PVIE)	199?	Webak Elektronik
fruitstbb	Fruit Star Bonus (Ver 8.20PIR)	1997	Webak Elektronik
fruitstbc	Fruit Star Bonus (Ver 8.36UNG-1100)	1996	Webak Elektronik
fruitstbd	Fruit Star Bonus (Ver 8.30UNG-200)	1996	Webak Elektronik
fruitstbe	Fruit Star Bonus (Ver 8.23PSTK, Steiermark)	1999	Webak Elektronik
fruitstbf	Fruit Star Bonus (Ver 8.17BGL-3, Burgenland, set 1)	1997	Webak Elektronik
fruitstbg	Fruit Star Bonus (Ver 8.17BGL-3, Burgenland, set 2)	1997	Webak Elektronik
fruitstbh	Fruit Star Bonus (Ver 8.30UNG-25, set 1)	1996	Webak Elektronik
fruitstbi	Fruit Star Bonus (Ver 8.30UNG-25, set 2)	1996	Webak Elektronik
fshark	Flying Shark (World)	1987	Toaplan / Taito
fsharkb	Flying Shark (World, bootleg)	1987	bootleg
fsharkbt	Flying Shark (bootleg with 8741)	1987	bootleg
fsoccer	Fighting Soccer (version 4)	1988	SNK
fsoccerb	Fighting Soccer (Joystick hack bootleg)	1988	bootleg
fsoccerba	Fighting Soccer (Joystick hack bootleg, alt)	1988	bootleg
fsoccerj	Fighting Soccer (Japan)	1988	SNK
fspiderb	Frog & Spiders (bootleg?)	1981	Taito
fstarfrc	Final Star Force (US)	1992	Tecmo
fstarfrcj	Final Star Force (Japan, set 1)	1992	Tecmo
fstarfrcja	Final Star Force (Japan, set 2)	1992	Tecmo
fstarfrcw	Final Star Force (World?)	1992	Tecmo
fstation	Fun Station Spielekoffer 9 Spiele	2000	ADP
fswords	Fighters Swords (Korean release of Samurai Shodown III)	1995	SNK
ftimpact	Fighters' Impact (Ver 2.02O)	1996	Taito
ftimpactg	Fighters' Impact (VER 2.10G)	2011	bootleg (Arcade MOD BIOS)
ftimpactj	Fighters' Impact (Ver 2.02J)	1996	Taito
ftimpactu	Fighters' Impact (Ver 2.02A)	1996	Taito
ftimpcta	Fighters' Impact A (Ver 2.00J)	1997	Taito
fts2in1	Super Two In One	1993	Fun Tech Corporation
ftspeed	Faster Than Speed	2004	Sammy
fullthrl	Full Throttle (Japan)	1987	Taito
funcsino	Status Fun Casino (V1.3s)	1981	Status Games
funcube	Funcube (v1.5)	2000	Namco
funcube2	Funcube 2 (v1.1)	2001	Namco
funcube3	Funcube 3 (v1.1)	2001	Namco
funcube4	Funcube 4 (v1.0)	2001	Namco
funcube5	Funcube 5 (v1.0)	2002	Namco
funkball	Funky Ball	1998	dgPIX Entertainment Inc.
funkybee	Funky Bee	1982	Orca
funkybeeb	Funky Bee (bootleg, harder)	1982	bootleg
funkyfig	The First Funky Fighter (USA, Canada, Mexico / Japan, set 1)	1993	Nakanihon / East Technology (Taito license)
funkyfiga	The First Funky Fighter (USA, Canada, Mexico / Japan, set 2)	1993	Nakanihon / East Technology (Taito license)
funkyjet	Funky Jet (World, rev 1)	1992	Mitchell
funkyjeta	Funky Jet (World)	1992	Mitchell
funkyjeta2	Funky Jet (Korea, prototype?)	1992	Mitchell
funkyjetj	Funky Jet (Japan, rev 2)	1992	Mitchell (Data East Corporation license)
funnymou	Funny Mouse (Japan)	1982	Taito (Chuo license)
funquiz	Fun World Quiz (German)	199?	Fun World
funquiza	Fun World Quiz (German, 12-11-1990)	1990	Fun World
funquizb	Fun World Quiz (German, 27-04-1990)	1990	Fun World
funriver	Fun River (Version 1.4R CGA)	2005	Amcoe
funriverd1	Fun River (Version 1.3R CGA)	2005	Amcoe
funriverv	Fun River (Version 1.4R Dual)	2005	Amcoe
funybubl	Funny Bubble	1999	In Chang Electronic Co
funybublc	Funny Bubble (Comad version)	1999	Comad
funystrp	Funny Strip	199?	Microhard / MagicGames
futari10	Mushihime-Sama Futari Ver 1.0 (Japan, 2006/10/23 MASTER VER.)	2006	Cave (AMI license)
futari15	Mushihime-Sama Futari Ver 1.5 (Japan, 2006/12/8.MASTER VER. 1.54.)	2006	Cave (AMI license)
futari15a	Mushihime-Sama Futari Ver 1.5 (Japan, 2006/12/8 MASTER VER 1.54)	2006	Cave (AMI license)
futaribl	Mushihime-Sama Futari Black Label - Another Ver (World, 2009/11/27 INTERNATIONAL BL)	2007	Cave (AMI license)
futariblj	Mushihime-Sama Futari Black Label (Japan, 2007/12/11 BLACK LABEL VER)	2007	Cave (AMI license)
futflash	Future Flash (set 1)	1980	Hoei
futflasha	Future Flash (set 2)	1980	Hoei
futspy	Future Spy (315-5061)	1984	Sega
fuusenpn	Fuusen Pentai	1993	Konami
fvipers	Fighting Vipers (Revision D)	1995	Sega
fvipersa	Fighting Vipers (Revision A)	1995	Sega
fvipersb	Fighting Vipers (Revision B)	1995	Sega
fvrpitch	Fever Pitch (2VXEC534, NSW)	1986	Ainsworth Nominees P.L.
fx	F-X (bootleg of S.R.D. Mission)	1986	bootleg
g13jnr	Golgo 13: Juusei no Requiem (Japan, GLT1 VER.A)	2001	Eighting / Raizing / Namco
g13knd	Golgo 13 Kiseki no Dandou (Japan, GLS1/VER.A)	2000	Eighting / Raizing / Namco
ga2	Golden Axe: The Revenge of Death Adder (World, Rev B)	1992	Sega
ga2j	Golden Axe: The Revenge of Death Adder (Japan)	1992	Sega
ga2u	Golden Axe: The Revenge of Death Adder (US, Rev A)	1992	Sega
gahaha	GAHAHA Ippatsudou (World, GID2 Ver.A)	2000	Namco / Metro
gahaha2	GAHAHA Ippatsudou 2 (Japan, GIS1 Ver.A)	2001	Namco / Metro
gaia	Gaia Crusaders	1999	Noise Factory
gaialast	Gaia - The Last Choice of Earth	1999	SemiCom / XESS
gaiapols	Gaiapolis (ver EAF)	1993	Konami
gaiapolsj	Gaiapolis (ver JAF)	1993	Konami
gaiapolsu	Gaiapolis (ver UAF)	1993	Konami
gaiden	Ninja Gaiden (US)	1988	Tecmo
gakupara	Quiz Gakuen Paradise (Japan, ver. 1.04)	1991	NMK
gakupara102	Quiz Gakuen Paradise (Japan, ver. 1.02)	1991	NMK
gakusai	Mahjong Gakuensai (Japan, set 1)	1997	MakeSoft
gakusai2	Mahjong Gakuensai 2 (Japan)	1998	MakeSoft
gakusaia	Mahjong Gakuensai (Japan, set 2)	1997	MakeSoft
gal10ren	Mahjong Gal 10-renpatsu (Japan)	1993	Fujic
galactic	Galactica - Batalha Espacial	1980?	Taito do Brasil
galactica2	Galactica-2 (bootleg of Moon Alien Part 2)	1980	bootleg (Cirsa)
galaga	Galaga (Namco rev. B)	1981	Namco
galaga3	Galaga 3 (GP3 rev. D)	1984	Namco
galaga3a	Galaga 3 (GP3 rev. C)	1984	Namco
galaga3b	Galaga 3 (GP3)	1984	Namco
galaga3c	Galaga 3 (set 4)	1984	Namco
galaga3m	Galaga 3 (set 5)	1984	Namco
galaga88	Galaga '88	1987	Namco
galaga88a	Galaga '88 (02-03-88)	1987	Namco
galaga88j	Galaga '88 (Japan)	1987	Namco
galagamf	Galaga (Midway set 1 with fast shoot hack)	1981	Namco (Midway license)
galagamk	Galaga (Midway set 2)	1981	Namco (Midway license)
galagamw	Galaga (Midway set 1)	1981	Namco (Midway license)
galagao	Galaga (Namco)	1981	Namco
galaktron	Galaktron (Petaco S.A.)	1979	bootleg (Petaco S.A.)
galaktrons3	Galaktron (Sede 3)	1979	bootleg (Sede 3)
galap1	Space Invaders Galactica (hack of 'Galaxian (Namco set 2)')	1979	hack
galap2	GX Part 2 (hack of Galaxian)	1979	hack (International Scientific)
galap4	Galaxian Part 4 (hack)	1979	hack (G.G.I)
galapx	Galaxian Part X (hack of 'Moon Alien')	1979	hack
galartic	Galaxian (Artic System bootleg)	1979	bootleg (Artic System)
galastrm	Galactic Storm (Japan)	1992	Taito
galaxbsf	Galaxian (bootleg, set 1)	1979	bootleg
galaxbsf2	Galaxian (bootleg, set 3)	1979	bootleg
galaxcirsa	Galaxian (Cirsa Spanish bootleg)	1979	bootleg (Cirsa)
galaxi	Galaxi (v2.0)	2000	B.R.L.
galaxia	Galaxia (set 1)	1979	Zaccaria / Zelco
galaxiaa	Galaxia (set 2)	1979	Zaccaria / Zelco
galaxiab	Galaxia (set 3)	1979	Zaccaria / Zelco
galaxiamv	Diviertate Galaxia (Multivideo, Spanish bootleg of Galaxian)	1979	bootleg (Multivideo)
galaxian	Galaxian (Namco set 1)	1979	Namco
galaxiana	Galaxian (Namco set 2)	1979	Namco
galaxianbl	Galaxian (bootleg, set 2)	1979	bootleg
galaxianbl2	Galaxian (bootleg, set 4)	1979	bootleg
galaxianbl3	Galaxian (Spanish bootleg)	1979	bootleg
galaxianem	Galaxian (Electromar Spanish bootleg)	1980	bootleg (Electromar)
galaxiani	Galaxian (Irem)	1979	Namco (Irem license)
galaxianiii	Galaxian III (bootleg of Galaxian)	1979	bootleg
galaxianm	Galaxian (Midway set 1)	1979	Namco (Midway license)
galaxianmo	Galaxian (Midway set 2)	1979	Namco (Midway license)
galaxianoly	Galaxian (Olympia bootleg)	1979	bootleg (Olympia)
galaxianrp	Galaxian (Rene Pierre bootleg)	1979	bootleg (Valadon Automation / Rene Pierre)
galaxiant	Galaxian (Taito)	1979	Namco (Taito license)
galaxrcgg	Galaxian Growing Galaxip / Galaxian Nave Creciente (Recreativos Covadonga Spanish bootleg)	1980	bootleg (Recreativos Covadonga)
galaxrf	Galaxian (Recreativos Franco S.A. Spanish bootleg)	1980	bootleg (Recreativos Franco S.A.)
galaxrfgg	Galaxian Growing Galaxip / Galaxian Nave Creciente (Recreativos Franco S.A. Spanish bootleg)	1980	bootleg (Recreativos Franco S.A.)
galaxyfg	Galaxy Fight - Universal Warriors	1995	Sunsoft
galaxygn	Galaxy Gunners	1989	Electronic Devices Italy
galaxygnh	Galaxy Gunners (1990 year hack)	1990	Electronic Devices Italy
galaxyx	Galaxy X (bootleg of Galaxian)	1979	bootleg
galds	Gals Ds - Three Dealers Casino House (bootleg?)	1985	Nihon System Corp.
galemp	Galaxy Empire (bootleg?)	1980	bootleg (Taito do Brasil)
galeone	Il Galeone	2000	San Remo Games
galgame	Galaxy Game	1971	Computer Recreations, Inc
galgame2	Galaxy Games + StarPak 2 cartridge	1998	Creative Electronics & Software / Namco
galgame3	Galaxy Games + StarPak 3 cartridge	1998	Creative Electronics & Software / Atari
galgame4	Galaxy Games + StarPak 4 cartridge	1998	Creative Electronics & Software
galgame4p	Galaxy Games + prototype StarPak 4 cartridge	1998	Creative Electronics & Software
galgames	Galaxy Games	1998	Creative Electronics & Software
galhustl	Gals Hustler (set 1)	1997	ACE International
galhustla	Gals Hustler (set 2)	1997	ACE International
galivan	Cosmo Police Galivan (12/26/1985)	1985	Nichibutsu
galivan2	Cosmo Police Galivan (12/16/1985)	1985	Nichibutsu
galivan3	Cosmo Police Galivan (12/11/1985)	1985	Nichibutsu
galkaika	Mahjong Gal no Kaika (Japan)	1989	Nichibutsu / T.R.Tec
galkamika	Kamikaze (Electrogame, Spanish bootleg of Galaxian)	1979	bootleg (Electrogame)
galkoku	Mahjong Gal no Kokuhaku (Japan, set 1)	1989	Nichibutsu / T.R.Tec
galkokua	Mahjong Gal no Kokuhaku (Japan, set 2)	1989	Nichibutsu / T.R.Tec
gallag	Gallag	1982	bootleg
gallag50	Gallag Video Game / Petalouda (Butterfly, x50)	199?	bootleg
gallop	Armed Police Unit Gallop (Japan, M84 hardware)	1991	Irem
gallopm72	Armed Police Unit Gallop (Japan, M72 hardware)	1991	Irem
galmedes	Galmedes (Japan)	1992	Visco
galmonst	Galaxy Monsters (Laguna S.A. Spanish bootleg of Space Invaders)	1978	bootleg (Laguna S.A.)
galpani2	Gals Panic II (Asia)	1993	Kaneko
galpani2e	Gals Panic II (English)	1993	Kaneko
galpani2e2	Gals Panic II (English, 2 PCB ver.)	1993	Kaneko
galpani2g	Gals Panic II (Germany, 2 PCB ver.)	1993	Kaneko
galpani2gs	Gals Panic II (Germany, single PCB)	1993	Kaneko
galpani2i	Gals Panic II (Italy, single PCB)	1993	Kaneko
galpani2i2	Gals Panic II (Italy, 2 PCB ver.)	1993	Kaneko
galpani2j	Gals Panic II (Japan)	1993	Kaneko
galpani2k	Gals Panic II (Korea, single PCB)	1993	Kaneko (Karam Trading Co., Ltd. license)
galpani2t	Gals Panic II (Taiwan, 2 PCB ver.)	1993	Kaneko
galpani3	Gals Panic 3 (Euro)	1995	Kaneko
galpani3hk	Gals Panic 3 (Hong Kong)	1995	Kaneko
galpani3j	Gals Panic 3 (Japan)	1995	Kaneko
galpani3k	Gals Panic 3 (Korea)	1995	Kaneko
galpani4	Gals Panic 4 (Europe)	1996	Kaneko
galpani4a	Gals Panic 4 (Asia)	1996	Kaneko
galpani4j	Gals Panic 4 (Japan)	1996	Kaneko
galpani4k	Gals Panic 4 (Korea)	1996	Kaneko
galpanic	Gals Panic (unprotected, ver. 2.0)	1990	Kaneko
galpanica	Gals Panic (unprotected)	1990	Kaneko
galpanicb	Gals Panic (ULA protected, set 1)	1990	Kaneko
galpanicc	Gals Panic (ULA protected, set 2)	1990	Kaneko
galpanicms	New Quiz (Modular System bootleg of Gals Panic)	1991	bootleg (Kaenko / Gaelco / Ervisa)
galpanidx	Gals Panic DX (Asia)	2001	Kaneko
galpaniex	Gals Panic EX (Korea)	2000	Kaneko
galpanis	Gals Panic S - Extra Edition (Europe, revision 1)	1997	Kaneko
galpanisa	Gals Panic S - Extra Edition (Asia)	1997	Kaneko
galpanise	Gals Panic S - Extra Edition (Europe, set 2)	1997	Kaneko
galpanisj	Gals Panic S - Extra Edition (Japan, revision 1)	1997	Kaneko
galpanisk	Gals Panic S - Extra Edition (Korea, revision 1)	1997	Kaneko
galpaniska	Gals Panic S - Extra Edition (Korea)	1997	Kaneko
galpanisu	Gals Panic SU (Korea, Gals Panic 4 re-release)	2000	Kaneko
galpans2	Gals Panic S2 (Europe, version 3)	1999	Kaneko
galpans2a	Gals Panic S2 (Asia, version 1.1)	1999	Kaneko
galpans2j	Gals Panic S2 (Japan)	1999	Kaneko
galpans3	Gals Panic S3 (Japan)	2002	Kaneko
galpansu	Gals Panic SU (Korea, version 5)	1999	Kaneko
galpansua	Gals Panic SU (Korea)	1999	Kaneko
galsnew	Gals Panic (Export, EXPRO-02 PCB)	1990	Kaneko
galsnewj	Gals Panic (Japan, EXPRO-02 PCB)	1990	Kaneko (Taito license)
galsnewk	Gals Panic (Korea, EXPRO-02 PCB)	1990	Kaneko (Inter license)
galsnewt	Gals Panic (Taiwan, EXPRO-02 PCB)	1990	Kaneko
galsnewu	Gals Panic (US, EXPRO-02 PCB)	1990	Kaneko
galspnbl	Gals Pinball	1996	Comad
galturbo	Galaxian Turbo (hack of 'Super Galaxians')	1979	hack
galwars2	Galaxy Wars II (bootleg of Defender)	1981	bootleg (Sonic)
galxwars	Galaxy Wars (Universal set 1)	1979	Universal
galxwars2	Galaxy Wars (Universal set 2)	1979	Universal
galxwarst	Galaxy Wars (Taito?)	1979	Universal (Taito license?)
galxwarst2	Galaxy Wars (Taito)	1979	Universal (Taito Corporation license)
gambler	The Gambler (11XF528902, US)	1996	Aristocrat
gametngk	The Game Paradise - Master of Shooting! / Game Tengoku - The Game Paradise (ver 1.0)	1995	Jaleco
gamshara	Gamshara (20020912A / 10021 Ver.A)	2002	Mitchell
gamsharao	Gamshara (20020716A / 10021 Ver.A)	2002	Mitchell
ganbare	Ganbare! Marine Kun (Japan 2K0411)	2000	Capcom
gangonta	Ganbare! Gonta!! 2 / Party Time: Gonta the Diver II (Japan Release)	1995	Mitchell
gangwars	Gang Wars	1989	Alpha Denshi Co.
gangwarsb	Gang Wars (bootleg)	1989	bootleg
gangwarsj	Gang Wars (Japan)	1989	Alpha Denshi Co.
gangwarsu	Gang Wars (US)	1989	Alpha Denshi Co.
ganjaja	Ganbare Jajamaru Saisho wa Goo / Ganbare Jajamaru Hop Step & Jump	1990	Jaleco
ganryu	Ganryu / Musashi Ganryuki	1999	Visco
gaplus	Gaplus (GP2 rev. B)	1984	Namco
gaplusa	Gaplus (GP2)	1984	Namco
gaplusd	Gaplus (GP2 rev D, alternate hardware)	1984	Namco
gapluse	Gaplus (GP7)	1984	Namco
gaplust	Gaplus (Tecfri PCB)	1992	bootleg (Tecfri)
garage	Garage (040122 World)	2004	Igrosoft
garage_10	Garage (100331 Entertainment X)	2004	Igrosoft
garage_11	Garage (101208 Entertainment N)	2004	Igrosoft
garage_12	Garage (110111 Entertainment A)	2004	Igrosoft
garage_13	Garage (110124 Entertainment A)	2004	Igrosoft
garage_14	Garage (110204 Entertainment A)	2004	Igrosoft
garage_15	Garage (110311 Entertainment B)	2004	Igrosoft
garage_16	Garage (140526 Entertainment B)	2004	Igrosoft
garage_17	Garage (110411 Entertainment C)	2004	Igrosoft
garage_2	Garage (040123 World)	2004	Igrosoft
garage_3	Garage (040216 World)	2004	Igrosoft
garage_4	Garage (040219 World)	2004	Igrosoft
garage_4a	Garage (bootleg, 040219, backdoor)	2004	bootleg
garage_4b	Garage (bootleg, 040219, changed version text)	2004	bootleg
garage_4c	Garage (bootleg, 040219, LOTO PROGRAM V-GG2)	2004	bootleg
garage_5	Garage (050311 World)	2004	Igrosoft
garage_5a	Garage (bootleg, 050311, backdoor)	2004	bootleg
garage_5b	Garage (bootleg, 050311, VIDEO GAME-1 GA01)	2004	bootleg
garage_5c	Garage (bootleg, 050311, payout percentage 70)	2004	bootleg
garage_5d	Garage (bootleg, 050311, LOTTOGAME (I))	2004	bootleg
garage_5e	Garage (bootleg, 050311, LOTOS GA01)	2004	bootleg
garage_6	Garage (070213 Russia)	2004	Igrosoft
garage_7	Garage (070329 Russia)	2004	Igrosoft
garage_9	Garage (090715 Entertainment)	2004	Igrosoft
gardia	Gardia (317-0006)	1986	Coreland / Sega
gardiab	Gardia (317-0007?, bootleg)	1986	bootleg
gardiaj	Gardia (Japan, 317-0006)	1986	Coreland / Sega
garogun	Garogun Seroyang (Korea)	2000	Yun Sung
garou	Garou - Mark of the Wolves (NGM-2530)	1999	SNK
garoubl	Garou - Mark of the Wolves (bootleg)	1999	bootleg
garouh	Garou - Mark of the Wolves (NGM-2530 ~ NGH-2530)	1999	SNK
garouha	Garou - Mark of the Wolves (NGH-2530)	1999	SNK
garoup	Garou - Mark of the Wolves (prototype)	1999	SNK
garuka	Garuka (Japan ver. W)	1988	Konami
garyoret	Garyo Retsuden (Japan)	1987	Data East Corporation
gatedoom	Gate of Doom (US revision 4)	1990	Data East Corporation
gatedoom1	Gate of Doom (US revision 1)	1990	Data East Corporation
gatsbee	Gatsbee	1984	hack (Uchida)
gaunt2	Gauntlet II	1986	Atari Games
gaunt22p	Gauntlet II (2 Players, rev 2)	1986	Atari Games
gaunt22p1	Gauntlet II (2 Players, rev 1)	1986	Atari Games
gaunt22pg	Gauntlet II (2 Players, German)	1986	Atari Games
gaunt2g	Gauntlet II (German)	1986	Atari Games
gauntdl	Gauntlet Dark Legacy (version DL 2.52)	1999	Midway Games
gauntdl24	Gauntlet Dark Legacy (version DL 2.4)	1999	Midway Games
gauntleg	Gauntlet Legends (version 1.6)	1998	Atari Games
gauntleg12	Gauntlet Legends (version 1.2)	1998	Atari Games
gauntleg14	Gauntlet Legends (version 1.4)	1998	Atari Games
gauntlet	Gauntlet (rev 14)	1985	Atari Games
gauntlet2p	Gauntlet (2 Players, rev 6)	1985	Atari Games
gauntlet2pg	Gauntlet (2 Players, German, rev 4)	1985	Atari Games
gauntlet2pg1	Gauntlet (2 Players, German, rev 1)	1985	Atari Games
gauntlet2pj	Gauntlet (2 Players, Japanese, rev 5)	1985	Atari Games
gauntlet2pj2	Gauntlet (2 Players, Japanese, rev 2)	1985	Atari Games
gauntlet2pr3	Gauntlet (2 Players, rev 3)	1985	Atari Games
gauntletg	Gauntlet (German, rev 10)	1985	Atari Games
gauntletgr3	Gauntlet (German, rev 3)	1985	Atari Games
gauntletgr6	Gauntlet (German, rev 6)	1985	Atari Games
gauntletgr8	Gauntlet (German, rev 8)	1985	Atari Games
gauntletj	Gauntlet (Japanese, rev 13)	1985	Atari Games
gauntletj12	Gauntlet (Japanese, rev 12)	1985	Atari Games
gauntletr1	Gauntlet (rev 1)	1985	Atari Games
gauntletr2	Gauntlet (rev 2)	1985	Atari Games
gauntletr4	Gauntlet (rev 4)	1985	Atari Games
gauntletr5	Gauntlet (rev 5)	1985	Atari Games
gauntletr7	Gauntlet (rev 7)	1985	Atari Games
gauntletr9	Gauntlet (rev 9)	1985	Atari Games
gauntlets	Gauntlet (Spanish, rev 15)	1985	Atari Games
gaxeduel	Golden Axe - The Duel (JUETL 950117 V1.000)	1994	Sega
gbbchmp	Great Bishi Bashi Champ (GBA48 VER. JAB)	2002	Konami
gberet	Green Beret	1985	Konami
gblchmp	Global Champion (Ver 2.1A 1994/07/29)	1994	Taito America
gbusters	Gang Busters (set 1)	1988	Konami
gbustersa	Gang Busters (set 2)	1988	Konami
gcastle	Golden Castle (prototype?)	1986	Allumer / Taito
gchgchmp	Gacha Gachamp (GE877 VER. JAB)	1999	Konami
gcpinbal	Grand Cross (v1.02F)	1994	Excellent System
gdarius	G-Darius (Ver 2.02O)	1997	Taito
gdarius2	G-Darius Ver.2 (Ver 2.03J)	1997	Taito
gdariusg	G-Darius (VER 2.70G)	2011	bootleg (Arcade MOD BIOS)
gdariusj	G-Darius (Ver 2.01J)	1997	Taito
gdariusu	G-Darius (Ver 2.02A)	1997	Taito
gderby	Gran Derby (Spanish hack of Jockey Club)	1990	hack (CODERE)
gdfs	Mobile Suit Gundam Final Shooting (Japan)	1995	Banpresto
geebee	Gee Bee (Japan)	1978	Namco
geebeea	Gee Bee (UK)	1978	Namco (Alca license)
geebeeb	Gee Bee (Europe)	1978	Namco (F.lli Bertolino license)
geebeeg	Gee Bee (US)	1978	Namco (Gremlin license)
gegege	GeGeGe no Kitarou Youkai Slot	1997	Sigma / Banpresto
geimulti	GEI Multi Game	1992	Grayhound Electronics
gekiretu	Quiz Gekiretsu Scramble (Japan)	1992	Face
gekiretup	Quiz Gekiretsu Scramble (Japan, prototype)	1992	Face
gekiridn	Gekirindan (Ver 2.3O 1995/09/21)	1995	Taito
gekiridnj	Gekirindan (Ver 2.3J 1995/09/21)	1995	Taito
gekisha	Mahjong Gekisha (Japan)	1989	Dynax
gekishap2	Mahjong Gekisha Part II (Japan)	1990	Dynax
gekisou	Gekisou (Japan)	1985	Eastern Corp.
gekitsui	Gekitsui Oh (Japan)	1985	Data East Corporation
gemcrush	Gemcrush (Japan, prototype)	1996	Star Fish
gemini	Gemini Wing (World)	1987	Tecmo
geminib	Gemini Wing (bootleg)	1987	bootleg
geminij	Gemini Wing (Japan)	1987	Tecmo
genie	Genie (ICP-1, set 1)	198?	Video Fun Games Ltd.
geniea	Genie (ICP-1, set 2)	198?	<unknown>
genius6	Genius 6 (V110F)	1998	IGS
genius6a	Genius 6 (V133F)	1997	IGS
genius6b	Genius 6 (V132F)	1997	IGS
genix	Genix Family	1994	NIX
genpeitd	Genpei ToumaDen	1986	Namco
gensitou	Genshitou 1930's (Japan)	1989	SNK
geostorm	Geo Storm (Japan, 014 sound CPU)	1994	Irem
geostorma	Geo Storm (Japan, 026 sound CPU)	1994	Irem
gepoker	Poker (Version 50.02 ICB, set 1)	1984	Greyhound Electronics
gepoker1	Poker (Version 50.02 ICB, set 2)	1984	Greyhound Electronics
gepoker2	Poker (Version 50.02 ICB, set 3)	1984	Greyhound Electronics
gepoker3	Poker (Version 50.02 ICB, set 4)	1984	Greyhound Electronics
germwars	Germ Wars (Germany)	1982	Microtrain (Seevend Automaten license)
getaway	Get A Way (upright)	1979	Universal
getrich	Get Rich (Version 1.0.1)	200?	Amcoe
getstarb1	Get Star (bootleg set 1)	1986	bootleg
getstarb2	Get Star (bootleg set 2)	1986	bootleg
getstarj	Get Star (Japan)	1986	Toaplan / Taito
gfire2	Golden Fire II	1992	Topis Corp
gforce2	Galaxy Force 2	1988	Sega
gforce2j	Galaxy Force 2 (Japan)	1988	Sega
gforce2ja	Galaxy Force 2 (Japan, Rev A)	1988	Sega
gforce2sd	Galaxy Force 2 (Super Deluxe unit)	1988	Sega
gghost	Goalie Ghost	1984	Bally/Sente
ggisuka	Guilty Gear Isuka	2004	Arc System Works / Sammy
ggoemon	Ganbare Goemon	1997	Konami
ggram2	Giant Gram: All Japan Pro Wrestling 2 (Japan)	1999	Sega
ggreats2	Golfing Greats 2 (ver JAC)	1994	Konami
gground	Gain Ground (World, 3 Players, Floppy Based, FD1094 317-0058-03d Rev A)	1988	Sega
ggroundj	Gain Ground (Japan, 2 Players, Floppy Based, FD1094 317-0058-03b)	1988	Sega
ggx	Guilty Gear X	2000	Arc System Works
ggx15	Guilty Gear X ver. 1.5	2003	Arc System Works / Sammy
ggxx	Guilty Gear XX (GDL-0011)	2002	Arc System Works
ggxxac	Guilty Gear XX Accent Core (Japan) (GDL-0041)	2006	Arc System Works
ggxxrl	Guilty Gear XX #Reload (Japan, Rev A) (GDL-0019A)	2003	Arc System Works
ggxxrlo	Guilty Gear XX #Reload (Japan) (GDL-0019)	2003	Arc System Works
ggxxsla	Guilty Gear XX Slash (Japan, Rev A) (GDL-0033A)	2005	Arc System Works
ghlpanic	Ghoul Panic (World, OB2/VER.A)	1999	Eighting / Raizing / Namco
ghoshunt	Ghost Hunter	1996	Hanaho Games
ghostb	The Real Ghostbusters (US 2 Players, revision 2)	1987	Data East USA
ghostb2a	The Real Ghostbusters (US 2 Players)	1987	Data East USA
ghostb3	The Real Ghostbusters (US 3 Players, revision 3B?)	1987	Data East USA
ghostb3a	The Real Ghostbusters (US 3 Players, revision 2)	1987	Data East USA
ghostlop	Ghostlop (prototype)	1996	Data East Corporation
ghostmun	Ghost Muncher	1981	bootleg (Leisure and Allied)
ghouls	Ghouls'n Ghosts (World)	1988	Capcom
ghoulsu	Ghouls'n Ghosts (USA)	1988	Capcom
ghox	Ghox (spinner)	1991	Toaplan
ghoxj	Ghox (joystick)	1991	Toaplan
ghoxjo	Ghox (joystick, older)	1991	Toaplan
ghunter	Gang Hunter / Dead Angle	1988	Seibu Kaihatsu
ghunters	Gang Hunter / Dead Angle (Spain)	1988	Seibu Kaihatsu (SegaSA / Sonic license)
gigaman2	Giga Man 2: The Power Fighters (bootleg of Mega Man 2: The Power Fighters)	1996	bootleg
gigandes	Gigandes	1989	East Technology
gigandesa	Gigandes (earlier)	1989	East Technology
gigas	Gigas (MC-8123, 317-5002)	1986	Sega
gigasb	Gigas (bootleg)	1986	bootleg
gigasm2	Gigas Mark II (MC-8123, 317-5002)	1986	Sega
gigasm2b	Gigas Mark II (bootleg)	1986	bootleg
gigawing	Giga Wing (USA 990222)	1999	Takumi (Capcom license)
gigawinga	Giga Wing (Asia 990222)	1999	Takumi (Capcom license)
gigawingb	Giga Wing (Brazil 990222)	1999	Takumi (Capcom license)
gigawingd	Giga Wing (USA 990222 Phoenix Edition) (bootleg)	1999	bootleg
gigawingh	Giga Wing (Hispanic 990222)	1999	Takumi (Capcom license)
gigawingj	Giga Wing (Japan 990223)	1999	Takumi (Capcom license)
gigawingjd	Giga Wing (Japan 990223 Phoenix Edition) (bootleg)	1999	bootleg
gijoe	G.I. Joe (World, EAB)	1992	Konami
gijoea	G.I. Joe (Asia, AAB)	1992	Konami
gijoeaa	G.I. Joe (Asia, AA)	1992	Konami
gijoeea	G.I. Joe (World, EB8, prototype?)	1992	Konami
gijoej	G.I. Joe (Japan, JAA)	1992	Konami
gijoeu	G.I. Joe (US, UAB)	1992	Konami
gijoeua	G.I. Joe (US, UAA)	1992	Konami
gimeabrk	Gimme A Break (7/7/85)	1985	Bally/Sente
ginganin	Ginga Ninkyouden (set 1)	1987	Jaleco
ginganina	Ginga Ninkyouden (set 2)	1987	Jaleco
ginkun	Ganbare Ginkun	1995	Tecmo
gionbana	Gionbana (Japan 890120)	1989	Nichibutsu
girotutt	GiroTutto	2000	High Video
gjspace	GekiToride-Jong Space (10011 Ver.A)	2001	Namco / Metro
gladiatr	Gladiator (US)	1986	Allumer / Taito America
glass	Glass (ver 1.1, Break Edition, checksum 49D5E66B, Version 1994, set 1)	1994	OMK / Gaelco
glass10	Glass (ver 1.0, Break Edition, checksum C5513F3C)	1993	OMK / Gaelco
glass10a	Glass (ver 1.0, Break Edition, checksum D3864FDB)	1993	OMK / Gaelco
glass10b	Glass (ver 1.0, Break Edition, checksum EBCB0BFE, 22 Nov 1993)	1993	OMK / Gaelco
glass10c	Glass (ver 1.0, Break Edition, checksum 6241CD67, 16 Nov 1993)	1993	OMK / Gaelco
glass10d	Glass (ver 1.0, Break Edition, checksum 2B43D337, 10 Nov 1993)	1993	OMK / Gaelco
glass10e	Glass (ver 1.0, Break Edition, checksum 13BE832C)	1993	OMK / Gaelco
glassa	Glass (ver 1.1, Break Edition, checksum 49D5E66B, Version 1994, set 2)	1994	OMK / Gaelco
glassat	Glass (ver 1.1, Break Edition, checksum D7AF5496, Version 1994, US)	1994	OMK / Gaelco (Atari license)
glasskr	Glass (ver 1.1, Break Edition, checksum D419AB69, Version 1994, unprotected, Korea)	1994	OMK / Gaelco (Promat license)
glasskra	Glass (ver 1.1, Break Edition, checksum 3D8A724F, Version 1994, unprotected, Korea)	1994	OMK / Gaelco (Promat license)
gldarrow	Golden Arrow (Standard G8-03)	1984	Meyco Games, Inc.
gldnpkr	Golden Poker (8VXEC037, New Zealand)	1986	Ainsworth Nominees P.L.
glfgreat	Golfing Greats (World, version L)	1991	Konami
glfgreatj	Golfing Greats (Japan, version J)	1991	Konami
glfgreatu	Golfing Greats (US, version K)	1991	Konami
gloc	G-LOC Air Battle (World)	1990	Sega
glocj	G-LOC Air Battle (Japan)	1990	Sega
glocr360	G-LOC R360 (World)	1990	Sega
glocr360j	G-LOC R360 (Japan)	1990	Sega
glocu	G-LOC Air Battle (US)	1990	Sega
glpracr	Gallop Racer (English Ver 10.17.K)	1996	Tecmo
glpracr2	Gallop Racer 2 (Export)	1997	Tecmo
glpracr2j	Gallop Racer 2 (Japan)	1997	Tecmo
glpracr2l	Gallop Racer 2 Link HW (Japan)	1997	Tecmo
glpracr3	Gallop Racer 3 (Export)	1999	Tecmo
glpracr3j	Gallop Racer 3 (Japan)	1999	Tecmo
glpracrj	Gallop Racer (Japanese Ver 9.01.12)	1996	Tecmo
gluck2	Good Luck II	1992	Yung Yu / CYE
gmahou	Great Mahou Daisakusen (Japan 000121)	2000	Eighting / Raizing (Capcom license)
gmgalax	Ghostmuncher Galaxian (bootleg)	1981	bootleg
gmissile	Guided Missile	1977	Midway
gnbarich	Gunbarich	2001	Psikyo
gng	Ghosts'n Goblins (World? set 1)	1985	Capcom
gnga	Ghosts'n Goblins (World? set 2)	1985	Capcom
gngb	Ghosts'n Goblins (World? set 3)	1985	Capcom
gngbl	Ghosts'n Goblins (bootleg with Cross)	1985	bootleg
gngbla	Ghosts'n Goblins (bootleg)	1985	bootleg
gngblita	Ghosts'n Goblins (Italian bootleg, harder)	1985	bootleg
gngc	Ghosts'n Goblins (World? set 4)	1985	Capcom
gngprot	Ghosts'n Goblins (prototype)	1985	Capcom
gngt	Ghosts'n Goblins (US)	1985	Capcom (Taito America license)
gnome	Gnome (070906 Russia)	2007	Igrosoft
gnome_10	Gnome (100326 Lottery)	2007	Igrosoft
gnome_11	Gnome (100326 Entertainment)	2007	Igrosoft
gnome_12	Gnome (100326 Russia)	2007	Igrosoft
gnome_13	Gnome (100407 Entertainment X)	2007	Igrosoft
gnome_14	Gnome (101208 Entertainment N)	2007	Igrosoft
gnome_15	Gnome (110124 Entertainment A)	2007	Igrosoft
gnome_16	Gnome (110204 Entertainment A)	2007	Igrosoft
gnome_17	Gnome (110311 Entertainment B)	2007	Igrosoft
gnome_18	Gnome (140526 Entertainment B)	2007	Igrosoft
gnome_19	Gnome (110411 Entertainment C)	2007	Igrosoft
gnome_2	Gnome (071115 Russia)	2007	Igrosoft
gnome_2a	Gnome (bootleg, 071115, banking address hack)	2007	bootleg
gnome_3	Gnome (080303 World)	2007	Igrosoft
gnome_3a	Gnome (bootleg, 080303, banking address hack)	2007	bootleg
gnome_3b	Gnome (bootleg, 080303, banking address hack, payout percentage 45)	2007	bootleg
gnome_3c	Gnome (bootleg, 080303, banking address hack, payout percentage 60)	2007	bootleg
gnome_4	Gnome (090402 Russia)	2007	Igrosoft
gnome_5	Gnome (090406 World)	2007	Igrosoft
gnome_5a	Gnome (bootleg, 090406, banking address hack, payout percentage 70)	2007	bootleg
gnome_5b	Gnome (bootleg, 090406, LOTTOGAME (I))	2007	bootleg
gnome_7	Gnome (090708 Lottery)	2007	Igrosoft
gnome_8	Gnome (090810 Entertainment)	2007	Igrosoft
gnome_9	Gnome (100326 World)	2007	Igrosoft
gnomea	Gnome (bootleg, 070906, banking address hack set 1)	2007	bootleg
gnomeb	Gnome (bootleg, 070906, banking address hack set 2)	2007	bootleg
gnomec	Gnome (bootleg, 070906, banking address hack set 3)	2007	bootleg
gnomed	Gnome (bootleg, 070906, VIDEO GAME-1 GN01)	2007	bootleg
gnomee	Gnome (bootleg, 070906, LOTOS GN01)	2007	bootleg
go2000	Go 2000	2000	SunA
goal92	Goal! '92	1992	bootleg (Electronic Devices)
goalx3	Goal! Goal! Goal!	1995	Visco
gobyrc	Go By RC (V2.03O 1999/05/25 13:31)	1999	Taito
gocowboy	Go Go Cowboy (English, prize)	2003	Sammy
godzilla	Godzilla (Japan)	1993	Banpresto
gogold	Go For The Gold (Japan)	1988	Taito
gogomile	Susume! Mile Smile / Go Go! Mile Smile (newer)	1995	Fuuki
gogomileo	Susume! Mile Smile / Go Go! Mile Smile (older)	1995	Fuuki
goindol	Goindol (SunA, World)	1987	SunA
goindolj	Goindol (SunA, Japan)	1987	SunA
goindolu	Goindol (SunA, US)	1987	SunA
gokuparo	Gokujou Parodius: Kako no Eikou o Motomete (ver JAD)	1994	Konami
goldbug	Gold Bug	1982	Century Electronics
goldenc	Golden Canaries (1VXFC5462, New Zealand)	1996	Aristocrat
goldenti	Golden Treasure Island (Ver. Alpha 100)	200?	Subsino (American Alpha license)
goldfish	Gold Fish (020903, prototype)	2002	Igrosoft
goldfrui	Gold Fruit	199?	bootleg
goldmedl	Gold Medalist (set 1, Alpha68k II PCB)	1988	SNK
goldmedla	Gold Medalist (set 2, Alpha68k III PCB)	1988	SNK
goldmedlb	Gold Medalist (bootleg, Alpha68k III PCB)	1988	bootleg
goldnaxe	Golden Axe (set 6, US) (8751 317-123A)	1989	Sega
goldnaxe1	Golden Axe (set 1, World) (FD1094 317-0110)	1989	Sega
goldnaxe1d	Golden Axe (set 1, World) (bootleg of FD1094 317-0110 set)	1989	bootleg
goldnaxe2	Golden Axe (set 2, US) (8751 317-0112)	1989	Sega
goldnaxe3	Golden Axe (set 3, World) (FD1094 317-0120)	1989	Sega
goldnaxe3d	Golden Axe (set 3, World) (bootleg of FD1094 317-0120 set)	1989	bootleg
goldnaxeb1	Golden Axe (encrypted bootleg)	1989	bootleg
goldnaxeb2	Golden Axe (bootleg)	1989	bootleg
goldnaxej	Golden Axe (set 4, Japan) (FD1094 317-0121)	1989	Sega
goldnaxejd	Golden Axe (set 4, Japan) (bootleg of FD1094 317-0121 set)	1989	bootleg
goldnaxeu	Golden Axe (set 5, US) (FD1094 317-0122)	1989	Sega
goldnaxeud	Golden Axe (set 5, US) (bootleg of FD1094 317-0122 set)	1989	bootleg
goldnegg	Golden Egg (version U1.8)	1999	LSE
goldnjkr	Golden Joker (Ver 16.06UNG-25, set 1)	1996	Webak Elektronik
goldnpkb	Golden Poker Double Up (Mini Boy)	1981	Bonanza Enterprises, Ltd
goldnpkc	Golden Poker Double Up (bootleg, set 1)	198?	bootleg
goldnpkd	Golden Poker Double Up (bootleg, set 2)	198?	bootleg
goldnpke	Golden Poker Double Up (bootleg, set 3)	1983	Intercoast (bootleg)
goldnpkf	Golden Poker Double Up (bootleg, set 4)	1983	Intercoast (bootleg)
goldnpkg	Golden Poker Double Up (bootleg, set 5)	1983	bootleg
goldnpkh	Golden Poker Double Up (tearoom*sara hack)	1983	Bonanza Enterprises, Ltd
goldnpkr	Golden Poker Double Up (Big Boy)	1981	Bonanza Enterprises, Ltd
goldstar	Golden Star	199?	IGS
goldstbl	Golden Star (Blue version)	199?	IGS
goldstbla	Golden Star (Blue version, newer)	199?	bootleg
goldstrk	Gold Strike (Japan, v1.1.1 - location test)	199?	Cobra
golgo13	Golgo 13 (Japan, GLG1/VER.A)	1999	Eighting / Raizing / Namco
gollygho	Golly! Ghost!	1990	Namco
gomoku	Gomoku Narabe Renju	1981	Nichibutsu
gondo	Gondomania (World)	1987	Data East Corporation
gondou	Gondomania (US)	1987	Data East USA
gonefsh	Gone Fishing (V602US)	2002	IGS
gonefsh2	Gone Fishing 2 (ver. 1445A)	2002	IGS
good	Good (Korea)	1998	<unknown>
goodejan	Good E Jong -Kachinuki Mahjong Syoukin Oh!!- (set 1)	1991	Seibu Kaihatsu (Tecmo license)
goodejana	Good E Jong -Kachinuki Mahjong Syoukin Oh!!- (set 2)	1991	Seibu Kaihatsu (Tecmo license)
goodluck	Good Luck	1991	<unknown>
goonies	Vs. The Goonies (set E)	1986	Konami
goori	Goori Goori	1999	Unico
gorf	Gorf	1981	Dave Nutting Associates / Midway
gorfirec	Gorf (Spain, Irecsa license)	1981	Dave Nutting Associates / Midway (Irecsa license)
gorfpgm1	Gorf (program 1)	1981	Dave Nutting Associates / Midway
gorfpgm1f	Gorf (program 1, with French language ROM)	1981	Dave Nutting Associates / Midway
gorfpgm1g	Gorf (program 1, with German language ROM)	1981	Dave Nutting Associates / Midway
gorkans	Gorkans	1983	Techstar
gorodki	Gorodki	198?	Terminal
gostop	Kankoku Hanafuda Go-Stop	2001	Visco
gostopac	Go & Stop (Ver. EN1.10)	2004	Astro Corp.
gotcha	Got-cha Mini Game Festival	1997	Dongsung / Para
gotya	Got-Ya (12/24/1981)	1981	T.I.C. (Game-A-Tron license)
gowcaizr	Voltage Fighter - Gowcaizer / Choujin Gakuen Gowcaizer	1995	Technos Japan
gp2quiz	Gals Panic II - Quiz Version	1993	Kaneko
gp2se	Gals Panic II' - Special Edition (Japan)	1994	Kaneko
gp98	Grand Prix '98 (V100K, set 1)	1998	Romtec Co. Ltd
gp98a	Grand Prix '98 (V100K, set 2)	1998	Romtec Co. Ltd
gp_jpn22	Unknown Golden Poker (Japan Ver. 2.2)	198?	<unknown>
gp_ped42_70	Unknown Golden Poker (PED 70%)	1987	<unknown>
gp_ped42_80	Unknown Golden Poker (PED 80%)	1987	<unknown>
gp_ped42_85	Unknown Golden Poker (PED 85%)	1987	<unknown>
gp_ped42_90	Unknown Golden Poker (PED 90%)	1987	<unknown>
gp_ped42_95	Unknown Golden Poker (PED 95%, set 1)	1987	<unknown>
gp_ped42_95a	Unknown Golden Poker (PED 95%, set 2)	1987	<unknown>
gp_turbo	Unknown Turbo Poker (set 1)	198?	<unknown>
gp_turboa	Unknown Turbo Poker (set 2)	198?	<unknown>
gp_turbob	Unknown Turbo Poker (set 3)	198?	<unknown>
gpgolf	Golden Par Golf (Joystick, v1.1)	1992	Strata / Incredible Technologies
gpgolfa	Golden Par Golf (Joystick, v1.0)	1991	Strata / Incredible Technologies
gpilots	Ghost Pilots (NGM-020 ~ NGH-020)	1991	SNK
gpilotsh	Ghost Pilots (NGH-020, US)	1991	SNK
gpilotsp	Ghost Pilots (prototype)	1991	SNK
gprider	GP Rider (World, FD1094 317-0163) (Twin setup)	1990	Sega
gpriderj	GP Rider (Japan, FD1094 317-0161) (Twin setup)	1990	Sega
gpriderjs	GP Rider (Japan, FD1094 317-0161)	1990	Sega
gpriders	GP Rider (World, FD1094 317-0163)	1990	Sega
gprideru	GP Rider (US, FD1094 317-0162) (Twin setup)	1990	Sega
gpriderus	GP Rider (US, FD1094 317-0162)	1990	Sega
gq863	Twinkle System	1999	Konami
gradius	Gradius (Japan, ROM version)	1985	Konami
gradius2	Gradius II: GOFER no Yabou (Japan, new)	1988	Konami
gradius2a	Gradius II: GOFER no Yabou (Japan, old)	1988	Konami
gradius2b	Gradius II: GOFER no Yabou (Japan, older)	1988	Konami
gradius3	Gradius III (World, version R)	1989	Konami
gradius3a	Gradius III (Asia)	1989	Konami
gradius3j	Gradius III: Densetsu kara Shinwa e (Japan, version 3, newer)	1989	Konami
gradius3ja	Gradius III: Densetsu kara Shinwa e (Japan, version S)	1989	Konami
gradius3jas	Gradius III: Densetsu kara Shinwa e (Japan, version S, split)	1989	Konami
gradius4	Gradius IV: Fukkatsu (ver JAC)	1998	Konami
gradius4a	Gradius IV (ver AAC)	1998	Konami
gradius4aa	Gradius IV (ver AAA)	1998	Konami
gradius4ja	Gradius IV: Fukkatsu (ver JAA)	1998	Konami
gradius4u	Gradius IV (ver UAC)	1998	Konami
gradius4ua	Gradius IV (ver UAA)	1998	Konami
grainbow	SD Gundam Sangokushi Rainbow Tairiku Senki (Japan)	1993	Banpresto
grainbowk	SD Gundam Sangokushi Rainbow Tairiku Senki (Korea)	1993	Banpresto
grally	Gran Rally (Spanish bootleg of Pole Position II)	1984	bootleg (Niemer)
gram2000	Giant Gram 2000	2000	Sega
grancapi	Gran Capitan (Version 3)	2000	High Video
granny	Granny and the Gators	1984	Bally
grasspin	Grasspin	1983	Zilec Electronics / Jaleco
gratia	Gratia - Second Earth (ver 1.0, 92047-01 version)	1996	Jaleco
gratiaa	Gratia - Second Earth (ver 1.0, 91022-10 version)	1996	Jaleco
gratispk	Gratis Poker (V.204, set 1)	199?	Mega Soft
gratispka	Gratis Poker (V.204, set 2)	199?	Mega Soft
gravitar	Gravitar (version 3)	1982	Atari
gravitar1	Gravitar (version 1)	1982	Atari
gravitar2	Gravitar (version 2)	1982	Atari
grchamp	Grand Champion (set 1)	1981	Taito
grchampb	Grand Champion (set 3)	1981	Taito
grdforce	Guardian Force (JUET 980318 V0.105)	1998	Success
grdian	Guardian (US)	1986	Toaplan / Taito America (Kitkorp license)
grdians	Guardians / Denjin Makai II (P-FG01-1 PCB)	1995	Winkysoft (Banpresto license)
grdiansa	Guardians / Denjin Makai II (P0-113A PCB)	1995	Winkysoft (Banpresto license)
grdiansbl	Guardians / Denjin Makai II (bootleg)	1998	bootleg (Intac Japan)
grdnstrm	Guardian Storm (horizontal, not encrypted)	1998	Afega (Apples Industries license)
grdnstrmau	Guardian Storm (horizontal, Australia)	1998	Afega
grdnstrmg	Guardian Storm (Germany)	1998	Afega
grdnstrmj	Sen Jing - Guardian Storm (Japan)	1998	Afega
grdnstrmk	Jeon Sin - Guardian Storm (Korea)	1998	Afega
grdnstrmv	Guardian Storm (vertical)	1998	Afega (Apples Industries license)
greatgun	Great Guns	1983	Stern Electronics
greatgur	Great Gurianos (bootleg?)	1986	Allumer / Taito
greenber	Green Beret (Irem)	1980	Irem
gregular	Golden Regular (version 388/2000)	199?	bootleg (Playmark)
grescue	Galaxy Rescue	1979	Taito (Universal license?)
gridiron	Gridiron Fight (World)	1985	Tehkan
gridlee	Gridlee	1983	Videa
griffon	Griffon (Videotron bootleg of Phoenix)	1980	bootleg (Videotron)
grindstm	Grind Stormer	1992	Toaplan
grindstma	Grind Stormer (older set)	1992	Toaplan
grmatch	Grudge Match (Yankee Game Technology)	1989	Yankee Game Technology
grndtour	Grand Tour (V100U)	1993	IGS
grnlizrd	Green Lizard (4VXFC811, NSW)	1994	Aristocrat
grobda	Grobda (New Ver.)	1984	Namco
grobda2	Grobda (Old Ver. set 1)	1984	Namco
grobda3	Grobda (Old Ver. set 2)	1984	Namco
groovef	Groove on Fight - Gouketsuji Ichizoku 3 (J 970416 V1.001)	1997	Atlus
groundfx	Ground Effects / Super Ground Effects (Japan)	1992	Taito
growl	Growl (World, Rev 1)	1990	Taito
growla	Growl (World)	1990	Taito
growlp	Growl (World, prototype)	1990	Taito
growlu	Growl (US)	1990	Taito America
grudge	Grudge Match (v00.90, prototype)	1987	Bally Midway
grudgei	Grudge Match (v00.90, Italy, location test?)	1987	Bally Midway
grudgep	Grudge Match (v00.80, prototype)	1987	Bally Midway
gryzor	Gryzor (set 1)	1987	Konami
gryzor1	Gryzor (set 2)	1987	Konami
gs4002	Selection (Version 40.02TMB, set 1)	1982	Greyhound Electronics
gs4002a	Selection (Version 40.02TMB, set 2)	1982	Greyhound Electronics
gseeker	Grid Seeker: Project Storm Hammer (Ver 1.3O)	1992	Taito
gseekerj	Grid Seeker: Project Storm Hammer (Ver 1.3J)	1992	Taito
gseekeru	Grid Seeker: Project Storm Hammer (Ver 1.3A)	1992	Taito America
gslgr94j	Great Sluggers '94 (Japan)	1994	Namco
gslgr94u	Great Sluggers '94	1994	Namco
gslgr94ua	Great Sluggers '94 (prototype?)	1994	Namco
gslugrsj	Great Sluggers (Japan)	1993	Namco
gstream	G-Stream G2020	2002	Oriental Soft Japan
gstrik2	Grand Striker 2 (Europe and Oceania)	1996	Human Amusement
gstrik2j	Grand Striker 2 (Japan)	1996	Human Amusement
gstriker	Grand Striker - Human Cup (Europe, Oceania)	1993	Human Amusement
gstrikera	Grand Striker - Human Cup (Americas)	1993	Human Amusement
gstrikerj	Grand Striker - Human Cup (Japan)	1993	Human Amusement
gsword	Great Swordsman (World?)	1984	Allumer / Taito
gsword2	Great Swordsman (Japan?)	1984	Allumer / Taito
gt103a1	Trivia (Unsorted question ROMs)	1984	Greyhound Electronics
gt103aa	Trivia (Version 1.03a, alt questions 1)	1984	Greyhound Electronics
gt103ab	Trivia (Version 1.03a, alt questions 2)	1984	Greyhound Electronics
gt103asx	Trivia (Version 1.03a, sex questions)	1984	Greyhound Electronics
gt103asxa	Trivia (Version 1.03a, sex questions, alt revision questions)	1984	Greyhound Electronics
gt2k	Golden Tee 2K (v1.00)	2000	Incredible Technologies
gt2kp100	Golden Tee 2K (v1.00) (alt protection)	2000	Incredible Technologies
gt2ks100	Golden Tee 2K (v1.00S)	2000	Incredible Technologies
gt2kt500	Golden Tee 2K Tournament (v5.00)	2000	Incredible Technologies
gt3d	Golden Tee 3D Golf (v1.93N)	1995	Incredible Technologies
gt3dl19	Golden Tee 3D Golf (v1.9L)	1995	Incredible Technologies
gt3dl191	Golden Tee 3D Golf (v1.91L)	1995	Incredible Technologies
gt3dl192	Golden Tee 3D Golf (v1.92L)	1995	Incredible Technologies
gt3ds192	Golden Tee 3D Golf (v1.92S)	1995	Incredible Technologies
gt3dt211	Golden Tee 3D Golf Tournament (v2.11)	1995	Incredible Technologies
gt3dt230	Golden Tee 3D Golf Tournament (v2.30)	1995	Incredible Technologies
gt3dt231	Golden Tee 3D Golf Tournament (v2.31)	1995	Incredible Technologies
gt3dv14	Golden Tee 3D Golf (v1.4)	1995	Incredible Technologies
gt3dv15	Golden Tee 3D Golf (v1.5)	1995	Incredible Technologies
gt3dv16	Golden Tee 3D Golf (v1.6)	1995	Incredible Technologies
gt3dv17	Golden Tee 3D Golf (v1.7)	1995	Incredible Technologies
gt3dv18	Golden Tee 3D Golf (v1.8)	1995	Incredible Technologies
gt507uk	Trivia (UK Version 5.07)	1986	Grayhound Electronics
gt97	Golden Tee '97 (v1.30)	1997	Incredible Technologies
gt97s121	Golden Tee '97 (v1.21S)	1997	Incredible Technologies
gt97t240	Golden Tee '97 Tournament (v2.40)	1997	Incredible Technologies
gt97t243	Golden Tee '97 Tournament (v2.43)	1997	Incredible Technologies
gt97v120	Golden Tee '97 (v1.20)	1997	Incredible Technologies
gt97v121	Golden Tee '97 (v1.21)	1997	Incredible Technologies
gt97v122	Golden Tee '97 (v1.22)	1997	Incredible Technologies
gt98	Golden Tee '98 (v1.10)	1998	Incredible Technologies
gt98c100	Golden Tee '98 (v1.00C)	1998	Incredible Technologies
gt98s100	Golden Tee '98 (v1.00S)	1998	Incredible Technologies
gt98t302	Golden Tee '98 Tournament (v3.02)	1998	Incredible Technologies
gt98t303	Golden Tee '98 Tournament (v3.03)	1998	Incredible Technologies
gt98v100	Golden Tee '98 (v1.00)	1998	Incredible Technologies
gt99	Golden Tee '99 (v1.00)	1999	Incredible Technologies
gt99s100	Golden Tee '99 (v1.00S)	1999	Incredible Technologies
gt99t400	Golden Tee '99 Tournament (v4.00)	1999	Incredible Technologies
gtclassc	Golden Tee Classic (v1.00)	2001	Incredible Technologies
gtclasscp	Golden Tee Classic (v1.00) (alt protection)	2001	Incredible Technologies
gtclasscs	Golden Tee Classic (v1.00S)	2001	Incredible Technologies
gtdiamond	Golden Tee Diamond Edition Tournament (v3.05T ELC)	1998	Incredible Technologies
gteikoku	Gingateikoku no Gyakushu	1980	Irem
gteikokub	Gingateikoku no Gyakushu (bootleg set 1)	1980	bootleg
gteikokub2	Gingateikoku no Gyakushu (bootleg set 2)	1980	bootleg
gteikokub3	Gingateikoku no Gyakushu (bootleg set 3)	1980	bootleg (Honly)
gtfore01	Golden Tee Fore! (v1.00.25)	2000	Incredible Technologies
gtfore02	Golden Tee Fore! 2002 (v2.01.06)	2001	Incredible Technologies
gtfore03	Golden Tee Fore! 2003 (v3.00.10)	2002	Incredible Technologies
gtfore03a	Golden Tee Fore! 2003 (v3.00.09)	2002	Incredible Technologies
gtfore04	Golden Tee Fore! 2004 Extra (v4.00.08)	2003	Incredible Technologies
gtfore04a	Golden Tee Fore! 2004 (v4.00.00)	2003	Incredible Technologies
gtfore05	Golden Tee Fore! 2005 Extra (v5.01.06)	2004	Incredible Technologies
gtfore05a	Golden Tee Fore! 2005 Extra (v5.01.02)	2004	Incredible Technologies
gtfore05b	Golden Tee Fore! 2005 Extra (v5.01.00)	2004	Incredible Technologies
gtfore05c	Golden Tee Fore! 2005 Extra (v5.00.00)	2004	Incredible Technologies
gtfore06	Golden Tee Fore! 2006 Complete (v6.00.01)	2005	Incredible Technologies
gtfrk10m	Guitar Freaks 10th Mix (G*D10 VER. JAB)	2003	Konami
gtfrk10ma	Guitar Freaks 10th Mix (G*D10 VER. JAA)	2003	Konami
gtfrk11m	Guitar Freaks 11th Mix (G*D39 VER. JAA)	2004	Konami
gtg	Golden Tee Golf (Joystick, v3.3)	1990	Strata / Incredible Technologies
gtg2	Golden Tee Golf II (Trackball, v2.2)	1992	Strata / Incredible Technologies
gtg2j	Golden Tee Golf II (Joystick, v1.0)	1991	Strata / Incredible Technologies
gtg2t	Golden Tee Golf II (Trackball, v1.1)	1989	Strata / Incredible Technologies
gtgj31	Golden Tee Golf (Joystick, v3.1)	1990	Strata / Incredible Technologies
gtgt10	Golden Tee Golf (Trackball, v1.0)	1989	Strata / Incredible Technologies
gtgt20	Golden Tee Golf (Trackball, v2.0)	1989	Strata / Incredible Technologies
gtgt21	Golden Tee Golf (Trackball, v2.1)	1989	Strata / Incredible Technologies
gticlub	GTI Club: Rally Cote D'Azur (ver EAA)	1996	Konami
gticluba	GTI Club: Rally Cote D'Azur (ver AAA)	1996	Konami
gticlubj	GTI Club: Rally Cote D'Azur (ver JAA)	1996	Konami
gticlubu	GTI Club: Rally Cote D'Azur (ver UAA)	1996	Konami
gtipoker	GTI Double or Nothing Draw Poker	1983	Game Technology Inc.
gtipokrb	GTI Double or Nothing Draw Poker (Cleco)	1983	Game Technology Inc.
gtipokrba	GTI Double or Nothing Draw Poker (GoT PCB, set 1)	1983	Game Technology Inc.
gtmr	1000 Miglia: Great 1000 Miles Rally (Taiwan 94/07/18)	1994	Kaneko
gtmr2	Mille Miglia 2: Great 1000 Miles Rally (95/05/24)	1995	Kaneko
gtmr2a	Mille Miglia 2: Great 1000 Miles Rally (95/04/04)	1995	Kaneko
gtmr2u	Great 1000 Miles Rally 2 USA (95/07/11)	1995	Kaneko
gtmr2ua	Great 1000 Miles Rally 2 USA (95/05/18)	1995	Kaneko
gtmra	1000 Miglia: Great 1000 Miles Rally (94/06/13)	1994	Kaneko
gtmrb	1000 Miglia: Great 1000 Miles Rally (94/05/26)	1994	Kaneko
gtmre	Great 1000 Miles Rally: Evolution Model!!! (94/09/06)	1994	Kaneko
gtmro	1000 Miglia: Great 1000 Miles Rally (94/05/10)	1994	Kaneko
gtmrusa	Great 1000 Miles Rally: U.S.A Version! (94/09/06)	1994	Kaneko
gtrfrk2m	Guitar Freaks 2nd Mix Ver 1.01 (GQ883 VER. JAD)	1999	Konami
gtrfrk2ma	Guitar Freaks 2nd Mix (GQ883 VER. EAA)	1999	Konami
gtrfrk2maa	Guitar Freaks 2nd Mix (GQ883 VER. AAA)	1999	Konami
gtrfrk2mja	Guitar Freaks 2nd Mix (GQ883 VER. JAA)	1999	Konami
gtrfrk2mka	Guitar Freaks 2nd Mix (GQ883 VER. KAA)	1999	Konami
gtrfrk2ml1	Guitar Freaks 2nd Mix Link Kit 1 (GE929 VER. JAA)	1999	Konami
gtrfrk2ml2	Guitar Freaks 2nd Mix Link Kit 2 (GC929 VER. JBB)	1999	Konami
gtrfrk2mua	Guitar Freaks 2nd Mix (GQ883 VER. UAA)	1999	Konami
gtrfrks	Guitar Freaks Ver 1.01 (GQ886 VER. EAD)	1999	Konami
gtrfrksa	Guitar Freaks Ver 1.01 (GQ886 VER. AAD)	1999	Konami
gtrfrksaa	Guitar Freaks (GQ886 VER. AAA)	1999	Konami
gtrfrksac	Guitar Freaks (GQ886 VER. AAC)	1999	Konami
gtrfrksc	Guitar Freaks (GQ886 VER. EAC)	1999	Konami
gtrfrksea	Guitar Freaks (GQ886 VER. EAA)	1999	Konami
gtrfrksj	Guitar Freaks Ver 1.01 (GQ886 VER. JAD)	1999	Konami
gtrfrksja	Guitar Freaks (GQ886 VER. JAA)	1999	Konami
gtrfrksjc	Guitar Freaks (GQ886 VER. JAC)	1999	Konami
gtrfrksu	Guitar Freaks Ver 1.01 (GQ886 VER. UAD)	1999	Konami
gtrfrksua	Guitar Freaks (GQ886 VER. UAA)	1999	Konami
gtrfrksuc	Guitar Freaks (GQ886 VER. UAC)	1999	Konami
gtroppo	Gone Troppo (1VXEC542, New Zealand)	1986	Ainsworth Nominees P.L.
gtroyal	Golden Tee Royal Edition Tournament (v4.02T EDM)	1999	Incredible Technologies
gtsers1	Trivia (Questions Series 1)	1984	Greyhound Electronics
gtsers10	Trivia (Questions Series 10)	1984	Greyhound Electronics
gtsers11	Trivia (Questions Series 11)	1984	Greyhound Electronics
gtsers11a	Trivia (Questions Series 11, alt question ROM, set 1)	1984	Greyhound Electronics
gtsers11b	Trivia (Questions Series 11, alt question ROM, set 2)	1984	Greyhound Electronics
gtsers12	Trivia (Questions Series 12)	1984	Greyhound Electronics
gtsers12a	Trivia (Questions Series 12, alt question ROM)	1984	Greyhound Electronics
gtsers14	Trivia (Questions Series 14)	1986	Greyhound Electronics
gtsers14a	Trivia (Questions Series 14, alt question ROM)	1984	Greyhound Electronics
gtsers15	Trivia (Questions Series 15)	1986	Greyhound Electronics
gtsers15a	Trivia (Questions Series 15, alt question ROM)	1986	Greyhound Electronics
gtsers18	Trivia (Questions Series 18)	1986	Greyhound Electronics
gtsers2	Trivia (Questions Series 2)	1984	Greyhound Electronics
gtsers3	Trivia (Questions Series 3)	1984	Greyhound Electronics
gtsers4	Trivia (Questions Series 4)	1984	Greyhound Electronics
gtsers5	Trivia (Questions Series 5)	1984	Greyhound Electronics
gtsers7	Trivia (Questions Series 7)	1984	Greyhound Electronics
gtsers7a	Trivia (Questions Series 7, alt question ROM)	1984	Greyhound Electronics
gtsers8	Trivia (Questions Series 8)	1984	Greyhound Electronics
gtsers8a	Trivia (Questions Series 8, alt question ROM)	1984	Greyhound Electronics
gtsers9	Trivia (Questions Series 9)	1984	Greyhound Electronics
gtsersa	Trivia (Alt revision questions set 1)	1984	Greyhound Electronics
gtsersb	Trivia (Alt revision questions set 2)	1984	Greyhound Electronics
gtsupreme	Golden Tee Supreme Edition Tournament (v5.10T ELC S)	2002	Incredible Technologies
guardian	Guardians of the 'Hood	1992	Atari Games
guiness	The Guiness (Japan)	1984	Sun Electronics
gulfstrm	Gulf Storm (set 1)	1991	Dooyong
gulfstrma	Gulf Storm (set 2)	1991	Dooyong
gulfstrmb	Gulf Storm (set 3)	1991	Dooyong
gulfstrmk	Gulf Storm (Korea)	1991	Dooyong
gulfstrmm	Gulf Storm (Japan, Media Shoji license)	1991	Dooyong (Media Shoji license)
gulfwar2	Gulf War II (set 1)	1991	Comad
gulfwar2a	Gulf War II (set 2)	1991	Comad
gulunpa	Gulun.Pa! (Japan 931220 L) (prototype)	1993	Capcom
gumbo	Gumbo	1994	Min Corp.
gunbalina	Gunbalina (Japan, GNN1 Ver.A)	2000	Namco
gunball	Gun Ball (Japan)	1992	Data East Corporation
gunbarl	Gunbarl (Japan, GNB4/VER.A)	1999	Namco
gunbarla	Gunbarl (Japan, GNB1/VER.A)	1999	Namco
gunbird	Gunbird (World)	1994	Psikyo
gunbird2	Gunbird 2 (set 1)	1998	Psikyo
gunbird2a	Gunbird 2 (set 2)	1998	Psikyo
gunbirdj	Gunbird (Japan)	1994	Psikyo
gunbirdk	Gunbird (Korea)	1994	Psikyo
gunblade	Gunblade NY (Revision A)	1995	Sega
gunbuletj	Gun Bullet (Japan, GN1)	1994	Namco
gunbuletw	Gun Bullet (World, GN3 Rev B)	1994	Namco
gunbustr	Gunbuster (World)	1992	Taito
gunbustrj	Gunbuster (Japan)	1992	Taito
gunbustru	Gunbuster (US)	1992	Taito America
gunchamp	Gun Champ	1980	Model Racing
gunchamps	Gun Champ (newer, Super Shot hardware)	1980	Model Racing
gundamex	Mobile Suit Gundam EX Revue	1994	Banpresto
gundealr	Gun Dealer	1990	Dooyong
gundealra	Gun Dealer (alt card set)	1990	Dooyong
gundealrbl	Gun Dealer (Yam! Yam!? hardware, set 1)	1990	Dooyong
gundealrbl2	Gun Dealer (Yam! Yam!? hardware, set 2)	1990	Dooyong
gundealrt	Gun Dealer (Japan)	1990	Dooyong (Tecmo license)
gundhara	Gundhara	1995	Banpresto
gundharac	Gundhara (Chinese, bootleg?)	1995	Banpresto
gundl94	Gun Dealer '94	1994	Dooyong
gundmgd	Mobile Suit Gundam: Federation Vs. Zeon (GDL-0001)	2001	Capcom / Banpresto
gundmxgd	Mobile Suit Gundam: Federation Vs. Zeon DX (USA, Japan) (GDL-0006)	2001	Capcom
gunfight	Gun Fight (set 1)	1975	Dave Nutting Associates / Midway
gunfighto	Gun Fight (set 2)	1975	Dave Nutting Associates / Midway
gunforc2	Gun Force II (US)	1994	Irem
gunforce	Gunforce: Battle Fire Engulfed Terror Island (World)	1991	Irem
gunforcej	Gunforce: Battle Fire Engulfed Terror Island (Japan)	1991	Irem
gunforceu	Gunforce: Battle Fire Engulfed Terror Island (US)	1991	Irem America
gunfront	Gun & Frontier (World)	1990	Taito
gunfrontj	Gun Frontier (Japan)	1990	Taito
gunhohki	Mahou Keibitai Gun Hohki (Japan)	1992	Irem
gunkids	Hayauchi Gun Kids	2002	Sammy
gunlock	Gunlock (Ver 2.3O 1994/01/20)	1993	Taito
gunlocko	Gunlock (Ver 2.0O 1993/12/15)	1993	Taito
gunmast	Gun Master	1994	Metro
gunnail	GunNail (28th May. 1992)	1993	NMK / Tecmo
gunnailb	GunNail (bootleg)	1992	bootleg
gunnailp	GunNail (location test)	1992	NMK
gunnrose	Guns and Roses (C606191SMP, NSW)	1993	Aristocrat
gunpey	Gunpey (Japan)	2000	Bandai / Banpresto
gunsmoke	Gun.Smoke (World, 1985-11-15)	1985	Capcom
gunsmokeb	Gun.Smoke (World, 1985-11-15) (bootleg)	1985	bootleg
gunsmokeg	Gun.Smoke (Germany, 1985-11-15, censored)	1985	Capcom
gunsmokej	Gun.Smoke (Japan, 1985-11-15)	1985	Capcom
gunsmokeu	Gun.Smoke (USA and Canada, 1986-04-08)	1986	Capcom (Romstar license)
gunsmokeua	Gun.Smoke (USA and Canada, 1986-01-20)	1985	Capcom (Romstar license)
gunsmokeub	Gun.Smoke (USA and Canada, 1985-11-15, set 1)	1985	Capcom (Romstar license)
gunsmokeuc	Gun.Smoke (USA and Canada, 1985-11-15, set 2)	1985	Capcom (Romstar license)
gunsur2	Gun Survivor 2 Biohazard Code: Veronica (World, BHF2 Ver.E)	2001	Capcom / Namco
gunsur2j	Gun Survivor 2 Biohazard Code: Veronica (Japan, BHF1 Ver.E)	2001	Capcom / Namco
gururin	Gururin	1994	Face
gussun	Gussun Oyoyo (Japan)	1993	Irem
gutangtn	Guttang Gottong	1982	Konami
gutangtns	Guttang Gottong (Sega license)	1982	Konami (Sega license)
guts	Guts n' Glory (prototype)	1989	Atari Games
gutsn	Guts'n (Japan)	2000	Kaneko / Kouyousha
guttangt	Guttang Gottong (bootleg on Galaxian hardware)	1982	bootleg (Recreativos Franco?)
guttangts3	Guttang Gottong (Sede 3 bootleg on Galaxian hardware)	1982	bootleg (Sede 3)
guwange	Guwange (Japan, 1999 6/24 Master Ver 16:55)	1999	Cave (Atlus license)
guwanges	Guwange (Japan, 2000 7/ 7 Special Ver 13:22)	1999	Cave (Atlus license)
guzzler	Guzzler	1983	Tehkan
guzzlers	Guzzler (Swimmer conversion)	1983	Tehkan
gwar	Guerrilla War (US)	1987	SNK
gwara	Guerrilla War (Version 1, set 1)	1987	SNK
gwarab	Guerrilla War (Version 1, set 2)	1987	SNK
gwarb	Guerrilla War (Joystick hack bootleg)	1987	bootleg
gwarj	Guevara (Japan)	1987	SNK
gwarrior	Galactic Warriors	1985	Konami
gwasu	Gwasuwon (Korea)	1997	SemiCom / DMD
gwing2	Giga Wing 2	2000	Takumi / Capcom
gypsyjug	Gypsy Juggler	1978	Meadows Games, Inc.
gyrodine	Gyrodine	1984	Crux
gyrodinet	Gyrodine (Taito license)	1984	Crux (Taito license)
gyruss	Gyruss	1983	Konami
gyrussb	Gyruss (bootleg?)	1983	bootleg?
gyrussce	Gyruss (Centuri)	1983	Konami (Centuri license)
hachamf	Hacha Mecha Fighter (19th Sep. 1991, protected, set 1)	1991	NMK
hachamfa	Hacha Mecha Fighter (19th Sep. 1991, protected, set 2)	1991	NMK
hachamfb	Hacha Mecha Fighter (19th Sep. 1991, unprotected, bootleg Thunder Dragon conversion)	1991	bootleg
hachamfb2	Hacha Mecha Fighter (bootleg with Raiden sounds)	1991	bootleg
hachamfp	Hacha Mecha Fighter (Location Test Prototype, 19th Sep. 1991)	1991	NMK
hacher	Hacher (hack of Win Win Bingo EN.01.6)	2005	bootleg (Gametron)
hachoo	Hachoo! (World, set 1)	1989	Jaleco
hachooa	Hachoo! (World, set 2)	1989	Jaleco
hachooj	Hachoo! (Japan)	1989	Jaleco
haekaka	Hae Hae Ka Ka Ka	2001	Sammy
hal21	HAL21	1985	SNK
hal21j	HAL21 (Japan)	1985	SNK
halleysc	Halley's Comet (US)	1986	Taito America (Coin-It license)
halleysc87	Halley's Comet '87	1986	Taito
halleyscj	Halley's Comet (Japan, rev 1)	1986	Taito
halleyscja	Halley's Comet (Japan)	1986	Taito
halleyscjp	Halley's Comet (Japan, prototype)	1985	Taito
hamaway	Hammer Away (Japan, prototype)	1991	Sega / Santos
hamboy	Hammer Boy	1990	Dinamic / Inder
hamhouse	Hamburger House	199?	bootleg
hamhouse9	Hamburger House 9	199?	bootleg
hammer	Hammer	2000	Andamiro
hana6pt2	Hana Awase 6 Part II	1991	Alba
hanaawas	Hana Awase (set 1)	1982	Seta Kikaku
hanaawasa	Hana Awase (set 2)	1982	Seta Kikaku
hanaawmh	Hana Awase Maihime	1983	Dyna
hanagumi	Sakura Taisen - Hanagumi Taisen Columns (J 971007 V1.010)	1997	Sega
hanakanz	Hana Kanzashi (Japan)	1996	Dynax
hanamai	Hana no Mai (Japan)	1988	Dynax
hanamomb	Mahjong Hana no Momoko gumi (Japan 881125)	1988	Nichibutsu
hanamomo	Mahjong Hana no Momoko gumi (Japan 881201)	1988	Nichibutsu
hanaoji	Hana to Ojisan (ver 1.01, 1991/12/09)	1991	Nichibutsu
hanaojia	Hana to Ojisan (ver 1.00, 1991/08/23)	1991	Nichibutsu
hanaroku	Hanaroku	1988	Alba
hanayara	Hana wo Yaraneba! (Japan)	1991	Dynax
hangly	Hangly-Man (set 1)	1981	hack (Igleck)
hangly2	Hangly-Man (set 2)	1981	hack (Igleck)
hangly3	Hangly-Man (set 3)	1981	hack (Igleck)
hangman	Hangman	1984	Status Games
hangon	Hang-On (Rev A)	1985	Sega
hangon1	Hang-On	1985	Sega
hangon2	Hang-On (Rev A, ride-on)	1985	Sega
hangonjr	Hang-On Jr. (Rev. B)	1985	Sega
hangonvf	VF (bootleg of Hang-On)	1985	bootleg
hangplt	Hang Pilot (ver JAB)	1997	Konami
hangpltu	Hang Pilot (ver UAA)	1997	Konami
hangzo	Hangzo (Japan, prototype)	1992	Hot-B
hapfarm	Happy Farm (Ver. US.01.02.B)	2008	Astro Corp.
hapfarm_in0101a	Happy Farm (Ver. IN.01.01.A)	2008	Astro Corp.
hapfarm_in0102b	Happy Farm (Ver. IN.01.02.B)	2011	Astro Corp.
happy6	Huanle Liuhe Yi (Happy 6-in-1) (M68K ver. V101, ARM ver. V102CN)	2004	IGS
happy6100cn	Huanle Liuhe Yi (Happy 6-in-1) (M68K ver. V100, ARM ver. V100CN)	2004	IGS
happy6100hk	Huanle Liuhe Yi (Happy 6-in-1) (M68K ver. V100HK, ARM ver. V100HK)	2004	IGS
happy6101	Huanle Liuhe Yi (Happy 6-in-1) (M68K ver. V100, ARM ver. V101CN)	2004	IGS
happyskl	Happy Skill (Italy, V611IT)	2000?	IGS
hapytour	Happy Tour (V1.12)	2005	GAV Company
harddriv	Hard Drivin' (cockpit, rev 7)	1988	Atari Games
harddriv1	Hard Drivin' (cockpit, rev 1)	1988	Atari Games
harddriv2	Hard Drivin' (cockpit, rev 2)	1988	Atari Games
harddriv3	Hard Drivin' (cockpit, rev 3)	1988	Atari Games
harddrivb	Hard Drivin' (cockpit, British, rev 7)	1988	Atari Games
harddrivb5	Hard Drivin' (cockpit, British, rev 5)	1988	Atari Games
harddrivb6	Hard Drivin' (cockpit, British, rev 6)	1988	Atari Games
harddrivc	Hard Drivin' (compact, rev 2)	1990	Atari Games
harddrivc1	Hard Drivin' (compact, rev 1)	1990	Atari Games
harddrivcb	Hard Drivin' (compact, British, rev 2)	1990	Atari Games
harddrivcbl	Hard Drivin' (compact, rev 2 bootleg)	1990	bootleg
harddrivcg	Hard Drivin' (compact, German, rev 2)	1990	Atari Games
harddrivg	Hard Drivin' (cockpit, German, rev 7)	1988	Atari Games
harddrivg4	Hard Drivin' (cockpit, German, rev 4)	1988	Atari Games
harddrivj	Hard Drivin' (cockpit, Japan, rev 7)	1988	Atari Games
harddrivj6	Hard Drivin' (cockpit, Japan, rev 6)	1988	Atari Games
harddunk	Hard Dunk (World)	1994	Sega
harddunkj	Hard Dunk (Japan)	1994	Sega
hardhat	Hard Hat	1982	Exidy
hardhea2	Hard Head 2 (v2.0, Music Program v2.4)	1991	SunA
hardhea2a	Hard Head 2 (v2.0, Music Program v2.0)	1991	SunA
hardhead	Hard Head	1988	SunA
hardheadb	Hard Head (bootleg, set 1)	1988	bootleg
hardheadb3	Hard Head (bootleg, set 3)	1989	bootleg
hardyard	Hard Yardage (v1.20)	1993	Strata / Incredible Technologies
hardyard10	Hard Yardage (v1.00)	1993	Strata / Incredible Technologies
hardyard11	Hard Yardage (v1.10)	1993	Strata / Incredible Technologies
harem	Harem	1983	I.G.R.
haremchl	Harem Challenge	1995	CD Express
harley	Harley-Davidson and L.A. Riders (Revision B)	1997	Sega
hasamu	Hasamu (Japan)	1991	Irem
hatena	Adventure Quiz 2 - Hatena? no Daibouken (Japan 900228)	1990	Capcom
hatris	Hatris (US)	1990	Video System Co.
hatrisj	Hatris (Japan)	1990	Video System Co.
hatrisp	Hatris (show version)	1990	Video System Co.
hattrick	Hat Trick (11/12/84)	1984	Bally/Sente
haunthig	Haunted House (IGS, V109US)	2008	IGS
haunthig101us	Haunted House (IGS, V101US)	2006	IGS
haunthig107us	Haunted House (IGS, V107US)	2007	IGS
hayaosi1	Hayaoshi Quiz Ouza Ketteisen: The King Of Quiz	1993	Jaleco
hayaosi2	Hayaoshi Quiz Grand Champion Taikai	1994	Jaleco
hayaosi3	Hayaoshi Quiz Nettou Namahousou (ver 1.5)	1994	Jaleco
hayaosi3a	Hayaoshi Quiz Nettou Namahousou (ver 1.2)	1994	Jaleco
hbarrel	Heavy Barrel (World)	1987	Data East Corporation
hbarrelu	Heavy Barrel (US, revision 3)	1987	Data East USA
hbarrelua	Heavy Barrel (US, revision 1)	1987	Data East USA
hcastle	Haunted Castle (version M)	1988	Konami
hcastlee	Haunted Castle (version E)	1988	Konami
hcastlek	Haunted Castle (version K)	1988	Konami
hcrash	Hyper Crash (version D)	1987	Konami
hcrashc	Hyper Crash (version C)	1987	Konami
hdrivair	Hard Drivin's Airborne (prototype, rev 2.7)	1993	Atari Games
hdrivair0	Hard Drivin's Airborne (prototype, rev 2.0)	1993	Atari Games
headon	Head On (2 players)	1979	Gremlin
headon1	Head On (1 player)	1979	Gremlin
headon2	Head On 2	1979	Sega
headon2s	Head On 2 (Sidam bootleg)	1979	bootleg (Sidam)
headon2sl	Head On 2 (Sega Slimline)	1979	Sega
headonch	Monita to Rimoko no Head On Channel (prototype, hack)	1994	hack
headoni	Head On (Irem, M-15 Hardware)	1979	Irem
headonmz	Head On (bootleg, alt maze)	1979	bootleg
headonn	Head On N	1979	Nintendo
headons	Head On (Sidam bootleg, set 1)	1979	bootleg (Sidam)
headonsa	Head On (Sidam bootleg, set 2)	1979	bootleg (Sidam)
heartatk	Heart Attack	1983	Century Electronics
heatbrl	Heated Barrel (World version 3)	1992	TAD Corporation
heatbrl2	Heated Barrel (World version 2)	1992	TAD Corporation
heatbrl3	Heated Barrel (World version ?)	1992	TAD Corporation
heatbrle	Heated Barrel (Electronic Devices license)	1992	TAD Corporation (Electronic Devices license)
heatbrlo	Heated Barrel (World old version)	1992	TAD Corporation
heatbrlu	Heated Barrel (US)	1992	TAD Corporation
heatof11	Heat of Eleven '98 (ver EAA)	1998	Konami
heberpop	Hebereke no Popoon (Japan)	1994	Sunsoft / Atlus
hedpanic	Head Panic (ver. 0117, 17/01/2000)	2000	ESD
hedpanic830	Head Panic (ver. 8.30)	1999	ESD
hedpanica	Head Panic (ver. 0702, 02/07/1999)	1999	ESD
hedpanicf	Head Panic (ver. 0315, 15/03/2000)	2000	ESD / Fuuki
hedpanico	Head Panic (ver. 0615, 15/06/1999)	1999	ESD
heiankyo	Heiankyo Alien	1979	Denki Onkyo
helifire	HeliFire (set 1)	1980	Nintendo
helifirea	HeliFire (set 2)	1980	Nintendo
hellfire	Hellfire (2P set)	1989	Toaplan (Taito license)
hellfire1	Hellfire (1P set)	1989	Toaplan (Taito license)
hellfire1a	Hellfire (1P set, older)	1989	Toaplan (Taito license)
hellfire2a	Hellfire (2P set, older)	1989	Toaplan (Taito license)
hellngt	Hell Night (ver EAA)	1998	Konami
herbiedk	Herbie at the Olympics (DK conversion)	1984	Seatongrove UK, Ltd.
hero	Hero	1984	Seatongrove UK, Ltd.
herodk	Hero in the Castle of Doom (DK conversion)	1984	Seatongrove UK, Ltd. (Crown license)
herodku	Hero in the Castle of Doom (DK conversion, not encrypted)	1984	Seatongrove UK, Ltd. (Crown license)
heuksun	Heuk Sun Baek Sa (Korea)	1997	Oksan / F2 System
hexa	Hexa	1990	D.R. Korea
hexion	Hexion (Japan ver JAB)	1992	Konami
hexionb	Hexion (Asia ver AAA, bootleg)	1992	bootleg (Impeuropex Corp.)
hexpool	Hex Pool (Shinkai)	1986	Senko Industries (Shinkai Inc. license)
hexpoola	Hex Pool (Senko)	1985	Senko Industries
hginga	Hanafuda Hana Ginga (Japan, ver 1.00, rev 1)	1994	Dynax
hgingaa	Hanafuda Hana Ginga (Japan, ver 1.00)	1994	Dynax
hgkairak	Taisen Hot Gimmick Kairakuten (Japan)	1998	Psikyo
hgly	Huangguan Leyuan (990726 CRG1.1)	1999	GMS
hgokbang	Hanafuda Hana Gokou Bangaihen (Japan)	1995	Dynax
hgokou	Hanafuda Hana Gokou (Japan, ver. B)	1995	Dynax (Alba license)
hgokoua	Hanafuda Hana Gokou (Japan, ver. A)	1995	Dynax (Alba license)
hharry	Hammerin' Harry (World, M81 hardware)	1990	Irem
hharryb	Hammerin' Harry (World, M84 hardware bootleg)	1990	bootleg
hharryu	Hammerin' Harry (US, M84 hardware)	1990	Irem America
hidctch2	Hidden Catch 2 (pcb ver 3.03) (Kor/Eng) (AT89c52 protected)	1999	Eolith
hidctch2a	Hidden Catch 2 (pcb ver 1.00) (Kor/Eng/Jpn/Chi)	1999	Eolith
hidctch3	Hidden Catch 3 (ver 1.00 / pcb ver 3.05)	2000	Eolith
hidnc2k	Hidden Catch 2000 (AT89c52 protected)	1999	Eolith
hidnctch	Hidden Catch (World) / Tul Lin Gu Lim Chat Ki '98 (Korea) (pcb ver 3.03)	1998	Eolith
hidnctcha	Hidden Catch (World) / Tul Lin Gu Lim Chat Ki '98 (Korea) (pcb ver 3.02)	1998	Eolith
higemaru	Pirate Ship Higemaru	1984	Capcom
highroll	High Roller	1982	bootleg?
highsplt	SF-HiSplitter (set 1)	1979	Nintendo
highsplta	SF-HiSplitter (set 2)	1979	Nintendo
highspltb	SF-HiSplitter (alt sound)	1979	Nintendo
hiimpact	High Impact Football (rev LA5 02/15/91)	1990	Williams
hiimpact1	High Impact Football (rev LA1 12/16/90)	1990	Williams
hiimpact2	High Impact Football (rev LA2 12/26/90)	1990	Williams
hiimpact3	High Impact Football (rev LA3 12/27/90)	1990	Williams
hiimpact4	High Impact Football (rev LA4 02/04/91)	1990	Williams
hiimpactp	High Impact Football (prototype, revision0 proto 8.6 12/09/90)	1990	Williams
himesiki	Himeshikibu (Japan)	1989	Hi-Soft
hipai	Hi Pai Paradise	2003	Aruze / Seta
hipai2	Hi Pai Paradise 2	2004	Aruze / Seta / Paon
hipoly	Hipoly (bootleg of Hyper Olympic)	1983	bootleg
hippodrm	Hippodrome (US)	1989	Data East USA
hiryuken	Hokuha Syourin Hiryu no Ken	1985	Taiyo System (Taito license)
hishouza	Hishou Zame (Japan)	1987	Toaplan / Taito
hishouzab	Hishou Zame (Japan, bootleg)	1987	bootleg
histryma	The History of Martial Arts (set 1)	199?	bootleg
histryma2	The History of Martial Arts (set 2)	199?	bootleg
hitice	Hit the Ice (US)	1990	Taito (Williams license)
hiticej	Hit the Ice (Japan)	1990	Taito (licensed from Midway)
hiticerb	Hit the Ice (US, with riser board)	1990	Taito (Williams license)
hitme	Hit Me (set 1)	1976	Ramtek
hitme1	Hit Me (set 2)	1976	Ramtek
hitnmiss	Hit 'n Miss (version 3.0)	1987	Exidy
hitnmiss2	Hit 'n Miss (version 2.0)	1987	Exidy
hjingi	Hana Jingi (Japan set 1)	1990	Dynax
hjingia	Hana Jingi (Japan set 2)	1990	Dynax
hkagerou	Hana Kagerou (Japan)	1997	Nakanihon / Dynax
hldspin1	Hold & Spin I (Version 2.7T, set 1)	2000	Amcoe
hldspin1dt	Hold & Spin I (Version 2.7T, set 2)	2000	Amcoe
hldspin1o	Hold & Spin I (Version 2.5T)	2000	Amcoe
hldspin1vt	Hold & Spin I (Version 2.7T Dual)	2000	Amcoe
hldspin2	Hold & Spin II (Version 2.8R, set 1)	2000	Amcoe
hldspin2d1	Hold & Spin II (Version 2.8R, set 2)	2000	Amcoe
hldspin2o	Hold & Spin II (Version 2.6)	2000	Amcoe
hldspin2v1	Hold & Spin II (Version 2.8R Dual)	2000	Amcoe
hmcompm2	hiphopmania complete MIX 2 (ver UA-A)	2000	Konami
hmcompmx	hiphopmania complete MIX (ver UA-B)	1999	Konami
hnageman	AV Hanafuda Hana no Ageman (Japan 900716)	1990	Nichibutsu / AV Japan
hnayayoi	Hana Yayoi (Japan)	1987	Dyna Electronics
hncholms	Hunchback Olympic (Scramble hardware)	1984	Seatongrove UK, Ltd.
hndlchmp	Handle Champ (GQ710 97/12/18 VER. SAA)	1997	Konami
hndlchmpj	Handle Champ (GQ710 1997/12/08 VER. JAB)	1997	Konami
hnfubuki	Hana Fubuki (Japan)	1987	Dynax
hng64	Hyper NeoGeo 64 BIOS	1997	SNK
hngmnjpm	Hangman (JPM)	1998	JPM
hngmnjpmd	Hangman (JPM) (Protocol)	1998	JPM
hnkochou	Hana Kochou (Japan)	1989	Dynax
hnoridur	Hana Oriduru (Japan)	1989	Dynax
hnrose	Hanafuda Night Rose (Japan, TSM008-04)	2000	Techno-Top
hnxmasev	AV Hanafuda Hana no Christmas Eve (Japan 901204)	1990	Nichibutsu / AV Japan
hoccer	Hoccer (newer)	1983	Eastern Micro Electronics, Inc.
hoccer2	Hoccer (earlier)	1983	Eastern Micro Electronics, Inc.
hocrash	Crash (bootleg of Head On)	1979	bootleg (Fraber)
hod2bios	NAOMI The House of the Dead 2 BIOS	1998	Sega
hogalley	Vs. Hogan's Alley (set HA4-1 E-1)	1985	Nintendo
holeland	Hole Land (Japan)	1984	Tecfri
holeland2	Hole Land (Spain)	1984	Tecfri
holo	Holosseum (US, Rev A)	1992	Sega
homerun	Moero!! Pro Yakyuu Homerun Kyousou	1988	Jaleco
homo	Homo	1987	bootleg
honeydol	Honey Doll	1995	Barko Corp.
hook	Hook (World)	1992	Irem
hookj	Hook (Japan)	1992	Irem
hooku	Hook (US)	1992	Irem America
hoops95	Hoops (Europe/Asia 1.7)	1995	Data East Corporation
hoops96	Hoops '96 (Europe/Asia 2.0)	1996	Data East Corporation
hopmappy	Hopping Mappy	1986	Namco
hopprobo	Hopper Robo	1983	Sega
horekid	Kid no Hore Hore Daisakusen	1987	Nichibutsu
horekidb	Kid no Hore Hore Daisakusen (bootleg set 1)	1987	bootleg
horekidb2	Kid no Hore Hore Daisakusen (bootleg set 2)	1987	bootleg
horizon	Horizon (Irem)	1985	Irem
horshoes	American Horseshoes (US)	1990	Taito America
hotblock	Hot Blocks - Tetrix II (set 1)	1993	NIX?
hotblocka	Hot Blocks - Tetrix II (set 2)	1993	NIX?
hotblockb	Hot Blocks - Tetrix II (set 3)	1993	NIX?
hotbody	Hot Body I	1995	Gameace
hotbubl	Hot Bubble (Korea, with adult pictures)	1998	Afega (Pandora license)
hotbubla	Hot Bubble (Korea)	1998	Afega (Pandora license)
hotchase	Hot Chase (set 1)	1988	Konami
hotchasea	Hot Chase (set 2)	1988	Konami
hotchili	Hot Chilli (95103, v0104)	1995	Pacific Gaming Pty Ltd.
hotd	The House of the Dead (Revision A)	1997	Sega
hotd2	The House of the Dead 2 (USA)	1998	Sega
hotd2e	The House of the Dead 2 (Export)	1998	Sega
hotd2o	The House of the Dead 2	1998	Sega
hotd2p	The House of the Dead 2 (prototype)	1998	Sega
hotdebut	Quiz de Idol! Hot Debut (Japan)	2000	MOSS / Psikyo
hotdo	The House of the Dead	1997	Sega
hotdogst	Hotdog Storm (Korea)	1996	Marble (Ace International license)
hotdp	The House of the Dead (prototype)	1997	Sega
hotgm4ev	Taisen Hot Gimmick 4 Ever (Japan)	2000	Psikyo
hotgmck	Taisen Hot Gimmick (Japan)	1997	Psikyo
hotgmck3	Taisen Hot Gimmick 3 Digital Surfing (Japan)	1999	Psikyo
hotgmcki	Mahjong Hot Gimmick Integral (Japan)	2001	Psikyo
hotmemry	Hot Memory (V1.2, Germany, 12/28/94)	1994	Incredible Technologies (Tuning license)
hotmemry11	Hot Memory (V1.1, Germany, 11/30/94)	1994	Incredible Technologies (Tuning license)
hotmind	Hot Mind (Hard Times hardware, set 1)	1995	Playmark
hotminda	Hot Mind (adjustable prize, set 1)	1995	Playmark
hotmindb	Hot Mind (adjustable prize, set 2)	1995	Playmark
hotmindc	Hot Mind (Hard Times hardware, set 2)	1995	Playmark
hotmindff	Hot Mind (Fit of Fighting hardware)	199?	Playmark
hotnight	Hot Night	1994	Bulldog Amusements Inc.
hotpinbl	Hot Pinball	1995	Comad & New Japan System
hotrod	Hot Rod (World, 3 Players, Turbo set 1, Floppy Based)	1988	Sega
hotroda	Hot Rod (World, 3 Players, Turbo set 2, Floppy Based)	1988	Sega
hotrodj	Hot Rod (Japan, 4 Players, Floppy Based, Rev C)	1988	Sega
hotrodja	Hot Rod (Japan, 4 Players, Floppy Based, Rev B)	1988	Sega
hotshock	Hot Shocker	1982	E.G. Felaco (Domino license)
hotshockb	Hot Shocker (early revision?)	1982	E.G. Felaco
hotsmash	Vs. Hot Smash	1987	Kaneko / Taito
hourouki	Mahjong Hourouki Part 1 - Seishun Hen (Japan)	1987	Home Data
housecard	House of Cards (HSC1)	1983	Merit
housemn2	House Mannequin Roppongi Live hen (Japan 870418)	1987	Nichibutsu
housemnq	House Mannequin (Japan 870217)	1987	Nichibutsu
hparadis	Super Hana Paradise (Japan)	1994	Dynax
hpolym84	Hyper Olympic '84	1984	Konami
hpuncher	Hard Puncher (Japan)	1988	Konami
hpyagu98	Hanguk Pro Yagu 98	1998	Deniam
hrclass	Home Run Classic (v1.21 12-feb-1997)	1997	Creative Electronics and Software
hrdtimes	Hard Times (set 1)	1994	Playmark
hrdtimesa	Hard Times (set 2)	1994	Playmark
hrthouse	To Heart House	200?	Limenko
hsf2	Hyper Street Fighter II: The Anniversary Edition (USA 040202)	2004	Capcom
hsf2a	Hyper Street Fighter II: The Anniversary Edition (Asia 040202)	2004	Capcom
hsf2d	Hyper Street Fighter II: The Anniversary Edition (Asia 040202 Phoenix Edition) (bootleg)	2004	bootleg
hsf2j	Hyper Street Fighter II: The Anniversary Edition (Japan 040202)	2004	Capcom
hsf2j1	Hyper Street Fighter II: The Anniversary Edition (Japan 040123)	2004	Capcom
hsf2j2	Hyper Street Fighter II: The Anniversary Edition (Japan 031222)	2004	Capcom
hsheng2	Hua Shen II (v120DI)	1995	IGS
hstennis	Hot Shots Tennis (v1.1)	1990	Strata / Incredible Technologies
hstennis10	Hot Shots Tennis (v1.0)	1990	Strata / Incredible Technologies
htchctch	Hatch Catch	1995	SemiCom
htengoku	Hanafuda Hana Tengoku (Japan)	1992	Dynax
hthero93	Hat Trick Hero '93 (Ver 1.0J 1993/02/28)	1993	Taito
hthero93u	Hat Trick Hero '93 (Ver 1.0A 1993/02/28)	1993	Taito
hthero94	Hat Trick Hero '94 (Ver 2.2A 1994/05/26)	1994	Taito America
hthero95	Hat Trick Hero '95 (Ver 2.5J 1994/11/03)	1994	Taito
hthero95a	Hat Trick Hero '95 (Ver 2.6Asia 1994/11/17)	1994	Taito
hthero95u	Hat Trick Hero '95 (Ver 2.5A 1994/11/03)	1994	Taito America
htheroj	Hat Trick Hero (Japan)	1990	Taito
htherou	Hat Trick Hero (US)	1990	Taito America
htsubaki	Hanafuda Hana Tsubaki (Japan)	1999	Dynax
huahuas2	Huahua Shijie II (v100FI, set 1)	1995	IGS
huahuas2a	Huahua Shijie II (v100FI, set 2)	1995	IGS
huahuas5	Huahua Shijie 5 / Feixing Shijie (V107CN)	2004	IGS
huluw2	Hu Lu Wang II (v100KI)	1995	IGS
humlan	Humlan's Lyckohjul (Sweden, Ver. 402)	2001	Subsino (Truemax license)
hunchbak	Hunchback (set 1)	1983	Century Electronics
hunchbaka	Hunchback (set 2)	1983	Century Electronics
hunchbgb	Hunchback (FAR S.A. bootleg on Galaxian hardware)	1983	bootleg (FAR S.A.)
hunchbkd	Hunchback (DK conversion)	1983	Century Electronics
hunchbkg	Hunchback (Galaxian hardware)	1983	Century Electronics
hunchbks	Hunchback (Scramble hardware)	1983	Century Electronics
hunchbks2	Hunchback (Scramble hardware, bootleg)	1983	bootleg (Sig)
huncholy	Hunchback Olympic	1984	Seatongrove UK, Ltd.
hustle	Hustle	1977	Gremlin
hustler	Video Hustler	1981	Konami
hustlerb	Video Hustler (bootleg, set 1)	1981	bootleg (Digimatic)
hustlerb2	Fatsy Gambler (bootleg of Video Hustler)	1981	bootleg
hustlerb3	Video Pool (Nuova Videotron bootleg of Video Hustler)	1981	bootleg (Nuova Videotron)
hustlerb4	Video Hustler (bootleg, set 2)	1981	bootleg
hustlerb5	Video Hustler (bootleg, set 3)	1981	bootleg
hustlerb6	Video Hustler (bootleg, set 4)	1981	bootleg
hustlerb7	Video Hustler (bootleg, set 5)	1981	bootleg (Marti Colls)
hustlerd	Video Hustler (Dynamo Games)	1981	Konami (Dynamo Games license)
hvnsgate	Heaven's Gate	1996	Racdym / Atlus
hvoltage	High Voltage	1985	Alpha Denshi Co.
hvymetal	Heavy Metal (315-5135)	1985	Sega
hvysmsh	Heavy Smash (Europe version -2, 1993/06/30)	1993	Data East Corporation
hvysmsha	Heavy Smash (Asia version -4, 1993/09/06)	1993	Data East Corporation
hvysmshj	Heavy Smash (Japan version -2, 1993/06/30)	1993	Data East Corporation
hvyunit	Heavy Unit (World)	1988	Kaneko / Taito
hvyunitj	Heavy Unit (Japan, newer)	1988	Kaneko / Taito
hvyunitja	Heavy Unit (Japan, alternate ROM format)	1988	Kaneko / Taito
hvyunitjo	Heavy Unit (Japan, older)	1988	Kaneko / Taito
hvyunitu	Heavy Unit -U.S.A. Version- (US)	1988	Kaneko / Taito
hwchamp	Heavyweight Champ (set 1)	1987	Sega
hwchampa	Heavyweight Champ (set 2)	1987	Sega
hwchampj	Heavyweight Champ (Japan) (FD1094 317-0046)	1987	Sega
hwchampjd	Heavyweight Champ (Japan) (bootleg of FD1094 317-0046 set)	1987	bootleg
hwrace	High Way Race	1983	Taito
hydra	Hydra	1990	Atari Games
hydrap	Hydra (prototype 5/14/90)	1990	Atari Games
hydrap2	Hydra (prototype 5/25/90)	1990	Atari Games
hyhoo	Hayaoshi Taisen Quiz Hyhoo (Japan)	1987	Nichibutsu
hyhoo2	Hayaoshi Taisen Quiz Hyhoo 2 (Japan)	1987	Nichibutsu
hyouban	Mahjong Hyouban Musume (Japan)	1989	Nichibutsu / T.R.Tec
hypbbc2p	Hyper Bishi Bashi Champ - 2 Player (GX908 1999/08/24 VER. JAA)	1999	Konami
hypbbc2pk	Hyper Bishi Bashi Champ - 2 Player (GX908 1999/08/24 VER. KAA)	1999	Konami
hyperath	Hyper Athlete (GV021 Japan 1.00)	1996	Konami
hyperbbc	Hyper Bishi Bashi Champ (GQ876 VER. EAA)	1998	Konami
hyperbbca	Hyper Bishi Bashi Champ (GQ876 VER. AAA)	1998	Konami
hyperbbck	Hyper Bishi Bashi Champ (GE876 VER. KAA)	1998	Konami
hyperpac	Hyper Pacman	1995	SemiCom
hyperpacb	Hyper Pacman (bootleg)	1995	bootleg
hyperspc	Hyperspace (bootleg of Asteroids)	1979	bootleg (Rumiano)
hyperspt	Hyper Sports	1984	Konami (Centuri license)
hypersptb	Hyper Sports (bootleg)	1984	bootleg
hyprdriv	Hyperdrive (ver 1.40, Oct 23 1998)	1998	Midway Games
hyprdriv131	Hyperdrive (ver 1.31, Oct 21 1998)	1998	Midway Games
hyprduel	Hyper Duel (Japan set 1)	1993	Technosoft
hyprduel2	Hyper Duel (Japan set 2)	1993	Technosoft
hypreac2	Mahjong Hyper Reaction 2 (Japan)	1997	Sammy
hypreact	Mahjong Hyper Reaction (Japan)	1995	Sammy
hyprolym	Hyper Olympic	1983	Konami
hyprolyma	Hyper Olympic (bugfixed)	1983	Konami
hyprolymb	Hyper Olympic (bootleg, set 1)	1983	bootleg
hyprolymba	Hyper Olympic (bootleg, set 2)	1983	bootleg
hypsptsp	Hyper Sports Special (Japan)	1988	Konami
ibara	Ibara (Japan, 2005/03/22 MASTER VER.., '06. 3. 7 ver.)	2005	Cave (AMI license)
ibarablk	Ibara Kuro Black Label (Japan, 2006/02/06. MASTER VER.)	2006	Cave (AMI license)
ibarablka	Ibara Kuro Black Label (Japan, 2006/02/06 MASTER VER.)	2006	Cave (AMI license)
ibarao	Ibara (Japan, 2005/03/22 MASTER VER..)	2005	Cave (AMI license)
icb_car	Interactive Coloring Book: Disney / Pixar Cars	200?	Techno Source
icb_dp	Interactive Coloring Book: Disney Princess	200?	Techno Source
icb_ts	Interactive Coloring Book: Disney / Pixar Toy Story	200?	Techno Source
iceclimb	Vs. Ice Climber (set IC4-4 B-1)	1984	Nintendo
iceclimba	Vs. Ice Climber (set IC4-4 ?)	1984	Nintendo
iceclmrd	Vs. Ice Climber Dual (set IC4-4 A-1)	1984	Nintendo
icescape	Icescape (V104FA)	2006	IGS
ichir	Puzzle & Action: Ichidant-R (World)	1994	Sega
ichirbl	Puzzle & Action: Ichidant-R (World) (bootleg)	1994	bootleg
ichirj	Puzzle & Action: Ichidant-R (Japan)	1994	Sega
ichirjbl	Puzzle & Action: Ichidant-R (Japan) (bootleg)	1994	bootleg
ichirk	Puzzle & Action: Ichidant-R (Korea)	1994	Sega
icp_etg	ICP EX-Turbo-GT poker	198?	<unknown>
icpf40_01	ICP F40 poker (137fv_10yen_f40)	198?	<unknown>
icpf40_02	ICP F40 poker (jap_9a)	198?	<unknown>
icpf40_03	ICP F40 poker (100yen)	198?	<unknown>
icpf80_01	ICP F80 poker (137_50_100)	198?	<unknown>
icpf80_02	ICP F80 poker (137_9.bin)	198?	<unknown>
icpf80_03	ICP F80 poker (137_9_0jap)	198?	<unknown>
icpf80_04	ICP F80 poker (137_9_10bet)	198?	<unknown>
icpf80_05	ICP F80 poker (137_9_50)	198?	<unknown>
icpf80_06	ICP F80 poker (137_9_60)	198?	<unknown>
icpf80_07	ICP F80 poker (137_9_70)	198?	<unknown>
icpf80_08	ICP F80 poker (137_9_90)	198?	<unknown>
icpf80_09	ICP F80 poker (137_9_jap)	198?	<unknown>
icpf80_10	ICP F80 poker (137_9_redsquare)	198?	<unknown>
icpf80_11	ICP F80 poker (137_number7)	198?	<unknown>
icpf80_12	ICP F80 poker (9_jap)	198?	<unknown>
icpf80_13	ICP F80 poker (9_reddot)	198?	<unknown>
icpf80_14	ICP F80 poker (abg)	198?	<unknown>
icpf80_15	ICP F80 poker (af_80_newer)	198?	<unknown>
icpf80_16	ICP F80 poker (af_80_older)	198?	<unknown>
icpf80_17	ICP F80 poker (jap_9)	198?	<unknown>
icpf80_18	ICP F80 poker (jap_9_jap)	198?	<unknown>
icpf80_19	ICP F80 poker (redx_9_40_45_50_60)	198?	<unknown>
icpf80_20	ICP F80 poker (redx_9_7)	198?	<unknown>
icpf80_21	ICP F80 poker (blue-green-red dots)	198?	<unknown>
icproul	Roulette (ICP-1 PCB)	198?	<unknown>
idhimitu	Idol no Himitsu (Japan 890304)	1989	Digital Soft
idolmj	Idol-Mahjong Housoukyoku (Japan)	1988	System Service
idsoccer	Indoor Soccer (set 1)	1985	Universal
idsoccera	Indoor Soccer (set 2)	1985	Universal
idsoccert	Indoor Soccer (Tecfri)	1985	Universal (Tecfri license)
iemoto	Iemoto (Japan 871020)	1987	Nichibutsu
iemotom	Iemoto (Japan 871118, medal)	1987	Nichibutsu
iganinju	Iga Ninjyutsuden (Japan)	1988	Jaleco
iganinjub	Iga Ninjyutsuden (Japan, bootleg)	1988	bootleg
igmo	IGMO	1984	Epos Corporation
igs_ncs	New Champion Skill (v100n)	198?	IGS
igs_ncs2	New Champion Skill (v100n 2000)	2000	IGS
igstet341	Tetris (v341R)	199?	IGS
igstet342	Tetris (v342R)	199?	IGS
ii32in1	InterAct 32-in-1	200?	Intec
ii8in1	InterAct 8-in-1	200?	Intec
ikari	Ikari Warriors (US JAMMA)	1986	SNK
ikari3	Ikari III - The Rescue (World version 1, 8-Way Joystick)	1989	SNK
ikari3j	Ikari Three (Japan, Rotary Joystick)	1989	SNK
ikari3k	Ikari Three (Korea, 8-Way Joystick)	1989	SNK
ikari3u	Ikari III - The Rescue (US, Rotary Joystick)	1989	SNK
ikari3w	Ikari III - The Rescue (World, Rotary Joystick)	1989	SNK
ikaria	Ikari Warriors (US, set 1)	1986	SNK
ikaria2	Ikari Warriors (US, set 2)	1986	SNK
ikarijp	Ikari (Japan No Continues)	1986	SNK
ikarijpb	Ikari (Joystick hack bootleg)	1986	bootleg
ikarinc	Ikari Warriors (US No Continues)	1986	SNK
ikariram	Rambo 3 (bootleg of Ikari, Joystick hack)	1986	bootleg
ikaruga	Ikaruga (GDL-0010)	2001	Treasure
ikki	Ikki (Japan)	1985	Sun Electronics
imago	Imago (cocktail set)	1984	Acom
imagoa	Imago (no cocktail set)	1983	Acom
imekura	Imekura Mahjong (Japan)	1994	Sphinx / AV Japan
imgfight	Image Fight (World)	1988	Irem
imgfightj	Image Fight (Japan)	1988	Irem
imgfightjb	Image Fight (Japan, bootleg)	1988	Irem
imolagp	Imola Grand Prix (set 1)	1981?	Roberto Bacchilega Bologna
imolagpo	Imola Grand Prix (set 2)	1981?	Roberto Bacchilega Bologna
imsorry	I'm Sorry (315-5110, US)	1985	Coreland / Sega
imsorryj	Gonbee no I'm Sorry (315-5110, Japan)	1985	Coreland / Sega
inca	Inca	199?	<unknown>
indianbt	Indian Battle	1980	Taito
indianbtbr	Indian Battle (Brazil)	1983	Taito do Brasil
indy500	INDY 500 Twin (Revision A, Newer)	1995	Sega
indy500d	INDY 500 Deluxe (Revision A)	1995	Sega
indy500to	INDY 500 Twin (Revision A)	1995	Sega
indyheat	Danny Sullivan's Indy Heat (rev 1)	1991	Leland Corporation
indytemp	Indiana Jones and the Temple of Doom (set 1)	1985	Atari Games
indytemp2	Indiana Jones and the Temple of Doom (set 2)	1985	Atari Games
indytemp3	Indiana Jones and the Temple of Doom (set 3)	1985	Atari Games
indytemp4	Indiana Jones and the Temple of Doom (set 4)	1985	Atari Games
indytempc	Indiana Jones and the Temple of Doom (cocktail)	1985	Atari Games
indytempd	Indiana Jones and the Temple of Doom (German)	1985	Atari Games
inferno	Inferno (Williams)	1984	Williams
insector	Insector (prototype)	1982	Gottlieb
insectx	Insector X (World)	1989	Taito
insectxbl	Insector X (bootleg)	1990	bootleg (Nagoya Kaihatsu)
insectxj	Insector X (Japan)	1989	Taito
intact89	InterAct Complete Video Game - 89-in-1	200?	Intec
intcup94	International Cup '94 (Ver 2.2O 1994/05/26)	1994	Taito
intg5410	InterAct Complete Video Game - 111 Games & 42 Songs (G5410)	200?	Intec
inthunt	In The Hunt (World)	1993	Irem
inthuntk	In The Hunt (Korea?)	1993	Irem
inthuntu	In The Hunt (US)	1993	Irem America
intlaser	International Team Laser (prototype)	1987	Bally Midway
intrepid	Intrepid (set 1)	1983	Nova Games
intrepid2	Intrepid (set 2)	1983	Nova Games
intrepidb	Intrepid (Elsys bootleg, set 1)	1984	bootleg (Elsys)
intrepidb2	Intrepid (Loris bootleg)	1984	bootleg (Loris)
intrepidb3	Intrepid (Elsys bootleg, set 2)	1984	bootleg (Elsys)
intrgirl	Intergirl	1995	Barko
intrgmes	Joker Card (Inter Games)	1991	Inter Games
introdon	Karaoke Quiz Intro Don Don! (J 960213 V1.000)	1996	Sunsoft / Success
intruder	Intruder	1980	Konami (Game Plan license)
inttoote2	International Toote II (v1.24, P387.V01)	1993	hack (Coinmaster)
inufuku	Quiz & Variety Sukusuku Inufuku (Japan)	1998	Video System Co.
invad2ct	Space Invaders II (Midway, cocktail)	1980	Midway
invaddlx	Space Invaders Deluxe	1980	Taito (Midway license)
invader4	Space Invaders Part Four (bootleg of Space Attack II)	1980	bootleg
invaderl	Space Invaders (Logitec)	1978	Taito / Logitec
invadernc	Space Invaders (Nas Corp bootleg)	1978	bootleg (Nas Corp)
invaders	Space Invaders / Space Invaders M	1978	Taito / Midway
invadersem	Space Invaders (Electromar, Spanish)	19??	Electromar
invadpt2	Space Invaders Part II (Taito, bigger ROMs)	1979	Taito
invadpt2a	Space Invaders Part II (Taito, smaller ROMs)	1979	Taito
invadpt2br	Space Invaders Part II (Brazil)	1979	Taito do Brasil
invadrmr	Space Invaders (Model Racing)	1978	Taito / Model Racing
invasion	Invasion (Sidam)	19??	bootleg (Sidam)
invasiona	UFO Robot Attack (bootleg of Invasion, newer set)	1979	bootleg
invasiona2	UFO Robot Attack (bootleg of Invasion, older set)	1979	bootleg
invasionb	Invasion (Italian bootleg)	1979	bootleg
invasionrz	Invasion (bootleg set 1, R Z SRL Bologna)	1979	bootleg (R Z SRL Bologna)
invasnab	Invasion: The Abductors (version 5.0)	1999	Midway
invasnab3	Invasion: The Abductors (version 3.0)	1999	Midway
invasnab4	Invasion: The Abductors (version 4.0)	1999	Midway
invcarht	Invinco / Car Hunt (Germany)	1979	Sega
invds	Invinco / Deep Scan	1979	Sega
invho2	Invinco / Head On 2 (set 1)	1979	Sega
invho2a	Invinco / Head On 2 (set 2)	1979	Sega
invinco	Invinco	1979	Sega
invmulti	Space Invaders Multigame (M8.03D)	2002	hack (Braze Technologies)
invmultim1a	Space Invaders Multigame (M8.01A)	2002	hack (Braze Technologies)
invmultim2a	Space Invaders Multigame (M8.02A)	2002	hack (Braze Technologies)
invmultim2c	Space Invaders Multigame (M8.02C)	2002	hack (Braze Technologies)
invmultim3a	Space Invaders Multigame (M8.03A)	2002	hack (Braze Technologies)
invmultip	Space Invaders Multigame (prototype)	2002	hack (Braze Technologies)
invmultis1a	Space Invaders Multigame (S0.81A)	2002	hack (Braze Technologies)
invmultis2a	Space Invaders Multigame (S0.82A)	2002	hack (Braze Technologies)
invmultis3a	Space Invaders Multigame (S0.83A)	2002	hack (Braze Technologies)
invmultit3d	Space Invaders Multigame (T8.03D)	2002	hack (Braze Technologies)
invqix	Space Invaders / Qix Silver Anniversary Edition (Ver. 2.03)	2003	Taito / Namco
invrvnge	Invader's Revenge (set 1)	1980?	Zenitone-Microsec Ltd.
invrvngea	Invader's Revenge (set 2)	1980?	Zenitone-Microsec Ltd.
invrvngeb	Invader's Revenge (set 3)	1980?	Zenitone-Microsec Ltd.
invrvngedu	Invader's Revenge (Dutchford, single PCB)	1980?	Zenitone-Microsec Ltd. (Dutchford license)
invrvngegw	Invader's Revenge (Game World, single PCB)	1980?	Zenitone-Microsec Ltd. (Game World license)
inyourfa	In Your Face (North America, prototype)	1991	Jaleco
iowapp	Iowa Premium Player (2131-21, U5-1)	1990	Merit
ipminvad	IPM Invader (M10, set 1)	1979	IPM
ipminvad1	IPM Invader (M10, set 2)	1979	IPM
ipminvad2	IPM Invader (M11)	1979	IPM
ippatsu	Ippatsu Gyakuten (Japan)	1986	Public Software / Paradais
ippo	Hard Puncher Hajime no Ippo - The Fighting! (VER.2.02J)	2001	Taito
ippo2	Hard Puncher Hajime no Ippo 2 - The Fighting! - Ouja e no chousen (VER.2.00J)	2002	Taito
iqblock	IQ-Block (V100U)	1993	IGS
iqblocka	Shuzi Leyuan (China, V127M, gambling)	1996	IGS
iqblockf	IQ Block (V113FR, gambling)	1997	IGS
irion	Irion	1983	bootleg
irobot	I, Robot	1983	Atari
iron	Iron (SNES bootleg)	1996	bootleg
ironclad	Choutetsu Brikin'ger / Iron Clad (prototype)	1996	Saurus
ironclado	Choutetsu Brikin'ger / Iron Clad (prototype, bootleg)	1996	bootleg
ironfort	Iron Fortress	1998	Eolith
ironfortc	Gongtit Jiucoi Iron Fortress (Hong Kong)	1998	Eolith (Excellent Competence Ltd. license)
ironhors	Iron Horse (version K)	1986	Konami
ironhorsh	Iron Horse (version H)	1986	Konami
irrmaze	The Irritating Maze / Ultra Denryu Iraira Bou	1997	SNK / Saurus
isgsm	ISG Selection Master Type 2006 BIOS	2006	bootleg (ISG)
island	Island (050713 World)	2005	Igrosoft
island2	Island 2 (060529 World)	2006	Igrosoft
island2_10	Island 2 (110124 Entertainment A)	2006	Igrosoft
island2_11	Island 2 (110204 Entertainment A)	2006	Igrosoft
island2_12	Island 2 (110311 Entertainment B)	2006	Igrosoft
island2_13	Island 2 (140526 Entertainment B)	2006	Igrosoft
island2_14	Island 2 (110411 Entertainment C)	2006	Igrosoft
island2_2	Island 2 (061214 World)	2006	Igrosoft
island2_3	Island 2 (061218 World)	2006	Igrosoft
island2_3a	Island 2 (bootleg, 061218, VIDEO GAME-1 OS2-01)	2006	bootleg
island2_4	Island 2 (070205 Russia)	2006	Igrosoft
island2_4a	Island 2 (bootleg, 070205, banking address hack)	2006	bootleg
island2_5	Island 2 (090528 Lottery)	2006	Igrosoft
island2_6	Island 2 (090724 Entertainment)	2006	Igrosoft
island2_7	Island 2 (100401 Entertainment X)	2006	Igrosoft
island2_8	Island 2 (101208 Entertainment N)	2006	Igrosoft
island2_9	Island 2 (110111 Entertainment A)	2006	Igrosoft
island2a	Island 2 (bootleg, 060529, banking address hack)	2006	bootleg
island2b	Island 2 (bootleg, 060529, banking address hack, changed version text)	2006	bootleg
island2c	Island 2 (bootleg, 060529, LOTTOGAME (I))	2006	bootleg
island_2	Island (070409 Russia)	2005	Igrosoft
island_3	Island (090806 Entertainment)	2005	Igrosoft
islanda	Island (bootleg, 050713, backdoor)	2005	bootleg
islandb	Island (bootleg, 050713, VIDEO GAME-1 OS01)	2005	bootleg
islandc	Island (bootleg, 050713, LOTOS OS01)	2005	bootleg
issdxb	International Superstar Soccer Deluxe (SNES bootleg)	1997	bootleg
istreb	Istrebiteli	198?	Terminal
itaten	Itazura Tenshi (Japan)	1984	Nichibutsu / Alice
itazuram	Itazura Monkey	2000	Sammy
iteagle	Eagle BIOS	2000	Incredible Technologies
itvg48	Interactive TV Games 48-in-1 (PAL)	200?	TaiKee
ixion	Ixion (prototype)	1983	Sega
jack	Jack the Giantkiller (set 1)	1982	Hara Industries (Cinematronics license)
jack2	Jack the Giantkiller (set 2)	1982	Hara Industries (Cinematronics license)
jack3	Jack the Giantkiller (set 3)	1982	Hara Industries (Cinematronics license)
jackal	Jackal (World, 8-way Joystick)	1986	Konami
jackalbl	Jackal (bootleg, Rotary Joystick)	1986	bootleg
jackalj	Tokushu Butai Jackal (Japan, 8-way Joystick)	1986	Konami
jackalr	Jackal (World, Rotary Joystick)	1986	Konami
jackhous	Jack House	1994	Chain Leisure Co., Ltd
jackie	Happy Jackie (v119U)	1993	IGS
jackiea	Happy Jackie (v110U)	1993	IGS
jackler	Jackler (bootleg of Jungler)	1982	bootleg
jackpool	Jackpot Cards / Jackpot Pool (Italy)	1997	Electronic Projects
jackrabt	Jack Rabbit (set 1)	1984	Zaccaria
jackrabt2	Jack Rabbit (set 2)	1984	Zaccaria
jackrabts	Jack Rabbit (special)	1984	Zaccaria
jailbrek	Jail Break	1986	Konami
jailbrekb	Jail Break (bootleg)	1986	bootleg
jajamaru	Vs. Ninja Jajamaru Kun (Japan)	1985	Jaleco
jambo	Jambo! Safari (Rev A)	1999	Sega
jammin	Jammin' (prototype)	1985	Atari Games
janbari	Mahjong Janjan Baribari (Japan)	1992	Nichibutsu / Yubis / AV Japan
jangou	Jangou (Japan)	1983	Nichibutsu
jangtaku	Jang Taku (V 1.3)	1986	Dyna Computer
janjans1	Lovely Pop Mahjong JangJang Shimasho (Japan)	1996	Visco
janjans2	Lovely Pop Mahjong JangJang Shimasho 2 (Japan)	2000	Visco
jankenmn	Janken Man Kattara Ageru	1991	Sunwise
janptr96	Janputer '96 (Japan)	1996	Dynax
janptrsp	Janputer Special (Japan)	1997	Dynax
janputer	New Double Bet Mahjong (bootleg of Royal Mahjong, set 1)	1981	bootleg (Paradise Denshi Ltd. / Mes)
janputera	New Double Bet Mahjong (bootleg of Royal Mahjong, set 2)	1981	bootleg (Paradise Denshi Ltd. / Ever Denshi)
janshi	Janshi	1992	Eagle
janshin	Janshin Densetsu - Quest of Jongmaster	1994	Aicom
janshinp	Mahjong Janshin Plus (Japan)	1996	Dynax / Sigma
jantotsu	4nin-uchi Mahjong Jantotsu	1983	Sanritsu
jantouki	Jong Tou Ki (Japan)	1990	Dynax
janyou	Janyou Part I (Double Bet)	1983	Shonan
janyoup2	Janyou Part II (ver 7.03, July 1 1983)	1983	Cosmo Denshi
janyoup2702	Janyou Part II (ver 7.02, July 1 1983)	1983	Cosmo Denshi
janyoup2a	Janyou Part II (ver 7.03, July 1 1983, no title screen)	1983	Cosmo Denshi
janyuki	Jong Yu Ki (Japan)	1988	Dynax
jbell	Jingle Bell (v200US, alternative hardware)	1997	IGS
jbell133i	Jingle Bell (Italy, V133I)	1995?	IGS
jbell141ue	Jingle Bell (EU, V141UE)	1995	IGS
jbell153ue	Jingle Bell (EU, V153UE)	1997	IGS
jbell155ue	Jingle Bell (EU, V155UE)	1997	IGS
jbell157us	Jingle Bell (US, V157US)	1997	IGS
jchan	Jackie Chan - The Kung-Fu Master (rev 4?)	1995	Kaneko
jchan2	Jackie Chan in Fists of Fire	1995	Kaneko
jchana	Jackie Chan - The Kung-Fu Master (rev 3?)	1995	Kaneko
jclub2bl	Jockey Club II (USA v4.00, bootleg)	1997	bootleg
jclub2v100	Jockey Club II (v1.00, older hardware)	1994	Seta
jclub2v101	Jockey Club II (v1.01, older hardware)	1995	Seta
jclub2v110	Jockey Club II (v1.10X, older hardware)	1996	Seta
jclub2v112	Jockey Club II (v1.12X, older hardware)	1996	Seta
jclub2v200	Jockey Club II (v2.00, newer hardware)	1996	Seta
jclub2v201	Jockey Club II (v2.01X, newer hardware)	1996	Seta
jclub2v203	Jockey Club II (v2.03X RC, older hardware, prototype)	1997	Seta
jclub2v204	Jockey Club II (v2.04, newer hardware)	1997	Seta
jclub2v205	Jockey Club II (v2.05, newer hardware)	1997	Seta
jclub2v220	Jockey Club II (v2.20X, newer hardware)	1998	Seta
jcross	Jumping Cross (set 1)	1984	SNK
jcrossa	Jumping Cross (set 2)	1984	SNK
jdredd	Judge Dredd (Rev C Dec. 17 1997)	1996	Acclaim
jdreddb	Judge Dredd (Rev B Nov. 26 1997)	1996	Acclaim
jdreddp	Judge Dredd (rev TA1 7/12/92, location test)	1993	Midway
jedi	Return of the Jedi	1984	Atari
jetwave	Jet Wave (EAB, Euro v1.04)	1996	Konami
jetwavej	Jet Wave (JAB, Japan v1.04)	1996	Konami
jgakuen	Shiritsu Justice Gakuen: Legion of Heroes (Japan 971216)	1997	Capcom
jgakuen1	Shiritsu Justice Gakuen: Legion of Heroes (Japan 971117)	1997	Capcom
jgaoshou	Jiyou Gaoshou (China, Ver 1.2)	1999	Subsino
jigkmgri	Jigoku Meguri (Japan, rev 1)	1988	Taito
jigkmgria	Jigoku Meguri (Japan)	1988	Taito
jin	Jin	1982	Falcon
jingling	Jingling Jiazu Genie 2000	2000	IBS Co. Ltd
jingystm	Jingi Storm - The Arcade (Japan) (GDL-0037)	2006	Atrativa Japan
jinpaish	Jinpai Suoha - Show Hand (Chinese version 2004-09-22)	2004	GMS
jitsupro	Jitsuryoku!! Pro Yakyuu (Japan)	1989	Jaleco
jituroku	Jitsuroku Maru-chi Mahjong (Japan)	1993	Windom
jjack	Jumping Jack	1984	Universal
jjparad2	Jan Jan Paradise 2	1997	Electro Design
jjparads	Jan Jan Paradise	1996	Electro Design
jjpoker	Jackpot Joker Poker (set 1)	1983	Enter-Tech, Ltd.
jjpokerb	Jackpot Joker Poker (set 2)	1983	Enter-Tech, Ltd.
jjsquawk	J. J. Squawkers	1993	Athena / Able
jjsquawkb	J. J. Squawkers (bootleg)	1999	bootleg
jjsquawkb2	J. J. Squawkers (bootleg, Blandia Conversion)	1999	bootleg
jjsquawko	J. J. Squawkers (older)	1993	Athena / Able
jking02	Jungle King 2002 (V209US)	2001	IGS
jking04	Jungle King 2004 (V101US)	2003	IGS
jking103a	Jungle King (V103A)	2000?	IGS
jking105us	Jungle King (V105US)	2000?	IGS
jking200pr	Jungle King (V200PR)	1999	IGS
jking302us	Jungle King (V302US)	2000?	IGS
jkrbonus	Joker Bonus	198?	<unknown>
jkrmast	Joker Master 2000 Special Edition (V515)	1999	Pick-A-Party USA
jkrmasta	Joker Master 2000 Special Edition (V512/513)	1999	Pick-A-Party USA
jkrmastb	Joker Master 2000 Special Edition (V512)	1999	Pick-A-Party USA
jleague	The J.League 1994 (Japan, Rev A)	1994	Sega
jleagueo	The J.League 1994 (Japan)	1994	Sega
jmpbreak	Jumping Break (set 1)	1999	F2 System
jmpbreaka	Jumping Break (set 2)	1999	F2 System
jngolady	Jangou Lady (Japan)	1984	Nichibutsu
jockeyc	Jockey Club (v1.18)	1990	Seta (Visco license)
jockeygp	Jockey Grand Prix (set 1)	2001	Sun Amusement / BrezzaSoft
jockeygpa	Jockey Grand Prix (set 2)	2001	Sun Amusement / BrezzaSoft
joemac	Tatakae Genshizin Joe & Mac (Japan ver 1)	1991	Data East Corporation
joemacr	Joe & Mac Returns (World, Master Version 1.1, 1994.05.27)	1994	Data East Corporation
joemacra	Joe & Mac Returns (World, Master Version 1.0, 1994.05.19)	1994	Data East Corporation
joemacrj	Joe & Mac Returns (Japan, Master Version 1.2, 1994.06.06)	1994	Data East Corporation
jogakuen	Mahjong Jogakuen (Japan)	1992?	Windom
joinem	Joinem	1983	Global Corporation
jojo	JoJo's Venture (Europe 990128)	1998	Capcom
jojoa	JoJo's Venture (Asia 990128)	1998	Capcom
jojoar1	JoJo's Venture (Asia 990108)	1998	Capcom
jojoar2	JoJo's Venture (Asia 981202)	1998	Capcom
jojoba	JoJo's Bizarre Adventure (Europe 991015, NO CD)	1999	Capcom
jojobajr1	JoJo no Kimyou na Bouken: Mirai e no Isan (Japan 990927)	1999	Capcom
jojobajr2	JoJo no Kimyou na Bouken: Mirai e no Isan (Japan 990913)	1999	Capcom
jojoban	JoJo no Kimyou na Bouken: Mirai e no Isan (Japan 991015, NO CD)	1999	Capcom
jojobaner1	JoJo's Bizarre Adventure (Europe 990927, NO CD)	1999	Capcom
jojobaner2	JoJo's Bizarre Adventure (Europe 990913, NO CD)	1999	Capcom
jojobanr1	JoJo no Kimyou na Bouken: Mirai e no Isan (Japan 990927, NO CD)	1999	Capcom
jojobanr2	JoJo no Kimyou na Bouken: Mirai e no Isan (Japan 990913, NO CD)	1999	Capcom
jojobar1	JoJo's Bizarre Adventure (Europe 990927)	1999	Capcom
jojobar2	JoJo's Bizarre Adventure (Europe 990913)	1999	Capcom
jojoj	JoJo no Kimyou na Bouken (Japan 990128)	1998	Capcom
jojojr1	JoJo no Kimyou na Bouken (Japan 990108)	1998	Capcom
jojojr2	JoJo no Kimyou na Bouken (Japan 981202)	1998	Capcom
jojon	JoJo's Venture (Asia 990128, NO CD)	1998	Capcom
jojonr1	JoJo's Venture (Asia 990108, NO CD)	1998	Capcom
jojonr2	JoJo's Venture (Asia 981202, NO CD)	1998	Capcom
jojor1	JoJo's Venture (Europe 990108)	1998	Capcom
jojor2	JoJo's Venture (Europe 981202)	1998	Capcom
jojou	JoJo's Venture (USA 990128)	1998	Capcom
jojour1	JoJo's Venture (USA 990108)	1998	Capcom
jojour2	JoJo's Venture (USA 981202)	1998	Capcom
jokcrdep	Joker Card / Multi Card (Epoxy brick CPU)	1991	Fun World
jokercar	Joker Card (witch game)	199?	<unknown>
jokercrd	Joker Card 300 (Ver.A267BC, encrypted)	1993	Amatic Trading
jokercrdf	Joker Card (encrypted)	1993	Fun World
jokpoker	Joker Poker (Version 16.03B)	1982	Greyhound Electronics
jokpokera	Joker Poker (Version 16.03BI 5-10-85, Joker Poker ICB 9-30-86)	1983	Greyhound Electronics
jokpokerb	Joker Poker (Version 16.04BI 10-19-88, Joker Poker ICB 9-30-86)	1983	Greyhound Electronics
jokpokerc	Joker Poker (Version 16.03BI 5-10-85, Poker No Raise ICB 9-30-86)	1983	Greyhound Electronics
jollycrd	Jolly Card (German, set 1)	1985	TAB Austria
jollycrda	Jolly Card (German, set 2)	1985	TAB Austria
jollyjgr	Jolly Jogger	1982	Taito
jolyc3x3	Jolly Card (3x3 deal)	1985	TAB Austria
jolyc980	Jolly Card Professional 2.0 (Spale Soft)	2000	Spale Soft
jolyccra	Jolly Card (Croatian, set 1)	1985	TAB Austria
jolyccrb	Jolly Card (Croatian, set 2)	1993	Soft Design
jolycdab	Jolly Card (German, Fun World, bootleg)	1986	Inter Games
jolycdcy	Zabavni Karti (Bulgarian, cyrillic, encrypted)	1993	bootleg (Cleco)
jolycdev	Jolly Card (Evona Electronic)	1998	TAB Austria / Evona Electronic
jolycdib	Jolly Card (Italian, encrypted bootleg, set 1)	1990	bootleg
jolycdic	Jolly Card (Italian, encrypted bootleg, set 2)	1993	bootleg
jolycdid	Jolly Card (Italian, different colors, set 1)	1990	bootleg
jolycdie	Jolly Card (Italian, different colors, set 2)	1990	bootleg
jolycdif	Jolly Card (Italian, bootleg, set 1)	1990	bootleg
jolycdig	Jolly Card (Italian, bootleg, set 2)	1993	bootleg
jolycdih	Jolly Card (Italian, bootleg, set 3)	1990	bootleg
jolycdii	Jolly Card (Italian, encrypted bootleg, set 3)	1993	bootleg (Cleco)
jolycdit	Jolly Card (Italian, blue TAB board, encrypted)	199?	bootleg
jolycdsp	Jolly Card (Spanish, blue TAB board, encrypted)	1992	TAB Austria
jolycmzs	Jolly Card Professional 2.0 (MZS Tech)	1993	MZS Tech
jolygame	Jolly Game (V1, Otti Karl logo)	1993	bootleg
jolyjokr	Jolly Joker (98bet, set 1)	199?	Impera
jolyjokra	Jolly Joker (98bet, set 2)	199?	Impera
jolyjokrb1	Jolly Joker (40bet, higher paytable)	199?	Impera
jolyjokrb2	Jolly Joker (40bet, lower paytable)	199?	Impera
jolyjokro	Jolly Joker (original program, interleaved GFX, Impera logo)	199?	Impera
jolyjokrp	Jolly Joker (original program, interleaved GFX, no logo)	199?	Impera
jolyjokrs	Jolly Joker (original program, interleaved GFX, Otti Karl logo, set 1)	199?	Impera
jolyjokrt	Jolly Joker (original program, interleaved GFX, Otti Karl logo, set 2)	199?	Impera
jongbou	Mahjong Block Jongbou (Japan)	1987	SNK
jongbou2	Mahjong Block Jongbou 2 (Japan)	1987	SNK
jongkyo	Jongkyo	1985	Sanritsu / Kiwako
jongoh	Mahjong Jongoh (Japan, TTL800-03-04)	2000	Techno-Top
jongpute	Jongputer	1981	Alpha Denshi Co.
jongshin	Jong Shin (Japan)	1986	Dyna Electronics
jongtei	Mahjong Jong-Tei (Japan, NM532-01)	1999	Dynax
jongteia	Mahjong Jong-Tei (Japan, Techno-Top license)	2000	Dynax (Techno-Top license)
josvolly	Joshi Volleyball	1983	Allumer / Taito
journey	Journey	1983	Bally Midway
joust	Joust (Green label)	1982	Williams
joust2	Joust 2 - Survival of the Fittest (revision 2)	1986	Williams
joust2r1	Joust 2 - Survival of the Fittest (revision 1)	1986	Williams
joustr	Joust (Red label)	1982	Williams
jousty	Joust (Yellow label)	1982	Williams
joyfulr	Joyful Road (Japan)	1983	SNK
joyjoy	Puzzled / Joy Joy Kid (NGM-021 ~ NGH-021)	1990	SNK
joyman	Joyman	1982	hack
joystand	Joy Stand Private	1997	Yuvo
jpark	Jurassic Park (World, Rev A)	1993	Sega
jpark3	Jurassic Park III (ver EBC)	2001	Konami
jpark3u	Jurassic Park III (ver UBC)	2001	Konami
jparkj	Jurassic Park (Japan, Rev A, Deluxe)	1993	Sega
jparkja	Jurassic Park (Japan, Deluxe)	1993	Sega
jparkjc	Jurassic Park (Japan, Rev A, Conversion)	1993	Sega
jparkmb	Jurassic Park (bootleg of Mega Drive version)	1993	bootleg / Sega
jpcoin	Joker Poker (Coinmaster set 1)	1985	Coinmaster
jpcoin2	Joker Poker (Coinmaster, Amusement Only)	1990	Coinmaster
jpjcoin	Jackpot Joker Poker (Version 88V 01)	1988	<unknown>
jpknight	Jackpot Knight (V1.1)	1997	Dyna / R-Stone
jpopnics	Jumping Pop (Nics, Korean hack of Plump Pop)	1992	Nics
jppyex98	Jikkyou Pawafuru Puro Yakyu EX '98 (GC811 VER. JAA)	1998	Konami
jrking	Junior King (bootleg of Donkey Kong Jr.)	1982	bootleg
jrpacman	Jr. Pac-Man (11/9/83)	1983	Bally Midway
jrpacmanf	Jr. Pac-Man (speedup hack)	1983	hack
jrpacmbl	Jr. Pac-Man (Pengo hardware, bootleg)	1983	bootleg
jsk	Joryuu Syougi Kyoushitsu (Japan)	1997	Visco
jspecter	Jatre Specter (set 1)	1979	Taito / Jatre
jspecter2	Jatre Specter (set 2)	1979	Taito / Jatre
jt104	JT 104 / NinjaKun Ashura no Shou	1987	UPL (United Amusements license)
jubileep	Double-Up Poker (Jubilee)	1985	Jubilee
juju	JuJu Densetsu (Japan)	1989	TAD Corporation
jujub	JuJu Densetsu (Playmark bootleg)	1990	bootleg (Playmark)
jujuba	JuJu Densetsu (Japan, bootleg)	1989	bootleg
jumbogod	Jumbo Godzilla	1995	Namco
jumpbug	Jump Bug	1981	Hoei (Rock-Ola license)
jumpbugb	Jump Bug (bootleg, set 1)	1981	bootleg
jumpbugbc	Jump Bug (bootleg, set 3)	1982	bootleg (Cirsa)
jumpbugbrf	Jump Bug (bootleg, set 2)	1982	bootleg (Recreativos Franco)
jumpcoas	Jump Coaster (World)	1983	Kaneko Elc. Co.
jumpcoasa	Jump Coaster	1983	Kaneko
jumpcoast	Jump Coaster (Taito)	1983	Kaneko (Taito license)
jumping	Jumping (set 1)	1989	bootleg
jumpinga	Jumping (set 2)	1988	bootleg (Seyutu)
jumpingi	Jumping (set 3, Imnoe PCB)	1988	bootleg (Seyutu)
jumpjump	Jump Jump	1999	dgPIX Entertainment Inc.
jumpkids	Jump Kids	1993	Comad
jumpkun	Jump Kun (prototype)	1984	Kaneko
jumppop	Jumping Pop (set 1)	2001	ESD
jumppope	Jumping Pop (set 2)	2001	Emag Soft
jumpshot	Jump Shot	1985	Bally Midway
jumpshotp	Jump Shot Engineering Sample	1985	Bally Midway
jungleby	Jungle Boy (bootleg)	1982	bootleg
jungleh	Jungle Hunt (US)	1982	Taito America
junglehbr	Jungle Hunt (Brazil)	1983	Taito do Brasil
junglek	Jungle King (Japan)	1982	Taito
junglekas	Jungle King (alternate sound)	1982	Taito
junglekj2	Jungle King (Japan, earlier)	1982	Taito
junglekj2a	Jungle King (Japan, earlier, alt)	1982	Taito
junglekv	Jungle King (Nuova Videotron bootleg)	198?	bootleg (Nuova Videotron)
jungler	Jungler	1981	Konami
junglero	Jungler (Olympia)	1981	Konami (Olympia license)
junglers	Jungler (Stern Electronics)	1981	Konami (Stern Electronics license)
junofrst	Juno First	1983	Konami
junofrstg	Juno First (Gottlieb)	1983	Konami (Gottlieb license)
jurassic99	Jurassic 99 (Cadillacs and Dinosaurs bootleg with EM78P447AP)	1993	bootleg
jwildb52	Joker's Wild (B52 system, BP55114-V1104, Ver.054NMV)	199?	Sigma
jwildb52a	Joker's Wild (B52 system, WP02001-054, Ver.031WM)	1989	Sigma
jwildb52h	Joker's Wild (B52 system, BP55114-V1104, Ver.054NMV, Harrah's GFX)	199?	Sigma
jxzh	Jinxiu Zhonghua	1996	BMC
jyangoku	Jyangokushi: Haoh no Saihai (Japan 990527)	1999	Capcom
jzth	Juezhan Tianhuang	2000	<unknown>
kabukikl	Far East of Eden - Kabuki Klash / Tengai Makyou - Shin Den	1995	Hudson Soft
kabukiz	Kabuki-Z (World)	1988	Kaneko / Taito
kabukizj	Kabuki-Z (Japan)	1988	Kaneko / Taito
kageki	Kageki (World)	1988	Kaneko / Taito
kagekih	Kageki (hack)	1992	hack
kagekij	Kageki (Japan)	1988	Kaneko / Taito
kagekiu	Kageki (US)	1988	Kaneko / Taito America (Romstar license)
kaguya	Mahjong Kaguyahime (Japan 880521)	1988	Miki Syouji
kaguya2	Mahjong Kaguyahime Sono2 (Japan 890829)	1989	Miki Syouji
kaguya2f	Mahjong Kaguyahime Sono2 Fukkokuban (Japan 010808)	2001	Miki Syouji
kaguyaa	Mahjong Kaguyahime (Japan 880425)	1988	Miki Syouji
kaimenhu	Kaimen Hu (BMC)	1996	BMC
kaiserkn	Kaiser Knuckle (Ver 2.1O 1994/07/29)	1994	Taito
kaiserknj	Kaiser Knuckle (Ver 2.1J 1994/07/29)	1994	Taito
kaitei	Kaitei Takara Sagashi	1980	K.K. Tokki
kaiteids	Kaitei Daisensou (Japan)	1993	Irem
kaitein	Kaitei Takara Sagashi (Namco license)	1980	K.K. Tokki (Namco license)
kaiunqz	Kaiun Quiz (Japan, KW1/VER.A)	1999	Namco
kakumei	Mahjong Kakumei (Japan)	1990	Jaleco
kakumei2	Mahjong Kakumei 2 - Princess League (Japan)	1992	Jaleco
kamakazi3	Kamakazi III (hack of 'Super Galaxians')	1979	hack
kamenrid	Masked Riders Club Battle Race / Kamen Rider Club Battle Racer	1993	Banpresto
kamikaze	Kamikaze	1980	Konami (Leijac Corporation license)
kamikazesp	Kamikaze (Euromatic S.A., Spanish bootleg of Scramble)	1981	bootleg (Euromatic S.A.)
kamikazp	Kamikaze (Potomac Games, bootleg of Galaxian)	1979	bootleg (Potomac Games)
kamikcab	Kamikaze Cabbie	1984	Data East Corporation
kanatuen	Kanatsuen no Onna (Japan 880905)	1988	Panac
kangaroo	Kangaroo	1982	Sun Electronics
kangarooa	Kangaroo (Atari)	1982	Sun Electronics (Atari license)
kangaroob	Kangaroo (bootleg)	1982	bootleg
kangarool	Kangaroo (Löwen-Automaten)	1982	Sun Electronics (Löwen-Automaten license)
kaos	Kaos	1981	Pacific Polytechnical Corp. (Game Plan license)
karatblz	Karate Blazers (World, set 1)	1991	Video System Co.
karatblza	Karate Blazers (World, set 2)	1991	Video System Co.
karatblzbl	Karate Blazers (bootleg with Street Smart sound hardware)	1991	bootleg
karatblzj	Toushin Blazers (Japan, Tecmo license)	1991	Video System Co. (Tecmo license)
karatblzt	Karate Blazers (World, Tecmo license)	1991	Video System Co. (Tecmo license)
karatblzu	Karate Blazers (US)	1991	Video System Co.
karateda	Karate Dou (Arfyc bootleg)	1984	bootleg (Arfyc)
karatedo	Karate Dou (Japan)	1984	Data East Corporation
karatevs	Taisen Karate Dou (Japan)	1984	Data East Corporation
karatour	The Karate Tournament	1992	Mitchell
karatourj	Chatan Yara Kuushanku - The Karate Tournament (Japan)	1992	Mitchell
karianx	Karian Cross (Rev. 1.0)	1996	Deniam
karnov	Karnov (US, rev 6)	1987	Data East USA
karnova	Karnov (US, rev 5)	1987	Data East USA
karnovj	Karnov (Japan)	1987	Data East Corporation
karnovr	Karnov's Revenge / Fighter's History Dynamite	1994	Data East Corporation
karous	Karous (Japan) (GDL-0040)	2006	Milestone
kartduel	Kart Duel (World, KTD2/VER.A)	2000	Gaps / Namco
kartduelja	Kart Duel (Japan, KTD1/VER.A)	2000	Gaps / Namco
kas89	Kasino '89	1989	SFC S.R.L.
kattobas	Kattobase Power Pro Kun	1998	Konami
kazan	Ninja Kazan (World)	1988	Jaleco
kbash	Knuckle Bash	1993	Toaplan / Atari
kbash2	Knuckle Bash 2 (bootleg of Knuckle Bash)	1999	bootleg
kbashk	Knuckle Bash (Korean PCB)	1993	Toaplan / Taito
kbashp	Knuckle Bash (location test)	1993	Toaplan / Taito
kbh	Keyboardheaven (Korea)	2000	Konami
kbm	Keyboardmania	2000	Konami
kbm2nd	Keyboardmania 2nd Mix	2000	Konami
kbm3rd	Keyboardmania 3rd Mix	2001	Konami
kchamp	Karate Champ (US)	1984	Data East USA
kchamp2p	Karate Champ (US, 2 players)	1984	Data East USA
kchamptec	Karate Champ (Tecfri bootleg)	1984	bootleg (Tecfri)
kchampvs	Karate Champ: Player Vs Player (US, set 1)	1984	Data East USA
kchampvs2	Karate Champ: Player Vs Player (US, set 2)	1984	Data East USA
kchampvs3	Karate Champ: Player Vs Player (US, set 3)	1984	Data East USA
kchampvs4	Karate Champ: Player Vs Player (US, set 4)	1984	Data East USA
kdeadeye	Dead Eye (GV054 UAA01)	1996	Konami
kdynastg	King of Dynast Gear (version 1.8)	1999	EZ Graphics
keirind2	Keirin Derby II	1997	Cadence Technology / Excellent System / Woo Lim Electronics
keirinou	Keirin Ou	1987	Excellent System
keith	Keith Courage In Alpha Zones (United Amusements PC Engine)	1989	Hudson Soft
keithlcy	Dramatic Adventure Quiz Keith & Lucy (Japan)	1993	Visco
keks	Keks (060328 World)	2006	Igrosoft
keks_10	Keks (110816 Entertainment X)	2006	Igrosoft
keks_11	Keks (101209 Entertainment N)	2006	Igrosoft
keks_12	Keks (110816 Entertainment N)	2006	Igrosoft
keks_13	Keks (110204 Entertainment A)	2006	Igrosoft
keks_14	Keks (110208 Entertainment A)	2006	Igrosoft
keks_15	Keks (110816 Entertainment A)	2006	Igrosoft
keks_16	Keks (110311 Entertainment B)	2006	Igrosoft
keks_17	Keks (110816 Entertainment B)	2006	Igrosoft
keks_18	Keks (140526 Entertainment B)	2006	Igrosoft
keks_19	Keks (110411 Entertainment C)	2006	Igrosoft
keks_2	Keks (060403 World)	2006	Igrosoft
keks_2a	Keks (bootleg, 060403, banking address hack)	2006	bootleg
keks_2b	Keks (bootleg, 060403, banking address hack, changed version text)	2006	bootleg
keks_2c	Keks (bootleg, 060403, VIDEO GAME-1 KS01 set 1)	2006	bootleg
keks_2d	Keks (bootleg, 060403, VIDEO GAME-1 KS01 set 2)	2006	bootleg
keks_2e	Keks (bootleg, 060403, banking address hack, payout percentage 60)	2006	bootleg
keks_2f	Keks (bootleg, 060403, LOTTOGAME (I))	2006	bootleg
keks_2g	Keks (bootleg, 060403, LOTOS KS01)	2006	bootleg
keks_3	Keks (070119 Russia)	2006	Igrosoft
keks_3a	Keks (bootleg, 070119, banking address hack set 1)	2006	bootleg
keks_3b	Keks (bootleg, 070119, banking address hack set 2)	2006	bootleg
keks_4	Keks (090604 Lottery)	2006	Igrosoft
keks_5	Keks (090727 Entertainment)	2006	Igrosoft
keks_6	Keks (110816 World)	2006	Igrosoft
keks_7	Keks (110816 Russia)	2006	Igrosoft
keks_8	Keks (100330 Entertainment X)	2006	Igrosoft
keks_9	Keks (100331 Entertainment X)	2006	Igrosoft
keksa	Keks (bootleg, 060328, banking address hack)	2006	bootleg
keksb	Keks (bootleg, 060328, backdoor)	2006	bootleg
keksc	Keks (bootleg, 060328, banking address hack, changed version text)	2006	bootleg
kengo	Ken-Go (World)	1991	Irem
kengoj	Ken-Go (Japan)	1991	Irem
kenseim	Ken Sei Mogura: Street Fighter II (Japan 940418, Ver 1.00)	1994	Capcom / Togo / Sigma
keroppi	Kero Kero Keroppi's Let's Play Together (USA, Version 2.0)	1995	American Sammy
keroppij	Kero Kero Keroppi no Isshoni Asobou (Japan)	1993	Sammy Industries
ket	Ketsui: Kizuna Jigoku Tachi (2003/01/01. Master Ver.)	2002	Cave (AMI license)
ket1	Ketsui: Kizuna Jigoku Tachi (2003/01/01. Master Ver.) (alt ROM fill)	2002	Cave (AMI license)
keta	Ketsui: Kizuna Jigoku Tachi (2003/01/01 Master Ver.)	2002	Cave (AMI license)
ketarr	Ketsui: Kizuna Jigoku Tachi (2014/07/16 ARRANGE 1.7 VER) (hack)	2014	hack (trap15)
ketarr10	Ketsui: Kizuna Jigoku Tachi (2012/04/17 ARRANGE VER) (hack)	2012	hack (trap15)
ketarr15	Ketsui: Kizuna Jigoku Tachi (2012/06/26 ARRANGE 1.5 VER) (hack)	2012	hack (trap15)
ketarr151	Ketsui: Kizuna Jigoku Tachi (2012/06/26 ARRANGE 1.51 VER) (hack)	2012	hack (trap15)
ketarrf	Ketsui: Kizuna Jigoku Tachi (2012/04/17 FAST. VER) (hack)	2012	hack (trap15)
ketarrs15	Ketsui: Kizuna Jigoku Tachi (2012/06/27 MR.STOIC 1.5 VER) (hack)	2012	hack (trap15)
ketarrs151	Ketsui: Kizuna Jigoku Tachi (2012/06/27 MR.STOIC 1.51 VER) (hack)	2012	hack (trap15)
ketb	Ketsui: Kizuna Jigoku Tachi (2003/01/01 Master Ver)	2002	Cave (AMI license)
ketbl	Ketsui: Kizuna Jigoku Tachi (2003/01/01. Master Ver., bootleg cartridge conversion)	2002	bootleg
ketikd	Ketsui: Kizuna Jigoku Tachi (IKD 2007 Special - 2007 Cave Matsuri Version)	2007	Cave (AMI license)
keyboard	La Keyboard (GDS-0017)	2001	Sega / G.Rev
kf10thep	The King of Fighters 10th Anniversary Extra Plus (bootleg of The King of Fighters 2002)	2005	bootleg
kf2k2mp	The King of Fighters 2002 Magic Plus (bootleg)	2002	bootleg
kf2k2mp2	The King of Fighters 2002 Magic Plus II (bootleg)	2002	bootleg
kf2k2pla	The King of Fighters 2002 Plus (bootleg set 2)	2002	bootleg
kf2k2pls	The King of Fighters 2002 Plus (bootleg set 1)	2002	bootleg
kf2k3bl	The King of Fighters 2003 (bootleg set 1)	2003	bootleg
kf2k3bla	The King of Fighters 2003 (bootleg set 2)	2003	bootleg
kf2k3pcb	The King of Fighters 2003 (Japan, JAMMA PCB)	2003	SNK Playmore
kf2k3pl	The King of Fighters 2004 Plus / Hero (bootleg of The King of Fighters 2003)	2003	bootleg
kf2k3upl	The King of Fighters 2004 Ultra Plus (bootleg of The King of Fighters 2003)	2003	bootleg
kf2k5uni	The King of Fighters 10th Anniversary 2005 Unique (bootleg of The King of Fighters 2002)	2004	bootleg
kgbird	K.G. Bird (3XF5264H04, US)	1996	Aristocrat
kgbirdnz	K.G. Bird (4VXFC5341, New Zealand, 5c)	1996	Aristocrat
kgbirdnza	K.G. Bird (4VXFC5341, New Zealand, 10c)	1996	Aristocrat
kick	Kick (upright)	1981	Midway
kickball	Kick Ball	1998	Seoung Youn
kickboy	Kick Boy	1983	Nichibutsu
kickc	Kick (cocktail)	1981	Midway
kicker	Kicker	1985	Konami
kickgoal	Kick Goal (set 1)	1995	TCH / Proyesel
kickgoala	Kick Goal (set 2)	1995	TCH / Proyesel
kickman	Kickman (upright)	1981	Midway
kicknkick	Kick & Kick (GNA36 VER. EAA)	2001	Konami
kicknrun	Kick and Run (World)	1986	Taito
kicknrunu	Kick and Run (US)	1986	Taito America
kickoff	Kick Off: Jaleco Cup (Japan)	1988	Jaleco
kickoffb	Kick Off: World Cup (bootleg)	1988	bootleg (Comodo)
kickridr	Kick Rider	1984	Universal
kidniki	Kid Niki - Radical Ninja (World)	1986	Irem
kidnikib	Kid Niki (bootleg)	1986	bootleg
kidnikiu	Kid Niki - Radical Ninja (US)	1986	Irem (Data East USA license)
kikaioh	Choukou Senki Kikaioh (Japan 980914)	1998	Capcom
kikcubic	Meikyu Jima (Japan)	1988	Irem
kikcubicb	Kickle Cubele	1988	bootleg
kikikai	KiKi KaiKai	1986	Taito
kikstart	Kick Start: Wheelie King	1984	Taito
killbld	The Killing Blade / Ao Jian Kuang Dao (ver. 109, Chinese Board)	1998	IGS
killbld100	The Killing Blade / Ao Jian Kuang Dao (ver. 100)	1998	IGS
killbld104	The Killing Blade / Ao Jian Kuang Dao (ver. 104)	1998	IGS
killbld106	The Killing Blade / Ao Jian Kuang Dao (ver. 106)	1998	IGS
killbldp	The Killing Blade Plus / Ao Jian Kuang Dao Jiaqiang Ban (China, ver. 300)	2005	IGS
killcom	Killer Comet	1980	Centuri (Game Plan license)
kingball	King & Balloon (US)	1980	Namco
kingballj	King & Balloon (Japan)	1980	Namco
kingdmgp	Kingdom Grandprix	1994	Raizing / Eighting
kingdrbb	King Derby (Taiwan bootleg)	1986	bootleg (Casino Electronics)
kingdrbb2	King Derby (bootleg set 2)	198?	bootleg
kingdrby	King Derby (1981)	1981	Tazmi
kingofb	King of Boxer (World)	1985	Wood Place
kingofbj	King of Boxer (Japan)	1985	Wood Place
kingpin	Kingpin	1983	ACL Manufacturing
kingyosu	Dokidoki Kingyo Sukui	1999	Sammy
kinst	Killer Instinct	1994	Rare / Nintendo (Midway license)
kinst2	Killer Instinct 2	1996	Rare / Nintendo (Midway license)
kinst2uk	Killer Instinct 2 (upgrade kit)	1996	Rare / Nintendo (Midway license)
kinstb	Killer Instinct (SNES bootleg)	199?	bootleg
kinstsnes	Killer Instinct (SNES bootleg with timer)	199?	bootleg
kirameki	Kirameki Star Road (Ver 2.10J 1997/08/29)	1997	Taito
kirarast	Ryuusei Janshi Kirara Star (ver 1.0, 92047-01 version)	1996	Jaleco
kirarasta	Ryuusei Janshi Kirara Star (ver 1.0, 91022-10 version)	1996	Jaleco
kisekaem	Kisekae Mahjong	1995	I'Max
kittenk	Kitten Kaboodle	1988	Konami
kiwame	Pro Mahjong Kiwame	1994	Athena
kiwames	Pro Mahjong Kiwame S (J 951020 V1.208)	1995	Athena
kizuna	Kizuna Encounter - Super Tag Battle / Fu'un Super Tag Battle	1996	SNK
kizuna4p	Kizuna Encounter - Super Tag Battle 4 Way Battle Version / Fu'un Super Tag Battle Special Version	1996	SNK
kkotnoli	Kkot No Li (Kill the Bees)	198?	hack
klax	Klax (version 6)	1990	Atari Games
klax4	Klax (version 4)	1990	Atari Games
klax5	Klax (version 5)	1990	Atari Games
klax5bl	Klax (version 5, bootleg set 1)	1990	bootleg
klax5bl2	Klax (version 5, bootleg set 2)	1990	bootleg
klaxd2	Klax (Germany, version 2)	1990	Atari Games
klaxj3	Klax (Japan, version 3)	1990	Atari Games
klaxj4	Klax (Japan, version 4)	1990	Atari Games
klaxp1	Klax (prototype set 1)	1989	Atari Games
klaxp2	Klax (prototype set 2)	1989	Atari Games
klondkp	KlonDike+	1999	Eolith
klxyj102cn	Kuaile Xiyou Ji (V102CN)	2001	IGS
klxyj104cn	Kuaile Xiyou Ji (V104CN)	2001	IGS
kmhpan	Kaimen Hu (PAN Electronics)	199?	PAN Electronics
knckhead	Knuckle Heads (World)	1992	Namco
knckheadj	Knuckle Heads (Japan)	1992	Namco
knckheadjp	Knuckle Heads (Japan, Prototype?)	1992	Namco
kncljoe	Knuckle Joe (set 1)	1985	Seibu Kaihatsu (Taito license)
kncljoea	Knuckle Joe (set 2)	1985	Seibu Kaihatsu (Taito license)
kngtmare	Knightmare (prototype)	1983	Gottlieb
knightb	Knight Boy (bootleg of KiKi KaiKai, set 1)	1986	bootleg
knightba	Knight Boy (bootleg of KiKi KaiKai, set 2)	1986	bootleg (Game Corporation)
knights	Knights of the Round (World 911127)	1991	Capcom
knightsb	Knights of the Round (bootleg with 2xMSM5205, set 1)	1991	bootleg
knightsb2	Knights of the Round (bootleg, World 911127)	1991	bootleg
knightsb3	Knights of the Round (bootleg with 2xMSM5205, set 2)	1991	bootleg
knightsj	Knights of the Round (Japan 911127, B-Board 91634B-2)	1991	Capcom
knightsja	Knights of the Round (Japan 911127, B-Board 89625B-1)	1991	Capcom
knightsu	Knights of the Round (USA 911127)	1991	Capcom
knockout	Knock Out!! (bootleg, set 1)	1982	bootleg? (KKK)
knockoutb	Knock Out!! (bootleg, set 2)	1982	bootleg
knockoutc	Knock Out!! (bootleg, set 3)	1982	bootleg (ESG)
knpuzzle	Kotoba no Puzzle Mojipittan (Japan, KPM1 Ver.A)	2001	Namco
kod	The King of Dragons (World 910805)	1991	Capcom
kodb	The King of Dragons (bootleg)	1991	bootleg (Playmark)
kodj	The King of Dragons (Japan 910805, B-Board 90629B-3)	1991	Capcom
kodja	The King of Dragons (Japan 910805, B-Board 89625B-1)	1991	Capcom
kodr1	The King of Dragons (World 910711)	1991	Capcom
kodr2	The King of Dragons (World 910731)	1991	Capcom
kodu	The King of Dragons (USA 910910)	1991	Capcom
kof10th	The King of Fighters 10th Anniversary (bootleg of The King of Fighters 2002)	2002	bootleg
kof2000	The King of Fighters 2000 (NGM-2570 ~ NGH-2570)	2000	SNK
kof2000n	The King of Fighters 2000 (not encrypted)	2000	SNK
kof2001	The King of Fighters 2001 (NGM-262?)	2001	Eolith / SNK
kof2001h	The King of Fighters 2001 (NGH-2621)	2001	Eolith / SNK
kof2002	The King of Fighters 2002 (NGM-2650 ~ NGH-2650)	2002	Eolith / Playmore
kof2002b	The King of Fighters 2002 (bootleg)	2002	bootleg
kof2003	The King of Fighters 2003 (NGM-2710, Export)	2003	SNK Playmore
kof2003h	The King of Fighters 2003 (NGH-2710)	2003	SNK Playmore
kof2k4se	The King of Fighters Special Edition 2004 (bootleg of The King of Fighters 2002)	2004	bootleg
kof94	The King of Fighters '94 (NGM-055 ~ NGH-055)	1994	SNK
kof95	The King of Fighters '95 (NGM-084)	1995	SNK
kof95a	The King of Fighters '95 (NGM-084, alt board)	1995	SNK
kof95h	The King of Fighters '95 (NGH-084)	1995	SNK
kof96	The King of Fighters '96 (NGM-214)	1996	SNK
kof96a	The King of Fighters '96 (bug fix revision)	1996	SNK
kof96h	The King of Fighters '96 (NGH-214)	1996	SNK
kof97	The King of Fighters '97 (NGM-2320)	1997	SNK
kof97h	The King of Fighters '97 (NGH-2320)	1997	SNK
kof97k	The King of Fighters '97 (Korean release)	1997	SNK
kof97oro	The King of Fighters '97 Chongchu Jianghu Plus 2003 (bootleg)	1997	bootleg
kof97pls	The King of Fighters '97 Plus (bootleg)	1997	bootleg
kof98	The King of Fighters '98 - The Slugfest / King of Fighters '98 - Dream Match Never Ends (NGM-2420)	1998	SNK
kof98a	The King of Fighters '98 - The Slugfest / King of Fighters '98 - Dream Match Never Ends (NGM-2420, alt board)	1998	SNK
kof98h	The King of Fighters '98 - The Slugfest / King of Fighters '98 - Dream Match Never Ends (NGH-2420)	1998	SNK
kof98k	The King of Fighters '98 - The Slugfest / King of Fighters '98 - Dream Match Never Ends (Korean board, set 1)	1998	SNK
kof98ka	The King of Fighters '98 - The Slugfest / King of Fighters '98 - Dream Match Never Ends (Korean board, set 2)	1998	SNK
kof98umh	The King of Fighters '98: Ultimate Match HERO (China, V100, 09-08-23)	2009	IGS / SNK Playmore / New Channel
kof99	The King of Fighters '99 - Millennium Battle (NGM-2510)	1999	SNK
kof99e	The King of Fighters '99 - Millennium Battle (earlier)	1999	SNK
kof99h	The King of Fighters '99 - Millennium Battle (NGH-2510)	1999	SNK
kof99k	The King of Fighters '99 - Millennium Battle (Korean release)	1999	SNK
kof99ka	The King of Fighters '99 - Millennium Battle (Korean release, non-encrypted program)	1999	SNK
kof99p	The King of Fighters '99 - Millennium Battle (prototype)	1999	SNK
kofnw	The King of Fighters Neowave	2004	Sammy / SNK Playmore
kofnwj	The King of Fighters Neowave (Japan)	2004	Sammy / SNK Playmore
koftball	Zuqiu Wang - King of Football	1995	BMC
kofxi	The King of Fighters XI	2005	Sammy / SNK Playmore
kog	King of Gladiator (bootleg of The King of Fighters '97)	1997	bootleg
koikoi	Koi Koi	1982	Chubukiko / Best Data System
koikoip2	Koi Koi Part 2	1982	Sanritsu / Kiwako
koikois	Koi Koi Shimasho - Super Real Hanafuda	1995	Visco
koikois2	Koi Koi Shimasho 2 - Super Real Hanafuda (Japan)	1997	Visco
koinomp	Mahjong Koi no Magic Potion (Japan)	1992	Nichibutsu
kok	Povar / Sobrat' Buran / Agroprom (Arcade multi-game bootleg of ZX Spectrum 'Cookie', 'Jetpac' & 'Pssst')	19??	bootleg
kokoroj2	Soreike Kokology Vol. 2 - Kokoro no Tanteikyoku	1993	Sega
kollon	Kollon (V2.04JA 2003/11/01 12:00)	2003	CyberFront
kollonc	Kollon (V2.04JC 2003/11/01 12:00)	2003	CyberFront
komemokos	Komemokos (hack of 'Pac-Man (Cirsa, Spanish bootleg)')	199?	hack
komocomo	Komo Como (Topmar, bootleg?)	1995	bootleg
konam80a	Konami 80's AC Special (GC826 VER. AAA)	1998	Konami
konam80j	Konami 80's Gallery (GC826 VER. JAA)	1998	Konami
konam80k	Konami 80's AC Special (GC826 VER. KAA)	1998	Konami
konam80s	Konami 80's AC Special (GC826 VER. EAA)	1998	Konami
konam80u	Konami 80's AC Special (GC826 VER. UAA)	1998	Konami
konami88	Konami '88	1988	Konami
konamigt	Konami GT	1985	Konami
konamigv	Baby Phoenix/GV System	1995	Konami
konamigx	System GX	1994	Konami
konek	Konek-Gorbunok	198?	Terminal
kong	Kong (Donkey Kong conversion on Galaxian hardware)	198?	Taito do Brasil
konotako	Kono e Tako (10021 Ver.A)	2003	Mitchell
kopunch	KO Punch	1981	Sega
korinai	Mahjong-zukino Korinai Menmen (Japan 880425)	1988	Nichibutsu
korinaim	Mahjong-zukino Korinai Menmen (Japan 880920, medal)	1988	Nichibutsu
korokoro	Koro Koro Quest (Japan)	1999	Takumi
koroleva	Snezhnaja Koroleva	198?	Terminal
koropens	Korokoro Pensuke	1997	Konami
korosuke	Korosuke Roller (Japan)	1981	Alpha Denshi Co. / Kural Electric, Ltd.
koshien	Ah Eikou no Koshien (Japan)	1990	Taito
kosmokil	Kosmo Killer	1980?	bootleg (BEM)
kot	Kot-Rybolov (Terminal)	198?	Terminal
kotbinsp	Kkotbinyeo Special (Korea)	1997	Dynax / Shinwhajin
kotbinyo	Kkotbinyeo (Korea)	1997	Dynax / Shinwhajin
kotbinyosu	Speed Up / Kkotbinyeo (Korea)	1997	Dynax / Shinwhajin
kotekita	Kotekitai Slot	2001	Sammy
kothello	Kyuukyoku no Othello	1990	Success
kotm	King of the Monsters (set 1)	1991	SNK
kotm2	King of the Monsters 2 - The Next Thing (NGM-039 ~ NGH-039)	1992	SNK
kotm2a	King of the Monsters 2 - The Next Thing (older)	1992	SNK
kotm2p	King of the Monsters 2 - The Next Thing (prototype)	1992	SNK
kotmh	King of the Monsters (set 2)	1991	SNK
kouyakyu	The Koukou Yakyuu	1985	Alpha Denshi Co.
kov	Knights of Valour / Sanguo Zhan Ji / Sangoku Senki (ver. 117, Hong Kong)	1999	IGS
kov111	Knights of Valour / Sanguo Zhan Ji / Sangoku Senki (ver. 111, Japanese Board)	1999	IGS
kov114	Knights of Valour / Sanguo Zhan Ji / Sangoku Senki (ver. 114, Hong Kong)	1999	IGS
kov115	Knights of Valour / Sanguo Zhan Ji / Sangoku Senki (ver. 115)	1999	IGS
kov2	Knights of Valour 2 / Sanguo Zhan Ji 2 / Sangoku Senki 2 (ver. 107, 102, 100HK)	2000	IGS
kov2100	Knights of Valour 2 / Sanguo Zhan Ji 2 / Sangoku Senki 2 (ver. 100, 100, 100HK)	2000	IGS
kov2101	Knights of Valour 2 / Sanguo Zhan Ji 2 / Sangoku Senki 2 (ver. 101, 101, 100HK)	2000	IGS
kov2102	Knights of Valour 2 / Sanguo Zhan Ji 2 / Sangoku Senki 2 (ver. 102, 101, 100HK)	2000	IGS
kov21022	Knights of Valour 2 / Sanguo Zhan Ji 2 / Sangoku Senki 2 (ver. 102, 102, 100HK)	2000	IGS
kov2103	Knights of Valour 2 / Sanguo Zhan Ji 2 / Sangoku Senki 2 (ver. 103, 101, 100HK)	2000	IGS
kov2104	Knights of Valour 2 / Sanguo Zhan Ji 2 / Sangoku Senki 2 (ver. 104, 102, 100HK)	2000	IGS
kov2106	Knights of Valour 2 / Sanguo Zhan Ji 2 / Sangoku Senki 2 (ver. 106, 102, 100HK)	2000	IGS
kov2nl	Knights of Valour 2 New Legend / Sanguo Zhan Ji 2 Guang Sao Yu Jun (V302, Oversea)	2008	IGS
kov2nl_300	Knights of Valour 2 New Legend / Sanguo Zhan Ji 2 Guang Sao Yu Jun (V300, Oversea)	2008	IGS
kov2nl_300cn	Sanguo Zhan Ji 2 Gaishi Yingxiong (V300, China)	2008	IGS (Huatong license)
kov2nl_301	Knights of Valour 2 New Legend / Sanguo Zhan Ji 2 Guang Sao Yu Jun (V301, Oversea)	2008	IGS
kov2nl_301cn	Sanguo Zhan Ji 2 Gaishi Yingxiong (V301, China)	2008	IGS (Huatong license)
kov2nl_302cn	Sanguo Zhan Ji 2 Gaishi Yingxiong (V302, China)	2008	IGS (Huatong license)
kov2p	Knights of Valour 2 Plus - Nine Dragons / Sanguo Zhan Ji 2 Qunxiong Zhengba / Sanguo Zhan Ji 2 Feilong Zai Tian / Sangoku Senki Busyou Souha (ver. M205XX, 200, 100CN)	2001	IGS
kov2p200	Knights of Valour 2 Plus - Nine Dragons / Sanguo Zhan Ji 2 Qunxiong Zhengba / Sanguo Zhan Ji 2 Feilong Zai Tian / Sangoku Senki Busyou Souha (ver. M200XX, 200, 100CN)	2001	IGS
kov2p202	Knights of Valour 2 Plus - Nine Dragons / Sanguo Zhan Ji 2 Qunxiong Zhengba / Sanguo Zhan Ji 2 Feilong Zai Tian / Sangoku Senki Busyou Souha (ver. M202XX, 200, 100CN)	2001	IGS
kov2p203	Knights of Valour 2 Plus - Nine Dragons / Sanguo Zhan Ji 2 Qunxiong Zhengba / Sanguo Zhan Ji 2 Feilong Zai Tian / Sangoku Senki Busyou Souha (ver. M203XX, 200, 100CN)	2001	IGS
kov2p204	Knights of Valour 2 Plus - Nine Dragons / Sanguo Zhan Ji 2 Qunxiong Zhengba / Sanguo Zhan Ji 2 Feilong Zai Tian / Sangoku Senki Busyou Souha (ver. M204XX, 200, 100CN)	2001	IGS
kov3	Knights of Valour 3 / Sanguo Zhan Ji 3 (V104, China, Hong Kong, Taiwan)	2011	IGS (Huatong license)
kov3_100	Knights of Valour 3 / Sanguo Zhan Ji 3 (V100, China, Hong Kong, Taiwan)	2011	IGS (Huatong license)
kov3_101	Knights of Valour 3 / Sanguo Zhan Ji 3 (V101, China, Hong Kong, Taiwan)	2011	IGS (Huatong license)
kov3_102	Knights of Valour 3 / Sanguo Zhan Ji 3 (V102, China, Hong Kong, Taiwan)	2011	IGS (Huatong license)
kov7sprt	Knights of Valour - The Seven Spirits	2003	IGS / Sammy
kovplus	Knights of Valour Plus / Sanguo Zhan Ji Zhengzong Plus / Sangoku Senki Masamune Plus (ver. 119, set 1)	1999	IGS
kovplusa	Knights of Valour Plus / Sanguo Zhan Ji Zhengzong Plus / Sangoku Senki Masamune Plus (ver. 119, set 2)	1999	IGS
kovqhsgs	Quanhuang Sanguo Tebie Ban (bootleg of Knights of Valour Super Heroes, V303CN, Nov 21 2008 19:03:49)	2008	bootleg (WDF)
kovsgqyz	Sanguo Qunying Zhuan Zhengzong Plus (bootleg of Knights of Valour Plus, set 1)	1999	bootleg
kovsgqyza	Sanguo Qunying Zhuan Zhengzong Plus (bootleg of Knights of Valour Plus, set 2)	1999	bootleg
kovsgqyzb	Sanguo Qunying Zhuan Zhengzong Plus (bootleg of Knights of Valour Plus, set 3)	1999	bootleg
kovsh	Knights of Valour Super Heroes / Sanguo Zhan Ji Fengyun Zaiqi / Sangoku Senki Super Heroes (ver. 104, CN)	1999	IGS
kovsh100	Knights of Valour Super Heroes / Sanguo Zhan Ji Fengyun Zaiqi / Sangoku Senki Super Heroes (ver. 100, CN)	1999	IGS
kovsh101	Knights of Valour Super Heroes / Sanguo Zhan Ji Fengyun Zaiqi / Sangoku Senki Super Heroes (ver. 101, CN)	1999	IGS
kovsh102	Knights of Valour Super Heroes / Sanguo Zhan Ji Fengyun Zaiqi / Sangoku Senki Super Heroes (ver. 102, CN)	1999	IGS
kovsh103	Knights of Valour Super Heroes / Sanguo Zhan Ji Fengyun Zaiqi / Sangoku Senki Super Heroes (ver. 103, CN)	1999	IGS
kovshp	Knights of Valour Super Heroes Plus / Sanguo Zhan Ji Luanshi Xiaoxiong (ver. 101)	2004	IGS
kovshp100	Knights of Valour Super Heroes Plus / Sanguo Zhan Ji Luanshi Xiaoxiong (ver. 100)	2004	IGS
kovshxas	Aoshi Sanguo (bootleg of Knights of Valour Super Heroes Plus, V202CN, Oct 6 2008 09:59:26)	2008	bootleg
kovytzy	Knights of Valour Super Heroes / Sanguo Zhan Ji Fengyun Zaiqi / Sangoku Senki Super Heroes (SANGO EX+) (ver. 201 'Yitong Zhongyuan', China)	1999	IGS
kozure	Kozure Ookami (Japan)	1987	Nichibutsu
kram	Kram (rev 1)	1982	Taito America
krama	Kram	1982	Taito America
krame	Kram (encrypted)	1982	Taito America
krampcb2	Draw Poker HI-LO (bootleg, set 1)	1983	bootleg
krampcb5	Draw Poker HI-LO (bootleg, set 2)	198?	bootleg
kroozr	Kozmik Kroozr	1982	Bally Midway
krull	Krull	1983	Gottlieb
krzybowl	Krazy Bowl	1994	American Sammy
ksayakyu	Kusayakyuu	1985	Taito
ktiger	Kyukyoku Tiger (Japan, 2 player cooperative)	1989	Toaplan / Taito
ktiger2	Kyukyoku Tiger II (Ver 2.1J 1995/11/30)	1995	Takumi / Taito
ktigera	Kyukyoku Tiger (Japan, 2 player alternate)	1987	Toaplan / Taito
kuhga	Kuhga - Operation Code 'Vapor Trail' (Japan revision 3)	1989	Data East Corporation
kungfub	Kung-Fu Master (bootleg set 1)	1984	bootleg
kungfub2	Kung-Fu Master (bootleg set 2)	1984	bootleg
kungfub3s	Kung-Fu Senjyo (bootleg, Spanish)	1984	bootleg
kungfum	Kung-Fu Master (World)	1984	Irem
kungfumd	Kung-Fu Master (US)	1984	Irem (Data East USA license)
kungfut	Kung-Fu Taikun (set 1)	1984	Seibu Kaihatsu
kungfuta	Kung-Fu Taikun (set 2)	1984	Seibu Kaihatsu
kuniokun	Nekketsu Kouha Kunio-kun (Japan)	1986	Technos Japan
kuniokunb	Nekketsu Kouha Kunio-kun (Japan bootleg)	1986	bootleg
kurikint	Kuri Kinton (World)	1988	Taito
kurikinta	Kuri Kinton (World, prototype)	1988	Taito
kurikintj	Kuri Kinton (Japan)	1988	Taito
kurikintu	Kuri Kinton (US)	1988	Taito America
kurikintw	Kuri Kinton (US, World Games license)	1988	Taito (World Games license)
kurucham	Kurukuru Chameleon (Japan) (GDL-0034)	2006	Able
kurufev	Kurukuru Fever	2003	Aruze / Takumi
kurukuru	Kuru Kuru Pyon Pyon (Japan)	1990	Success / Taiyo Jidoki
kuzmich	Kuzmich-Egorych	199?	Nippel
kviper	Konami Viper BIOS	1999	Konami
kyros	Kyros	1987	Alpha Denshi Co. (World Games Inc. license)
kyrosj	Kyros no Yakata (Japan)	1986	Alpha Denshi Co.
kyuhito	Kyukyoku no Hito (Japan 880824)	1988	Roller Tron
kyukaidk	Kyuukai Douchuuki (Japan, new version (Rev B))	1990	Namco
kyukaidko	Kyuukai Douchuuki (Japan, old version)	1990	Namco
kyustrkr	Last Striker / Kyuukyoku no Striker	1989	East Technology
kzaurus	Pittanko Zaurus	1995	Konami
labyrunr	Labyrinth Runner (Japan)	1987	Konami
labyrunrf	Labyrinth Runner (World Ver. F)	1987	Konami
labyrunrk	Labyrinth Runner (World Ver. K)	1987	Konami
lacrazyc	Let's Attack Crazy Cross (GV027 Asia 1.10)	1996	Konami
ladybug	Lady Bug	1981	Universal
ladybugb	Lady Bug (bootleg)	1981	bootleg
ladybugb2	Coccinelle (bootleg of Lady Bug)	1981	bootleg (Model Racing)
ladybugg	Lady Bug (bootleg on Galaxian hardware, unencrypted)	1983	bootleg
ladybugg2	Lady Bug (bootleg on Galaxian hardware, encrypted)	1983	bootleg (TAI / DLI)
ladyfrog	Lady Frog	1990	Mondial Games
ladygolf	Vs. Stroke & Match Golf (Ladies Version, set LG4 ?)	1984	Nintendo
ladygolfe	Vs. Stroke & Match Golf (Ladies Version, set LG4 E)	1984	Nintendo
ladygum	Lady Gum	1995?	Videos A A
ladykill	Lady Killer	1993	Yanyaka (Mitchell license)
ladylinr	Lady Liner (set 1)	198?	TAB Austria
ladylinra	Lady Liner (set 2)	198?	TAB Austria
ladylinrb	Lady Liner (encrypted, set 1)	198?	TAB Austria
ladylinrc	Lady Liner (encrypted, set 2)	198?	TAB Austria
ladylinrd	Lady Liner (encrypted, set 3)	198?	TAB Austria
ladylinre	Lady Liner (encrypted, set 4)	198?	TAB Austria
ladymakr	Lady Maker (Japan)	1991	Nichibutsu
ladymstr	Lady Master of Kung Fu (rev 1)	1985	Kaneko / Taito
ladymstra	Lady Master of Kung Fu	1985	Kaneko / Taito
lagirl	LA Girl	1992	bootleg
lagunar	Laguna Racer	1977	Midway
lamachin	L.A. Machineguns	1998	Sega
landbrk	Land Breaker (World) / Miss Tang Ja Ru Gi (Korea) (pcb ver 3.02)	1999	Eolith
landbrka	Land Breaker (World) / Miss Tang Ja Ru Gi (Korea) (pcb ver 3.03) (AT89c52 protected)	1999	Eolith
landbrkb	Land Breaker (World) / Miss Tang Ja Ru Gi (Korea) (pcb ver 1.0) (AT89c52 protected)	1999	Eolith
landgear	Landing Gear (Ver 4.2 O)	1995	Taito
landgeara	Landing Gear (Ver 3.1 O)	1995	Taito
landgearj	Landing Gear (Ver 4.2 J)	1995	Taito
landgearja	Landing Gear (Ver 3.0 J)	1995	Taito
landmakr	Land Maker (Ver 2.02O 1998/06/02)	1998	Taito
landmakrj	Land Maker (Ver 2.01J 1998/06/01)	1998	Taito
landmakrp	Land Maker (Ver 2.02O 1998/06/02, prototype)	1998	Taito
lans2004	Lansquenet 2004 (bootleg of Shock Troopers - 2nd Squad)	1998	bootleg
laser	Astro Laser (bootleg of Space Laser)	1980	bootleg (Leisure Time Electronics)
laserbas	Laser Base (set 1)	1981	Hoei (Amstar license)
laserbasa	Laser Base (set 2)	1981	Hoei (Amstar license)
laserbat	Laser Battle	1981	Zaccaria
lasso	Lasso	1982	SNK
lasstixx	Laser Strixx 2	1995	CD Express
lastapos	The Last Apostle Puppetshow	1988	Home Data
lastbank	Last Bank (v1.16)	1994	Excellent System
lastbank130j	Last Bank (Japan, v1.30J)	1994	Excellent System
lastblad	The Last Blade / Bakumatsu Roman - Gekka no Kenshi (NGM-2340)	1997	SNK
lastbladh	The Last Blade / Bakumatsu Roman - Gekka no Kenshi (NGH-2340)	1997	SNK
lastbld2	The Last Blade 2 / Bakumatsu Roman - Dai Ni Maku Gekka no Kenshi (NGM-2430 ~ NGH-2430)	1998	SNK
lastbrnx	Last Bronx (Export, Revision A)	1996	Sega
lastbrnxj	Last Bronx: Tokyo Bangaichi (Japan, Revision A)	1996	Sega
lastbrnxu	Last Bronx (USA, Revision A)	1996	Sega
lastday	The Last Day (set 1)	1990	Dooyong
lastdaya	The Last Day (set 2)	1990	Dooyong
lastduel	Last Duel (US New Ver.)	1988	Capcom
lastduelb	Last Duel (bootleg)	1988	bootleg
lastduelj	Last Duel (Japan)	1988	Capcom
lastduelo	Last Duel (US Old Ver.)	1988	Capcom
lastfght	Last Fighting	2000	Subsino
lastfort	Last Fortress - Toride (Japan, VG420 PCB)	1994	Metro
lastforte	Last Fortress - Toride (China, Rev C)	1994	Metro
lastfortea	Last Fortress - Toride (China, Rev A)	1994	Metro
lastfortg	Last Fortress - Toride: Mah-jong (Germany)	1994	Metro
lastfortj	Last Fortress - Toride (Japan, VG460 PCB)	1994	Metro
lastfortk	Last Fortress - Toride (Korea)	1994	Metro (Grand Computer license)
lastfour	Last Four (09:12 16/01/2001)	2001	B.R.L.
lasthope	Last Hope (bootleg AES to MVS conversion, no coin support)	2005	NG:DEV.TEAM
lastkm	Last KM (ver 1.0.0275, checksum 13bff751, prototype)	1995	Gaelco / Zeus
lastkma	Last KM (ver 1.0.0227, checksum 747a7443, prototype)	1995	Gaelco / Zeus
lastmisn	Last Mission (World revision 8)	1986	Data East Corporation
lastmisnj	Last Mission (Japan)	1986	Data East Corporation
lastmisnu5	Last Mission (US revision 5)	1986	Data East USA
lastmisnu6	Last Mission (US revision 6)	1986	Data East USA
lastsold	The Last Soldier (Korean release of The Last Blade)	1997	SNK
laststar	The Last Starfighter (prototype)	1984	Atari Games
lastsurv	Last Survivor (Japan) (FD1094 317-0083)	1989	Sega
lastsurvd	Last Survivor (Japan) (bootleg of FD1094 317-0083 set)	1989	bootleg
lasvegas	Las Vegas, Nevada	198?	hack
lazarian	Lazarian	1981	Zaccaria (Bally Midway license)
lazercmd	Lazer Command	1976	Meadows Games, Inc.
lbeach	Long Beach	1979	Seletron / Olympia
lbgrande	Libero Grande (World, LG2/VER.A)	1997	Namco
lbowling	League Bowling (NGM-019 ~ NGH-019)	1990	SNK
ldrun	Lode Runner (set 1)	1984	Irem (licensed from Broderbund)
ldrun2	Lode Runner II - The Bungeling Strikes Back	1984	Irem (licensed from Broderbund)
ldrun3	Lode Runner III - The Golden Labyrinth	1985	Irem (licensed from Broderbund)
ldrun3j	Lode Runner III - Majin no Fukkatsu (Japan, rev. A)	1985	Irem (licensed from Broderbund)
ldrun3jc	Lode Runner III - Majin no Fukkatsu (Japan, rev. C)	1985	Irem (licensed from Broderbund)
ldrun4	Lode Runner IV - Teikoku Karano Dasshutsu (Japan)	1986	Irem (licensed from Broderbund)
ldruna	Lode Runner (set 2)	1984	Irem (licensed from Broderbund, Digital Controls Inc. license)
le2	Lethal Enforcers II: Gun Fighters (ver EAA)	1994	Konami
le2j	Lethal Enforcers II: The Western (ver JAA)	1994	Konami
le2u	Lethal Enforcers II: Gun Fighters (ver UAA)	1994	Konami
leadang	Lead Angle (Japan)	1988	Seibu Kaihatsu
leader	Leader (version Z 2E, Greece)	1995	bootleg
leadera	Leader (version Z 2F, Greece)	1995	bootleg
leaguemn	Yakyuu Kakutou League-Man (Japan, set 1)	1993	Irem
leaguemna	Yakyuu Kakutou League-Man (Japan, set 2)	1993	Irem
leds2011	Led Storm Rally 2011 (World)	1988	Capcom
leds2011p	Led Storm Rally 2011 (US, prototype 12)	1988	Capcom
leds2011u	Led Storm Rally 2011 (US)	1988	Capcom
ledstorm	Led Storm (US)	1988	Capcom
legend	Legend	1986	Kyugo / Sega
legendb	Legion (bootleg of Legend)	1986	bootleg
legendoh	Legend of Heroes	2000	Limenko
legendos	Legend of Success Joe / Ashita no Joe Densetsu	1991	SNK / Wave
legendsb	Legend (SNES bootleg)	1996	bootleg
legion	Legion - Spinner-87 (World ver 2.03)	1987	Nichibutsu
legionj	Chouji Meikyuu Legion (Japan ver 1.05, set 1)	1987	Nichibutsu
legionj2	Chouji Meikyuu Legion (Japan ver 1.05, set 2)	1987	Nichibutsu
legionjb	Chouji Meikyuu Legion (Japan ver 1.05, bootleg set 1)	1987	bootleg
legionjb2	Chouji Meikyuu Legion (Japan ver 1.05, bootleg set 2)	1987	bootleg
legionna	Legionnaire (World)	1992	TAD Corporation
legionnaj	Legionnaire (Japan)	1992	TAD Corporation
legionnau	Legionnaire (US)	1992	TAD Corporation (Fabtek license)
legofair	Koukuu Kihei Monogatari - The Legend of Air Cavalry (Japan)	1988	SNK
legrandc	Le Grandchamps	198?	Isermatic France S.A.
lemmings	Lemmings (US prototype)	1991	Data East USA
lemnangl	Mahjong Lemon Angel (Japan)	1990	Home Data
lependu	Le Pendu (Bilingue, Version 04)	198?	Avenir Amusement Inc.
leprechn	Leprechaun (set 1)	1982	Pacific Polytechnical Corp.
leprechna	Leprechaun (set 2)	1982	Pacific Polytechnical Corp. (Tong Electronic license)
lespendu	Le Super Pendu (V1, words set #1)	198?	Voyageur de L'Espace Inc.
lespenduj	Le Super Pendu (V1, words set #2)	198?	Voyageur de L'Espace Inc.
lethalen	Lethal Enforcers (ver UAE, 11/19/92 15:04)	1992	Konami
lethaleneaa	Lethal Enforcers (ver EAA, 09/09/92 09:44)	1992	Konami
lethaleneab	Lethal Enforcers (ver EAB, 10/14/92 19:53)	1992	Konami
lethalenead	Lethal Enforcers (ver EAD, 11/11/92 10:52)	1992	Konami
lethaleneae	Lethal Enforcers (ver EAE, 11/19/92 16:24)	1992	Konami
lethalenj	Lethal Enforcers (ver JAD, 12/04/92 17:16)	1992	Konami
lethalenua	Lethal Enforcers (ver UAA, 08/17/92 21:38)	1992	Konami
lethalenub	Lethal Enforcers (ver UAB, 09/01/92 11:12)	1992	Konami
lethalenux	Lethal Enforcers (ver unknown, US, 08/06/92 15:11, hacked/proto?)	1992	Konami
lethalj	Lethal Justice (Version 2.3)	1996	The Game Room
lethalth	Lethal Thunder (World)	1991	Irem
letsdnce	Let's Dance	1999	dgPIX Entertainment Inc.
letsgof	Let's Go Fishing (5XF5196I02, US)	1998	Aristocrat
levers	Levers	1983	Rock-Ola
lghost	Laser Ghost (World) (FD1094 317-0166)	1990	Sega
lghostd	Laser Ghost (World) (bootleg of FD1094 317-0166 set)	1990	bootleg
lghostj	Laser Ghost (Japan) (FD1094 317-0164)	1990	Sega
lghostu	Laser Ghost (US) (FD1094 317-0165)	1990	Sega
lghostud	Laser Ghost (US) (bootleg of FD1094 317-0165 set)	1990	bootleg
lgtnfght	Lightning Fighters (World)	1990	Konami
lgtnfghta	Lightning Fighters (Asia)	1990	Konami
lgtnfghtu	Lightning Fighters (US)	1990	Konami
lhaunt	Lucky Haunter (030707 World)	2003	Igrosoft
lhaunt_10	Lucky Haunter (090712 Entertainment)	2003	Igrosoft
lhaunt_11	Lucky Haunter (100331 Entertainment X)	2003	Igrosoft
lhaunt_12	Lucky Haunter (101209 Entertainment N)	2003	Igrosoft
lhaunt_13	Lucky Haunter (110111 Entertainment A)	2003	Igrosoft
lhaunt_14	Lucky Haunter (110204 Entertainment A)	2003	Igrosoft
lhaunt_15	Lucky Haunter (110311 Entertainment B)	2003	Igrosoft
lhaunt_16	Lucky Haunter (140526 Entertainment B)	2003	Igrosoft
lhaunt_2	Lucky Haunter (030804 World)	2003	Igrosoft
lhaunt_3	Lucky Haunter (031027 World)	2003	Igrosoft
lhaunt_4	Lucky Haunter (031111 World)	2003	Igrosoft
lhaunt_4a	Lucky Haunter (bootleg, 031111, backdoor)	2003	bootleg
lhaunt_5	Lucky Haunter (040216 World)	2003	Igrosoft
lhaunt_5a	Lucky Haunter (bootleg, 040216, backdoor)	2003	bootleg
lhaunt_6	Lucky Haunter (040825 World)	2003	Igrosoft
lhaunt_6a	Lucky Haunter (bootleg, 040825, backdoor)	2003	bootleg
lhaunt_6b	Lucky Haunter (bootleg, 040825, VIDEO GAME-1 PB01)	2003	bootleg
lhaunt_6c	Lucky Haunter (bootleg, 040825, changed version text)	2003	bootleg
lhaunt_6d	Lucky Haunter (bootleg, 040825, LOTTOGAME (I))	2003	bootleg
lhaunt_6e	Lucky Haunter (bootleg, 040825, LOTO PROGRAM V-LH2)	2003	bootleg
lhaunt_6f	Lucky Haunter (bootleg, 040825, LOTOS PB01)	2003	bootleg
lhaunt_7	Lucky Haunter (070402 Russia)	2003	Igrosoft
lhaunt_8	Lucky Haunter (070604 Russia)	2003	Igrosoft
lhb	Long Hu Bang (China, V035C)	1995	IGS
lhb2	Lung Fu Bong II (Hong Kong, V185H)	1996	IGS
lhb2cpgs	Long Hu Bang II: Cuo Pai Gaoshou (China, V127C)	1996	IGS
lhb3	Long Hu Bang III: Cuo Pai Gaoshou (China, V242C)	1996	IGS
lhbv33c	Long Hu Bang (China, V033C)	1995	IGS
lhdmg	Long Hu Da Manguan (V102C3M)	1999	IGS
lhdmgp	Long Hu Da Manguan Duizhan Jiaqiang Ban (V400C3M)	1999	IGS
lhdmgp200c3m	Long Hu Da Manguan Duizhan Jiaqiang Ban (V200C3M)	1999	IGS
lhzb	Long Hu Zhengba (China, VS105M, set 1)	1998	IGS
lhzb2	Long Hu Zhengba 2 (China, set 1)	1998	IGS
lhzb2a	Long Hu Zhengba 2 (China, VS221M)	1998	IGS
lhzb2b	Long Hu Zhengba 2 (China, VS210M)	1998	IGS
lhzb2c	Long Hu Zhengba 2 (China, VS220M)	1998	IGS
lhzb3	Long Hu Zhengba III (V400CN)	1999	IGS
lhzb3106c5m	Long Hu Zhengba III (V106C5M)	1999	IGS
lhzb3sjb	Long Hu Zhengba III Shengji Ban (V300C5)	1999	IGS
lhzb4	Long Hu Zhengba 4 (V104CN)	2004	IGS
lhzb4dhb	Long Hu Zhengba 4 Dui Hua Ban (V203CN)	2004	IGS
lhzba	Long Hu Zhengba (China, VS105M, set 2)	1998	IGS
lianhp2	Lian Huan Pao - ATT II	200?	Bordun
lianhp3	Lian Huan Pao - ATT III	2003	Bordun
liberate	Liberation	1984	Data East Corporation
liberateb	Liberation (bootleg)	1984	bootleg
liberatr	Liberator (version 2)	1982	Atari
liberatrp	Liberator (prototype)	1982	Atari
liblrabl	Libble Rabble	1983	Namco
lifefrce	Lifeforce (US)	1986	Konami
lifefrcej	Lifeforce (Japan)	1987	Konami
lightbr	Light Bringer (Ver 2.2O 1994/04/08)	1993	Taito
lightbrj	Light Bringer (Ver 2.1J 1994/02/18)	1993	Taito
link	Link (Korean bootleg of Atari Tetris)	1988	bootleg
linkypip	Linky Pipe	1998	Eolith
liquidk	Liquid Kids (World)	1990	Taito
liquidku	Liquid Kids (US)	1990	Taito America
lithero	Little Hero	1987	bootleg
littlerb	Little Robin	1994	TCH
livegal	Live Gal (Japan 870530)	1987	Central Denshi
livequiz	Live Quiz Show	1999	Andamiro
lizardhunt	Lizard Hunt (unprotected, checksum 25A83609)	1994	Gaelco
lizwiz	Lizard Wizard	1985	Techstar (Sunn license)
lkage	The Legend of Kage (rev 2)	1984	Taito
lkagea	The Legend of Kage (rev 1)	1984	Taito
lkageb	The Legend of Kage	1984	Taito
lkagebl1	The Legend of Kage (bootleg set 1)	1984	bootleg
lkagebl2	The Legend of Kage (bootleg set 2)	1984	bootleg
lkagebl3	The Legend of Kage (bootleg set 3)	1984	bootleg
lkagebl4	The Legend of Kage (bootleg set 4)	1984	bootleg
lkagem	The Legend of Kage (rev 2, MSM5232 sound)	1984	Taito
ll3	Lucky Line III (ver 2.00, Wang QL-1 v3.03, set 1)	1993	bootleg
ll3a	Lucky Line III (ver 2.00, Wang QL-1 v3.03, set 2, Macedonia)	1993	bootleg
ll3b	Lucky Line III (ver 2.00, Wang QL-1 v3.03, set 3)	1993	bootleg
ll3c	Lucky Line III (ver 2.00, Wang QL-1 v3.03, set 4)	1993	bootleg
ll3d	Lucky Line III (ver 2.00, Wang QL-1 v3.03, set 5)	1993	bootleg
ll3e	Lucky Line III (ver 2.00, Wang QL-1 v3.03, set 6)	1993	bootleg
ll3f	Lucky Line III (ver 2.00, Wang QL-1 v3.03, set 7)	1993	bootleg (LLC)
llander	Lunar Lander (rev 2)	1979	Atari
llander1	Lunar Lander (rev 1)	1979	Atari
lluck3x3	Lucky Lady (3x3 deal)	1991	TAB Austria
lluck4x1	Lucky Lady (4x1 aces)	1991	TAB Austria
lnc	Lock'n'Chase	1981	Data East Corporation
lnumbers	Ultraman Club - Lucky Numbers	1995	Banpresto
lockon	Lock-On (rev. E)	1986	Tatsumi
lockonc	Lock-On (rev. C)	1986	Tatsumi
lockonph	Lock On (Philko)	1991	Philko
locoboot	Loco-Motion (bootleg)	1982	bootleg
locomotn	Loco-Motion	1982	Konami (Centuri license)
loderndf	Lode Runner - The Dig Fight (ver. B)	2000	Psikyo
loderndfa	Lode Runner - The Dig Fight (ver. A)	2000	Psikyo
loffire	Line of Fire / Bakudan Yarou (World) (FD1094 317-0136)	1989	Sega
loffired	Line of Fire / Bakudan Yarou (World) (bootleg of FD1094 317-0136 set)	1989	bootleg
loffirej	Line of Fire / Bakudan Yarou (Japan) (FD1094 317-0134)	1989	Sega
loffirejd	Line of Fire / Bakudan Yarou (Japan) (bootleg of FD1094 317-0134 set)	1989	bootleg
loffireu	Line of Fire / Bakudan Yarou (US) (FD1094 317-0135)	1989	Sega
loffireud	Line of Fire / Bakudan Yarou (US) (bootleg of FD1094 317-0135 set)	1989	bootleg
logger	Logger (Rev.3)	1982	Century Electronics
loggerr2	Logger (Rev.2)	1982	Century Electronics (Enter-Tech, Ltd. license)
logicpr2	Logic Pro 2 (Japan)	1997	Deniam
logicpro	Logic Pro (Japan)	1996	Deniam
loht	Legend of Hero Tonma (World)	1989	Irem
lohtb2	Legend of Hero Tonma (Japan, bootleg with i8751)	1989	bootleg
lohtb3	Legend of Hero Tonma (World, bootleg with i8751)	1997	bootleg
lohtj	Legend of Hero Tonma (Japan)	1989	Irem
lomakai	Legend of Makai (World)	1988	Jaleco
lonestar	Lonestar Roundup (set 1)	1991	bootleg
lonestara	Lonestar Roundup (set 2)	1991	bootleg
looper	Looper	1982	Orca
looping	Looping (Europe)	1982	Video Games GmbH
loopingu	Looping (US, set 1)	1982	Video Games GmbH (Venture Line license)
loopingua	Looping (US, set 2)	1982	Video Games GmbH (Venture Line license)
loopingub	Looping (US, set 3)	1982	Video Games GmbH (Venture Line license)
loopinguc	Looping (US, set 4)	1982	Video Games GmbH (Venture Line license)
lordgun	Lord of Gun (World)	1994	IGS
lordgunu	Lord of Gun (USA)	1994	IGS
lordofk	The Lord of King (Japan)	1989	Jaleco
lordofkb	The Lord of King (bootleg, not protected)	1989	bootleg
lordofkbp	The Lord of King (bootleg, protected)	1989	bootleg
losttomb	Lost Tomb (easy)	1982	Stern Electronics
losttombh	Lost Tomb (hard)	1982	Stern Electronics
losttrea	Lost Treasure (V1.03)	2001	<unknown>
lostwrld	Lost Worlds (Japan)	1988	Capcom
lostwrldo	Lost Worlds (Japan Old Ver.)	1988	Capcom
lotlot	Lot Lot	1985	Irem (licensed from Tokuma Shoten)
lottof2	Lotto Fun 2	1993	HAR Management
lottofun	Lotto Fun	1987	HAR Management
lovehous	Mahjong Love House (Japan 901024)	1990	Nichibutsu
loverboy	Lover Boy	1983	G.T Enterprise Inc
lpadv	Logic Pro Adventure (Japan)	1999	Amuse World
lpierrot	Lucky Pierrot (Japan, v1.1.0B)	199?	Cobra
lrescue	Lunar Rescue	1979	Taito
lrescueabl	Lunar Rescue (Artic bootleg)	1979	bootleg (Artic)
lrescuem	Lunar Rescue (Model Racing bootleg, set 1)	1979	bootleg (Model Racing)
lrescuem2	Lunar Rescue (Model Racing bootleg, set 2)	1979	bootleg (Model Racing)
lresort	Last Resort	1992	SNK
lresortp	Last Resort (prototype)	1992	SNK
lsasquad	Land Sea Air Squad / Riku Kai Kuu Saizensen	1986	Taito
lsrquiz	Laser Quiz Italy	1995	CD Express
lsrquiz2i	Laser Quiz 2 Italy (v1.0)	1995	CD Express
ltcasin2	Little Casino II (v30.0)	1984	Digital Controls Inc.
ltcasin2a	Little Casino II (v18.1)	1984	Digital Controls Inc.
ltcasin2b	Little Casino II (v17.0)	1984	Digital Controls Inc.
ltcasino	Little Casino (set 1)	1982	Digital Controls Inc.
ltcasinoa	Little Casino (set 2)	1982	Digital Controls Inc.
lthyp	Long Teng Hu Yao Duizhan Jiaqiang Ban (S104CN)	1999	IGS
ltswords	Lightning Swords (World)	1991	Irem
luckboom	Lucky Boom	1996	Playmark
luckboomh	Lucky Boom (Hard Times hardware)	1996	Playmark
luckgrln	Lucky Girl (newer Z180-based hardware)	1991	Wing Co., Ltd.
lucky74	Lucky 74 (bootleg, set 1)	1988	Wing Co., Ltd.
lucky74a	Lucky 74 (bootleg, set 3)	1988	Wing Co., Ltd.
lucky7i	Lucky 7 (Impera, V04/91a, set 1)	1991	Impera
lucky7x	Lucky 7 (Impera, V04/91a, set 2)	1991	Impera
lucky8	New Lucky 8 Lines (set 1, W-4)	1989	Wing Co., Ltd.
lucky8a	New Lucky 8 Lines (set 2, W-4)	1989	Wing Co., Ltd.
lucky8b	New Lucky 8 Lines (set 3, W-4, extended gfx)	1989	Wing Co., Ltd.
lucky8c	New Lucky 8 Lines (set 4, W-4)	1989	Wing Co., Ltd.
lucky8d	New Lucky 8 Lines (set 5, W-4, main 40%, d-up 60%)	1989	Wing Co., Ltd.
lucky8e	New Lucky 8 Lines (set 6, W-4, main 40%, d-up 60%)	1989	Wing Co., Ltd.
lucky8f	New Lucky 8 Lines (set 7, W-4, encrypted)	1989	Wing Co., Ltd.
lucky8g	New Lucky 8 Lines (set 8, W-4)	1989	Wing Co., Ltd.
lucky8h	New Lucky 8 Lines Super Turbo (Hack)	1991	<unknown>
lucky8i	New Lucky 8 Lines (set 9, W-4, Eagle, licensed by Wing)	1989	Eagle/Wing
lucky8j	New Lucky 8 Lines Crown Turbo (Hack)	199?	<unknown>
lucky8k	New Lucky 8 Lines (set 10, W-4, encrypted NEC D315-5136)	1989	Wing Co., Ltd.
lucky8l	New Lucky 8 Lines (set 11, W-4)	1989	Wing Co., Ltd.
lucky8m	New Lucky 8 Lines (set 12, W-4, encrypted)	1989	Wing Co., Ltd.
lucky8n	New Lucky 8 Lines (set 13)	1989	Wing Co., Ltd.
lucky8o	New Lucky 8 Lines (set 14, W-4, Yamate)	1988	Yamate
lucky8p	New Lucky 8 Lines (set 15, W-4, Cleco bootleg)	1988	bootleg (Cleco)
lucky8q	New Lucky 8 Lines (set 16, W-4)	1988	Wing Co., Ltd.
lucky8r	New Lucky 8 Lines (set 17, W-4, turbo, protected)	1987	TQ System
lucky8s	New Lucky 8 Lines (set 18, W-4, bingo/fever, protected)	1988	Wing Co., Ltd.
lucky8t	New Lucky 8 Lines (A900 2nd gen, Cross and Bell Bonus)	1997	bootleg (Bigico)
lucky8tet	Tetris + New Lucky 8 Lines (W-4 + W4BET-VID sub board with MCU)	1988	bootleg
lucky8u	New Lucky 8 Lines (set 19, W-4)	1989	Wing Co., Ltd.
lucky8v	New Lucky 8 Lines (set 20, W-4, 58%)	1988	Wing Co., Ltd.
lucky8w	New Lucky 8 Lines (set 21, encrypted bootleg)	1988	bootleg
lucky8y	New Lucky 8 Lines (set 23, W-4)	198?	bootleg
luckybal	Lucky Ball 96 (Ver 4.01)	1999	Sielcon Games
luckybala	Lucky Ball 96 (Ver 3.50 - 627)	1996	Sielcon Games
luckybalb	Lucky Ball 96 (Ver 3.50 - 626)	1996	Sielcon Games
luckybalc	Lucky Ball 96 (Ver 3.50 - 623)	1996	Sielcon Games
luckybald	Lucky Ball 96 (Ver 3.50 - 616)	1996	Sielcon Games
luckybale	Lucky Ball 96 (Ver 3.01)	1996	Sielcon Games
luckybar	Lucky Bar (W-4 with MC68705 MCU)	198?	<unknown>
luckyclrs	Lucky Colors (v1.1i) (Italy)	1999	Nova Desitec
luckycoin	Lucky Coin (Jun 24 2002)	2002	Astro Corp.
luckygrl	Lucky Girl (Wing)	1985	Wing Co., Ltd.
luckypkr	Lucky Poker (bootleg/hack of Major Poker)	1994	bootleg
luckyrlt	Lucky Roulette Plus (6-players, Spanish)	1990	<unknown>
luckys99	Lucky Spin 1999 (Ver. A.1)	1999	Astro Corp.
luckywld	Lucky & Wild	1992	Namco
luckywldj	Lucky & Wild (Japan)	1992	Namco
luctoday	Lucky Today	1980	Sigma
lufykzku	Otakara Itadaki Luffy Kaizoku-Dan! (Japan, v1.02)	2001	Banpresto / Eiichiro Oda / Shueisha - Fuji TV - Toho Animation
lunapark	Luna Park (set 1, dual program)	1998	<unknown>
lunaparkb	Luna Park (set 2, dual program)	1998	<unknown>
lunaparkc	Luna Park (set 3)	1998	<unknown>
lunaprk	Luna Park (ver. 1.2)	1998	ABM Games
lunarba1	Lunar Battle (prototype, earlier)	1982	Atari
lunarbat	Lunar Battle (prototype, later)	1982	Atari
lupin3	Lupin III (set 1)	1980	Taito
lupin3a	Lupin III (set 2)	1980	Taito
lupinsho	Lupin The Third - The Shooting (Rev A) (GDS-0018A)	2001	Sega / Eighting
lupinshoo	Lupin The Third - The Shooting (GDS-0018)	2001	Sega / Eighting
luplup	Lup Lup Puzzle / Zhuan Zhuan Puzzle (version 3.0 / 990128)	1999	Omega System
luplup10	Lup Lup Puzzle / Zhuan Zhuan Puzzle (version 1.05 / 981214)	1999	Omega System (Adko license)
luplup29	Lup Lup Puzzle / Zhuan Zhuan Puzzle (version 2.9 / 990108)	1999	Omega System
luptype	Lupin The Third - The Typing (Rev A) (GDS-0021A)	2002	Sega
lvcards	Lovely Cards	1985	Tehkan
lvcardsa	Lovely Cards (encrypted)	1985	Tehkan
lvgirl94	Las Vegas Girl (Girl '94)	1994	Comad
lvpoker	Lovely Poker	1985	Tehkan
lwings	Legendary Wings (US, rev. C)	1986	Capcom
lwingsa	Legendary Wings (US)	1986	Capcom
lwingsb	Legendary Wings (bootleg)	1986	bootleg
lwingsj	Ares no Tsubasa (Japan, rev. B)	1986	Capcom
lwingsja	Ares no Tsubasa (Japan, rev. A)	1986	Capcom
lwitch	Little Witch (Ver. EN.01.A)	2006	Astro Corp.
lxts3	Toy Story 3 (Lexibook)	2010	Lexibook
m4	M-4	1977	Midway
m660	Mission 660 (US)	1986	Wood Place (Taito America license)
m660b	Mission 660 (bootleg)	1986	bootleg
m660j	Mission 660 (Japan)	1986	Wood Place (Taito license)
m79amb	M-79 Ambush	1977	Ramtek
mace	Mace: The Dark Age (boot ROM 1.0ce, HDD 1.0b)	1996	Atari Games
macea	Mace: The Dark Age (HDD 1.0a)	1997	Atari Games
mach3	M.A.C.H. 3 (set 1)	1983	Mylstar
mach3a	M.A.C.H. 3 (set 2)	1983	Mylstar
mach3b	M.A.C.H. 3 (set 3)	1983	Mylstar
mach9	Mach-9 (bootleg of Vulgus)	1984	bootleg (Itisa)
macha	Monoshiri Quiz Oshaberi Macha (Japan)	1983	Logitec
machbrkr	Mach Breakers (World, MB2)	1995	Namco
machbrkrj	Mach Breakers - Numan Athletics 2 (Japan, MB1)	1995	Namco
machomou	Macho Mouse	1982	Techstar
macross	Super Spacefortress Macross / Chou-Jikuu Yousai Macross	1992	Banpresto
macross2	Super Spacefortress Macross II / Chou-Jikuu Yousai Macross II	1993	Banpresto
macross2g	Super Spacefortress Macross II / Chou-Jikuu Yousai Macross II (Gamest review build)	1993	Banpresto
macross2k	Macross II (Korea)	1993	Banpresto
macrossp	Macross Plus	1996	MOSS / Banpresto
macsbios	Multi Amenity Cassette System BIOS	1995	I'Max
madalien	Mad Alien (set 1)	1980	Data East Corporation
madaliena	Mad Alien (set 2)	1980	Data East Corporation
madalienb	Mad Alien (set 2, alt gfx)	1980	Data East Corporation
madball	Mad Ball (V2.0)	1998	Yun Sung
madballn	Mad Ball (V2.0, with nudity)	1997	Yun Sung
madcrash	Mad Crasher	1984	SNK
madcrush	Mad Crusher (Japan)	1984	SNK
maddonna	Mad Donna (Tuning, set 1)	1995	Promat (Tuning license)
madgear	Mad Gear (US)	1989	Capcom
madgearj	Mad Gear (Japan)	1989	Capcom
madmotor	Mad Motor (prototype, set 1)	1989	Mitchell
madmotora	Mad Motor (prototype, set 2)	1989	Mitchell
madshark	Mad Shark	1993	Allumer
madsharkbl	Mad Shark (bootleg)	1993	bootleg
madzoo	Mad Zoo (version U450C)	1995	Bordun International
mag10	Magic 10 Nevada (bootleg of Pool 10)	1997	bootleg (Magic)
mag_boob	Booby Kids (Magnet System)	1987	EFO SA / Cedar
mag_burn	The Burning Cavern (31/03/87)	1987	EFO SA / Cedar
mag_day	A Day In Space (31/03/87)	1987	EFO SA / Cedar
mag_exzi	Exzisus (EX 1.0, Magnet System)	1987	EFO SA / Cedar
mag_pdak	Paris Dakar (31/03/87, Spanish)	1987	EFO SA / Cedar
mag_time	Time Scanner (TS 2.0, Magnet System)	1987	EFO SA / Cedar
mag_war	War Mission (WM 04/06/87)	1987	EFO SA / Cedar
mag_wara	War Mission (WM 09/04/87)	1987	EFO SA / Cedar
mag_xain	Xain'd Sleena (SC 3.0, Magnet System)	1987	EFO SA / Cedar
magdrop	Magical Drop (Japan, Master Version 1.5, 1995.06.21)	1995	Data East Corporation
magdrop2	Magical Drop II	1996	Data East Corporation
magdrop3	Magical Drop III	1997	Data East Corporation
magdropp	Magical Drop Plus 1 (Japan, Master Version 2.1, 1995.09.12)	1995	Data East Corporation
magerror	Magical Error wo Sagase	1994	Technosoft / Jaleco
magibomb	Magic Bomb (Ver. L3.5S)	2001?	Astro Corp.
magibomb_a30	Magic Bomb (Ver. A3.0)	2001?	Astro Corp.
magibomb_a31	Magic Bomb (Ver. A3.1)	2001?	Astro Corp.
magibomb_a36a	Magic Bomb (Ver. A3.6A)	2001?	Astro Corp.
magibomb_a40a	Magic Bomb (Ver. A4.0A)	2001?	Astro Corp.
magibomb_a40aa	Magic Bomb (Ver. A4.0A, 4/06/01)	2001	Astro Corp.
magibomb_a41a	Magic Bomb (Ver. A4.1A, 5/4/01)	2001	Astro Corp.
magibomb_a42a	Magic Bomb (Ver. A4.2A, 8/09/01)	2001	Astro Corp.
magibomb_a42aa	Magic Bomb (Ver. A4.2A, 7/06/01)	2001	Astro Corp.
magibomb_aa71a	Magic Bomb (Ver. AA.71.A, 30/04/04)	2004	Astro Corp.
magibomb_aa72c	Magic Bomb (Ver. AA.72.C, 25/05/05)	2005	Astro Corp.
magibomb_aa72d	Magic Bomb (Ver. AA.72.D, 14/11/05)	2005	Astro Corp.
magibomb_aa73a	Magic Bomb (Ver. AA.73.A, 17/10/06)	2006	Astro Corp.
magibomb_ab42	Magic Bomb (Ver. AB4.2, 11/10/01)	2001	Astro Corp.
magibomb_ab43a	Magic Bomb (Ver. AB4.3A, 10/30/01S)	2001	Astro Corp.
magibomb_ab43aa	Magic Bomb (Ver. AB4.3A, 11/22/01S)	2001	Astro Corp.
magibomb_ab43ab	Magic Bomb (Ver. AB4.3A, 12/19/01S)	2001	Astro Corp.
magibomb_ab45a	Magic Bomb (Ver. AB4.5A, 07/10/02S)	2002	Astro Corp.
magibomb_ab45aa	Magic Bomb (Ver. AB4.5A, 05/24/02S)	2002	Astro Corp.
magibomb_ab50	Magic Bomb (Ver. AB5.0, 09/26/02)	2003	Astro Corp.
magibomb_ab51	Magic Bomb (Ver. AB5.1, 01/10/03)	2003	Astro Corp.
magibomb_ab53	Magic Bomb (Ver. AB5.3, 20/06/03)	2003	Astro Corp.
magibomb_ab60j	Magic Bomb (Ver. AB6.0J, 26/11/03)	2003	Astro Corp.
magibomb_bb60	Magic Bomb (Ver. BB6.0, 02/24/04)	2004	Astro Corp.
magibomb_br71a	Magic Bomb (Ver. BR71.A, 30/05/14)	2014	Astro Corp.
magibomb_eb40	Magic Bomb (Ver. EB4.0, 05/04/01)	2001	Astro Corp.
magibomb_eb43	Magic Bomb (Ver. EB4.3, 08/22/01)	2001	Astro Corp.
magibomb_l37s	Magic Bomb (Ver. L3.7S)	2001?	Astro Corp.
magibomb_l40s	Magic Bomb (Ver. L4.0S)	2001?	Astro Corp.
magibomb_lb51	Magic Bomb (Ver. LB5.1 12/13/02)	2001?	Astro Corp.
magibomb_nb45	Magic Bomb (Ver. NB4.5, 06/14/02S)	2002	Astro Corp.
magibomb_nb61	Magic Bomb (Ver. NB6.1, 26/04/04)	2004	Astro Corp.
magic10	Magic's 10 (ver. 16.55)	1995	A.W.P. Games
magic102	Magic's 10 2 (ver. 1.1)	1997	ABM Games
magic102a	Magic's 10 2 (ver. BETA3)	1997	ABM Games
magic10a	Magic's 10 (ver. 16.54)	1995	A.W.P. Games
magic10b	Magic's 10 (ver. 16.45)	1995	A.W.P. Games
magic10c	Magic's 10 (ver. 16.15)	1995	A.W.P. Games
magicbal	Magicball Fighting (Korea)	1994	SemiCom
magicbub	Magic Bubble	199?	Yun Sung
magicbuba	Magic Bubble (Adult version, YS1302 PCB, set 1)	199?	Yun Sung
magicbubb	Magic Bubble (Adult version, YS1302 PCB, set 2)	199?	Yun Sung
magicbubc	Magic Bubble (Adult version, YS-0211 PCB)	199?	Yun Sung
magicfly	Magic Fly	198?	P&A Games
magicrd1	Magic Card (v1.10 14.09.94)	1994	Impera
magicrd1c	Magic Card (v1.2 200/93, set 1)	1993	Impera
magicrd2	Magic Card II (Bulgarian)	1996	Impera
magicrd2a	Magic Card II (Nov, Yugoslavian)	1996	Impera
magicrd2b	Magic Card II (green TAB or Impera board)	1996	Impera
magicrd2c	Magic Card II (blue TAB board, encrypted)	1996	Impera
magicstk	Magic Sticks	1995	Playmark
magipur	Magic Purple	1996	Unico
magix	Magix / Rock	1995	Yun Sung
magixb	Magix / Rock (no copyright message)	1995	Yun Sung
magjoker	Magic Joker (v1.25.10.2000)	2000	B.R.L.
maglord	Magician Lord (NGM-005)	1990	Alpha Denshi Co.
maglordh	Magician Lord (NGH-005)	1990	Alpha Denshi Co.
magmax	Mag Max (set 1)	1985	Nichibutsu
magmaxa	Mag Max (set 2)	1985	Nichibutsu
magodds	Magical Odds (set 1)	1992	Pal Company / Micro Manufacturing Inc.
magoddsa	Magical Odds (set 2)	1992	Pal Company / Micro Manufacturing Inc.
magoddsb	Magical Odds (set 3)	1992	Pal Company / Micro Manufacturing Inc.
magslot	Magic Slot (normal 1.0C)	2003	GMS
magspeed	Magical Speed	1994	Allumer
magspot	Magical Spot	1980	Universal
magspot2	Magical Spot II	1980	Universal
magtouch	Magical Touch	1995	Micro Manufacturing
magtruck	Magical Truck Adventure (Export)	1998	Sega
maguila	Up Maguila (bootleg of Donkey Kong Jr.)	1982	bootleg (Aguipa)
magworm	Magic Worm (bootleg of Centipede, set 1)	1980	bootleg (Sidam)
mahjngoh	Mahjong Oh (V2.06J 1999/11/23 08:52:22)	1999	Warashi / Mahjong Kobo / Taito
mahmajn	Tokoro San no MahMahjan (Japan, ROM Based)	1992	Sega
mahmajn2	Tokoro San no MahMahjan 2 (Japan, ROM Based)	1994	Sega
mahoudai	Mahou Daisakusen (Japan)	1993	Raizing (Able license)
mahretsu	Mahjong Kyo Retsuden (NGM-004 ~ NGH-004)	1990	SNK
maiko	Maikobana (Japan 900802)	1990	Nichibutsu
mainevt	The Main Event (4 Players ver. Y)	1988	Konami
mainevt2p	The Main Event (2 Players ver. X)	1988	Konami
mainevto	The Main Event (4 Players ver. F)	1988	Konami
mainline	Mainline Double Joker Poker / Jacks Plus)	198?	Mainline London
mainsnk	Main Event (1984)	1984	SNK
majest12j	Majestic Twelve - The Space Invaders Part IV (Japan)	1990	Taito
majest12u	Majestic Twelve - The Space Invaders Part IV (US, revised code, Rev 1)	1990	Taito America
majest12ua	Majestic Twelve - The Space Invaders Part IV (US, revised code)	1990	Taito America
majest12ub	Majestic Twelve - The Space Invaders Part IV (US, earlier code base)	1990	Taito America
majorpkr	Major Poker (set 1, v2.2)	1994	PAL System
majorpkr20	Major Poker (set 2, v2.0)	1994	PAL System
majorpkra	Major Poker (set 3, Micro Manufacturing intro)	1994	PAL System / Micro Manufacturing
majorpkrb	Major Poker (set 4, Micro Manufacturing intro)	1994	PAL System / Micro Manufacturing
majorpkrc	Major Poker (set 5, Micro Manufacturing intro)	1994	PAL System / Micro Manufacturing
majrjh	Mahjong Raijinhai (Ver. D105)	1996	Dynax
majrjhdx	Mahjong Raijinhai DX (Ver. D105)	1996	Dynax
majs101b	Mahjong Studio 101 (Japan)	1988	Dynax
majtitl2	Major Title 2 (World, set 1, 017 sound CPU)	1992	Irem
majtitl2a	Major Title 2 (World, set 2, 016 sound CPU)	1992	Irem
majtitl2b	Major Title 2 (World, set 3)	1992	Irem
majtitl2j	Major Title 2 (Japan)	1992	Irem
majtitle	Major Title (World)	1990	Irem
majtitlej	Major Title (Japan)	1990	Irem
majuu	Majuu no Ohkoku (Japan)	1987	Konami
majxtal7	Mahjong X-Tal 7 - Crystal Mahjong / Mahjong Diamond 7 (Japan)	1990	Dynax
makaiden	Makai Densetsu (Japan)	1988	Jaleco
makaijan	Makaijan (Japan)	1987	Dynax
makaimur	Makaimura (Japan revision A?)	1985	Capcom
makaimurb	Makaimura (Japan revision B)	1985	Capcom
makaimurbbl	Makaimura (Japan revision B bootleg)	1985	bootleg
makaimurc	Makaimura (Japan revision C)	1985	Capcom
makaimurg	Makaimura (Japan revision G)	1985	Capcom
maketrax	Make Trax (US set 1)	1981	Alpha Denshi Co. / Kural (Williams license)
maketrxb	Make Trax (US set 2)	1981	Alpha Denshi Co. / Kural (Williams license)
makyosen	Makyou Senshi (Japan)	1987	Data East Corporation
maletmad	Mallet Madness (v2.1)	1999	Hanaho Games (Capcom license)
malzak	Malzak	19??	Kitronix
malzak2	Malzak II	19??	Kitronix
mamboagg	Mambo A Go-Go (GQA40 VER. JAB)	2001	Konami
mandinga	Mandinga (Artemi bootleg of Amidar)	1982	bootleg (Artemi)
mandingac	Mandanga (bootleg of Mandinga on Galaxian hardware, set 2)	1982	bootleg (Centromatic)
mandingaeg	Mandinga (Electrogame S.A. bootleg of Amidar)	1982	bootleg (Electrogame S.A.)
mandingag	Mandinga (bootleg of Amidar)	1982	bootleg
mandingarf	Mandanga (bootleg of Mandinga on Galaxian hardware, set 1)	1982	bootleg (Recreativos Franco S.A.)
mandinka	Mandinka (bootleg of Amidar)	1982	bootleg
mangchi	Mang-Chi	2000	Afega
manhatan	Manhattan 24 Bunsyo (Japan)	1986	Konami
maniach	Mania Challenge (set 1)	1986	Technos Japan (Taito America license)
maniach2	Mania Challenge (set 2)	1986	Technos Japan (Taito America license)
maniacsp	Maniac Square (ver 1.0, checksum b602, prototype)	1992	Gaelco
maniacsq	Maniac Square (unprotected, version 1.0, checksum BB73)	1996	Gaelco
maniacsqa	Maniac Square (protected, version 1.0, checksum DEEE)	1996	Gaelco
maniacsqb	Maniac Square (protected, version 1.0, checksum CF2D)	1996	Gaelco
maniacsqc	Maniac Square (unprotected, version 1.0, checksum BEAE)	1996	Gaelco
maniacsqs	Maniac Square (unprotected, version 1.0, checksum 66B1, 960419/1 PCB)	1996	Gaelco
manpukuh	Manpuku Hanten (Japan, main ver. 2.00, video ver. 2.00)	2000	Taito
manxtt	Manx TT Superbike - DX/Twin (Revision D)	1995	Sega
manxttc	Manx TT Superbike - DX/Twin (Revision C)	1995	Sega
manxttdx	Manx TT Superbike - DX	1995	Sega
manybloc	Many Block	1991	Bee-Oh
mappy	Mappy (US)	1983	Namco
mappyj	Mappy (Japan)	1983	Namco
marble	Marble Madness (set 1)	1984	Atari Games
marble2	Marble Madness (set 2)	1984	Atari Games
marble3	Marble Madness (set 3)	1984	Atari Games
marble4	Marble Madness (set 4)	1984	Atari Games
marble5	Marble Madness (set 5 - LSI Cartridge)	1984	Atari Games
marblmd2	Marble Madness II (prototype)	1991	Atari Games
marineb	Marine Boy	1982	Orca
marinedt	Marine Date	1981	Taito
mariner	Mariner	1981	Amenip
mario	Mario Bros. (US, revision E)	1983	Nintendo of America
mariobl	Mario Bros. (bootleg on Ambush Hardware, set 1)	1983	bootleg
mariobla	Mario Bros. (bootleg on Ambush Hardware, set 2)	1983	bootleg
mariof	Mario Bros. (US, revision F)	1983	Nintendo of America
mariog	Mario Bros. (US, revision G)	1983	Nintendo of America
marioj	Mario Bros. (Japan, revision C)	1983	Nintendo
marioja	Mario Bros. (Japan, older)	1983	Nintendo
mariorou	Mario Roulette	1991	Konami
marioun	Super Mario World - Mario Undoukai	1993	Banpresto
markham	Markham	1983	Sun Electronics
mars	Mars	1981	Artic
marsarf	Mars (bootleg)	1984	bootleg (Arfyc)
marstv	Kasei Channel Mars TV (Japan)	1999	Sega
martmast	Martial Masters / Xing Yi Quan (ver. 104, 102, 102US)	2001	IGS
martmast102c	Martial Masters / Xing Yi Quan (ver. 102, 101, 101CN)	2001	IGS
martmast103c	Martial Masters / Xing Yi Quan (ver. 103, 102, 101CN)	2001	IGS
martmast104c	Martial Masters / Xing Yi Quan (ver. 104, 102, 101CN)	2001	IGS
maruchan	Maru-Chan de Goo! (J 971216 V1.000)	1997	Sega / Toyosuisan
marukin	Super Marukin-Ban (Japan 911128)	1990	Yuga
marukina	Super Marukin-Ban (Japan 901017)	1990	Yuga
marukodq	Chibi Maruko-chan: Maruko Deluxe Quiz	1995	Takara
marvins	Marvin's Maze	1983	SNK
marvland	Marvel Land (Japan)	1989	Namco
marvlandup	Marvel Land (US, prototype)	1989	Namco
masao	Masao	1983	bootleg
mastbond	Master Bond (bootleg of Secret Agent)	1989	bootleg
mastboy	Master Boy (Spain, set 1, checksum E49B)	1991	Gaelco
mastboya	Master Boy (Spain, set 2, checksum E5AD)	1991	Gaelco
mastboyb	Master Boy (Spain, set 3, checksum 6070)	1991	Gaelco
mastboyc	Master Boy (Spain, set 4, checksum CC6D)	1991	Gaelco
mastboyd	Master Boy (Spain, set 5, checksum DF11)	1991	Gaelco
mastboyi	Master Boy (Italy, set 1, checksum E7C5)	1991	Gaelco (Playmark license)
mastboyia	Master Boy (Italy, set 2, checksum E7C5)	1991	Gaelco (Playmark license)
mastboyib	Master Boy (Italy, set 3, checksum 6918)	1991	Gaelco (Playmark license)
mastboyic	Master Boy (Italy, set 4, checksum 680C)	1991	Gaelco (Playmark license)
mastboyid	Master Boy (Italy, set 5, checksum E84C)	1991	Gaelco (Playmark license)
mastboyiol	Master Boy Olympic (Italy, set 1, checksum 77A8)	1991	Gaelco (Playmark license)
mastboyitst	Master Boy (Italy, test version)	1991	Gaelco
mastboyiv2	Master Boy Version II (Italy, set 1, checksum 618F)	1992	Gaelco (Playmark license)
mastboyiv2a	Master Boy Version II (Italy, set 2, checksum 629B)	1992	Gaelco (Playmark license)
mastboyo	Master Boy (1987, Z80 hardware, Covielsa, set 1)	1987	Gaelco (Covielsa license)
mastboyoa	Master Boy (1987, Z80 hardware, Covielsa, set 2)	1987	Gaelco (Covielsa license)
mastboyob	Master Boy (1987, Z80 hardware, Ichi-Funtel, set 1)	1987	Gaelco (Ichi-Funtel license)
mastboyoc	Master Boy (1987, Z80 hardware, Ichi-Funtel, set 2)	1987	Gaelco (Ichi-Funtel license)
mastboyod	Master Boy (1987, Z80 hardware)	1987	Gaelco
mastboyol	Master Boy Olympic (Spain, set 1, checksum 7309)	1992	Gaelco
mastboyola	Master Boy Olympic (Spain, set 2, checksum 741B)	1992	Gaelco
mastboyom	Master Boy (1987, Modular System)	1987	Gaelco
mastboyv2	Master Boy Version II (Spain, set 1, checksum 5A0B)	1991	Gaelco
mastboyv2a	Master Boy Version II (Spain, set 2, checksum 5B1D)	1991	Gaelco
masterw	Master of Weapon (World)	1989	Taito
masterwj	Master of Weapon (Japan)	1989	Taito
masterwu	Master of Weapon (US)	1989	Taito America
mastfury	Master's Fury	1996	Unico
mastkin	The Masters of Kin	1988	Du Tech
mastninj	Master Ninja (bootleg of Shadow Warriors / Ninja Gaiden)	1989	bootleg
match98	Match '98 (ver. 1.33)	1998	Amcoe
matchem	Match'em Up (6221-51, U5-1)	1986	Merit
matchemg	Match'em Up (6221-55, U5-1, German)	1986	Merit
matchit	Match It	1989	Tamtex
matchit2	Match It II	1993	Tamtex
matchitb	Match It (bootleg)	1989	bootleg
matmania	Mat Mania	1985	Technos Japan (Taito America license)
matrim	Matrimelee / Shin Gouketsuji Ichizoku Toukon (NGM-2660 ~ NGH-2660)	2003	Noise Factory / Atlus
matrimbl	Matrimelee / Shin Gouketsuji Ichizoku Toukon (bootleg)	2003	bootleg
mausuke	Mausuke no Ojama the World (J 960314 V1.000)	1996	Data East Corporation
maverik	Maverik	198?	<unknown>
mawasunda	Mawasunda!! (V2.08J 2000/02/01 11:02:54)	2000	Taito
maxaflex	Max-A-Flex	1984	Exidy
maxf_102	Maximum Force v1.02	1996	Atari Games
maxf_ng	Maximum Force (No Gore version)	1996	Atari Games
maxforce	Maximum Force v1.05	1996	Atari Games
maxideal	Maxi-Dealer	1983	ACL Manufacturing
maxrpm	Max RPM (ver 2)	1986	Bally Midway
maxspeed	Maximum Speed	2003	SIMS / Sammy
maya	Maya (set 1)	1994	Promat
mayaa	Maya (set 2)	1994	Promat
mayab	Maya (set 3)	1994	Promat
mayac	Maya (set 4, clean)	1994	Promat
mayday	Mayday (set 1)	1980	Hoei
maydaya	Mayday (set 2)	1980	Hoei
maydayb	Mayday (set 3)	1980	Hoei
mayhem	Mayhem 2002	1985	Cinematronics
mayjin3	Mayjinsen 3	2000	Seta / Able Corporation
mayjinsn	Mayjinsen	1994	Seta
mayjisn2	Mayjinsen 2	1994	Seta
mayumi	Kiki-Ippatsu Mayumi-chan	1988	Victory L.L.C.
maze	Amazing Maze	1976	Midway
mazebl	Maze (Trog rev LA4 3/11/91 bootleg)	1990	bootleg
mazeinv	Maze Invaders (prototype)	1981	Atari
mazerbla	Mazer Blazer (set 1)	1983	Stern Electronics
mazerblaa	Mazer Blazer (set 2)	1983	Stern Electronics
mazinger	Mazinger Z (World)	1994	Banpresto / Dynamic Pl. Toei Animation
mazingerj	Mazinger Z (Japan)	1994	Banpresto / Dynamic Pl. Toei Animation
mbaa	Melty Blood Actress Again Version A (Japan, Rev A)	2008	Type-Moon / Ecole
mbaao	Melty Blood Actress Again (Japan)	2008	Type-Moon / Ecole
mbomberj	Muscle Bomber: The Body Explosion (Japan 930713)	1993	Capcom
mbombrd	Muscle Bomber Duo: Ultimate Team Battle (World 931206)	1993	Capcom
mbombrdj	Muscle Bomber Duo: Heat Up Warriors (Japan 931206)	1993	Capcom
mbrush	Magic Brush (bootleg of Crush Roller)	1981	bootleg (Olympia)
mbutrfly	Magical Butterfly (version U350C, protected)	1999	Bordun International
mcatadv	Magical Cat Adventure	1993	Wintechno
mcatadvj	Magical Cat Adventure (Japan)	1993	Wintechno
mchampdx	Multi Champ Deluxe (ver. 0106, 06/01/2000)	2000	ESD
mchampdxa	Multi Champ Deluxe (ver. 1126, 26/11/1999)	1999	ESD
mchampdxb	Multi Champ Deluxe (ver. 1114, 14/11/1999)	1999	ESD
mcheonru	Macheonlu (Korea)	1999	SemiCom / AceVer
mcircus	Merry Circus (Version 1.0.2)	2009	Amcoe
mcitylov	City Love (Japan 860904, medal)	1986	Nichibutsu
mcnpshnt	Mahjong Campus Hunting (Japan)	1990	Dynax
mcolors	Magic Colors (ver. 1.7a)	1999	ABM Games
mcolorsa	Magic Colors (ver. 1.6)	1999	ABM Games
mcontest	Miss Mahjong Contest (Japan)	1989	Nichibutsu
mcwars	Macro-Cosm Wars (bootleg of Galaxian)	1979	bootleg
mdchoice	Dealer's Choice (E4A1)	1983	Merit
mdhorse	Derby Quiz My Dream Horse (Japan, MDH1/VER.A2)	1998	MOSS / Namco
mdrawpkr	Draw Poker - Joker's Wild (Standard)	1984	Meyco Games, Inc.
mdrawpkra	Draw Poker - Joker's Wild (02-11)	1984	Meyco Games, Inc.
mechatt	Mechanized Attack (World)	1989	SNK
mechattj	Mechanized Attack (Japan)	1989	SNK
mechattu	Mechanized Attack (US)	1989	SNK
mechattu1	Mechanized Attack (US, Version 1, Single Player)	1989	SNK
medlanes	Meadows Lanes	1977	Meadows Games, Inc.
megablst	Mega Blast (World)	1989	Taito
megablstj	Mega Blast (Japan)	1989	Taito
megablstu	Mega Blast (US)	1989	Taito America
megacard	Mega Card (Ver.0210, encrypted)	1993	Fun World
megacarda	Mega Card (Ver.0053, encrypted)	1993	Fun World
megadon	Megadon	1982	Epos Corporation (Photar Industries license)
megaforc	Mega Force (World)	1984	Tehkan
megaforcu	Mega Force (US)	1985	Tehkan (Video Ware license)
megaline	Mega Lines (Wing W-7 System)	1991	Fun World
megaman	Mega Man: The Power Battle (CPS1, USA 951006)	1995	Capcom
megaman2	Mega Man 2: The Power Fighters (USA 960708)	1996	Capcom
megaman2a	Mega Man 2: The Power Fighters (Asia 960708)	1996	Capcom
megaman2h	Mega Man 2: The Power Fighters (Hispanic 960712)	1996	Capcom
megamana	Mega Man: The Power Battle (CPS1, Asia 951006)	1995	Capcom
megamn2d	Mega Man 2: The Power Fighters (USA 960708 Phoenix Edition) (bootleg)	1996	bootleg
megaphx	Mega Phoenix	1991	Dinamic / Inder
megaplay	Mega Play BIOS	1993	Sega
megat	Pit Boss Megatouch (9235-00-01 R0A)	1994	Merit
megat2	Pit Boss Megatouch II (9255-10-01 R0G, Standard version)	1994	Merit
megat2a	Pit Boss Megatouch II (9255-10-01 R0E, Standard version)	1994	Merit
megat2b	Pit Boss Megatouch II (9255-10-01 R0D, Standard version)	1994	Merit
megat2ca	Pit Boss Megatouch II (9255-10-06 R0G, California version)	1994	Merit
megat2caa	Pit Boss Megatouch II (9255-10-06 R0E, California version)	1994	Merit
megat2mn	Pit Boss Megatouch II (9255-10-02 R0G, Minnesota version)	1994	Merit
megat3	Megatouch III (9255-20-01 R0N, Standard version)	1996	Merit
megat3a	Megatouch III (9255-20-01 R0K, Standard version)	1995	Merit
megat3b	Megatouch III (9255-20-01 R0F, Standard version)	1995	Merit
megat3c	Megatouch III (9255-20-01 R0B, Standard version)	1995	Merit
megat3ca	Megatouch III (9255-20-06 R0N, California version)	1996	Merit
megat3caa	Megatouch III (9255-20-06 R0D, California version)	1995	Merit
megat3d	Megatouch III (9255-20-01 R0A, Standard version)	1995	Merit
megat3nj	Megatouch III (9255-20-07 R0G, New Jersey version)	1995	Merit
megat3te	Megatouch III Tournament Edition (9255-30-01 R0E, Standard version)	1996	Merit
megat3tg	Megatouch III Turnier Edition (9255-30-50 R0F, Bi-Lingual GER/ENG version)	1996	Merit
megat4	Megatouch IV (9255-40-01 R0E, Standard version)	1996	Merit
megat4a	Megatouch IV (9255-40-01 R0D, Standard version)	1996	Merit
megat4b	Megatouch IV (9255-40-01 R0B, Standard version)	1996	Merit
megat4c	Megatouch IV (9255-40-01 R0A, Standard version)	1996	Merit
megat4d	Megatouch IV (9255-40-01 R0, Standard version)	1996	Merit
megat4s	Super Megatouch IV (9255-41-01 R0G, Standard version)	1996	Merit
megat4sa	Super Megatouch IV (9255-41-01 R0E, Standard version)	1996	Merit
megat4sb	Super Megatouch IV (9255-41-01 R0C, Standard version)	1996	Merit
megat4smn	Super Megatouch IV (9255-41-02 R0C, Minnesota version)	1996	Merit
megat4snj	Super Megatouch IV (9255-41-07 R0G, New Jersey version)	1996	Merit
megat4stg	Super Megatouch IV Turnier Version (9255-51-50 R0A, Bi-Lingual GER/ENG version)	1996	Merit
megat4te	Megatouch IV Tournament Edition (9255-50-01 R0D, Standard version)	1996	Merit
megat4tea	Megatouch IV Tournament Edition (9255-50-01 R0A, Standard version)	1996	Merit
megat5	Megatouch 5 (9255-60-01 R0I, Standard version)	1997	Merit
megat5a	Megatouch 5 (9255-60-01 R0C, Standard version)	1997	Merit
megat5g	Megatouch 5 (9255-60-50 R0G, Bi-Lingual GER/ENG version)	1998	Merit
megat5nj	Megatouch 5 (9255-60-07 R0N, New Jersey version)	1998	Merit
megat5t	Megatouch 5 Tournament Edition (9255-70-01 R0C, Standard version)	1998	Merit
megat5tg	Megatouch 5 Turnier Version (9255-70-50 R0D, Bi-Lingual GER/ENG version)	1998	Merit
megat6	Megatouch 6 (9255-80-01 R0A, Standard version)	1998	Merit
megat7e	Megatouch 7 Encore Edition (9255-90-01 R00, Standard version)	2000	Merit
megata	Pit Boss Megatouch (9234-20-01 R0A)	1994	Merit
megatack	Megatack (set 1)	1980	Centuri (Game Plan license)
megatacka	Megatack (set 2)	1980	Centuri (Game Plan license)
megatech	Mega-Tech	1989	Sega
megazone	Mega Zone (version L)	1983	Konami
megazonea	Mega Zone (unknown version 1)	1983	Konami (Interlogic / Kosuka license)
megazoneb	Mega Zone (unknown version 2)	1983	Konami
megazoneh	Mega Zone (version H)	1983	Konami (Kosuka license)
megazonei	Mega Zone (version I)	1983	Konami
megazonej	Mega Zone (version J)	1983	Konami (Interlogic / Kosuka license)
megrescu	Megumi Rescue	1987	Sega / Exa
meijinsn	Meijinsen (set 1)	1986	SNK
meijinsna	Meijinsen (set 2)	1986	SNK
meikyuh	Meikyuu Hunter G (Japan)	1987	Data East Corporation
meikyuhbl	Meikyuu Hunter G (Japan, bootleg)	1987	bootleg
meltyb	Melty Blood Act Cadenza Version B2 (Japan) (GDL-0039A)	2006	Ecole Software
meltybld	Melty Blood Act Cadenza Ver. A (Japan) (GDL-0028C)	2005	Ecole Software
meltyblo	Melty Blood Act Cadenza (Japan) (GDL-0028)	2005	Ecole Software
meltybo	Melty Blood Act Cadenza Version B (Japan) (GDL-0039)	2006	Ecole Software
meosism	Meosis Magic (Japan)	1996?	Sammy
mercenario	Mercenario (bootleg of Commando)	1985	bootleg
mercs	Mercs (World 900302)	1990	Capcom
mercsj	Senjou no Ookami II (Japan 900302)	1990	Capcom
mercsu	Mercs (USA 900608)	1990	Capcom
mercsur1	Mercs (USA 900302)	1990	Capcom
meritjp	Merit Joker Poker (9131-09)	1988	Merit
merlinmm	Merlin's Money Maze	1986	Zilec-Zenitone
mermaid	Mermaid	1982	Sanritsu / Rock-Ola
metafox	Meta Fox	1989	Jordan I.S. / Seta
metalb	Metal Black (World)	1991	Taito
metalba	Metal Black (World, single PCB)	1991	Taito
metalbj	Metal Black (Japan)	1991	Taito
metamrph	Metamorphic Force (ver EAA)	1993	Konami
metamrpha	Metamorphic Force (ver AAA)	1993	Konami
metamrphe	Metamorphic Force (ver EAA - alternate)	1993	Konami
metamrphj	Metamorphic Force (ver JAA)	1993	Konami
metamrphu	Metamorphic Force (ver UAA)	1993	Konami
meteor	Meteoroids	1981	Venture Line
meteora	Meteor (Alca bootleg of Moon Cresta)	1980?	bootleg (Alca)
meteorbl	Meteor (bootleg of Asteroids)	1979	bootleg
meteorho	Meteor (Hoei bootleg of Asteroids)	1979	bootleg (Hoei)
meteorite	Meteorite (Proel bootleg of Asteroids)	1979	bootleg (Proel)
meteors	Meteors	19??	Amusement World
meteorts	Meteorites (VGG bootleg of Asteroids)	1979	bootleg (VGG)
metlclsh	Metal Clash (Japan)	1985	Data East Corporation
metlfrzr	Metal Freezer (Japan)	1989	Seibu Kaihatsu
metlhawk	Metal Hawk (Rev C)	1988	Namco
metlhawkj	Metal Hawk (Japan, Rev F)	1988	Namco
metlsavr	Metal Saver	1994	First Amusement
metmqstr	Metamoqester (World)	1995	Banpresto / Pandorabox
metrocrs	Metro-Cross (set 1)	1985	Namco
metrocrsa	Metro-Cross (set 2)	1985	Namco
mexico86	Mexico 86 (bootleg of Kick and Run, set 1)	1986	bootleg
mf_achas	Astro Chase (Max-A-Flex)	1982	Exidy / First Star Software
mf_bdash	Boulder Dash (Max-A-Flex)	1984	Exidy / First Star Software
mf_brist	Bristles (Max-A-Flex)	1983	Exidy / First Star Software
mf_flip	Flip & Flop (Max-A-Flex)	1983	Exidy / First Star Software
mfish	Multi Fish (021120)	2002	Igrosoft
mfish_10	Multi Fish (031117)	2002	Igrosoft
mfish_11	Multi Fish (031124)	2002	Igrosoft
mfish_12	Multi Fish (040308)	2002	Igrosoft
mfish_12a	Multi Fish (bootleg, 040308, banking address hack)	2002	bootleg
mfish_13	Multi Fish (040316)	2002	Igrosoft
mfish_2	Multi Fish (021121)	2002	Igrosoft
mfish_3	Multi Fish (021124)	2002	Igrosoft
mfish_3a	Multi Fish (bootleg, 021124, banking address hack)	2002	bootleg
mfish_4	Multi Fish (021219)	2002	Igrosoft
mfish_5	Multi Fish (021227)	2002	Igrosoft
mfish_6	Multi Fish (030124)	2002	Igrosoft
mfish_7	Multi Fish (030511)	2002	Igrosoft
mfish_8	Multi Fish (030522)	2002	Igrosoft
mfish_9	Multi Fish (031026)	2002	Igrosoft
mfjump	Monster Farm Jump (Japan)	2001	Tecmo
mfunclub	Mahjong Fun Club - Idol Saizensen (Japan)	1989	Video System Co.
mgakuen	Mahjong Gakuen	1988	Yuga
mgakuen2	Mahjong Gakuen 2 Gakuen-chou no Fukushuu	1989	Face
mgames	Match Games	1981	Merit
mgcldate	Magical Date / Magical Date - Dokidoki Kokuhaku Daisakusen (Ver 2.02J)	1996	Taito
mgcldtex	Magical Date EX / Magical Date - Sotsugyou Kokuhaku Daisakusen (Ver 2.01J)	1997	Taito
mgcrystl	Magical Crystals (World, 92/01/10)	1991	Kaneko
mgcrystlj	Magical Crystals (Japan, 92/01/13)	1991	Kaneko (Atlus license)
mgcrystlo	Magical Crystals (World, 91/12/10)	1991	Kaneko
mgcs	Manguan Caishen (China, V103CS)	1998	IGS
mgcs3	Manguan Caishen 3 (V101CN)	2007	IGS
mgcsa	Manguan Caishen (China, V106CS)	1998	IGS
mgcsb	Manguan Caishen (China, V110C)	1998	IGS
mgdh	Manguan Daheng (Taiwan, V125T1)	1997	IGS
mgdha	Manguan Daheng (Taiwan, V123T1)	1997	IGS
mgfx	Manguan Fuxing (V104T)	2000	IGS
mgion	Gionbana (Japan 890207, medal)	1989	Nichibutsu
mgmen89	Mahjong G-MEN'89 (Japan 890425)	1989	Nichibutsu
mgnumber	Magic Number	1995	CD Express
mgolf	Mini Golf (Atari, prototype)	1978	Atari
mgprem11	Magic Premium (v1.1)	1996	CD Express
mgzz	Manguan Zhizun (V101CN)	2003	IGS
mgzz100cn	Manguan Zhizun (V100CN)	2003	IGS
mhavoc	Major Havoc (rev 3)	1983	Atari
mhavoc2	Major Havoc (rev 2)	1983	Atari
mhavocp	Major Havoc (prototype)	1983	Atari
mhavocrv	Major Havoc - Return to Vax	2006	hack (JMA)
mhgaiden	Mahjong Hourouki Gaiden (Japan)	1987	Home Data
mhhonban	Mahjong Housoukyoku Honbanchuu (Japan)	1994	Nichibutsu
mia	M.I.A. - Missing in Action (version T)	1989	Konami
mia2	M.I.A. - Missing in Action (version S)	1989	Konami
miade	M.I.A. - Missing in Action (Data East, 12/22/88, US, prototype?)	1988	Data East USA
miaj	M.I.A.: Missing in Action (Japan, version R)	1989	Konami
mickeycmb	The Great Hongyun Shu 1996 (Conny bootleg of Mega Drive version)	1996	bootleg (Conny)
micon2	Micon-Kit Part II	1978	SNK
micrombc	Microman Battle Charge (J 990326 V1.000)	1999	Sega
midnrun	Midnight Run: Road Fighter 2 (EAA, Euro v1.11)	1995	Konami
midnruna	Midnight Run: Road Fighter 2 (AAA, Asia v1.10, older sound program)	1995	Konami
midnruna2	Midnight Run: Road Fighter 2 (AAA, Asia v1.10, newer sound program)	1995	Konami
midnrunj	Midnight Run: Road Fighter 2 (JAD, Japan v1.10)	1995	Konami
midres	Midnight Resistance (World, set 1)	1989	Data East Corporation
midres2	Midnight Resistance (World, set 2)	1989	Data East Corporation
midresb	Midnight Resistance (bootleg with 68705)	1989	bootleg
midresbj	Midnight Resistance (Joystick bootleg)	1989	bootleg
midresj	Midnight Resistance (Japan)	1989	Data East Corporation
midresu	Midnight Resistance (US)	1989	Data East USA
miexchng	Money Puzzle Exchanger / Money Idol Exchanger	1997	Face
mightguy	Mighty Guy	1986	Nichibutsu
mikie	Mikie	1984	Konami
mikiehs	Mikie (High School Graffiti)	1984	Konami
mikiej	Shinnyuu Shain Tooru-kun (Japan)	1984	Konami
mikiek	Shin-ip Sawon - Seok Dol-i (Korea)	1984	bootleg
mil4000	Millennium Nuovo 4000 (Version 2.0)	2000	Sure Milano
mil4000a	Millennium Nuovo 4000 (Version 1.8)	2000	Sure Milano
mil4000b	Millennium Nuovo 4000 (Version 1.5)	2000	Sure Milano
mil4000c	Millennium Nuovo 4000 (Version 1.6)	2000	Sure Milano
millipdd	Millipede Dux (hack)	1989	hack (Two-Bit Score)
milliped	Millipede	1982	Atari
millpac	Millpac (bootleg of Centipede)	1980	bootleg? (Valadon Automation)
mimonkey	Mighty Monkey	1982	Universal Video Games
mimonkeyug	Mighty Monkey (U.Games bootleg)	1983	bootleg (U.Games)
mimonsco	Mighty Monkey (bootleg on Super Cobra hardware)	1982	bootleg
mimonscr	Mighty Monkey (bootleg on Scramble hardware)	1982	bootleg
mimonscra	Mighty Monkey (Kaina Games, bootleg on Scramble hardware)	1982	bootleg (Kaina Games)
minasan	Minasan no Okagesamadesu! Dai Sugoroku Taikai (MOM-001 ~ MOH-001)	1990	Monolith Corp.
minefld	Minefield	1983	Stern Electronics
minefldfe	Minefield (The Logicshop, bootleg)	1983	bootleg (The Logicshop)
mineswpr	Minesweeper	1977	Amutech
mineswpr4	Minesweeper (4-Player)	1977	Amutech
minferno	Inferno (Meadows)	1978	Meadows Games, Inc.
miniboy7	Mini-Boy 7 (set 1)	1983	Bonanza Enterprises, Ltd
miniboy7a	Mini-Boy 7 (set 2)	1983	Bonanza Enterprises, Ltd
minigolf	Mini Golf (set 1)	1985	Bally/Sente
minigolfa	Mini Golf (11/25/85)	1985	Bally/Sente
minigolfb	Mini Golf (10/8/85)	1985	Bally/Sente
minigolfct	Mini Golf (cocktail, 10/18/85)	1985	Bally/Sente
minivadr	Mini Vaders	1990	Taito
mir7hg	Miracle Seven - Heaven's Gate (Japan, v1.0.2)	1996	Excellent System
mir7hgt	Miracle Seven - Heaven's Gate Turbo (Japan, v2.0.0)	1996	Excellent System
mirage	Mirage Youjuu Mahjongden (Japan)	1994	Mitchell
mirax	Mirax (set 1)	1985	Current Technology, Inc.
miraxa	Mirax (set 2)	1985	Current Technology, Inc.
miraxb	Mirax (set 3)	1985	Current Technology, Inc.
mirco21	21 (Mirco)	1976	Mirco Games
mirninja	Mirai Ninja (Japan, set 1)	1988	Namco
mirninjaa	Mirai Ninja (Japan, set 2)	1988	Namco
misdraw	Michigan Super Draw (2131-16, U5-2)	1986	Big Apple Games / Merit
misncrft	Mission Craft (version 2.7)	2000	Sun
misncrfta	Mission Craft (version 2.4)	2000	Sun
missb2	Miss Bubble II	1996	Alpha Co.
missbingo	Miss Bingo (Poker Master HW, dual game)	1993	Fun USA
missbingoc	Miss Bingo (Crazy Bonus DB, dual game)	1993	bootleg
missile	Missile Command (rev 3, A035467-02/04 PCBs)	1980	Atari
missile1	Missile Command (rev 1, A035467-02 PCBs)	1980	Atari
missile1a	Missile Command (rev 1, A035467-01 PCBs)	1980	Atari
missile2	Missile Command (rev 2, A035467-02/04 PCBs)	1980	Atari
missile2a	Missile Command (rev 2, A035467-01/03 PCBs)	1980	Atari
missilea	Missile Command (rev 3, A035467-01/03 PCBs)	1980	Atari
missilebl	Missile Attack (U.Games bootleg of Missile Command)	1981	bootleg (U.Games)
missmw96	Miss Mister World '96 (Nude)	1996	Comad
missw02	Miss World 2002	2002	Comad
missw02d	Miss World 2002 (Daigom license)	2002	Daigom
missw96	Miss World '96 (Nude) (C-3000A PCB, set 1)	1996	Comad
missw96a	Miss World '96 (Nude) (C-3000A PCB, set 2)	1996	Comad
missw96b	Miss World '96 (Nude) (C-3000A PCB, set 3)	1996	Comad
missw96c	Miss World '96 (Nude) (C-3000B PCB)	1996	Comad
miwi2_16	MiWi2 16-in-1 + Drum Master	200?	Macro Winners
miwi2_7	MiWi2 7-in-1 Sports	200?	Macro Winners
mizubaku	Mizubaku Daibouken (Japan)	1990	Taito
mj4simai	Wakakusamonogatari Mahjong Yonshimai (Japan)	1996	Maboroshi Ware
mjanbari	Medal Mahjong Janjan Baribari (Japan)	1992	Nichibutsu / Yubis / AV Japan
mjangels	Mahjong Angels - Comic Theater Vol.2 (Japan)	1991	Dynax
mjapinky	Almond Pinky (Japan)	1988	Dynax
mjcamera	Mahjong Camera Kozou (Japan 881109, newer hardware)	1989	Miki Syouji
mjcameram	Mahjong Camera Kozou (Japan 890509, medal)	1989	Miki Syouji
mjcamerao	Mahjong Camera Kozou (Japan 881109, older hardware)	1988	Miki Syouji
mjchuuka	Maque Zhonghua Ernu (Taiwan)	1998	Dynax
mjclinic	Mahjong Clinic (Japan, set 1)	1988	Home Data
mjclinica	Mahjong Clinic (Japan, set 2)	1988	Home Data
mjclub	Mahjong Club (Japan)	1986?	Xex
mjcomv1	Mahjong Comic Gekijou Vol.1 (Japan)	1991	Dynax
mjdchuka	Maque Da Zhonghua Quan (Taiwan, D111)	1995	Dynax
mjdejav2	Mahjong Shinkirou Deja Vu 2 (Japan)	1989	Dynax
mjdejavu	Mahjong Shinkirou Deja Vu (Japan)	1989	Dynax
mjderngr	Mahjong Derringer (Japan)	1989	Dynax
mjdialq2	Mahjong Dial Q2 (Japan set 1)	1991	Dynax
mjdialq2a	Mahjong Dial Q2 (Japan set 2)	1991	Dynax
mjdiplob	Mahjong Diplomat (Japan, V2)	1987	Dynax
mjdiploba	Mahjong Diplomat (Japan)	1987	Dynax
mjegolf	Mahjong Erotica Golf (Japan)	1994	Fujic / AV Japan
mjelct3	Mahjong Electron Base (parts 2 & 3, Japan set 1)	1990	Dynax
mjelct3a	Mahjong Electron Base (parts 2 & 3, Japan set 2)	1990	Dynax
mjelct3b	Mahjong Electron Base (parts 2 & 3, Japan set 3)	1990	Dynax
mjelctrb	Mahjong Electron Base (parts 2 & 4, Japan bootleg)	1993	bootleg
mjelctrn	Mahjong Electron Base (parts 2 & 4, Japan)	1993	Dynax
mjembase	Mahjong Electromagnetic Base (Japan)	1989	Dynax
mjflove	Mahjong Fantasic Love (Japan)	1996	Nakanihon
mjfocus	Mahjong Focus (Japan 890313)	1989	Nichibutsu
mjfocusm	Mahjong Focus (Japan 890510, medal)	1989	Nichibutsu
mjfriday	Mahjong Friday (Japan)	1989	Dynax
mjgaiden	Mahjong Gaiden (Japan 870803)	1987	Central Denshi
mjgnight	Mahjong Gorgeous Night (Japan, TSM003-01)	2000	Techno-Top
mjgottsu	Mahjong Gottsu ee-kanji (Japan)	1991	Nichibutsu
mjgottub	Medal Mahjong Gottsu ee-kanji (Japan)	1991	Nichibutsu
mjgtaste	Mahjong G-Taste	2002	Psikyo
mjhokite	Mahjong Hourouki Okite (Japan)	1988	Home Data
mjifb	Mahjong If...?	1990	Dynax
mjifb2	Mahjong If...? (2921)	1990	Dynax
mjifb3	Mahjong If...? (2931)	1990	Dynax
mjikaga	Mahjong Ikaga Desu ka (Japan)	1991?	Mitchell
mjjoship	Mahjong Joshi Pro-wres -Give up 5 byou mae- (Japan)	1988	Home Data
mjkinjas	Mahjong Kinjirareta Asobi (Japan)	1991	Home Data
mjkjidai	Mahjong Kyou Jidai (Japan)	1986	Sanritsu
mjkoiura	Mahjong Koi Uranai (Japan set 1)	1992	Nichibutsu
mjkojink	Mahjong Kojinkyouju (Private Teacher) (Japan)	1989	Home Data
mjkokryu	Mahjong Kokuryu (Japan, T040-RB-03)	2008	Techno-Top
mjlaman	Mahjong La Man (Japan)	1993	Nichibutsu / AV Japan
mjleague	Major League	1985	Sega
mjlstory	Mahjong Jikken Love Story (Japan)	1991	Nichibutsu
mjmaglmp	Mahou no Lamp (v. JAA02)	2000	BMC
mjmyorn2	Mahjong The Mysterious Orient Part 2 ~ Exotic Dream ~ (Japan, v1.00)	1993	Dynax
mjmyornt	Mahjong The Mysterious Orient (Japan, v1.00)	1992	Dynax
mjmyorntr	Mahjong The Mysterious Orient Returns (Japan, v1.00)	1997	Dynax
mjmyster	Mahjong The Mysterious World (Japan, set 1)	1994	Dynax
mjmysterr	Mahjong The Mysterious World Returns (Japan)	1997	Dynax
mjmyuniv	Mahjong The Mysterious Universe (Japan, D85)	1994	Dynax
mjmyunivh	Maa Zoek Lung Hing Fu Dai (Hong Kong, D106T)	1995	Dynax
mjmywrld	Mahjong The Mysterious World (Japan, set 2)	1994	Dynax
mjmywrldt	Maque Caihui Ying (Taiwan, ver 2.20)	1996	Dynax
mjnanpaa	Mahjong Nanpa Story (Japan 890712)	1989	Brooks
mjnanpas	Mahjong Nanpa Story (Japan 890713)	1989	Brooks
mjnanpau	Mahjong Nanpa Story (Ura) (Japan 890805)	1989	Brooks
mjnatsu	Mahjong Natsu Monogatari (Japan)	1989	Video System Co.
mjnigiri	Mahjong Nigiri Itcho!! (Japan, T038-PB-002)	2007	Techno-Top
mjnquest	Mahjong Quest (Japan)	1990	Taito
mjnquestb	Mahjong Quest (Japan, no nudity)	1990	Taito
mjprivat	Mahjong Private (Japan)	1991	Matoba
mjreach	Mahjong Reach (Ver. 1.00, set 1)	1994	Dynax
mjreach1	Mahjong Reach Ippatsu (Japan, NM526-NSI)	1998	Nihon System
mjreach1a	Mahjong Reach Ippatsu (Japan, NM526-01)	1998	Nihon System
mjreacha	Mahjong Reach (Ver. 1.00, set 2)	1994	Dynax
mjreachbl	Mahjong Reach (Ver. 1.00, bootleg)	1994	bootleg
mjreachp2	Mahjong Reach Part II (Ver. D88)	1994	Dynax
mjschuka	Mahjong Super Dai Chuuka Ken (Japan, D115)	1995	Dynax
mjsenka	Mahjong Senka (Japan)	1986	Visco
mjsenpu	Mahjong Senpu (Japan)	2002	Oriental Soft
mjsikakb	Mahjong Shikaku (Japan 880722)	1988	Nichibutsu
mjsikakc	Mahjong Shikaku (Japan 880806)	1988	Nichibutsu
mjsikakd	Mahjong Shikaku (Japan 880802)	1988	Nichibutsu
mjsikaku	Mahjong Shikaku (Japan 880908)	1988	Nichibutsu
mjsister	Mahjong Sisters (Japan)	1986	Toaplan
mjsiyoub	Mahjong Shiyou (Japan)	1986	Visco
mjswacad	Mahjong Sweet Academy (Japan, TSM010-002)	2000	Techno-Top
mjswacads	Mahjong Sweet Academy Special (Japan, P010B-Y05)	2002	Techno-Top / Long Stone
mjtenho	Mahjong Tenho (Japan, P016B-000)	2002	Techno-Top
mjtensin	Mahjong Tensinhai (Japan, set 1)	1995	Dynax
mjtensina	Mahjong Tensinhai (Japan, set 2)	1995	Dynax
mjuraden	Mahjong Uranai Densetsu (Japan)	1992	Nichibutsu / Yubis
mjvegas	Mahjong Vegas (Japan, set 1)	1991	Dynax
mjvegasa	Mahjong Vegas (Japan, unprotected)	1991	Dynax
mjvegasb	Mahjong Vegas (Japan, set 2)	1991	Dynax
mjvegasc	Mahjong Vegas (Japan, set 3)	1991	Dynax
mjxysl	Majiang Xingyun Shenlong (China, D121)	1996	Dynax
mjyarou	Mahjong Yarou (Japan, set 1)	1986	Visco / Video System
mjyarou2	Mahjong Yarou (Japan, set 2)	1986	Visco / Video System
mjyougo	Mahjong-yougo no Kisotairyoku (Japan)	1989	Home Data
mjyuugi	Mahjong Yuugi (Japan set 1)	1990	Visco
mjyuugia	Mahjong Yuugi (Japan set 2)	1990	Visco
mjzb	Majiang Zhengba (V103CN)	2003	IGS
mjzoomin	Mahjong Channel Zoom In (Japan)	1990	Jaleco
mk	Mortal Kombat (rev 5.0 T-Unit 03/19/93)	1992	Midway
mk2	Mortal Kombat II (rev L3.1)	1993	Midway
mk2chal	Mortal Kombat II Challenger (hack)	1993	hack
mk2r11	Mortal Kombat II (rev L1.1)	1993	Midway
mk2r14	Mortal Kombat II (rev L1.4)	1993	Midway
mk2r20	Mortal Kombat II (rev L2.0)	1993	Midway
mk2r21	Mortal Kombat II (rev L2.1)	1993	Midway
mk2r30	Mortal Kombat II (rev L3.0)	1993	Midway
mk2r31e	Mortal Kombat II (rev L3.1, European)	1993	Midway
mk2r32e	Mortal Kombat II (rev L3.2, European)	1993	Midway
mk2r42	Mortal Kombat II (rev L4.2, hack)	1993	hack
mk2r91	Mortal Kombat II (rev L9.1, hack)	1993	hack
mk3	Mortal Kombat 3 (rev 2.1)	1994	Midway
mk3mdb	Mortal Kombat 3 (scrambled bootleg of Mega Drive version)	1996	bootleg / Midway
mk3p40	Mortal Kombat 3 (rev 1 chip label p4.0)	1994	Midway
mk3r10	Mortal Kombat 3 (rev 1.0)	1994	Midway
mk3r20	Mortal Kombat 3 (rev 2.0)	1994	Midway
mk3snes	Mortal Kombat 3 (SNES bootleg with timer)	199?	bootleg
mk4	Mortal Kombat 4 (version 3.0)	1997	Midway
mk4a	Mortal Kombat 4 (version 2.1)	1997	Midway
mk4b	Mortal Kombat 4 (version 1.0)	1997	Midway
mkeibaou	Mahjong Keibaou (Japan)	1993	Nichibutsu
mkla1	Mortal Kombat (rev 1.0 08/09/92)	1992	Midway
mkla2	Mortal Kombat (rev 2.0 08/18/92)	1992	Midway
mkla3	Mortal Kombat (rev 3.0 08/31/92)	1992	Midway
mkla3bl	Mortal Kombat (Victor bootleg of rev 3.0 08/31/92)	1992	bootleg (Victor)
mkla4	Mortal Kombat (rev 4.0 09/28/92)	1992	Midway
mknifty	Mortal Kombat (Nifty Kombo, hack)	1992	hack
mknifty666	Mortal Kombat (Nifty Kombo 666, hack)	1992	hack
mkoiuraa	Mahjong Koi Uranai (Japan set 2)	1992	Nichibutsu
mkprot4	Mortal Kombat (prototype, rev 4.0 07/14/92)	1992	Midway
mkprot8	Mortal Kombat (prototype, rev 8.0 07/21/92)	1992	Midway
mkprot9	Mortal Kombat (prototype, rev 9.0 07/28/92)	1992	Midway
mkr4	Mortal Kombat (rev 4.0 T-Unit 02/11/93)	1992	Midway
mkrep	Mortal Kombat (Reptile Man hack)	1992	hack
mktturbo	Mortal Kombat (Turbo Ninja T-Unit 03/19/93, hack)	1992	hack
mkyawdim	Mortal Kombat (Yawdim bootleg, set 1)	1992	bootleg (Yawdim)
mkyawdim2	Mortal Kombat (Yawdim bootleg, set 2)	1992	bootleg (Yawdim)
mkyawdim3	Mortal Kombat (Yawdim bootleg, set 3)	1992	bootleg (Yawdim)
mkyawdim4	Mortal Kombat (Yawdim bootleg, set 4)	1992	bootleg (Yawdim)
mkyturbo	Mortal Kombat (Turbo 3.1 09/09/93, hack)	1992	hack
mkyturboe	Mortal Kombat (Turbo 3.0 08/31/92, hack)	1992	hack
mladyhtr	Mahjong The Lady Hunter (Japan 900509)	1990	Nichibutsu
mlander	Moon Lander (bootleg of Lunar Rescue, set 1)	1980	bootleg (Leisure Time Electronics)
mlandera	Moon Lander (bootleg of Lunar Rescue, set 2)	1980	bootleg (Leisure Time Electronics)
mlanding	Midnight Landing (Germany)	1987	Taito America
mlandingj	Midnight Landing (Japan, rev 3)	1987	Taito
mltiwars	Multi Wars (bootleg of UniWar S)	1980	bootleg (Gayton Games)
mmagic	Monkey Magic	1979	Nintendo
mmaiko	Maikobana (Japan 900911, medal)	1990	Nichibutsu
mmancp2u	Mega Man: The Power Battle (CPS2, USA 951006, SAMPLE Version)	1995	Capcom
mmancp2ur1	Mega Man: The Power Battle (CPS2, USA 950926, SAMPLE Version)	1995	Capcom
mmancp2ur2	Mega Man: The Power Battle (CPS2, USA 950925, SAMPLE Version)	1995	Capcom
mmatrix	Mars Matrix: Hyper Solid Shooting (USA 000412)	2000	Takumi (Capcom license)
mmatrixa	Mars Matrix: Hyper Solid Shooting (Asia 000412)	2000	Takumi (Capcom license)
mmatrixd	Mars Matrix: Hyper Solid Shooting (USA 000412 Phoenix Edition) (bootleg)	2000	bootleg
mmatrixj	Mars Matrix: Hyper Solid Shooting (Japan 000412)	2000	Takumi (Capcom license)
mmaulers	Monster Maulers (ver EAA)	1993	Konami
mmaulersu	Monster Maulers (ver UAA)	1993	Konami
mmaze	Marchen Maze (Japan)	1988	Namco
mmaze2	Marchen Maze (Japan, hack?)	1988	Namco
mmehyou	Medal Mahjong Circuit no Mehyou (Japan)	1992	Nichibutsu / Kawakusu
mmonkey	Minky Monkey	1982	Technos Japan / Roller Tron
mmonkeyj	Minky Monkey (Japan)	1982	Technos Japan / Roller Tron
mmpanic	Monkey Mole Panic (USA)	1992	Nakanihon / East Technology (Taito license)
mmpork	Muchi Muchi Pork! (Japan, 2007/ 4/17 MASTER VER.)	2007	Cave (AMI license)
mmsikaku	Mahjong Shikaku (Japan 880929, medal)	1988	Nichibutsu
mnchmobl	Munch Mobile (US)	1983	SNK (Centuri license)
mnight	Mutant Night	1987	UPL
mnightj	Mutant Night (Japan)	1987	UPL (Kawakus license)
mnrockman	Medal Network: Rockman EXE	2002	Banpresto / Capcom / Shogakukan / ShoPro / TV Tokyo
moegonta	Moeyo Gonta!! (Japan)	1993	Yanyaka
moeru	Moeru Casinyo (Japan) (GDL-0013)	2002	Altron
mofflott	Maze of Flott (Japan)	1989	Taito
moguchan	Mogu Chan (bootleg?)	1982	Orca (Eastern Commerce Inc. license)
mogura	Mogura Desse (Japan)	1991	Konami
mok	The Maze of the Kings (GDS-0022)	2002	Sega
mole	Mole Attack	1982	Yachiyo Electronics
momoko	Momoko 120% (Japanese text)	1986	Jaleco
momokob	Momoko 120% (bootleg)	1986	bootleg
momokoe	Momoko 120% (English text)	1986	Jaleco
moneymac	Money Machine (Version 1.7E Dual)	2005	Amcoe
moneymacd1	Money Machine (Version 1.7R)	2005	Amcoe
moneymacd2	Money Machine (Version 1.7LT)	2005	Amcoe
moneymaco	Money Machine (Version 1.3R)	2005	Amcoe
moneymacv1	Money Machine (Version 1.7R Dual)	2005	Amcoe
moneymacv2	Money Machine (Version 1.7LT Dual)	2005	Amcoe
mongolnw	Mongolfier New (Italian)	199?	<unknown>
monkelf	Monky Elf (Korean bootleg of Avenging Spirit)	1990	bootleg
monkeyba	Monkey Ball (GDS-0008)	2001	Sega
monkeyd	Monkey Donkey	1981	bootleg
monkeyl	Monkey Land (Ver. AA.21.A)	2005	Astro Corp.
monkeyl_a11	Monkey Land (Ver. A1.1)	2003	Astro Corp.
monkeyl_a12	Monkey Land (Ver. A1.2)	2003	Astro Corp.
monkeyl_aa13b	Monkey Land (Ver. AA.13.B)	2004	Astro Corp.
monkeyl_aa20a	Monkey Land (Ver. AA.20.A)	2004	Astro Corp.
monkeyl_aa21b	Monkey Land (Ver. AA.21.B)	2005	Astro Corp.
monkeyl_aa21c	Monkey Land (Ver. AA.21.C)	2007	Astro Corp.
monkeyl_en20b	Monkey Land (Ver. EN.20.B)	2013	Astro Corp.
monkichi	Monkichicchi no Fuwafuwa Puzzle (Japan, prototype?)	1995	Sunwise
monoplcl	Monopoly Classic (JPM) (Version 5) (SYSTEM5 VIDEO)	1995	JPM
monoplcld	Monopoly Classic (JPM) (Version 5, Protocol) (SYSTEM5 VIDEO)	1995	JPM
monopldx	Monopoly Deluxe (JPM) (Version 6) (SYSTEM5 VIDEO)	1995	JPM
monopldxd	Monopoly Deluxe (JPM) (Version 6, Protocol) (SYSTEM5 VIDEO)	1995	JPM
monopoly	Monopoly (JPM) (Version 4H) (SYSTEM5 VIDEO)	1994	JPM
monopoly3	Monopoly (JPM) (Version 3) (SYSTEM5 VIDEO)	1994	JPM
monopoly4	Monopoly (JPM) (Version 4) (SYSTEM5 VIDEO)	1994	JPM
monopolyd	Monopoly (JPM) (Version 4H, Protocol) (SYSTEM5 VIDEO)	1994	JPM
monsterb	Monster Bash	1982	Sega
monsterb2	Monster Bash (2 board version)	1982	Sega
monsterz	Monster Zero (set 1)	1982	Nihon Game
monsterza	Monster Zero (set 2)	1982	Nihon Game
montecar	Monte Carlo	1979	Atari
monymony	Money Money (set 1)	1983	Zaccaria
monymony2	Money Money (set 2)	1983	Zaccaria
monymony3	Money Money (set 3)	1983	Zaccaria
monzagp	Monza GP (set 1)	1981	Olympia
monzagpa	Monza GP (set 2)	1981	Olympia
moomesa	Wild West C.O.W.-Boys of Moo Mesa (ver EAB)	1992	Konami
moomesaaab	Wild West C.O.W.-Boys of Moo Mesa (ver AAB)	1992	Konami
moomesauab	Wild West C.O.W.-Boys of Moo Mesa (ver UAB)	1992	Konami
moomesauac	Wild West C.O.W.-Boys of Moo Mesa (ver UAC)	1992	Konami
moonal2	Moon Alien Part 2	1980	Namco / Nichibutsu
moonal2b	Moon Alien Part 2 (older version)	1980	Namco / Nichibutsu
moonaln	Moon Alien	1979	Namco / Nichibutsu (Karateco license?)
moonbase	Moon Base Zeta (set 1)	1979	Taito / Nichibutsu
moonbasea	Moon Base Zeta (set 2)	1979	Taito / Nichibutsu
mooncmw	Moon War (bootleg of Moon Cresta)	198?	bootleg
mooncptc	Moon Cresta (Petaco S.A. Spanish bootleg)	1980?	bootleg (Petaco S.A.)
mooncrecm	Moon Cresta (Centromatic Spanish bootleg)	1980	bootleg (Centromatic)
mooncreg	Moon Cresta (Electrogame S.A. Spanish bootleg, set 1)	1980	bootleg (Electrogame S.A.)
mooncreg2	Moon Cresta (Electrogame S.A. Spanish bootleg, set 2)	1980	bootleg (Electrogame S.A.)
mooncrgx	Moon Cresta (bootleg on Galaxian hardware)	1980	bootleg
mooncrs2	Moon Cresta (bootleg set 2)	1980	bootleg
mooncrs3	Moon Cresta (bootleg set 3)	1980	bootleg (Jeutel)
mooncrs4	Moon Crest (bootleg of Moon Cresta)	1980	bootleg (SG-Florence)
mooncrs5	Moon Cresta (bootleg set 4)	1980	bootleg
mooncrsb	Moon Cresta (bootleg set 1)	1980	bootleg
mooncrsl	Cresta Mundo (Spanish bootleg of Moon Cresta)	1980	bootleg (Laguna S.A.)
mooncrst	Moon Cresta (Nichibutsu)	1980	Nichibutsu
mooncrstg	Moon Cresta (Gremlin)	1980	Nichibutsu (Gremlin license)
mooncrsto	Moon Cresta (Nichibutsu, old rev)	1980	Nichibutsu
mooncrsts	Moon Cresta (SNK)	1980	Nichibutsu (SNK license)
mooncrstso	Moon Cresta (SegaSA / Sonic)	1980	bootleg (Sonic)
mooncrstu	Moon Cresta (Nichibutsu USA, encrypted)	1980	Nichibutsu USA
mooncrstuk	Moon Cresta (Nichibutsu UK)	1980	Nichibutsu UK
mooncrstuku	Moon Cresta (Nichibutsu UK, unencrypted)	1980	Nichibutsu UK
mooncrstuu	Moon Cresta (Nichibutsu USA, unencrypted)	1980	Nichibutsu USA
moonlght	Moon Light (v.0629, low program)	199?	bootleg
moonlghta	Moon Light (v.0629, high program)	199?	bootleg
moonlghtb	Moon Light (v.02L0A, low program)	199?	bootleg
moonlghtc	Moon Light (v.02L0A, high program, alt gfx)	199?	bootleg
moonqsr	Moon Quasar	1980	Nichibutsu
moonwar	Moonwar	1981	Stern Electronics
moonwara	Moonwar (older)	1981	Stern Electronics
moonwarp	Moon War (prototype on Frenzy hardware)	1981	Stern Electronics
moremore	Puzzle Express More More (Korea)	1999	SemiCom / Exit
moremorp	Puzzle Express More More Plus	1999	SemiCom / Exit
mortalr	Mortal Race	1995	New Dream Games
mosaic	Mosaic	1990	Space
mosaica	Mosaic (Fuuki)	1990	Space (Fuuki license)
mosaicf2	Mosaic (F2 System)	1999	F2 System
mosdraw	Montana Super Draw (4436-05, U5-0)	1990	Merit
moshougi	Shougi no Tatsujin - Master of Shougi	1995	ADK / SNK
motofren	Moto Frenzy	1992	Atari Games
motofrenft	Moto Frenzy (Field Test Version, Jul 17, 1992)	1992	Atari Games
motofrenfta	Moto Frenzy (Field Test Version, Jul 22, 1992)	1992	Atari Games
motofrenmd	Moto Frenzy (Mini Deluxe)	1992	Atari Games
motofrenmf	Moto Frenzy (Mini Deluxe Field Test Version)	1992	Atari Games
motorace	MotoRace USA	1983	Irem (Williams license)
motoraid	Motor Raid - Twin	1997	Sega
motoraiddx	Motor Raid - Twin/DX	1997	Sega
motos	Motos	1985	Namco
mototour	MotoTour / Zippy Race (Tecfri license)	1983	Irem (Tecfri license)
mouja	Mouja (Japan)	1996	Etona
mouncrst	Moune Creste (Jeutel French bootleg of Moon Cresta)	1980?	bootleg (Jeutel)
mouseatk	Mouse Attack	1996	ICE
mouser	Mouser	1983	UPL
mouserc	Mouser (Cosmos)	1983	UPL (Cosmos license)
mp_bio	Bio-hazard Battle (Mega Play)	1993	Sega
mp_col3	Columns III (Mega Play)	1993	Sega
mp_gaxe2	Golden Axe II (Mega Play) (Rev B)	1993	Sega
mp_gaxe2a	Golden Axe II (Mega Play)	1993	Sega
mp_gslam	Grand Slam (Mega Play)	1993	Sega
mp_gunhe	Gunstar Heroes (Mega Play)	1993	Sega
mp_mazin	Mazin Wars / Mazin Saga (Mega Play)	1993	Sega
mp_shnb3	Shinobi III (Mega Play)	1993	Sega
mp_soni2	Sonic The Hedgehog 2 (Mega Play)	1993	Sega
mp_sonic	Sonic The Hedgehog (Mega Play)	1993	Sega
mp_sor2	Streets of Rage II (Mega Play)	1993	Sega
mp_twcup	Tecmo World Cup (Mega Play)	1993	Sega
mpang	Mighty! Pang (Europe 001010)	2000	Mitchell (Capcom license)
mpanga	Mighty! Pang (Asia 001010)	2000	Mitchell (Capcom license)
mpangj	Mighty! Pang (Japan 001011)	2000	Mitchell (Capcom license)
mpangr1	Mighty! Pang (Europe 000925)	2000	Mitchell (Capcom license)
mpangu	Mighty! Pang (USA 001010)	2000	Mitchell (Capcom license)
mpatrol	Moon Patrol	1982	Irem
mpatrolw	Moon Patrol (Williams)	1982	Irem (Williams license)
mpchoice	Player's Choice (M4C1)	1983	Merit
mpchoicea	Player's Choice (M3C1)	1982	Merit
mplanets	Mad Planets	1983	Gottlieb
mplanetsuk	Mad Planets (UK)	1983	Gottlieb (Taitel license)
mpumpkin	Magical Pumpkin: Puroland de Daibouken (Japan 960712)	1996	Capcom
mraker	Moon Raker	1980	Nichibutsu
mranger	Moon Ranger (bootleg of Moon Patrol)	1982	bootleg
mrdig	Mr. Dig	2000	Sun
mrdo	Mr. Do!	1982	Universal
mrdobl	Mr. Do! (bootleg)	1982	bootleg
mrdofabr	Mr. Do! (Fabremar bootleg)	1982	bootleg (Fabremar)
mrdofix	Mr. Do! (bugfixed)	1982	Universal (Taito license)
mrdot	Mr. Do! (Taito)	1982	Universal (Taito license)
mrdoy	Mr. Do! (prototype)	1982	Universal
mrdrillr	Mr. Driller (US, DRI3/VER.A2)	1999	Namco
mrdrillrja2	Mr. Driller (Japan, DRI1/VER.A2)	1999	Namco
mrdrilr2	Mr. Driller 2 (World, DR22 Ver.A)	2000	Namco
mrdrilr2j	Mr. Driller 2 (Japan, DR21 Ver.A)	2000	Namco
mrdrilr2u	Mr. Driller 2 (US, DR23 Ver.A)	2000	Namco
mrdrilrg	Mr. Driller G (Japan, DRG1 Ver.A)	2001	Namco
mrdu	Mr. Du!	1982	bootleg
mrflea	The Amazing Adventures of Mr. F. Lea	1982	Pacific Novelty
mrgoemon	Mr. Goemon (Japan)	1986	Konami
mrheli	Mr. HELI no Daibouken (Japan)	1987	Irem
mrjong	Mr. Jong (Japan)	1983	Sanritsu / Kiwako
mrkicker	Mr. Kicker (F-E1-16-010 PCB)	2001	SemiCom
mrkickera	Mr. Kicker (SEMICOM-003b PCB)	2001	SemiCom
mrkougar	Mr. Kougar	1984	ATW
mrkougar2	Mr. Kougar (earlier)	1983	ATW
mrkougb	Mr. Kougar (German bootleg)	1984	bootleg (Gross)
mrkougb2	Mr. Kougar (bootleg)	1983	bootleg
mrlo	Mr. Lo!	1982	bootleg
mrokumei	Mahjong Rokumeikan (Japan)	1988	Home Data
mroundup	The Round Up	1984	Merit
mrsdyna	Mrs. Dynamite	1982	Universal
mrtnt	Mr. TNT	1983	Techstar (Telko license)
mrviking	Mister Viking (315-5041)	1984	Sega
mrvikingj	Mister Viking (315-5041, Japan)	1984	Sega
ms4plus	Metal Slug 4 Plus (bootleg)	2002	bootleg
ms5pcb	Metal Slug 5 (JAMMA PCB)	2003	SNK Playmore
ms5plus	Metal Slug 5 Plus (bootleg)	2003	bootleg
msbingo	Miss Bingo	1994	Min Corp.
mschamp	Ms. Pacman Champion Edition / Zola-Puc Gal	1992	hack
mschamps	Ms. Pacman Champion Edition / Super Zola-Puc Gal	1995	hack
mscoutm	Mahjong Scout Man (Japan)	1994	Sphinx / AV Japan
msgogo	Mouse Shooter GoGo	1995	Metro
msgundam	Mobile Suit Gundam	1993	Banpresto / Allumer
msgundam1	Mobile Suit Gundam (Japan)	1993	Banpresto / Allumer
msgundamb	Mobile Suit Gundam (bootleg)	1993	bootleg
msh	Marvel Super Heroes (Europe 951024)	1995	Capcom
msha	Marvel Super Heroes (Asia 951024)	1995	Capcom
mshb	Marvel Super Heroes (Brazil 951117)	1995	Capcom
mshbr1	Marvel Super Heroes (Brazil 951024)	1995	Capcom
msheartb	Ms. Pac-Man Heart Burn	1989	hack (Two-Bit Score)
mshh	Marvel Super Heroes (Hispanic 951117)	1995	Capcom
mshj	Marvel Super Heroes (Japan 951117)	1995	Capcom
mshjr1	Marvel Super Heroes (Japan 951024)	1995	Capcom
mshu	Marvel Super Heroes (USA 951024)	1995	Capcom
mshud	Marvel Super Heroes (USA 951024 Phoenix Edition) (bootleg)	1995	bootleg
mshuttle	Moon Shuttle (US? set 1)	1981	Nichibutsu
mshuttle2	Moon Shuttle (US? set 2)	1981	Nichibutsu
mshuttlea	Moon Shuttle (US, version A)	1981	Nichibutsu
mshuttlej	Moon Shuttle (Japan set 1)	1981	Nichibutsu
mshuttlej2	Moon Shuttle (Japan set 2)	1981	Nichibutsu
mshvsf	Marvel Super Heroes Vs. Street Fighter (Europe 970625)	1997	Capcom
mshvsfa	Marvel Super Heroes Vs. Street Fighter (Asia 970625)	1997	Capcom
mshvsfa1	Marvel Super Heroes Vs. Street Fighter (Asia 970620)	1997	Capcom
mshvsfb	Marvel Super Heroes Vs. Street Fighter (Brazil 970827)	1997	Capcom
mshvsfb1	Marvel Super Heroes Vs. Street Fighter (Brazil 970625)	1997	Capcom
mshvsfh	Marvel Super Heroes Vs. Street Fighter (Hispanic 970625)	1997	Capcom
mshvsfj	Marvel Super Heroes Vs. Street Fighter (Japan 970707)	1997	Capcom
mshvsfj1	Marvel Super Heroes Vs. Street Fighter (Japan 970702)	1997	Capcom
mshvsfj2	Marvel Super Heroes Vs. Street Fighter (Japan 970625)	1997	Capcom
mshvsfu	Marvel Super Heroes Vs. Street Fighter (USA 970827)	1997	Capcom
mshvsfu1	Marvel Super Heroes Vs. Street Fighter (USA 970625)	1997	Capcom
mshvsfu1d	Marvel Super Heroes Vs. Street Fighter (USA 970625 Phoenix Edition) (bootleg)	1997	bootleg
msisaac	Metal Soldier Isaac II	1985	Taito
msjiken	Mahjong Satsujin Jiken (Japan 881017)	1988	Nichibutsu
mslider	Monster Slider (Japan)	1997	Visco / Datt Japan
mslug	Metal Slug - Super Vehicle-001	1996	Nazca
mslug2	Metal Slug 2 - Super Vehicle-001/II (NGM-2410 ~ NGH-2410)	1998	SNK
mslug2t	Metal Slug 2 Turbo (NGM-9410) (hack)	2015	hack (trap15)
mslug3	Metal Slug 3 (NGM-2560)	2000	SNK
mslug3a	Metal Slug 3 (NGM-2560, earlier)	2000	SNK
mslug3b6	Metal Slug 6 (bootleg of Metal Slug 3)	2000	bootleg
mslug3h	Metal Slug 3 (NGH-2560)	2000	SNK
mslug4	Metal Slug 4 (NGM-2630)	2002	Mega / Noise Factory / Playmore
mslug4h	Metal Slug 4 (NGH-2630)	2002	Mega / Noise Factory / Playmore
mslug5	Metal Slug 5 (NGM-2680)	2003	SNK Playmore
mslug5b	Metal Slug 5 (bootleg)	2003	bootleg
mslug5h	Metal Slug 5 (NGH-2680)	2003	SNK Playmore
mslug6	Metal Slug 6	2006	Sega / SNK Playmore
mslugx	Metal Slug X - Super Vehicle-001 (NGM-2500 ~ NGH-2500)	1999	SNK
mspacii	Ms. Pac-Man II (Orca bootleg, set 1)	1981	bootleg (Orca)
mspacii2	Ms. Pac-Man II (Orca bootleg, set 2)	1981	bootleg (Orca)
mspackpls	Miss Packman Plus	1981	hack
mspacmab	Ms. Pac-Man (bootleg, set 1)	1981	bootleg
mspacmab2	Ms. Pac-Man (bootleg, set 2)	1981	bootleg
mspacmab3	Ms. Pac-Man (bootleg, set 3)	1981	bootleg
mspacmab4	Ms. Pac-Man (bootleg, set 4)	1981	bootleg
mspacmab5	Ms. Pac-Man (bootleg, set 5)	1981	bootleg
mspacmab6	Ms. Pac-Man (bootleg, set 6)	1981	bootleg
mspacman	Ms. Pac-Man	1981	Midway / General Computer Corporation
mspacmanbcc	Come-Cocos (Ms. Pac-Man) ('Made in Greece' Tecnausa bootleg)	1991	bootleg (Tecnausa)
mspacmanbco	Come-Cocos (Ms. Pac-Man) (Cocamatic bootleg)	1992	bootleg (Cocamatic)
mspacmanbg	Ms. Pac-Man ('Made in Greece' bootleg, set 1)	198?	bootleg
mspacmanbg2	Ms. Pac-Man ('Made in Greece' bootleg, set 2)	1997	bootleg
mspacmanbgc	Ms. Pac-Man ('Made in Greece' Enavi bootleg)	1992	bootleg (Enavi)
mspacmanbgd	Miss Pukman ('Made in Greece' Datamat bootleg)	1992	bootleg (Datamat)
mspacmanbgf	Mr Pac-Turbo ('Made in Greece' Fermin bootleg)	1988	bootleg (Fermin)
mspacmanbhe	Come-Cocos (Ms. Pac-Man) ('Made in Greece' Herle SA bootleg)	1991	bootleg (Herle SA)
mspacmanbi	Ms. Pac-Man (Impeuropex bootleg)	1993	bootleg (Impeuropex)
mspacmanblt	Come-Cocos (Ms. Pac-Man) ('Made in Greece' Triunvi bootleg, set 1)	1992	bootleg (Triunvi)
mspacmanblt2	Come-Cocos (Ms. Pac-Man) ('Made in Greece' Triunvi bootleg, set 2)	1992	bootleg (Triunvi)
mspacmanblt3	Come-Cocos (Ms. Pac-Man) ('Made in Greece' Triunvi bootleg, set 3)	1992	bootleg (Triunvi)
mspacmanblt4	Ms. Pac-Man ('Made in Greece' Triunvi bootleg)	1991	bootleg (Triunvi)
mspacmanbpl	Ms. Pac-Man (Playmark bootleg)	1993	bootleg (Playmark)
mspacmancr	Ms. Pac-Man (bootleg on Crush Roller Hardware)	1981	bootleg
mspacmane	Ms. Pac-Man (Elmac bootleg, earlier)	1983	bootleg (Elmac)
mspacmane2	Ms. Pac-Man (Elmac bootleg, later)	1984	bootleg (Elmac)
mspacmanhnc	Super Ms. Pac-Man (turbo hack, NVC284/NVC285 hardware)	1986	hack
mspacmanlai	Ms. Pac-Man (Leisure and Allied bootleg)	1982	bootleg (Leisure and Allied)
mspacmat	Ms. Pac Attack	1981	hack
mspacmbe	Ms. Pac-Man (bootleg, encrypted)	1981	bootleg
mspacmbmc	Ms. Pac-Man (Marti Colls bootleg)	1982	bootleg (Marti Colls)
mspacmbn	Ms. Pac-Man (Novatronic bootleg)	1981	bootleg (Novatronic)
mspacmnf	Ms. Pac-Man (speedup hack)	1981	hack
mspacpls	Ms. Pac-Man Plus	1981	hack
mspactwin	Ms Pac Man Twin (Argentina, set 1)	1992	hack (Susilu)
mspactwina	Ms Pac Man Twin (Argentina, set 2)	1992	hack (Susilu)
mspuzzle	Miss Puzzle	1994	Min Corp.
mspuzzlea	Miss Puzzle (Nudes, less explicit)	1994	Min Corp.
mspuzzleb	Miss Puzzle (Nudes, more explicit)	1994	Min Corp.
mspuzzleg	Miss Puzzle (Clone of Gumbo)	1994	Min Corp.
mstadium	Main Stadium (Japan)	1989	Konami
mstworld	Monsters World (bootleg of Super Pang)	1994	bootleg (TCH)
mstworld2	Monsters World 2 (bootleg of Super Pang)	1994	bootleg
msupstar	Superstar (4435-81, U5-1)	1989	Merit
msword	Magic Sword: Heroic Fantasy (World 900725)	1990	Capcom
mswordj	Magic Sword: Heroic Fantasy (Japan 900623)	1990	Capcom
mswordr1	Magic Sword: Heroic Fantasy (World 900623)	1990	Capcom
mswordu	Magic Sword: Heroic Fantasy (USA 900725)	1990	Capcom
mt_aftrb	After Burner (Mega-Tech, SMS based)	1987	Sega
mt_arrow	Arrow Flash (Mega-Tech)	1990	Sega
mt_astrm	Alien Storm (Mega-Tech)	1990	Sega
mt_astro	Astro Warrior (Mega-Tech, SMS based)	1986	Sega
mt_asyn	Alien Syndrome (Mega-Tech, SMS based)	1987	Sega
mt_bbros	Bonanza Bros. (Mega-Tech)	1991	Sega
mt_beast	Altered Beast (Mega-Tech)	1988	Sega
mt_calga	California Games (Mega-Tech)	1991	Sega
mt_cols	Columns (Mega-Tech)	1990	Sega
mt_crack	Crack Down (Mega-Tech)	1990	Sega
mt_eswat	Cyber Police ESWAT: Enhanced Special Weapons and Tactics (Mega-Tech)	1990	Sega
mt_fshrk	Fire Shark (Mega-Tech)	1990	Toaplan / Sega
mt_fwrld	Forgotten Worlds (Mega-Tech)	1989	Sega
mt_fz	Fantasy Zone (Mega-Tech, SMS based)	1987	Sega
mt_gaxe	Golden Axe (Mega-Tech)	1989	Sega
mt_gaxe2	Golden Axe II (Mega-Tech)	1991	Sega
mt_gfoot	Great Football (Mega-Tech, SMS based)	1987	Sega
mt_ggolf	Great Golf (Mega-Tech, SMS based)	1987	Sega
mt_gng	Ghouls'n Ghosts (Mega-Tech)	1989	Capcom / Sega
mt_kcham	Kid Chameleon (Mega-Tech)	1992	Sega
mt_lastb	Last Battle (Mega-Tech)	1989	Sega
mt_mlh	Mario Lemieux Hockey (Mega-Tech)	1991	Sega
mt_mwalk	Michael Jackson's Moonwalker (Mega-Tech)	1990	Sega
mt_mystd	Mystic Defender (Mega-Tech)	1989	Sega
mt_orun	Out Run (Mega-Tech, SMS based)	1987	Sega
mt_parlg	Parlour Games (Mega-Tech, SMS based)	1987	Sega
mt_revsh	The Revenge of Shinobi (Mega-Tech)	1989	Sega
mt_shado	Shadow Dancer (Mega-Tech)	1990	Sega
mt_shang	Super Hang-On (Mega-Tech)	1989	Sega
mt_shar2	Space Harrier II (Mega-Tech)	1988	Sega
mt_shnbi	Shinobi (Mega-Tech, SMS based)	1987	Sega
mt_smgp	Super Monaco GP (Mega-Tech)	1990	Sega
mt_soni2	Sonic The Hedgehog 2 (Mega-Tech)	1992	Sega
mt_sonia	Sonic The Hedgehog (Mega-Tech, set 2)	1991	Sega
mt_sonic	Sonic The Hedgehog (Mega-Tech, set 1)	1991	Sega
mt_spman	Spider-Man vs The Kingpin (Mega-Tech)	1991	Sega / Marvel
mt_srage	Streets of Rage (Mega-Tech)	1991	Sega
mt_srbb	Super Real Basketball (Mega-Tech)	1989	Sega
mt_stbld	Super Thunder Blade (Mega-Tech)	1988	Sega
mt_stf	Joe Montana II: Sports Talk Football (Mega-Tech)	1991	Sega
mt_tetri	Tetris (Mega-Tech)	1989	Sega
mt_tfor2	Thunder Force II MD (Mega-Tech)	1989	Techno Soft / Sega
mt_tgolf	Arnold Palmer Tournament Golf (Mega-Tech)	1989	Sega
mt_tlbba	Tommy Lasorda Baseball (Mega-Tech)	1989	Sega
mt_tout	Turbo Outrun (Mega-Tech)	1992	Sega
mt_wcsoc	World Championship Soccer (Mega-Tech)	1989	Sega
mt_wwar	Wrestle War (Mega-Tech)	1991	Sega
mtchxl6k	MegaTouch XL 6000 (Version r07)	1999	Merit Industries
mtetrisc	Magical Tetris Challenge (981009 Japan)	1998	Capcom
mtjpoker	Merit Touch Joker Poker (9132-00)	1994	Merit
mtlchamp	Martial Champion (ver EAB)	1993	Konami
mtlchamp1	Martial Champion (ver EAA)	1993	Konami
mtlchampa	Martial Champion (ver AAA)	1993	Konami
mtlchampj	Martial Champion (ver JAA)	1993	Konami
mtlchampu	Martial Champion (ver UAE)	1993	Konami
mtlchampu1	Martial Champion (ver UAD)	1993	Konami
mtouchxl	MegaTouch XL (Version R1, prototype?)	1997	Merit Industries
mtrain	Magic Train (Ver. 1.4)	1997	Subsino
mtraina	Magic Train (Ver. 1.31)	1996	Subsino
mtrap	Mouse Trap (version 5)	1981	Exidy
mtrap2	Mouse Trap (version 2)	1981	Exidy
mtrap3	Mouse Trap (version 3)	1981	Exidy
mtrap4	Mouse Trap (version 4)	1981	Exidy
mtrap4g	Mouse Trap (German, version 4)	1981	Exidy
mtrapb	Mouse Trap (bootleg)	1981	bootleg
mtrapb2	Mouse Trap (version 4, bootleg)	1981	bootleg
mtwinbee	Magical Twin Bee (ver EAA)	1995	Konami
mtwins	Mega Twins (World 900619)	1990	Capcom
mtwinsb	Twins (bootleg of Mega Twins)	1993	David Inc. (bootleg)
mugsmash	Mug Smashers	1990?	Electronic Devices Italy / 3D Games England
multchmp	Multi Champ (World, ver. 9.6)	1999	ESD
multchmp25	Multi Champ (World, ver. 2.5)	1999	ESD
multchmpa	Multi Champ (World, older)	1998	ESD
multchmpk	Multi Champ (Korea, older)	1998	ESD
multi96	Multi Game '96 (Italy)	1996	Barko Corp.
multigam	Multi Game (set 1)	1992	<unknown>
multigm2	Multi Game 2	1992	Seo Jin
multigm3	Multi Game III	1992	Seo Jin
multigmb	Multi Game (set 2)	1992	<unknown>
multigmt	Multi Game (Tung Sheng Electronics)	1992	Tung Sheng Electronics
multiped	Multipede (Centipede/Millipede multigame kit)	2002	hack (Braze Technologies)
multiwin	Multi Win (Ver.0167, encrypted)	1992	Fun World
multiwina	Multi Win (Ver.0091, encrypted)	1991	Fun World
multspin	Multi Spin (v1.0)	1996	Excellent System
murogem	Muroge Monaco (set 1)	198?	<unknown>
murogema	Muroge Monaco (set 2)	198?	<unknown>
murogemb	Muroge Monaco (set 3)	198?	<unknown>
murogmbl	Muroge Monaco (bootleg?)	1982	bootleg?
musclem	Muscle Master	1997	Inter Geo
musclhit	Muscle Ranking Kinniku Banzuke Spray Hitter	2000	Konami / TBS
mushi2k3	Mushiking The King Of Beetles 2003 Second (Japan)	2003	Sega
mushi2k4	Mushiking The King Of Beetles 2004 Second (Japan)	2004	Sega
mushi2k61	Mushiking The King Of Beetles 2006 First (Japan)	2006	Sega
mushisam	Mushihime-Sama (Japan, 2004/10/12.MASTER VER.)	2004	Cave (AMI license)
mushisama	Mushihime-Sama (Japan, 2004/10/12 MASTER VER.)	2004	Cave (AMI license)
mushisamb	Mushihime-Sama (Japan, 2004/10/12 MASTER VER)	2004	Cave (AMI license)
mushitam	Puzzle! Mushihime-Tama (Japan, 2005/09/09.MASTER VER)	2005	Cave (AMI license)
mushitama	Puzzle! Mushihime-Tama (Japan, 2005/09/09 MASTER VER)	2005	Cave (AMI license)
musicbal	Music Ball	1988	Tecfri / Desystem S.A.
musicsrt	Music Sort (ver. 2.02)	1995	ABM Games
musobana	Musoubana (Japan)	1995	Nichibutsu / Yubis
mustache	Mustache Boy (Japan)	1987	Seibu Kaihatsu (March license)
mustachei	Mustache Boy (Italy)	1987	Seibu Kaihatsu (International Games license)
mustang	US AAF Mustang (25th May. 1990)	1990	UPL
mustangb	US AAF Mustang (bootleg, set 1)	1990	bootleg
mustangb2	US AAF Mustang (TAB Austria bootleg)	1990	bootleg (TAB Austria)
mustangb3	US AAF Mustang (Lettering bootleg)	1990	bootleg (Lettering)
mustangs	US AAF Mustang (25th May. 1990 / Seoul Trading)	1990	UPL (Seoul Trading license)
mutantf	Mutant Fighter (World ver EM-5)	1991	Data East Corporation
mutantf1	Heroes (World ver EM-1)	1991	Data East Corporation
mutantf2	Mutant Fighter (World ver EM-2)	1991	Data East Corporation
mutantf3	Mutant Fighter (World ver EM-3)	1991	Data East Corporation
mutantf4	Mutant Fighter (World ver EM-4)	1991	Data East Corporation
mutantwarr	Mutant Warrior (Datsu bootleg of Altered Beast)	1988	bootleg (Datsu)
mutnat	Mutation Nation (NGM-014 ~ NGH-014)	1992	SNK
mv4in1	Mini Vegas 4in1	1983	Entertainment Enterprises, Ltd.
mvp	MVP (set 2, US) (FD1094 317-0143)	1989	Sega
mvpd	MVP (set 2, US) (bootleg of FD1094 317-0143 set)	1989	bootleg
mvpj	MVP (set 1, Japan) (FD1094 317-0142)	1989	Sega
mvpjd	MVP (set 1, Japan) (bootleg of FD1094 317-0142 set)	1989	bootleg
mvsc	Marvel Vs. Capcom: Clash of Super Heroes (Europe 980123)	1998	Capcom
mvsc2	Marvel Vs. Capcom 2: New Age of Heroes (Export, Korea, Rev A)	2000	Capcom / Marvel
mvsc2u	Marvel Vs. Capcom 2: New Age of Heroes (USA, Rev A)	2000	Capcom / Marvel
mvsca	Marvel Vs. Capcom: Clash of Super Heroes (Asia 980123)	1998	Capcom
mvscar1	Marvel Vs. Capcom: Clash of Super Heroes (Asia 980112)	1998	Capcom
mvscb	Marvel Vs. Capcom: Clash of Super Heroes (Brazil 980123)	1998	Capcom
mvsch	Marvel Vs. Capcom: Clash of Super Heroes (Hispanic 980123)	1998	Capcom
mvscj	Marvel Vs. Capcom: Clash of Super Heroes (Japan 980123)	1998	Capcom
mvscjr1	Marvel Vs. Capcom: Clash of Super Heroes (Japan 980112)	1998	Capcom
mvscjsing	Marvel Vs. Capcom: Clash of Super Heroes (Japan 980123) (Single PCB)	1998	Capcom
mvscr1	Marvel Vs. Capcom: Clash of Super Heroes (Europe 980112)	1998	Capcom
mvscu	Marvel Vs. Capcom: Clash of Super Heroes (USA 980123)	1998	Capcom
mvscud	Marvel Vs. Capcom: Clash of Super Heroes (USA 980123 Phoenix Edition) (bootleg)	1998	bootleg
mvscur1	Marvel Vs. Capcom: Clash of Super Heroes (USA 971222)	1998	Capcom
mwalk	Michael Jackson's Moonwalker (World) (FD1094/8751 317-0159)	1990	Sega
mwalkbl	Michael Jackson's Moonwalker (bootleg)	1990	bootleg
mwalkd	Michael Jackson's Moonwalker (World) (bootleg of FD1094/8751 317-0159 set)	1990	bootleg
mwalkj	Michael Jackson's Moonwalker (Japan) (FD1094/8751 317-0157)	1990	Sega
mwalkjd	Michael Jackson's Moonwalker (Japan) (bootleg of FD1094/8751 317-0157 set)	1990	bootleg
mwalku	Michael Jackson's Moonwalker (US) (FD1094/8751 317-0158)	1990	Sega
mwalkud	Michael Jackson's Moonwalker (US) (bootleg of FD1094/8751 317-0158 set)	1990	bootleg
mwarr	Mighty Warriors (24/1)	199?	Elettronica Video-Games
mwskins	Skins Game (1.06)	2000	Midway
mwskinsa	Skins Game (1.06, alt)	2000	Midway
mwskinso	Skins Game (1.04)	2000	Midway
mwskinst	Skins Game Tournament Edition	2000	Midway
mx5000	MX5000 (version U)	1987	Konami
mx5000r	MX5000 (version R)	1987	Konami
mxsqy	Mingxing San Que Yi (China, V201CN)	2003	IGS
mxsqy102tw	Mingxing San Que Yi (Taiwan, V102TW)	2003	IGS
myangel	Kosodate Quiz My Angel (Japan)	1996	MOSS / Namco
myangel2	Kosodate Quiz My Angel 2 (Japan)	1997	MOSS / Namco
myangel3	Kosodate Quiz My Angel 3 (Japan, KQT1/VER.A)	1998	MOSS / Namco
myfairld	Virtual Mahjong 2 - My Fair Lady (J 980608 V1.000)	1998	Micronet
myhero	My Hero (US, not encrypted)	1985	Coreland / Sega
myherobl	My Hero (bootleg, 315-5132 encryption)	1985	bootleg
myherok	Cheongchun Ilbeonji (Korea)	1985	Coreland / Sega
myqbert	Mello Yello Q*bert	1982	Gottlieb
mysticm	Mystic Marathon	1983	Williams
mysticmp	Mystic Marathon (prototype)	1983	Williams
mysticri	Mystic Riders (World)	1992	Irem
mysticrib	Mystic Riders (bootleg?)	1992	Irem
mystston	Mysterious Stones: Dr. John's Adventure	1984	Technos Japan
myststono	Mysterious Stones: Dr. Kick in Adventure	1984	Technos Japan
myststonoi	Mysterious Stones: Dr. Kick in Adventure (Itisa PCB)	1984	Technos Japan
mystwarr	Mystic Warriors (ver EAA)	1993	Konami
mystwarra	Mystic Warriors (ver AAB)	1993	Konami
mystwarraa	Mystic Warriors (ver AAA)	1993	Konami
mystwarrj	Mystic Warriors (ver JAA)	1993	Konami
mystwarru	Mystic Warriors (ver UAA)	1993	Konami
nagano98	Nagano Winter Olympics '98 (GX720 EAA)	1998	Konami
naganoj	Hyper Olympic in Nagano (GX720 JAA)	1998	Konami
nam1975	NAM-1975 (NGM-001 ~ NGH-001)	1990	SNK
namenayo	Namennayo (Japan)	1982	Cat's
nametune	Name That Tune (Bally, 3/31/86)	1986	Bally/Sente
nametunea	Name That Tune (Bally, 3/23/86)	1986	Bally/Sente
naname	Naname de Magic! (Japan)	1994	Atlus
naomi	NAOMI BIOS	1998	Sega
naomigd	NAOMI GD-ROM BIOS	2001	Sega
narc	Narc (rev 7.00)	1988	Williams
narc1	Narc (rev 1.80)	1988	Williams
narc2	Narc (rev 2.00)	1988	Williams
narc3	Narc (rev 3.20)	1988	Williams
narc4	Narc (rev 4.00)	1988	Williams
narc6	Narc (rev 6.00)	1988	Williams
nastar	Nastar (World)	1988	Taito
nastarw	Nastar Warrior (US)	1988	Taito America
natodef	NATO Defense	1982	Pacific Novelty
natodefa	NATO Defense (alternate mazes)	1982	Pacific Novelty
natsuiro	Natsuiro Mahjong (Japan)	1989	Video System Co.
naughtyb	Naughty Boy	1982	Jaleco
naughtyba	Naughty Boy (bootleg, set 1)	1982	bootleg
naughtybb	Naughty Boy (bootleg, set 2)	1982	bootleg
naughtybc	Naughty Boy (Cinematronics)	1982	Jaleco (Cinematronics license)
navarone	Navarone	1980	Namco
nbaatw	NBA All The Way (ver EAB)	1998	Konami
nbaatwa	NBA All The Way (ver EAA)	1998	Konami
nbagold	SportStation: NBA Showtime NBA on NBC Gold Edition (ver 3.0, Feb 18 2000) / NFL Blitz 2000 Gold Edition	2000	Midway Games
nbahangt	NBA Hangtime (ver L1.3 10/10/96)	1996	Midway
nbahangtl11	NBA Hangtime (ver L1.1 4/16/96)	1996	Midway
nbahangtl12	NBA Hangtime (ver L1.2 8/29/96)	1996	Midway
nbahangtm11	NBA Hangtime (ver M1.1 4/16/96)	1996	Midway
nbahangtm12	NBA Hangtime (ver M1.2 8/29/96)	1996	Midway
nbahangtm13	NBA Hangtime (ver M1.3 10/10/96)	1996	Midway
nbajam	NBA Jam (rev 3.01 4/07/93)	1993	Midway
nbajamex	NBA Jam Extreme (ver. 1.10I)	1996	Acclaim
nbajamexa	NBA Jam Extreme (ver. 1.04)	1996	Acclaim
nbajamp1	NBA Jam (proto v 1.01 1/23/93)	1993	Midway
nbajamp2	NBA Jam (proto v 2.00 1/24/93)	1993	Midway
nbajamr1	NBA Jam (rev 1.00 2/1/93)	1993	Midway
nbajamr2	NBA Jam (rev 2.00 2/10/93)	1993	Midway
nbajamte	NBA Jam Tournament Edition (rev 4.0 3/23/94)	1994	Midway
nbajamte1	NBA Jam Tournament Edition (rev 1.00 1/17/94)	1994	Midway
nbajamte2	NBA Jam Tournament Edition (rev 2.1 2/06/94)	1994	Midway
nbajamte2a	NBA Jam Tournament Edition (rev 2.0 1/28/94)	1994	Midway
nbajamte3	NBA Jam Tournament Edition (rev 3.0 3/04/94)	1994	Midway
nbajamte3a	NBA Jam Tournament Edition (rev 3.0 2/26/94)	1994	Midway
nbajamte4	NBA Jam Tournament Edition (rev 4.0 3/03/94)	1994	Midway
nbajamten	NBA Jam Tournament Edition (Nani Edition, rev 5.2 8/11/95, prototype)	1995	Midway
nbajamtep2	NBA Jam Tournament Edition (proto 2.00 12/17/93)	1993	Midway
nbamht	NBA Maximum Hangtime (ver L1.03 06/09/97)	1996	Midway
nbamhtl10	NBA Maximum Hangtime (ver L1.0 11/08/96)	1996	Midway
nbamhtm10	NBA Maximum Hangtime (ver M1.0 11/08/96)	1996	Midway
nbamhtp	NBA Maximum Hangtime (ver L0.9 10/30/96)	1996	Midway
nbanfl	SportStation: NBA Showtime NBA on NBC (ver 2.1, Sep 22 1999) / NFL Blitz 2000 Gold Edition (ver 1.5, Sep 22 1999)	1999	Midway Games
nbapbp	NBA Play By Play (ver UAB)	1998	Konami
nbapbpa	NBA Play By Play (ver AAB)	1998	Konami
nbapbpaa	NBA Play By Play (ver AAA)	1998	Konami
nbapbpj	NBA Play By Play (ver JAB)	1998	Konami
nbapbpja	NBA Play By Play (ver JAA)	1998	Konami
nbapbpua	NBA Play By Play (ver UAA)	1998	Konami
nbashowt	NBA Showtime NBA on NBC (ver 2.0, Apr 25 1999)	1999	Midway Games
nbbatman	Ninja Baseball Bat Man (World)	1993	Irem
nbbatmanu	Ninja Baseball Bat Man (US)	1993	Irem America
nc96	New Cherry '96 Special Edition (v3.63, C1 PCB)	1996	Amcoe
nc96a	New Cherry '96 Special Edition (v3.62, C1 PCB)	1996	Amcoe
nc96b	New Cherry '96 Special Edition (v3.61, C1 PCB)	1996	Amcoe
nc96c	New Cherry '96 Special Edition (v3.54, D PCB)	1996	Amcoe
nc96d	New Cherry '96 Special Edition (v3.53, D PCB)	1996	Amcoe
nc96e	New Cherry '96 Special Edition (v3.40, D PCB)	1996	Amcoe
nc96f	New Cherry '96 Special Edition (v3.62, DK PCB)	1996	Amcoe
nc96g	New Cherry '96 (v3.1, B PCB)	1996	Amcoe
nc96h	New Cherry '96 (v3.1C, G PCB)	1996	Amcoe
nc96i	New Cherry '96 Special Edition (v3.55, C1 PCB)	1996	Amcoe
nc96j	New Cherry '96 Special Edition (v3.61, DK PCB)	1996	Amcoe
nc96k	New Cherry '96 Special Edition (v3.51, D PCB)	1996	Amcoe
nc96l	New Cherry '96 (v3.0, A PCB)	1996	Amcoe
nc96txt	New Cherry '96 Special Edition (v1.32 Texas XT, C2 PCB)	2000	Amcoe
ncb3	Cherry Bonus III (ver.1.40, set 1)	199?	Dyna
ncombat	Ninja Combat (NGM-009)	1990	Alpha Denshi Co.
ncombath	Ninja Combat (NGH-009)	1990	Alpha Denshi Co.
ncommand	Ninja Commando	1992	Alpha Denshi Co.
ncv1	Namco Classic Collection Vol.1	1995	Namco
ncv1j	Namco Classic Collection Vol.1 (Japan, v1.00)	1995	Namco
ncv1j2	Namco Classic Collection Vol.1 (Japan, v1.03)	1995	Namco
ncv2	Namco Classic Collection Vol.2	1996	Namco
ncv2j	Namco Classic Collection Vol.2 (Japan)	1996	Namco
nd8lines	New Draw 8 Lines (Version 2.1)	1991	Yamate (bootleg)
ndxron10	Royal on Ten (hack of Noraut Deluxe Poker)	2005	<unknown>
nebulbee	Nebulous Bee	1981	bootleg
nebulray	Nebulas Ray (World, NR2)	1994	Namco
nebulrayj	Nebulas Ray (Japan, NR1)	1994	Namco
nebulrayp	Nebulas Ray (prototype)	1994	Namco
neckneck	Neck-N-Neck (v1.2)	1992	Bundra Games / Incredible Technologies
nekkyoku	Rettou Juudan Nekkyoku Janshi - Higashi Nippon Hen (Japan)	1988	Video System Co.
nemesis	Nemesis (ROM version)	1985	Konami
nemesisuk	Nemesis (World?, ROM version)	1985	Konami
nemo	Nemo (World 901130)	1990	Capcom
nemoj	Nemo (Japan 901120, 88622B-3 ROM board)	1990	Capcom
nemoja	Nemo (Japan 901120, 89625B-1 ROM board)	1990	Capcom
nemor1	Nemo (World 901109)	1990	Capcom
neobattl	SD Gundam Neo Battling (Japan)	1992	Banpresto
neobombe	Neo Bomberman	1997	Hudson Soft
neocup98	Neo-Geo Cup '98 - The Road to the Victory	1998	SNK
neodrift	Neo Drift Out - New Technology	1996	Visco
neogeo	Neo-Geo MV-6F	1990	SNK
neomrdo	Neo Mr. Do!	1996	Visco
neraidou	Neraidoula	199?	bootleg
neruton	Mahjong Neruton Haikujiradan (Japan, Rev. B?)	1990	Dynax / Yukiyoshi Tokoro
nerutona	Mahjong Neruton Haikujiradan (Japan, Rev. A?)	1990	Dynax / Yukiyoshi Tokoro
netmerc	Sega NetMerc	1993	Sega
nettoqc	Nettoh Quiz Champion (Japan)	1995	Nakanihon
netwars	Net Wars	1983	Orca (Esco Trading Co license)
nevadafw	Nevada (French, encrypted)	198?	<unknown>
new2001	New 2001 (Italy, Ver. 200N)	2000	Subsino
newapunk	New Atomic Punk - Global Quest (US)	1992	Irem America
newfant	New Fantasia (1995 copyright)	1995	Comad & New Japan System
newfanta	New Fantasia (1994 copyright)	1994	Comad & New Japan System
newhilop	New Hi-Low Poker	198?	Song Won?
newhunter	New HUNTer	1992	Karam
newhunterb	New HUNTer (bootleg, set 1)	1993	bootleg
newhunterd	New HUNTer (bootleg, set 3)	1993	bootleg
newmcard	New Magic Card	2000	High Video
newpuc2	Newpuc2 (set 1)	1980	hack
newpuc2b	Newpuc2 (set 2)	1980	hack
newpuckx	New Puck-X	1980	hack
news	News (set 1)	1993	Poby / Virus
newsa	News (set 2)	1993	Poby
newsin7	New Sinbad 7 (set 1)	1983	ATW USA
newsin7a	New Sinbad 7 (set 2)	1982	ATW USA
newtangl	New Tropical Angel	1983	Irem
newxpang	New Cross Pang (set 1)	1999	F2 System
newxpanga	New Cross Pang (set 2)	1999	F2 System
nextcent	Next Century (bootleg of Defender)	1981	bootleg (Petaco)
nextfase	Next Fase (bootleg of Phoenix)	1981	bootleg (Petaco S.A.)
nfb96	New Fruit Bonus '96 Special Edition (v3.63, C1 PCB)	1996	Amcoe
nfb96a	New Fruit Bonus '96 Special Edition (v3.62, C1 PCB)	1996	Amcoe
nfb96b	New Fruit Bonus '96 Special Edition (v3.54, D PCB)	1996	Amcoe
nfb96c	New Fruit Bonus '96 Special Edition (v3.62, DK PCB)	1996	Amcoe
nfb96d	New Fruit Bonus '96 (v3.1, A PCB, set 1)	1996	Amcoe
nfb96e	New Fruit Bonus '96 Special Edition (v3.61a, C1 PCB)	1996	Amcoe
nfb96f	New Fruit Bonus '96 Special Edition (v3.61a, DK PCB)	1996	Amcoe
nfb96g	New Fruit Bonus '96 Special Edition (v3.61, DK PCB)	1996	Amcoe
nfb96h	New Fruit Bonus '96 Special Edition (v3.60, DK PCB)	1996	Amcoe
nfb96i	New Fruit Bonus '96 Special Edition (v3.53, D PCB)	1996	Amcoe
nfb96j	New Fruit Bonus '96 Special Edition (v3.40, D PCB)	1996	Amcoe
nfb96k	New Fruit Bonus '96 Special Edition (v97-3.3c, D PCB)	1996	Amcoe
nfb96l	New Fruit Bonus '96 (v97-3.1c, B PCB)	1996	Amcoe
nfb96m	New Fruit Bonus '96 (v3.1, A PCB, set 2)	1996	Amcoe
nfb96se	New Fruit Bonus '96 Special Edition (bootleg set 1, v97-3.3c Portuguese)	1996	bootleg
nfb96sea	New Fruit Bonus '96 Special Edition (bootleg set 2, v97-3.3c English)	1996	bootleg
nfb96seb	New Fruit Bonus '96 Special Edition (bootleg set 3, v97-3.3c Portuguese)	1996	bootleg
nfb96sec	New Fruit Bonus '96 Special Edition (bootleg set 4, v97-3.3c English)	1996	bootleg
nfb96txt	New Fruit Bonus '96 Special Edition (v1.22 Texas XT, C2 PCB)	2000	Amcoe
nflclsfb	NFL Classic Football (US, NCF3 Ver.A.)	2003	Namco / Metro
ngalsumr	Night Gal Summer (Japan 850702 NGS 0-01)	1985	Nichibutsu
ngbc	NeoGeo Battle Coliseum	2005	Sammy / SNK Playmore
ngbcj	NeoGeo Battle Coliseum (Japan)	2005	Sammy / SNK Playmore
ngold	Jack Potten's Poker (NGold, set 1)	198?	<unknown>
ngolda	Jack Potten's Poker (NGold, set 2)	198?	<unknown>
ngoldb	Jack Potten's Poker (NGold, set 3)	198?	<unknown>
ngpgal	Nekketsu Grand-Prix Gal (Japan)	1991	Nichibutsu
ngtbunny	Night Bunny (Japan 840601 MRN 2-10)	1984	Nichibutsu
nhidctch	New Hidden Catch (World) / New Tul Lin Gu Lim Chat Ki '98 (Korea) (pcb ver 3.02)	1999	Eolith
nhomerun	NEW Moero!! Pro Yakyuu Homerun Kyousou	1988	Jaleco
nibbler	Nibbler (rev 9, set 1)	1982	Rock-Ola
nibbler6	Nibbler (rev 6)	1982	Rock-Ola
nibbler7	Nibbler (rev 7)	1982	Rock-Ola
nibbler8	Nibbler (rev 8)	1982	Rock-Ola
nibblera	Nibbler (rev 9, set 2)	1982	Rock-Ola
nibblero	Nibbler (rev 8, Olympia)	1983	Rock-Ola (Olympia license)
nibblerp	Nibbler (rev 6, Pioneer Balloon conversion)	1982	Rock-Ola
nicetsuk	Tsukkomi Yousei Gips Nice Tsukkomi (NTK1 Ver.A)	2002	Namco / Metro
nightgal	Night Gal (Japan 840920 AG 1-00)	1984	Nichibutsu
nightlov	Night Love (Japan 860705)	1986	Central Denshi
nightmare	Night Mare (Spain)	1982	E.F.O.
nightrai	Night Raid (V2.03J 2001/02/26 17:00)	2001	Takumi
nightstr	Night Striker (World)	1989	Taito
nightstrj	Night Striker (Japan)	1989	Taito
nightstru	Night Striker (US)	1989	Taito America
ninclown	Ninja Clowns (27 oct 91)	1991	Strata / Incredible Technologies
ninja	Ninja (315-5102)	1985	Sega
ninjak	The Ninja Kids (World)	1990	Taito
ninjakd2	Ninja-Kid II / NinjaKun Ashura no Shou (set 1)	1987	UPL
ninjakd2a	Ninja-Kid II / NinjaKun Ashura no Shou (set 2, bootleg?)	1987	UPL
ninjakd2b	Ninja-Kid II / NinjaKun Ashura no Shou (set 3, bootleg?)	1987	UPL
ninjakd2c	Ninja-Kid II / NinjaKun Ashura no Shou (set 4)	1987	UPL
ninjakj	The Ninja Kids (Japan)	1990	Taito
ninjaku	The Ninja Kids (US)	1990	Taito America
ninjakun	Ninjakun Majou no Bouken	1984	UPL (Taito license)
ninjamas	Ninja Master's - Haoh-ninpo-cho	1996	ADK / SNK
ninjaw	The Ninja Warriors (World, later version)	1987	Taito
ninjaw1	The Ninja Warriors (World, earlier version)	1987	Taito
ninjawj	The Ninja Warriors (Japan)	1987	Taito
ninjawu	The Ninja Warriors (US)	1987	Taito America (Romstar license)
ninjemak	Ninja Emaki (US)	1986	Nichibutsu
nitd	Nightmare in the Dark	2000	Eleven / Gavaking
nitdbl	Nightmare in the Dark (bootleg)	2001	bootleg
nitedrvr	Night Driver	1976	Atari
nitrobal	Nitro Ball (World, set 1)	1992	Data East Corporation
nitrobala	Nitro Ball (World, set 2)	1992	Data East Corporation
nitrobalb	Nitro Ball (World, set 3)	1992	Data East Corporation
njp60in1	NJ Pocket 60-in-1 handheld 'X zero' (NTSC)	200?	<unknown>
nkdodge	Nekketsu Koukou Dodgeball Bu (Japan)	1987	Technos Japan
nkdodgeb	Nekketsu Koukou Dodgeball Bu (Japan, bootleg)	1987	bootleg
nkishusp	Mahjong Nenrikishu SP (Japan, V250J)	1998	IGS / Alta
nkoulit	Gkoulit (encrypted GFX)	1995	JK Amusement
nmaster	Oni - The Ninja Master (Japan)	1995	Banpresto / Pandorabox
nmg5	Multi 5 / New Multi Game 5 (set 1)	1998	Yun Sung
nmg5a	Multi 5 / New Multi Game 5 (set 2, censored)	1998	Yun Sung
nmg5e	Multi 5 / New Multi Game 5 (set 3, earlier)	1997	Yun Sung
nmouse	Naughty Mouse (set 1)	1981	Amenip (Palcom Queen River)
nmouseb	Naughty Mouse (set 2)	1981	Amenip Nova Games Ltd.
nmsengen	Nekketsu Mahjong Sengen! AFTER 5 (Japan)	1991	Video System Co.
nndmseal	Nandemo Seal Iinkai (ver 1.3)	1997	I'Max / Jaleco
nndmseal11	Nandemo Seal Iinkai (ver 1.1)	1997	I'Max / Jaleco
nndmseala	Nandemo Seal Iinkai (Astro Boy ver. 1.0?)	1997	I'Max / Jaleco
nndmsealb	Nandemo Seal Iinkai (Astro Boy ver. 1.1)	1997	I'Max / Jaleco
nndmsealc	Nandemo Seal Iinkai (alternate ver 1.0)	1997	I'Max / Jaleco
nndmseald	Nandemo Seal Iinkai (Jungle Taitei ver 1.1)	1997	I'Max / Jaleco
noahsark	Noah's Ark	1983	Enter-Tech, Ltd.
nob	Noboranka (Japan)	1986	Coreland / Data East Corporation
nobb	Noboranka (Japan, bootleg)	1986	bootleg (Game Electronics)
nomnlnd	Sengoku no Jieitai	1980	Universal
nomnlndg	No Man's Land (Gottlieb)	1980	Universal (Gottlieb license)
norautdx	Noraut Deluxe Poker (console)	198?	Noraut Ltd.
norautjo	Noraut Joker Poker (original)	198?	Noraut Ltd.
norautjp	Noraut Joker Poker (alt)	1988	Noraut Ltd.
norautn1a	Noraut Joker Poker (N1A)	1988	Noraut Ltd.
norautp	Noraut Poker	1988	Noraut Ltd.
norautpb	Joker Poker 2000 (£15, Winbank)	1988	Noraut Ltd.
norautpl	Noraut Joker Poker (Prologic HW)	198?	Video Fun Games Ltd.
norautpn	Noraut Deluxe Poker (bootleg)	198?	bootleg
norautpt	Noraut Joker Poker (text hack)	198?	bootleg
norautra	Noraut Red Hot Joker Poker (alt HW)	198?	Noraut Ltd.
norautrh	Noraut Red Hot Joker Poker	1988	Noraut Ltd.
norautua	Noraut Joker Poker (console, set 1)	198?	Noraut Ltd.
norautub	Noraut Joker Poker (console, set 2)	198?	Noraut Ltd.
nost	Nostradamus	1993	Face
nostj	Nostradamus (Japan)	1993	Face
nostk	Nostradamus Yeeon (Korea)	1993	Face
nostromo	Nostromo	198?	bootleg
nouryoku	Nouryoku Koujou Iinkai	1995	Tecmo
nouryokup	Nouryoku Koujou Iinkai (prototype)	1995	Tecmo
nova2001	Nova 2001 (Japan)	1983	UPL
nova2001h	Nova 2001 (Japan, hack?)	1983	UPL
nova2001u	Nova 2001 (US)	1983	UPL (Universal license)
noved	Nove Diamante (bootleg)	2006	bootleg (Kon)
novoplay	Novo Play Multi Card / Club Card	1986	Admiral / Novomatic
novoplaya	Novo Play Club Card (V6.2H)	1992	Novo Play International
novoplayb	Novo Play Club Card (V3.3H)	1991	Novo Play International
nprinces	Ninja Princess (Japan, 315-5051, 64k Ver. bootleg?)	1985	bootleg?
nprincesb	Ninja Princess (Japan, 315-5051?, 128k Ver. bootleg?)	1985	bootleg?
nprinceso	Ninja Princess (Japan, 315-5098, 128k Ver.)	1985	Sega
nprincesu	Ninja Princess (Japan, 64k Ver. not encrypted)	1985	Sega
nprobowl	New Pro Bowl	1996	Zuck / Able Corp
nrallyx	New Rally-X	1981	Namco
nrallyxb	New Rally-X (bootleg?)	1981	Namco
nratechu	Neratte Chu (ver. 1.10)	1996	Seta
ns8lines	New Lucky 8 Lines / New Super 8 Lines (W-4)	198?	<unknown>
ns8linesa	New Lucky 8 Lines / New Super 8 Lines (W-4, Lucky97 HW)	1985	Yamate (bootleg)
ns8linew	New Lucky 8 Lines / New Super 8 Lines (F-5, Witch Bonus)	198?	<unknown>
ns8linewa	New Lucky 8 Lines / New Super 8 Lines (W-4, Witch Bonus)	198?	<unknown>
ns8linewb	New Lucky 8 Lines / New Super 8 Lines (F-5, Witch Bonus, Yamate, 1985)	1985	Yamate
ns8linewc	New Lucky 8 Lines / New Super 8 Lines (W-4, Witch Bonus, Yamate, 1988, set 1)	1988	Yamate
ns8linewd	New Lucky 8 Lines / New Super 8 Lines (W-4, Witch Bonus, Yamate, 1988, set 2)	1988	Yamate
nslasher	Night Slashers (Korea Ver. 1.3, DE-0397-0 PCB)	1994	Data East Corporation
nslasherj	Night Slashers (Japan Ver. 1.2, DE-0397-0 PCB)	1994	Data East Corporation
nslashers	Night Slashers (World Ver. 1.2, DE-0397-0 PCB)	1994	Data East Corporation
nslasheru	Night Slashers (US Ver. 1.2, DE-0395-1 PCB)	1994	Data East Corporation
nspirit	Ninja Spirit (World)	1988	Irem
nspiritj	Saigo no Nindou (Japan)	1988	Irem
nsplashkr	New Splash (ver. 1.4, checksum A26032A3, Korea, set 1)	1992	Gaelco / OMK Software (Windial license)
nsplashkra	New Splash (ver. 1.4, checksum A26032A3, Korea, set 2)	1992	Gaelco / OMK Software (Windial license)
nss	Nintendo Super System BIOS	199?	Nintendo
nss_actr	Act Raiser (Nintendo Super System)	1992	Enix
nss_adam	The Addams Family (Nintendo Super System)	1992	Ocean
nss_aten	David Crane's Amazing Tennis (Nintendo Super System)	1992	Absolute Entertainment Inc.
nss_fzer	F-Zero (Nintendo Super System)	1991	Nintendo
nss_skin	Skins Game (Nintendo Super System)	1992	Irem
nstocker	Night Stocker (10/6/86)	1986	Bally/Sente
nstockera	Night Stocker (8/27/86)	1986	Bally/Sente
nsub	N-Sub (upright)	1980	Sega
nsubc	N-Sub (cocktail)	1980	Sega
ntopstar	Mahjong Nerae! Top Star (Japan)	1990	Nichibutsu
numanath	Numan Athletics (World)	1993	Namco
numanathj	Numan Athletics (Japan)	1993	Namco
number1	Number One	1996	San Remo Games
number10	Number Dieci (Poker)	2000	Playmark
number10l	Number Dieci (Lattine)	2000	Playmark
numcrash	Number Crash	1983	Hanshin Goraku / Peni
nunchaku	Nunchackun	1985	Kaneko / Taito
nvs_machrider	Vs. Mach Rider (Endurance Course Version)	1985	Nintendo
nvs_machridera	Vs. Mach Rider (Fighting Course Version, set MR4-1 A)	1985	Nintendo
nvs_mightybj	Vs. Mighty Bomb Jack (Japan)	1986	Tecmo
nvs_platoon	Vs. Platoon	1987	Ocean Software Limited
nwarr	Night Warriors: Darkstalkers' Revenge (Europe 950316)	1995	Capcom
nwarra	Night Warriors: Darkstalkers' Revenge (Asia 950302)	1995	Capcom
nwarrb	Night Warriors: Darkstalkers' Revenge (Brazil 950403)	1995	Capcom
nwarrh	Night Warriors: Darkstalkers' Revenge (Hispanic 950403)	1995	Capcom
nwarru	Night Warriors: Darkstalkers' Revenge (USA 950406)	1995	Capcom
nwarrud	Night Warriors: Darkstalkers' Revenge (USA 950406 Phoenix Edition) (bootleg)	1995	bootleg
nyanpai	Nyanpai (Japan)	1996	Nichibutsu
nyanpani	Nyan Nyan Panic (Japan)	1988	Konami
nycaptor	N.Y. Captor (rev 2)	1985	Taito
nyjoker	New York Joker	2000	High Video
nyny	New York! New York!	1980	Sigma Enterprises Inc.
nynyg	New York! New York! (Gottlieb)	1980	Sigma Enterprises Inc. (Gottlieb license)
nzeroteam	New Zero Team (V33 SYSTEM TYPE_B hardware)	1997	Seibu Kaihatsu
nzeroteama	New Zero Team (V33 SYSTEM TYPE_B hardware, Zhongguo Shantou Yihuang license)	1997	Seibu Kaihatsu (Zhongguo Shantou Yihuang license)
nzeroteamb	New Zero Team (V33 SYSTEM TYPE_B hardware, Haoyunlai Trading Company license)	1997	Seibu Kaihatsu (Haoyunlai Trading Company license)
oceanhun	The Ocean Hunter (Revision A)	1998	Sega
oceanhuna	The Ocean Hunter	1998	Sega
oceanpar	Ocean Paradise (V105US)	1999	IGS
oceanpar101us	Ocean Paradise (V101US)	1999	IGS
oedfight	Oedo Fight (Japan, Bloodshed version)	1994	Kaneko
oedfighta	Oedo Fight (Japan, Bloodless version)	1994	Kaneko
offensiv	Offensive (Spanish bootleg of Scramble)	1981	bootleg (Video Dens)
officeye	Office Yeoin Cheonha (version 1.2)	2001	Danbi
offroad	Ironman Ivan Stewart's Super Off-Road (rev 4)	1989	Leland Corporation
offroad3	Ironman Ivan Stewart's Super Off-Road (rev 3)	1989	Leland Corporation
offroadc	Off Road Challenge (v1.63)	1997	Midway
offroadc0	Off Road Challenge (v1.00)	1997	Midway
offroadc1	Off Road Challenge (v1.10)	1997	Midway
offroadc3	Off Road Challenge (v1.30)	1997	Midway
offroadc4	Off Road Challenge (v1.40)	1997	Midway
offroadc5	Off Road Challenge (v1.50)	1997	Midway
offroadt	Ironman Ivan Stewart's Super Off-Road Track-Pak (rev 4?)	1989	Leland Corporation
offroadt2p	Ironman Ivan Stewart's Super Off-Road Track-Pak (rev 4, 2 players)	1989	Leland Corporation
offtwall	Off the Wall (2/3-player upright)	1991	Atari Games
offtwallc	Off the Wall (2-player cocktail)	1991	Atari Games
ogonsiro	Ougon no Shiro (Japan)	1986	Allumer / Taito
ohbakyuun	Oh! Bakyuuun (Japan, OB1/VER.A)	1999	Eighting / Raizing / Namco
ohmygod	Oh My God! (Japan)	1993	Atlus
ohpaipee	Oh! Paipee (Japan 890227)	1989	Nichibutsu
oigas	Oigas (bootleg)	1986	bootleg
oisipuzl	Oishii Puzzle Ha Irimasenka	1993	Sunsoft / Atlus
ojanko2	Ojanko Yakata 2bankan (Japan)	1987	V-System Co.
ojankoc	Ojanko Club (Japan, Program Ver. 1.3, set 1)	1986	V-System Co.
ojankoca	Ojanko Club (Japan, Program Ver. 1.2)	1986	V-System Co.
ojankocb	Ojanko Club (Japan, Program Ver. 1.3, set 2)	1986	V-System Co.
ojankohs	Ojanko High School (Japan)	1988	V-System Co.
ojankoy	Ojanko Yakata (Japan)	1986	V-System Co.
ojousan	Ojousan (Japan 871204)	1987	Nichibutsu
ojousanm	Ojousan (Japan 870108, medal)	1987	Nichibutsu
olds	Oriental Legend Super / Xiyou Shi E Zhuan Super (ver. 101, Korean Board)	1998	IGS
olds100	Oriental Legend Special / Xiyou Shi E Zhuan Super (ver. 100, set 1)	1998	IGS
olds100a	Oriental Legend Special / Xiyou Shi E Zhuan Super (ver. 100, set 2)	1998	IGS
olds103t	Xiyou Shi E Zhuan Super (ver. 103, China, Tencent) (unprotected)	1998	bootleg
oldsplus	Oriental Legend 2 (Korea) / Xiyou Shi E Zhuan Qunmoluanwu (World, China, Japan, Hong Kong, Taiwan) (ver. 205) [Oriental Ex]	2004	IGS
oldsplus203	Oriental Legend 2 (Korea) / Xiyou Shi E Zhuan Qunmoluanwu (World, China, Japan, Hong Kong, Taiwan) (ver. 203) [Oriental Ex]	2004	IGS
olibochu	Oli-Boo-Chu (USA)	1981	Irem (GDI license)
olibug	Oli Bug (bootleg of Jump Bug)	1982	bootleg
olmandingc	Olivmandingo (Spanish bootleg of Mandinga on Galaxian hardware, set 2)	1982	bootleg (Calfesa)
olmandingo	Olivmandingo (Spanish bootleg of Mandinga on Galaxian hardware, set 1)	1982	bootleg
omega	Omega	1986	Nihon System
omegaa	Omega (earlier)	1986	Nihon System
omegab	Omega (bootleg?)	19??	bootleg?
omegaf	Omega Fighter (set 1)	1989	UPL
omegafa	Omega Fighter (set 2)	1989	UPL
omegafs	Omega Fighter Special	1989	UPL
omegrace	Omega Race (set 1)	1981	Midway
omegrace2	Omega Race (set 2)	1981	Midway
omegrace3	Omega Race (set 3, 7/27)	1981	Midway
omni	Omni	19??	bootleg (Videa System)
omotesnd	Omotesandou (Japan 890215)	1989	Anime Tec
oneshot	One Shot One Kill	1996	Promat
onetwo	One + Two	1997	Barko
onetwoe	One + Two (earlier)	1997	Barko
onna34ro	Onna Sanshirou - Typhoon Gal (rev 1)	1985	Taito
onna34roa	Onna Sanshirou - Typhoon Gal (bootleg)	1985	bootleg
ooparts	OOPArts (prototype, joystick hack)	1992	hack
op5cards	Open 5 Cards	1987	MNG
opaopa	Opa Opa (MC-8123, 317-0042)	1987	Sega
opaopan	Opa Opa (Rev A, unprotected)	1987	Sega
opengolf	Konami's Open Golf Championship (ver EAE)	1994	Konami
opengolf2	Konami's Open Golf Championship (ver EAD)	1994	Konami
openice	NHL Open Ice: 2 on 2 Challenge (rev 1.21)	1995	Midway
openicea	NHL Open Ice: 2 on 2 Challenge (rev 1.2A)	1995	Midway
openmj	Open Mahjong (Japan)	1981?	Sapporo Mechanic
optiger	Operation Tiger (Ver 2.14 O)	1998	Taito
optigera	Operation Tiger (Ver 2.10 O)	1998	Taito
optigerj	Operation Tiger (Ver 2.09 J)	1998	Taito
optigersm	Operation Tiger Second Mission (Ver 2.02 J)	1998	Taito
opwolf	Operation Wolf (World, rev 2, set 1)	1987	Taito
opwolf3	Operation Wolf 3 (World)	1994	Taito
opwolf3j	Operation Wolf 3 (Japan)	1994	Taito
opwolf3u	Operation Wolf 3 (US)	1994	Taito America
opwolfa	Operation Wolf (World, rev 2, set 2)	1987	Taito
opwolfb	Operation Bear (bootleg of Operation Wolf)	1987	bootleg (Bear)
opwolfj	Operation Wolf (Japan, rev 2)	1987	Taito
opwolfjsc	Operation Wolf (Japan, SC)	1987	Taito
opwolfp	Operation Wolf (Japan, prototype)	1987	Taito
opwolfu	Operation Wolf (US, rev 2)	1987	Taito America
orangec	Orange Club - Maruhi Kagai Jugyou (Japan 880213)	1988	Daiichi Denshi
orangeci	Orange Club - Maru-hi Ippatsu Kaihou (Japan 880221)	1988	Daiichi Denshi
orbit	Orbit	1978	Atari
orbite	Orbite (prototype)	1979?	Model Racing
orbitron	Orbitron	1982	Comsoft (Signatron USA license)
orbs	Orbs (10/7/94 prototype?)	1994	American Sammy
ordyne	Ordyne (World)	1988	Namco
ordynej	Ordyne (Japan)	1988	Namco
ordyneje	Ordyne (Japan, English Version)	1988	Namco
orius	Orius (ver UAA)	1991	Konami
orleg2	Oriental Legend 2 (V104, Oversea)	2007	IGS
orleg2_101	Oriental Legend 2 (V101, Oversea)	2007	IGS
orleg2_101cn	Xiyou Shi E Zhuan 2 (V101, China)	2007	IGS (Huatong license)
orleg2_101jp	Saiyuu Shakuyakuden 2 (V101, Japan)	2007	IGS (Alta license)
orleg2_103	Oriental Legend 2 (V103, Oversea)	2007	IGS
orleg2_103cn	Xiyou Shi E Zhuan 2 (V103, China)	2007	IGS (Huatong license)
orleg2_103jp	Saiyuu Shakuyakuden 2 (V103, Japan)	2007	IGS (Alta license)
orleg2_104cn	Xiyou Shi E Zhuan 2 (V104, China)	2007	IGS (Huatong license)
orleg2_104jp	Saiyuu Shakuyakuden 2 (V104, Japan)	2007	IGS (Alta license)
orlegend	Oriental Legend / Xiyou Shi E Zhuan (ver. 126)	1997	IGS
orlegend105k	Oriental Legend / Xiyou Shi E Zhuan (ver. 105, Korean Board)	1997	IGS
orlegend105t	Oriental Legend / Xiyou Shi E Zhuan (ver. 105, Taiwanese Board)	1997	IGS
orlegend111c	Oriental Legend / Xiyou Shi E Zhuan (ver. 111, Chinese Board)	1997	IGS
orlegend111k	Oriental Legend / Xiyou Shi E Zhuan (ver. 111, Korean Board)	1997	IGS
orlegend111t	Oriental Legend / Xiyou Shi E Zhuan (ver. 111, Taiwanese Board)	1997	IGS
orlegendc	Oriental Legend / Xiyou Shi E Zhuan (ver. 112, Chinese Board)	1997	IGS
orlegendca	Oriental Legend / Xiyou Shi E Zhuan (ver. ???, Chinese Board)	1997	IGS
orlegende	Oriental Legend / Xiyou Shi E Zhuan (ver. 112)	1997	IGS
orunners	OutRunners (World)	1992	Sega
orunnersj	OutRunners (Japan)	1992	Sega
orunnersu	OutRunners (US)	1992	Sega
oscar	Psycho-Nics Oscar (World revision 0)	1987	Data East Corporation
oscarbl	Psycho-Nics Oscar (World revision 0, bootleg)	1987	bootleg
oscarj1	Psycho-Nics Oscar (Japan revision 1)	1987	Data East Corporation
oscarj2	Psycho-Nics Oscar (Japan revision 2)	1987	Data East Corporation
oscaru	Psycho-Nics Oscar (US)	1988	Data East USA
osman	Osman (World)	1996	Mitchell
otatidai	Disco Mahjong Otachidai no Okite (Japan)	1995	Sphinx
otenamhf	Otenami Haiken Final (V2.07JC 2005/04/20 15:36)	2005	Success / Warashi
otenamih	Otenami Haiken (V2.04J 1999/02/01 18:00:00)	1999	Success
otenki	Otenki Kororin (V2.01J 2001/07/02 10:00)	2001	Takumi
othello	Othello (version 3.0)	1984	Success
othellos	Othello Shiyouyo (J 980423 V1.002)	1998	Success
othldrby	Othello Derby (Japan)	1995	Sunwise
othunder	Operation Thunderbolt (World, rev 1)	1988	Taito
othunderj	Operation Thunderbolt (Japan)	1988	Taito
othunderjsc	Operation Thunderbolt (Japan, SC)	1988	Taito
othundero	Operation Thunderbolt (World)	1988	Taito
othunderu	Operation Thunderbolt (US, rev 1)	1988	Taito America
othunderua	Operation Thunderbolt (US)	1988	Taito America
otonano	Otona no Mahjong (Japan 880628)	1988	Apple
otwalls	Off the Wall (Sente) (10/16/84)	1984	Bally/Sente
outfxies	The Outfoxies (World, OU2)	1994	Namco
outfxiesa	The Outfoxies (Korea?)	1994	Namco
outfxiesj	The Outfoxies (Japan, OU1)	1994	Namco
outfxiesja	The Outfoxies (Japan, OU1, alternate GFX ROMs)	1994	Namco
outline	Outline	1982	Century Electronics
outrun	Out Run (sitdown/upright, Rev B)	1986	Sega
outrunb	Out Run (bootleg)	1986	bootleg
outrundx	Out Run (deluxe sitdown)	1986	Sega
outrundxa	Out Run (deluxe sitdown earlier version)	1986	Sega
outrundxeh	Out Run (deluxe sitdown) (Enhanced Edition v2.0.3)	2020	hack (Chris White)
outrundxeha	Out Run (deluxe sitdown) (Enhanced Edition v1.0.3)	2013	hack (Chris White)
outrundxj	Out Run (Japan, deluxe sitdown) (FD1089A 317-0019)	1986	Sega
outruneh	Out Run (sitdown/upright, Rev B) (Enhanced Edition v2.0.3)	2020	hack (Chris White)
outruneha	Out Run (sitdown/upright, Rev B) (Enhanced Edition v1.1.0)	2014	hack (Chris White)
outrunra	Out Run (sitdown/upright, Rev A)	1986	Sega
outzone	Out Zone	1990	Toaplan
outzonea	Out Zone (old set)	1990	Toaplan
outzoneb	Out Zone (older set)	1990	Toaplan
outzonec	Out Zone (oldest set)	1990	Toaplan
outzonecv	Out Zone (Zero Wing TP-015 PCB conversion)	1990	Toaplan
outzoneh	Out Zone (harder)	1990	Toaplan
overdriv	Over Drive (set 1)	1990	Konami
overdriva	Over Drive (set 2)	1990	Konami
overdrivb	Over Drive (set 3)	1990	Konami
overrev	Over Rev (Model 2C, Revision A)	1997	Jaleco
overrevb	Over Rev (Model 2B, Revision B)	1997	Jaleco
overrevba	Over Rev (Model 2B, Revision A)	1997	Jaleco
overtop	Over Top	1996	ADK
ozmawars	Ozma Wars (set 1)	1979	SNK
ozmawars2	Ozma Wars (set 2)	1979	SNK
ozmawars3	Ozma Wars (set 3)	1979	SNK
ozmawarsmr	Ozma Wars (Model Racing bootleg)	1979	bootleg (Model Racing)
ozon1	Ozon I	1983	Proma
p47	P-47: The Phantom Fighter (World)	1988	Jaleco
p47a	P-47: The Freedom Fighter (World)	1988	Jaleco
p47aces	P-47 Aces (ver 1.1)	1995	Jaleco
p47acesa	P-47 Aces (ver 1.0)	1995	Jaleco
p47bl	P-47: The Freedom Fighter (World, bootleg)	1988	bootleg
p47j	P-47: The Freedom Fighter (Japan)	1988	Jaleco
p47je	P-47: The Freedom Fighter (Japan, Export)	1988	Jaleco
p911	The Keisatsukan: Shinjuku 24-ji (ver AAE)	2000	Konami
p9112	Police 911 2 (VER. UAA:B)	2001	Konami
p911ac	The Keisatsukan: Shinjuku 24-ji (ver AAC)	2000	Konami
p911ed	Police 24/7 (ver EAD)	2000	Konami
p911j	The Keisatsukan: Shinjuku 24-ji (ver JAE)	2000	Konami
p911k	The Keisatsukan: Shinjuku 24-ji (ver KAE)	2000	Konami
p911kc	The Keisatsukan: Shinjuku 24-ji (ver KAC)	2000	Konami
p911ud	Police 911 (ver UAD)	2000	Konami
pac90	Pac-Man (bootleg on World Cup '90 hardware)	199?	bootleg (Macro)
pacapp	Paca Paca Passion (Japan, PPP1/VER.A2)	1998	Produce / Namco
pacapp2	Paca Paca Passion 2 (Japan, PKS1/VER.A)	1999	Produce / Namco
pacappsp	Paca Paca Passion Special (Japan, PSP1/VER.A)	1999	Produce / Namco
paccarn	Pac-Carnival	1996	Namco
paceight	Pac-Eight	1996	Namco
pacgal	Pac-Gal (set 1)	1981	hack
pacgal2	Pac-Gal (set 2)	1981	bootleg
pacheart	Pac-Man (Hearts)	1981	hack
pachifev	Pachifever	1983	Sanki Denshi Kogyo
pachiten	Medal Mahjong Pachi-Slot Tengoku (Japan)	1993	Nichibutsu / AV Japan / Miki Syouji
packbang	Pack'n Bang Bang	1994	Kaneko
packbangp	Pack'n Bang Bang (prototype)	1994	Kaneko
packsystem	Pack System (Game FB55 ver.2, encrypted)	1991	bootleg
packyts	Packy no Treasure Slot (Japan, main ver. 1.3, video ver. 1.1)	1997	Taito
pacland	Pac-Land (World)	1984	Namco
paclandj	Pac-Land (Japan new)	1984	Namco
paclandjo	Pac-Land (Japan old)	1984	Namco
paclandjo2	Pac-Land (Japan older)	1984	Namco
paclandm	Pac-Land (Midway)	1984	Namco (Bally Midway license)
paclandm2	Pac-Land (Bally-Midway)	1984	Namco (Bally Midway license)
paclandp	Pac-Land (United Amusements PC Engine)	1989	Namco
pacman	Pac-Man (Midway)	1980	Namco (Midway license)
pacmanbl	Pac-Man (bootleg on Galaxian hardware, set 1)	1981	bootleg
pacmanbla	Pac-Man (bootleg on Galaxian hardware, set 2)	1981	bootleg
pacmanblb	Pac-Man (bootleg on Moon Alien 'AL-10A1' hardware)	1981	bootleg
pacmanblc	Pac-Man (Calfesa, Spanish bootleg on Galaxian hardware)	1981	bootleg (Calfesa)
pacmanblci	Pac-Man (Cirsa, Spanish bootleg on Galaxian hardware)	1981	bootleg (Cirsa)
pacmanblco	Pac-Man (Cocamatic, Spanish bootleg on Galaxian hardware)	1981	bootleg (Cocamatic)
pacmanblv	Pac-Man (Video Dens, Spanish bootleg on Galaxian hardware, set 1)	1981	bootleg (Video Dens)
pacmanblva	Pac-Man (Video Dens, Spanish bootleg on Galaxian hardware, set 2)	1981	bootleg (Video Dens)
pacmanf	Pac-Man (Midway, speedup hack)	1980	hack
pacmanfm	Pac Man (FAMARE S.A. bootleg of Puck Man)	1980	bootleg (FAMARE S.A.)
pacmania	Pac-Mania	1987	Namco
pacmaniaj	Pac-Mania (Japan)	1987	Namco
pacmaniao	Pac-Mania (111187 sound program)	1987	Namco
pacmanjpm	Pac-Man (JPM bootleg)	1981	bootleg (JPM)
pacmanmr	Pac-Man (Model Racing bootleg)	1981	bootleg (Model Racing)
pacmanpe	Come Come (Petaco SA bootleg of Puck Man)	1980	bootleg (Petaco SA)
pacmanso	Pac-Man (SegaSA / Sonic)	1980	Namco (Sonic license)
pacmansp	Puck Man (Spanish, 'Made in Greece' bootleg)	198?	bootleg (Video Game SA)
pacmanug	Pac Man (U.Games bootleg of Puck Man)	1980	bootleg (U.Games)
pacmanvg	Pac-Man (Video Game SA bootleg)	1980	bootleg (Video Game SA)
pacmod	Pac-Man (Midway, harder)	1981	Namco (Midway license)
pacnchmp	Pac-Man & Chomp Chomp	1983	Namco
pacnpal	Pac & Pal	1983	Namco
pacnpal2	Pac & Pal (older)	1983	Namco
pacominv	Pacom Invader (set 1)	1979	Pacom Corporation
pacominva	Pacom Invader (set 2)	1979	Pacom Corporation
pacplus	Pac-Man Plus	1982	Namco (Midway license)
pacslot	Pac-Slot	1996	Namco
pacuman	Pacu-Man (Spanish bootleg of Puck Man)	1980	bootleg (Recreativos Franco S.A.)
paddle2	Paddle 2 (bootleg on Block hardware)	1988	bootleg
paddlema	Paddle Mania	1988	SNK
painter	Painter (hack of Crush Roller)	1984	hack (Monshine Ent. Co.)
paintlad	Painted Lady (ver. 1.3, checksum E7BEEEFA, North America)	1992	Gaelco / OMK Software
paintrlr	Paint Roller (bootleg of Crush Roller)	1981	bootleg
pairlove	Pairs Love	1991	Athena / Nihon System
pairs	Pairs (V1.2, 09/30/94)	1994	Strata / Incredible Technologies
pairsa	Pairs (V1, 09/07/94)	1994	Strata / Incredible Technologies
pairsnb	Pairs (Nichibutsu) (Japan 890822)	1989	Nichibutsu
pairsred	Pairs Redemption (V1.0, 10/25/94)	1994	Strata / Incredible Technologies
pairsten	Pairs (System Ten) (Japan 890826)	1989	System Ten
pajaroes	Pajaro del Espacio (Spanish bootleg of UniWar S)	1980	bootleg (PSV S.A.)
palamed	Palamedes (US)	1990	Hot-B
palamedj	Palamedes (Japan)	1990	Taito
pandoras	Pandora's Palace	1984	Konami / Interlogic
pang	Pang (World)	1989	Mitchell
pang3	Pang! 3 (Europe 950601)	1995	Mitchell
pang3b	Pang! 3 (bootleg, set 1)	1995	bootleg
pang3b2	Pang! 3 (bootleg, set 2)	1995	bootleg
pang3b3	Pang! 3 (bootleg, set 3)	1995	bootleg
pang3b4	Pang! 3 (bootleg, set 4)	1995	bootleg
pang3b5	Pang! 3 (bootleg, set 5)	1995	bootleg
pang3j	Pang! 3: Kaitou Tachi no Karei na Gogo (Japan 950511)	1995	Mitchell
pang3r1	Pang! 3 (Europe 950511)	1995	Mitchell
pangb	Pang (bootleg, set 1)	1989	bootleg
pangb2	Pang (bootleg, set 4)	1989	bootleg
pangba	Pang (bootleg, set 3)	1989	bootleg
pangbb	Pang (bootleg, set 5)	1989	bootleg
pangbc	Pang (bootleg, set 7)	1989	bootleg
pangbold	Pang (bootleg, set 2)	1989	bootleg
pangpang	Pang Pang	1994	Dong Gue La Mi Ltd.
pangpoms	Pang Pom's	1992	Metro
pangpomsm	Pang Pom's (Mitchell)	1992	Metro (Mitchell license)
pangpomsn	Pang Pom's (Nova)	1992	Nova
panic	Space Panic (version E)	1980	Universal
panic2	Space Panic (set 2)	1980	Universal
panic3	Space Panic (set 3)	1980	Universal
panic4	Space Panic (set 4)	1980	Universal
panicbl	Space Panic (bootleg)	1980	bootleg
panicbom	Panic Bomber	1994	Eighting / Hudson Soft
panicger	Space Panic (German)	1980	Universal (ADP Automaten license)
panich	Space Panic (harder)	1980	Universal
panicprk	Panic Park (World, PNP2 Ver. A)	1997	Namco
panicprkj	Panic Park (Japan, PNP1 Ver. B)	1997	Namco
panicr	Panic Road (Japan)	1986	Seibu Kaihatsu (Taito license)
panicrg	Panic Road (Germany)	1986	Seibu Kaihatsu (Tuning license)
panicstr	Panic Street (Japan)	1999	Kaneko
panikuru	Panikuru Panekuru (Japan, PPA1 Ver.A)	2002	Namco
panther	Panther (bootleg?)	1981	Irem
panzer	Panzer (bootleg of Spectar)	1980	bootleg (Proel)
paperboy	Paperboy (rev 3)	1984	Atari Games
paperboyr1	Paperboy (rev 1)	1984	Atari Games
paperboyr2	Paperboy (rev 2)	1984	Atari Games
paprazzi	Paparazzi	1996	Yun Sung
para2dx	Paradise 2 Deluxe	199?	Yun Sung
paraca	Paracaidista	1979	Video Game / Electrogame
paradise	Paradise (set 1)	1994	Yun Sung
paradisea	Paradise (set 2)	1994	Yun Sung
paradisee	Paradise (Escape)	1994	Yun Sung (Escape license)
paradlx	Paradise Deluxe	199?	Yun Sung
paranoia	Paranoia (Arcade PC Engine, bootleg?)	1990	Naxat Soft
parentj	Parent Jack (Japan)	1989	Taito
parodius	Parodius Da!: Shinwa kara Owarai e (World, set 1)	1990	Konami
parodiusa	Parodius Da!: Shinwa kara Owarai e (Asia)	1990	Konami
parodiuse	Parodius Da!: Shinwa kara Owarai e (World, set 2)	1990	Konami
parodiusj	Parodius Da!: Shinwa kara Owarai e (Japan)	1990	Konami
parrot3	Parrot Poker III (Version 2.6E Dual)	2004	Amcoe
parrot3b1	Parrot Poker III (Version 2.6R, set 1)	2004	Amcoe
parrot3d1	Parrot Poker III (Version 2.6R, set 2)	2004	Amcoe
parrot3o	Parrot Poker III (Version 2.4)	2003	Amcoe
parrot3v1	Parrot Poker III (Version 2.6R Dual)	2004	Amcoe
pasha2	Pasha Pasha 2	1998	Dong Sung
pass	Pass	1992	Oksan
passht4b	Passing Shot (4 Players) (bootleg)	1988	bootleg
passsht	Passing Shot (World, 2 Players) (FD1094 317-0080)	1988	Sega
passsht16a	Passing Shot (Japan, 4 Players, System 16A) (FD1094 317-0071)	1988	Sega
passshta	Passing Shot (World, 4 Players) (FD1094 317-0074)	1988	Sega
passshtad	Passing Shot (World, 4 Players) (bootleg of FD1094 317-0074 set)	1988	bootleg
passshtb	Passing Shot (2 Players) (bootleg)	1988	bootleg
passshtd	Passing Shot (World, 2 Players) (bootleg of FD1094 317-0080 set)	1988	bootleg
passshtj	Passing Shot (Japan, 4 Players) (FD1094 317-0070)	1988	Sega
passshtjd	Passing Shot (Japan, 4 Players) (bootleg of FD1094 317-0070 set)	1988	bootleg
pastelg	Pastel Gal (Japan 851224)	1985	Nichibutsu
pastelis	Pastel Island (Japan, prototype)	1993	Visco
patapata	Pata Pata Panic	1993	Atlus
patimono	Mahjong Pachinko Monogatari (Japan)	1992	Nichibutsu
patocar	Hashire Patrol Car (J 990326 V1.000)	2001	Sega
pbaction	Pinball Action (set 1)	1985	Tehkan
pbaction2	Pinball Action (set 2, encrypted)	1985	Tehkan
pbaction3	Pinball Action (set 3, encrypted)	1985	Tehkan
pbaction4	Pinball Action (set 4, encrypted)	1985	Tehkan
pbactiont	Pinball Action (Tecfri, with external display)	1985	Tehkan (Tecfri license)
pbactiont2	Pinball Action (Tecfri, without external display)	1985	Tehkan (Tecfri license)
pballoon	Pioneer Balloon	1982	SNK
pballoonr	Pioneer Balloon (Rock-Ola license)	1982	SNK (Rock-Ola license)
pbancho	Gyakuten!! Puzzle Bancho (Japan, set 1)	1996	Fuuki
pbanchoa	Gyakuten!! Puzzle Bancho (Japan, set 2)	1996	Fuuki
pbchmp95	Pinball Champ '95	1995	Veltmeijer Automaten
pbillian	Prebillian	1986	Kaneko / Taito
pbillianb	Prebillian (bootleg)	1987	bootleg (Game Corp.)
pbillrd	Perfect Billiard	1987	Nihon System (United Artists license)
pbillrdbl	Perfect Billiard (bootleg)	1987	bootleg
pbillrds	Perfect Billiard (MC-8123, 317-0030)	1987	Nihon System (Sega license)
pbillrdsa	Perfect Billiard (MC-8123, 317-5008)	1987	Nihon System (Sega license)
pblbeach	Pebble Beach - The Great Shot (JUE 950913 V0.990)	1995	T&E Soft
pbobbl2n	Puzzle Bobble 2 / Bust-A-Move Again (Neo-Geo)	1999	Taito (SNK license)
pbobble	Puzzle Bobble (Japan, B-System)	1994	Taito
pbobble2	Puzzle Bobble 2 (Ver 2.3O 1995/07/31)	1995	Taito
pbobble2j	Puzzle Bobble 2 (Ver 2.2J 1995/07/20)	1995	Taito
pbobble2o	Puzzle Bobble 2 (Ver 2.2O 1995/07/20)	1995	Taito
pbobble2u	Bust-A-Move Again (Ver 2.3A 1995/07/31)	1995	Taito America
pbobble2x	Puzzle Bobble 2X (Ver 2.2J 1995/11/11)	1995	Taito
pbobble3	Puzzle Bobble 3 (Ver 2.1O 1996/09/27)	1996	Taito
pbobble3j	Puzzle Bobble 3 (Ver 2.1J 1996/09/27)	1996	Taito
pbobble3u	Puzzle Bobble 3 (Ver 2.1A 1996/09/27)	1996	Taito
pbobble4	Puzzle Bobble 4 (Ver 2.04O 1997/12/19)	1997	Taito
pbobble4j	Puzzle Bobble 4 (Ver 2.04J 1997/12/19)	1997	Taito
pbobble4u	Puzzle Bobble 4 (Ver 2.04A 1997/12/19)	1997	Taito
pbobblen	Puzzle Bobble / Bust-A-Move (Neo-Geo, NGM-083)	1994	Taito
pbobblenb	Puzzle Bobble / Bust-A-Move (Neo-Geo, bootleg)	1994	bootleg
pbss330	Pit Boss Superstar III 30 (9233-00-01 R0B, Standard version)	1993	Merit
pbss330a	Pit Boss Superstar III 30 (9233-00-01 R0, Standard version)	1993	Merit
pbss330ca	Pit Boss Superstar III 30 (9233-00-06 R0A, California version)	1993	Merit
pbst30	Pit Boss Supertouch 30 (9234-10-01 R0)	1994	Merit
pbst30a	Pit Boss Supertouch 30 (9234-00-01 R0A)	1993	Merit
pc_1942	1942 (PlayChoice-10)	1987	Capcom
pc_bball	Baseball (PlayChoice-10)	1984	Nintendo of America
pc_bfght	Balloon Fight (PlayChoice-10)	1984	Nintendo
pc_bload	Bases Loaded (Prototype, PlayChoice-10)	1990	Jaleco (Nintendo of America license)
pc_bstar	Baseball Stars: Be a Champ! (PlayChoice-10)	1989	SNK (Nintendo of America license)
pc_cntra	Contra (PlayChoice-10)	1988	Konami (Nintendo of America license)
pc_cshwk	Captain Sky Hawk (PlayChoice-10)	1989	Rare (Nintendo of America license)
pc_cvnia	Castlevania (PlayChoice-10)	1987	Konami (Nintendo of America license)
pc_dbldr	Double Dribble (PlayChoice-10)	1987	Konami (Nintendo of America license)
pc_ddrgn	Double Dragon (PlayChoice-10)	1988	Technos Japan
pc_drmro	Dr. Mario (PlayChoice-10)	1990	Nintendo
pc_duckh	Duck Hunt (PlayChoice-10)	1984	Nintendo
pc_ebike	Excitebike (PlayChoice-10)	1984	Nintendo
pc_ftqst	Uncle Fester's Quest: The Addams Family (PlayChoice-10)	1989	Sunsoft (Nintendo of America license)
pc_gntlt	Gauntlet (PlayChoice-10)	1985	Atari / Tengen (Nintendo of America license)
pc_golf	Golf (PlayChoice-10)	1984	Nintendo
pc_goons	The Goonies (PlayChoice-10)	1986	Konami
pc_grdue	Gradius (PlayChoice-10, older)	1986	Konami
pc_grdus	Gradius (PlayChoice-10)	1986	Konami
pc_hgaly	Hogan's Alley (PlayChoice-10)	1984	Nintendo
pc_kngfu	Kung Fu (PlayChoice-10)	1985	Irem (Nintendo license)
pc_mario	Mario Bros. (PlayChoice-10)	1983	Nintendo
pc_miket	Mike Tyson's Punch-Out!! (PlayChoice-10)	1987	Nintendo
pc_mman3	Mega Man III (PlayChoice-10)	1990	Capcom USA (Nintendo of America license)
pc_moglf	Mario's Open Golf (PlayChoice-10)	1991	Nintendo
pc_mtoid	Metroid (PlayChoice-10)	1986	Nintendo
pc_ngai2	Ninja Gaiden Episode II: The Dark Sword of Chaos (PlayChoice-10)	1990	Tecmo (Nintendo of America license)
pc_ngai3	Ninja Gaiden Episode III: The Ancient Ship of Doom (PlayChoice-10)	1991	Tecmo (Nintendo of America license)
pc_ngaid	Ninja Gaiden (PlayChoice-10)	1989	Tecmo (Nintendo of America license)
pc_pinbt	PinBot (PlayChoice-10)	1988	Rare (Nintendo of America license)
pc_pwbld	Power Blade (PlayChoice-10)	1991	Taito (Nintendo of America license)
pc_pwrst	Pro Wrestling (PlayChoice-10)	1986	Nintendo
pc_radr2	Rad Racer II (PlayChoice-10)	1990	Square (Nintendo of America license)
pc_radrc	Rad Racer (PlayChoice-10)	1987	Square
pc_rcpam	R.C. Pro-Am (PlayChoice-10)	1987	Rare
pc_rkats	Rockin' Kats (PlayChoice-10)	1991	Atlus (Nintendo of America license)
pc_rnatk	Rush'n Attack (PlayChoice-10)	1987	Konami (Nintendo of America license)
pc_rrngr	Chip'n Dale: Rescue Rangers (PlayChoice-10)	1990	Capcom USA (Nintendo of America license)
pc_rygar	Rygar (PlayChoice-10)	1987	Tecmo (Nintendo of America license)
pc_sjetm	Solar Jetman (PlayChoice-10)	1990	Rare
pc_smb	Super Mario Bros. (PlayChoice-10)	1985	Nintendo
pc_smb2	Super Mario Bros. 2 (PlayChoice-10)	1988	Nintendo
pc_smb3	Super Mario Bros. 3 (PlayChoice-10)	1988	Nintendo
pc_suprc	Super C (PlayChoice-10)	1990	Konami (Nintendo of America license)
pc_tbowl	Tecmo Bowl (PlayChoice-10)	1989	Tecmo (Nintendo of America license)
pc_tenis	Tennis (PlayChoice-10)	1983	Nintendo
pc_tkfld	Track & Field (PlayChoice-10)	1987	Konami (Nintendo of America license)
pc_tmnt	Teenage Mutant Ninja Turtles (PlayChoice-10)	1989	Konami (Nintendo of America license)
pc_tmnt2	Teenage Mutant Ninja Turtles II: The Arcade Game (PlayChoice-10)	1990	Konami (Nintendo of America license)
pc_trjan	Trojan (PlayChoice-10)	1986	Capcom USA (Nintendo of America license)
pc_ttoon	Tiny Toon Adventures (prototype) (PlayChoice-10)	1991	Konami (Nintendo of America license)
pc_vball	Volley Ball (PlayChoice-10)	1986	Nintendo
pc_virus	Virus (Dr. Mario prototype, PlayChoice-10)	1990	Nintendo
pc_wcup	Nintendo World Cup (PlayChoice-10)	1990	Technos Japan (Nintendo license)
pc_wgnmn	Wild Gunman (PlayChoice-10)	1984	Nintendo
pc_ynoid	Yo! Noid (PlayChoice-10)	1990	Capcom USA (Nintendo of America license)
pcktgal	Pocket Gal (Japan)	1987	Data East Corporation
pcktgal2	Pocket Gal 2 (English)	1989	Data East Corporation
pcktgal2j	Pocket Gal 2 (Japanese)	1989	Data East Corporation
pcktgalb	Pocket Gal (Yada East bootleg)	1987	bootleg
pcktgalba	Pocket Gal / unknown card game	1987	bootleg
pclubys	Puzzle Club (Yun Sung, set 1)	2000	Yun Sung
pclubysa	Puzzle Club (Yun Sung, set 2)	2000	Yun Sung
pcnfrk	Percussion Freaks (GQ881 VER. EAB)	1999	Konami
pcnfrk7m	Percussion Freaks 7th Mix (G*C07 VER. AAA)	2002	Konami
pcnfrk8m	Percussion Freaks 8th Mix (G*C38 VER. AAA)	2003	Konami
pcnfrka	Percussion Freaks (GQ881 VER. AAB)	1999	Konami
pcnfrkk	Percussion Freaks (GQ881 VER. KAB)	1999	Konami
pdrift	Power Drift (World, Rev A)	1988	Sega
pdrifta	Power Drift (World)	1988	Sega
pdrifte	Power Drift (World, earlier)	1988	Sega
pdriftj	Power Drift (Japan, Rev C)	1988	Sega
pdriftja	Power Drift (Japan, Rev A)	1988	Sega
pdriftjb	Power Drift (Japan, Rev B)	1988	Sega
pdriftl	Power Drift - Link Version (Japan, Rev A)	1988	Sega
peekaboo	Peek-a-Boo! (Japan, ver. 1.1)	1993	Jaleco
peekaboou	Peek-a-Boo! (North America, ver 1.0)	1993	Jaleco
peepshow	Nozokimeguri Mahjong Peep Show (Japan 890404)	1989	AC
peggle	Peggle (Joystick, v1.0)	1991	Strata / Incredible Technologies
pegglet	Peggle (Trackball, v1.0)	1991	Strata / Incredible Technologies
penbros	Penguin Brothers (Japan)	2000	Subsino
penfan	Penfan Girls - Step1. Mild Mind (set 1)	1999	Eolith
penfana	Penfan Girls - Step1. Mild Mind (set 2)	1999	Eolith
pengadvb	Penguin Adventure (bootleg of MSX version, encrypted)	1988	bootleg (Screen)
pengadvb2	Penguin Adventure (bootleg of MSX version, not encrypted)	1988	bootleg (Comet)
pengo	Pengo (World, not encrypted, rev A)	1982	Sega
pengoa	Pengo (World, 315-5010 type, set 1)	1982	Sega
pengob	Pengo (World, 315-5010 type, set 2)	1982	Sega
pengoc	Pengo (World, 315-5010 type, set 3)	1982	Sega
pengoj	Pengo (Japan, not encrypted)	1982	Sega
pengoja	Pengo (Japan, 315-5010 type, rev C)	1982	Sega
pengojb	Pengo (Japan, 315-5007 type, rev A)	1982	Sega
pengojbl	Pengo (Japan, bootleg)	1982	bootleg
pengojpm	Pengo (bootleg on Pac-Man hardware, set 1)	1981	bootleg
pengomc1	Pengo (Marti Colls bootleg on Pac-Man hardware, set 1)	1982	bootleg (Marti Colls)
pengomc2	Pengo (Marti Colls bootleg on Pac-Man hardware, set 2)	1982	bootleg (Marti Colls)
pengopac	Pengo (bootleg on Pac-Man hardware, set 2)	1981	bootleg
penky	Penky	1996	Yun Sung
penkyi	Penky (Italian)	1996	Yun Sung (Impeuropex license)
penta	Penta (bootleg)	1982	bootleg (Grinbee Shouji)
pepper2	Pepper II (version 8)	1982	Exidy
pepper27	Pepper II (version 7)	1982	Exidy
pepsiman	PEPSI Man	1997	Sigma
percuss	The Percussor	1981	Orca
perestro	Perestroika Girls	1994	Promat
perestrof	Perestroika Girls (Fuuki license)	1993	Promat (Fuuki license)
perfrman	Performan (Japan)	1985	Toaplan / Data East Corporation
perfrmanu	Performan (US)	1985	Toaplan / Data East USA
pesadelo	Pesadelo (bootleg of Konami Knightmare)	1989	bootleg (Forte II Games)
pestplce	Pest Place	1983	bootleg
peterpak	Peter Pack Rat	1984	Atari Games
pettanp	Pettan Pyuu (Japan)	1984	Sun Electronics
pfghtj	Pocket Fighter (Japan 970904)	1997	Capcom
pgalvip	Pocket Gals V.I.P (set 1)	1996	ACE International / Afega
pgalvipa	Pocket Gals V.I.P (set 2)	1997	<unknown>
pgear	Powered Gear: Strategic Variant Armor Equipment (Japan 941024)	1994	Capcom
pgearr1	Powered Gear: Strategic Variant Armor Equipment (Japan 940916)	1994	Capcom
pgm	PGM (Polygame Master) System BIOS	1997	IGS
pgm3in1	Shan Liang San He Yi (Flash 3-in-1) (V102 08/23/04 13:03:26)	2004	IGS
pgm3in1c100	Shan Liang San He Yi (Flash 3-in-1) (V100 07/13/04 12:09:20)	2004	IGS
pgoal	Pleasure Goal / Futsal - 5 on 5 Mini Soccer (NGM-219)	1996	Saurus
pgs268	Portable Game Station 268-in-1	200?	<unknown>
phantasm	Phantasm (Japan)	1990	Jaleco
phantom	Phantom (bootleg of Spectar)	1980	bootleg (Proel)
phantom2	Phantom II	1979	Midway
phantoma	Phantomas (bootleg of Spectar)	1980	bootleg (Jeutel)
phantomp	Phantom Pays (4VXFC5431, New Zealand)	1998	Aristocrat
phelios	Phelios	1988	Namco
pheliosj	Phelios (Japan)	1988	Namco
phklad	Klad / Labyrinth (Photon System)	19??	<unknown>
phoenix	Phoenix (Amstar, set 1)	1980	Amstar
phoenix2	Phoenix (Amstar, set 2)	1980	Amstar
phoenix3	Phoenix (T.P.N. bootleg)	1980	bootleg (T.P.N.)
phoenixa	Phoenix (Centuri, set 1)	1980	Amstar (Centuri license)
phoenixass	Phoenix (Assa, Spanish bootleg)	1981	bootleg (Assa)
phoenixb	Phoenix (Centuri, set 2)	1980	Amstar (Centuri license)
phoenixbl	Phoenix (bootleg)	1981	bootleg
phoenixc	Phoenix (Irecsa / G.G.I. Corporation)	1981	bootleg? (Irecsa / G.G.I. Corporation)
phoenixc2	Phoenix (G.G.I. Corporation, set 1)	1981	bootleg (G.G.I. Corporation)
phoenixc3	Phoenix (G.G.I. Corporation, set 2)	1981	bootleg (G.G.I. Corporation)
phoenixc4	Phoenix (G.G.I. Corporation, set 3)	1981	bootleg (G.G.I. Corporation)
phoenixdal	Phoenix (D&L bootleg)	1980	bootleg (D&L)
phoenixgu	Phoenix (G. Universal Video bootleg)	1981	bootleg? (G. Universal Video)
phoenixha	Phoenix (Hellomat Automaten bootleg)	1981	bootleg (Hellomat Automaten)
phoenixi	Phoenix (IDI bootleg)	1981	bootleg (IDI)
phoenixj	Phoenix (Taito Japan)	1980	Amstar (Taito Japan license)
phoenixjpl	Phoenix (JP Leisure bootleg)	1981	bootleg (JP Leisure)
phoenixs	Phoenix (Sonic, Spanish bootleg)	1981	bootleg (Sonic)
phoenixt	Phoenix (Taito)	1980	Amstar (Taito license)
phoenxp2	Phoenix Part 2	1981	bootleg
photof	Photo Finish (bootleg?)	1991	Jaleco / Casio
photoy2k	Photo Y2K / Chaoji Bi Yi Bi / Dajia Lai Zhao Cha / Real and Fake (ver. 105)	1999	IGS
photoy2k102j	Photo Y2K / Chaoji Bi Yi Bi / Dajia Lai Zhao Cha / Real and Fake (ver. 102, Japanese Board)	1999	IGS
photoy2k103j	Photo Y2K / Chaoji Bi Yi Bi / Dajia Lai Zhao Cha / Real and Fake (ver. 103, Japanese Board)	1999	IGS
photoy2k104	Photo Y2K / Chaoji Bi Yi Bi / Dajia Lai Zhao Cha / Real and Fake (ver. 104)	1999	IGS
phozon	Phozon (Japan)	1983	Namco
phozons	Phozon (Sidam)	1983	Namco (Sidam license)
phpython	Python (Photon System)	1989?	<unknown>
phrcraze	Phraze Craze (6221-40, U5-3A, Expanded Questions)	1986	Merit
phrcrazea	Phraze Craze (6221-40, U5-3, Expanded Questions)	1986	Merit
phrcrazeb	Phraze Craze (6221-40, U5-0A)	1986	Merit
phrcrazec	Phraze Craze (6221-40, U5-0)	1986	Merit
phrcrazev	Phraze Craze (6221-45, U5-2, Vertical)	1986	Merit
phtetris	Tetris (Photon System)	19??	<unknown>
piccolop	Piccolo Poker 100	1991	Admiral/Novomatic
pickin	Pickin'	1983	Valadon Automation
pickwin	Pick 'n Win (Version 2.9E Dual)	2001	Amcoe
pickwinb1	Pick 'n Win (Version 2.9R, set 1)	2001	Amcoe
pickwinbt	Pick 'n Win (Version 2.8T, set 1)	2001	Amcoe
pickwind1	Pick 'n Win (Version 2.9R, set 2)	2001	Amcoe
pickwindt	Pick 'n Win (Version 2.8T, set 2)	2001	Amcoe
pickwino	Pick 'n Win (Version 2.6)	2001	Amcoe
pickwino2	Pick 'n Win (Version 2.5T)	2001	Amcoe
pickwinv1	Pick 'n Win (Version 2.9R Dual)	2001	Amcoe
pickwinvt	Pick 'n Win (Version 2.8T, Dual)	2001	Amcoe
pignewt	Pig Newton (version C)	1983	Sega
pignewta	Pig Newton (version A)	1983	Sega
pigout	Pig Out: Dine Like a Swine! (rev 2?)	1990	Leland Corporation
pigouta	Pig Out: Dine Like a Swine! (rev 1)	1990	Leland Corporation
pigskin	Pigskin 621AD (rev 1.1K 8/01/90)	1990	Midway
pigskina	Pigskin 621AD (rev 2.0 7/06/90)	1990	Midway
pigskinb	Pigskin 621AD (rev 1.1 6/05/90)	1990	Midway
pikkaric	Pikkari Chance	2000	Konami
pinbo	Pinbo (set 1)	1984	Jaleco
pinboa	Pinbo (set 2)	1984	Jaleco
pinbos	Pinbo (bootleg)	1985	bootleg (Strike)
pingpong	Konami's Ping-Pong	1985	Konami
pinguinos	Pinguinos (Spanish bootleg on Pac-Man hardware)	1982	bootleg (Aincar)
pinkswts	Pink Sweets: Ibara Sorekara (Japan, 2006/04/06 MASTER VER....)	2006	Cave (AMI license)
pinkswtsa	Pink Sweets: Ibara Sorekara (Japan, 2006/04/06 MASTER VER...)	2006	Cave (AMI license)
pinkswtsb	Pink Sweets: Ibara Sorekara (Japan, 2006/04/06 MASTER VER.)	2006	Cave (AMI license)
pinkswtssc	Pink Sweets: Suicide Club (2017/10/31 SUICIDECLUB VER., bootleg)	2017	bootleg (Four Horsemen)
pinkswtsx	Pink Sweets: Ibara Sorekara (Japan, 2006/xx/xx MASTER VER.)	2006	Cave (AMI license)
pipedrm	Pipe Dream (World)	1990	Video System Co.
pipedrmj	Pipe Dream (Japan)	1990	Video System Co.
pipedrmt	Pipe Dream (Taiwan)	1990	Video System Co.
pipedrmu	Pipe Dream (US)	1990	Video System Co.
pipeline	Pipeline	1990	Daehyun Electronics
pipibibs	Pipi & Bibis / Whoopee!! (Z80 sound cpu, set 1)	1991	Toaplan
pipibibsa	Pipi & Bibis / Whoopee!! (Z80 sound cpu, set 2)	1991	Toaplan
pipibibsbl	Pipi & Bibis / Whoopee!! (bootleg, encrypted)	1991	bootleg
pipibibsbl3	Pipi & Bibis / Whoopee!! (bootleg, decrypted set 2)	1991	bootleg
pipibibsp	Pipi & Bibis / Whoopee!! (prototype)	1991	Toaplan
pir2001	Pirate 2001 (Version 2.5E Dual)	2001	Amcoe
pir2001b1	Pirate 2001 (Version 2.5R, set 1)	2001	Amcoe
pir2001bx	Pirate 2001 (Version 2.40XT, set 1)	2001	Amcoe
pir2001d1	Pirate 2001 (Version 2.5R, set 2)	2001	Amcoe
pir2001dx	Pirate 2001 (Version 2.40XT, set 2)	2001	Amcoe
pir2001o	Pirate 2001 (Version 2.3N)	2001	Amcoe
pir2001o2	Pirate 2001 (Version 2.3)	2001	Amcoe
pir2001o3	Pirate 2001 (Version 2.20XT)	2001	Amcoe
pir2001v1	Pirate 2001 (Version 2.5R Dual)	2001	Amcoe
pir2001vx	Pirate 2001 (Version 2.40XT Dual)	2001	Amcoe
pir2002	Pirate 2002 (Version 2.0E Dual)	2001	Amcoe
pir2002b1	Pirate 2002 (Version 2.0R, set 1)	2001	Amcoe
pir2002bx	Pirate 2002 (Version 1.90XT, set 1)	2001	Amcoe
pir2002d1	Pirate 2002 (Version 2.0R, set 2)	2001	Amcoe
pir2002dx	Pirate 2002 (Version 1.90XT, set 2)	2001	Amcoe
pir2002o	Pirate 2002 (Version 1.8N)	2001	Amcoe
pir2002o2	Pirate 2002 (Version 1.8)	2001	Amcoe
pir2002o3	Pirate 2002 (Version 1.70XT)	2001	Amcoe
pir2002v1	Pirate 2002 (Version 2.0R Dual)	2001	Amcoe
pir2002vx	Pirate 2002 (Version 1.90XT Dual)	2001	Amcoe
piranha	Piranha	1981	GL (US Billiards license)
piranhah	Piranha (hack)	1981	hack
piranhao	Piranha (older)	1981	GL (US Billiards license)
piratdwb	The Pirates of Dark Water (SNES bootleg)	1996	bootleg (Conny)
pirate	Pirate (051229 World)	2005	Igrosoft
pirate2	Pirate 2 (061005 World)	2006	Igrosoft
pirate2_10	Pirate 2 (110311 Entertainment B)	2006	Igrosoft
pirate2_11	Pirate 2 (140526 Entertainment B)	2006	Igrosoft
pirate2_12	Pirate 2 (110411 Entertainment C)	2006	Igrosoft
pirate2_2	Pirate 2 (070126 Russia)	2006	Igrosoft
pirate2_2a	Pirate 2 (bootleg, 070126, banking address hack)	2006	bootleg
pirate2_3	Pirate 2 (090528 Lottery)	2006	Igrosoft
pirate2_4	Pirate 2 (090730 Entertainment)	2006	Igrosoft
pirate2_5	Pirate 2 (100406 Entertainment X)	2006	Igrosoft
pirate2_6	Pirate 2 (101209 Entertainment N)	2006	Igrosoft
pirate2_7	Pirate 2 (110111 Entertainment A)	2006	Igrosoft
pirate2_8	Pirate 2 (110124 Entertainment A)	2006	Igrosoft
pirate2_9	Pirate 2 (110204 Entertainment A)	2006	Igrosoft
pirate2a	Pirate 2 (bootleg, 061005, banking address hack set 1)	2006	bootleg
pirate2b	Pirate 2 (bootleg, 061005, banking address hack set 2)	2006	bootleg
pirate2c	Pirate 2 (bootleg, 061005, banking address hack, changed version text set 1)	2006	bootleg
pirate2d	Pirate 2 (bootleg, 061005, banking address hack, changed version text set 2)	2006	bootleg
pirate2e	Pirate 2 (bootleg, 061005, banking address hack, changed version text set 3)	2006	bootleg
pirate2f	Pirate 2 (bootleg, 061005, VIDEO GAME-1 PR01)	2006	bootleg
pirate2g	Pirate 2 (bootleg, 061005, LOTTOGAME (I))	2006	bootleg
pirate2h	Pirate 2 (bootleg, 061005, LOTOS PR01)	2006	bootleg
pirate_2	Pirate (060210 World)	2005	Igrosoft
pirate_3	Pirate (060803 World)	2005	Igrosoft
pirate_4	Pirate (070412 Russia)	2005	Igrosoft
pirate_5	Pirate (090803 Entertainment)	2005	Igrosoft
pirates	Pirates (set 1)	1994	NIX
piratesb	Pirates (set 2)	1995	NIX
piratesh	Pirate Ship (ver UAA)	1995	Konami
piratetr	Pirate Treasure	1982	Pacific Polytechnical Corp. (Tong Electronic license)
piratpet	Pirate Pete	1982	Taito America
pirpok2	Pirate Poker II (Version 2.4E Dual)	2003	Amcoe
pirpok2b1	Pirate Poker II (Version 2.2R, set 1)	2003	Amcoe
pirpok2d1	Pirate Poker II (Version 2.2R, set 2)	2003	Amcoe
pirpok2o	Pirate Poker II (Version 2.0)	2003	Amcoe
pirpok2v1	Pirate Poker II (Version 2.2R Dual)	2003	Amcoe
pisces	Pisces	19??	Subelectro
piscesb	Pisces (bootleg)	19??	bootleg
pistoldm	Pistol Daimyo no Bouken (Japan)	1990	Namco
pitapat	Pitapat Puzzle (set 1)	1997	F2 System
pitapata	Pitapat Puzzle (set 2)	1997	F2 System
pitboss	The Pit Boss (2214-07, U5-0A)	1983	Merit
pitboss03	The Pit Boss (2214-03, U5-0C)	1983	Merit
pitboss03a	The Pit Boss (2214-03, U5-1C)	1983	Merit
pitboss03b	The Pit Boss (M4A4)	1983	Merit
pitboss04	The Pit Boss (2214-04)	1983	Merit
pitboss2	Pit Boss II (9221-01C)	1988	Merit
pitbossa	The Pit Boss (2214-07, U5-0)	1983	Merit
pitbossm	Pit Boss Megastar (9244-00-01 R0B)	1994	Merit
pitbossm4	The Pit Boss (M4A1)	1983	Merit
pitbossma	Pit Boss Megastar (9244-00-01 R0)	1994	Merit
pitbossmb	Pit Boss Megastar (9243-00-01 R0)	1994	Merit
pitbossps	The Pit Boss (PSB1)	1983	Merit
pitbosss	Pit Boss Superstar (9221-10-00B)	1990	Merit
pitbosssa	Pit Boss Superstar (9221-10-00A)	1990	Merit
pitbosssac	Pit Boss Superstar (9221-10-01A, California version)	1990	Merit
pitbosssb	Pit Boss Superstar (9221-10-00)	1990	Merit
pitbosssc	Pit Boss Superstar (9221-12-01, California version)	1992	Merit
pitbosssm	Pit Boss Superstar (9221-12-02, Minnesota version)	1992	Merit
pitfall2	Pitfall II (315-5093)	1985	Sega
pitfall2a	Pitfall II (315-5093, Flicky Conversion)	1985	Sega
pitfall2u	Pitfall II (not encrypted)	1985	Sega
pitfight	Pit Fighter (rev 9)	1990	Atari Games
pitfight1p2	Pit Fighter (rev 1, 2 players)	1990	Atari Games
pitfight2	Pit Fighter (rev 2)	1990	Atari Games
pitfight3	Pit Fighter (rev 3)	1990	Atari Games
pitfight4	Pit Fighter (rev 4)	1990	Atari Games
pitfight5	Pit Fighter (rev 5)	1990	Atari Games
pitfight6	Pit Fighter (rev 6)	1990	Atari Games
pitfight7	Pit Fighter (rev 7)	1990	Atari Games
pitfightb	Pit Fighter (bootleg)	1990	bootleg
pitfightj	Pit Fighter (Japan rev 3, 2 players)	1990	Atari Games
pitnrun	Pit & Run - F-1 Race (rev 1)	1984	Taito
pitnruna	Pit & Run - F-1 Race	1984	Taito
pitnrunb	Pit & Run - F-1 Race (location test?)	1984	Taito
pjustic	Project Justice / Moero! Justice Gakuen (Rev B)	2000	Capcom
pjustica	Project Justice / Moero! Justice Gakuen (Rev A)	2000	Capcom
pkboram	PK - New Exciting Poker!	1987	Boram
pkgnsh	Pachinko Gindama Shoubu (Japan)	1998	Nakanihon / Dynax
pkgnshdx	Pachinko Gindama Shoubu DX (Japan)	1998	Nakanihon / Dynax
pkii_dm	Draw Poker HI-LO (PKII/DM)	198?	<unknown>
pkladies	Poker Ladies	1989	Mitchell
pkladiesbl2	Poker Ladies (Censored bootleg, not encrypted)	1989	bootleg
pkladiesl	Poker Ladies (Leprechaun ver. 510)	1989	Leprechaun
pkladiesla	Poker Ladies (Leprechaun ver. 401)	1989	Leprechaun
pkrboram	PK Rainbow (v 1.5)	1990	Boram
pkrdewin	Poker De Win	1990	bootleg
pkrmast	Poker Master (ED-1993, dual game, set 1)	1993	Fun USA
pkrmasta	Poker Master (ED-1993, dual game, set 2)	1993	Fun USA
pkscram	PK Scramble	1993	Cosmo Electronics Corporation
pktet346	PK Tetris (v346I)	1993?	IGS
pktgaldx	Pocket Gal Deluxe (Europe v3.00)	1992	Data East Corporation
pktgaldxa	Pocket Gal Deluxe (Asia v3.00)	1992	Data East Corporation
pktgaldxb	Pocket Gal Deluxe (Europe v3.00, bootleg)	1993	bootleg (Data West)
pktgaldxj	Pocket Gal Deluxe (Japan v3.00)	1993	Data East Corporation (Nihon System license)
pkts	PK Turbo Special	19??	Boram
pkunwar	Penguin-Kun Wars (US)	1985	UPL
pkunwarj	Penguin-Kun Wars (Japan, set 1)	1985	UPL
pkunwarja	Penguin-Kun Wars (Japan, set 2)	1985	UPL
play2000	Play 2000 (Super Slot & Gran Tesoro) (v7.0i) (Italy)	1999	Nova Desitec
play2000_40i	Play 2000 (Super Slot & Gran Tesoro) (v4.0i) (Italy)	1999	Nova Desitec
playball	PlayBall! (prototype)	1983	Williams
playch10	PlayChoice-10 BIOS	1986	Nintendo of America
plegends	Gogetsuji Legends (US, Ver. 95.06.20)	1995	Atlus
plegendsj	Gouketsuji Gaiden - Saikyou Densetsu (Japan, Ver. 95.06.20)	1995	Atlus
pleiadbl	Pleiads (bootleg set 1)	1981	bootleg
pleiadce	Pleiads (Centuri)	1981	Tehkan (Centuri license)
pleiads	Pleiads (Tehkan)	1981	Tehkan
pleiadsb2	Pleiads (bootleg set 2)	1981	bootleg (ESG)
pleiadsgmp	Pleiads (GMP Games)	1981	bootleg (GMP Games)
pleiadsi	Pleiads (Irecsa, set 1)	1981	Tehkan (Irecsa license)
pleiadsia	Pleiads (Irecsa, set 2)	1981	Tehkan (Irecsa license)
pleiadsn	Pleiads (Niemer S.A.)	1981	bootleg (Niemer S.A.)
pleiadss	Pleiads (Famaresa, Spanish bootleg)	1981	bootleg (Famaresa)
plgirls	Play Girls	1992	Hot-B
plgirls2	Play Girls 2 (Europe)	1993	Hot-B
plgirls2b	Play Girls 2 (bootleg)	1993	bootleg
plgirls2j	Play Girls 2 (Japan)	1993	Hot-B
plotting	Plotting (World set 1)	1989	Taito
plottinga	Plotting (World set 2, protected)	1989	Taito
plottingb	Plotting (World set 3, earliest version)	1989	Taito
plottingu	Plotting (US)	1989	Taito America
plsmaswd	Plasma Sword: Nightmare of Bilstein (USA 980316)	1998	Capcom
plsmaswda	Plasma Sword: Nightmare of Bilstein (Asia 980316)	1998	Capcom
pltkids	Pilot Kids (Model 2B, Revision A)	1998	Psikyo
pltkidsa	Pilot Kids (Model 2A)	1998	Psikyo
plumppop	Plump Pop (Japan)	1987	Taito
plusalph	Plus Alpha	1989	Jaleco
plygonet	Polygonet Commanders (ver UAA)	1993	Konami
pma	PMA Poker	1983	PMA
pmpoker	PlayMan Poker (German)	1981	PM / Beck Elektronik
pnchmn	Punch Mania: Hokuto no Ken (GQ918 VER. JAB)	2000	Konami
pnchmn2	Punch Mania 2: Hokuto no Ken (GQA09 JAA)	2000	Konami
pnchmna	Punch Mania: Hokuto no Ken (GQ918 VER. JAB ALT CD)	2000	Konami
pnickj	Pnickies (Japan 940608)	1994	Capcom
pnyaa	Pochi and Nyaa (Ver 2.02)	2003	Aiky / Taito
pnyaaa	Pochi and Nyaa (Ver 2.00)	2003	Aiky / Taito
pocketrc	Pocket Racer (Japan, PKR1/VER.B)	1996	Namco
poitto	Poitto! (Japan revision D)	1993	Metro / Able Corp.
poizone	Poizone	1991	Eterna
pokechmp	Poke Champ (set 1)	1995	D.G.R.M.
pokechmpa	Poke Champ (set 2)	1995	D.G.R.M.
poker21	Poker & 21	1994	Fun Tech Corporation
poker41	Four In One Poker	1983	Game-A-Tron
poker91	Poker 91	1991	<unknown>
pokeresp	Poker (Electro-Sport)	1979	Electro-Sport
pokeri	Poker (Impera, V11/90b)	1991	Impera
pokeriwc	Poker UCMC/IWC (ver 162.03)	1991	UCMC/IWC
pokermon	Mundial/Mondial (Italian/French)	1987	<unknown>
pokerout	Potten's Poker stealth with Breakout front game	19??	<unknown>
pokersis	Good Luck! poker (Sisteme France)	198?	Sisteme France
pokiwc162	Poker UCMC/IWC (ver 162.03 20-6-91)	1991	UCMC/IWC
pokonl97	Poker Only '97 (Talking ver. 3.3)	1997	Amcoe
pokonyan	Pokonyan! Balloon (Japan 940322)	1994	Capcom
pokrdice	Poker Dice (v1.7)	1991	Strata / Incredible Technologies
polaris	Polaris (latest version)	1980	Taito
polarisa	Polaris (second revision)	1980	Taito
polarisb	Polaris (first revision)	1980	Taito
polarisbr	Polaris (Brazil)	1981	Taito do Brasil
polariso	Polaris (original version)	1980	Taito
polepos	Pole Position (World)	1982	Namco
polepos2	Pole Position II (Japan)	1983	Namco
polepos2a	Pole Position II (Atari)	1983	Namco (Atari license)
polepos2b	Pole Position II (bootleg)	1983	bootleg
polepos2bi	Gran Premio F1 (Italian bootleg of Pole Position II)	1984	bootleg
polepos2bs	Gran Premio F1 (Spanish bootleg of Pole Position II)	1984	bootleg (BCN Internacional S.A.)
poleposa1	Pole Position (Atari version 1)	1982	Namco (Atari license)
poleposa1n	Pole Position (Atari version 1 on Namco PCB)	1982	Namco (Atari license)
poleposa2	Pole Position (Atari version 2)	1982	Namco (Atari license)
poleposj	Pole Position (Japan)	1982	Namco
policetr	Police Trainer (Rev 1.3B, Rev 0.3 PCB)	1996	P&P Marketing
policetr10	Police Trainer (Rev 1.0)	1996	P&P Marketing
policetr11	Police Trainer (Rev 1.1)	1996	P&P Marketing
policetr13	Police Trainer (Rev 1.3)	1996	P&P Marketing
policetr13a	Police Trainer (Rev 1.3B Newer, Rev 0.5B PCB)	1996	P&P Marketing
policetr13b	Police Trainer (Rev 1.3B, Rev 0.5B PCB)	1996	P&P Marketing
pollux	Pollux (set 1)	1991	Dooyong
polluxa	Pollux (set 2)	1991	Dooyong
polluxa2	Pollux (set 3)	1991	Dooyong
polluxn	Pollux (Japan, NTC license, distributed by Atlus)	1991	Dooyong (NTC / Atlus license)
polynetw	Poly-Net Warriors (ver JAA)	1993	Konami
polyplay	Poly-Play (ZRE)	1986	VEB Polytechnik Karl-Marx-Stadt
polyplay2	Poly-Play (ZRE-PP)	1989	VEB Polytechnik Karl-Marx-Stadt
polyplay2c	Poly-Play (ZRE-PP - Czech)	1989	VEB Polytechnik Karl-Marx-Stadt
polystar	Tobe! Polystars (ver JAA)	1997	Konami
pompingw	Pomping World (Japan)	1989	Mitchell
ponchin	Mahjong Pon Chin Kan (Japan set 1)	1991	Visco
ponchina	Mahjong Pon Chin Kan (Japan set 2)	1991	Visco
pong	Pong (Rev E)	1972	Atari
pongd	Pong Doubles	1973	Atari
ponpoko	Ponpoko	1982	Sigma Enterprises Inc.
ponpokov	Ponpoko (Venture Line)	1982	Sigma Enterprises Inc. (Venture Line license)
ponttehk	Pontoon (Tehkan)	1985	Tehkan
pool10	Pool 10 (Italian, set 1)	1996	C.M.C.
pool10b	Pool 10 (Italian, set 2)	1996	C.M.C.
pool10c	Pool 10 (Italian, set 3)	1996	C.M.C.
pool10d	Pool 10 (Italian, set 4)	1997	C.M.C.
pool10e	Pool 10 (Italian, Dino 4 hardware, encrypted)	1997	C.M.C.
pool10f	Pool 10 (Italian, set 5)	1997	C.M.C.
pool10g	Pool 10 (Italian, set 6)	1996	C.M.C.
pool10h	Pool 10 (Italian, set 7)	1996	C.M.C.
pool10i	Pool 10 (Italian, set 8)	1997	C.M.C.
pool10j	Pool 10 (Italian, set 9)	1996	bootleg (R.B.)
pool10k	Pool 10 (Italian, set 10)	1997	C.M.C.
poolshrk	Poolshark	1977	Atari
poosho	Poosho Poosho	1999	F2 System
pootan	Pootan	1982	bootleg
pooyan	Pooyan	1982	Konami
pooyans	Pooyan (Stern Electronics)	1982	Konami (Stern Electronics license)
pop_hh	Popper (bootleg of Hard Head)	1989	bootleg
popbingo	Pop Bingo	1996	Dooyong
popbounc	Pop 'n Bounce / Gapporin	1997	Video System Co.
popeye	Popeye (revision D)	1982	Nintendo
popeyeb2	Popeye (bootleg set 2)	1982	bootleg
popeyeb3	Popeye (bootleg set 3)	1982	bootleg
popeyebl	Popeye (bootleg set 1)	1982	bootleg
popeyef	Popeye (revision F)	1982	Nintendo
popeyehs	Popeye (Braze High Score Kit P1.00D)	1982	hack (Braze Technologies)
popeyej	Popeye (Japan)	1982	Nintendo
popeyejo	Popeye (Japan, Older)	1982	Nintendo
popeyeman	Popeye-Man	1981	hack
popeyeu	Popeye (revision D not protected)	1982	Nintendo
popflame	Pop Flamer (protected)	1982	Jaleco
popflamea	Pop Flamer (not protected)	1982	Jaleco
popflameb	Pop Flamer (hack?)	1982	Jaleco
popflamen	Pop Flamer (bootleg on Naughty Boy PCB)	1982	Jaleco
popn1	Pop'n Music (ver TA-A, HDD 1.01)	1998	Konami
popn1a	Pop'n Music (ver AA-A, HDD 1.00)	1998	Konami
popn1j	Pop'n Music (ver JA-A, HDD 1.00)	1998	Konami
popn1k	Pop'n Music (ver KA-A, HDD 1.01)	1998	Konami
popn2	Pop'n Music 2 (ver JA-A)	1999	Konami
popn3	Pop'n Music 3 (ver JA-A)	1999	Konami
popn4	Pop'n Music 4	2000	Konami
popn5	Pop'n Music 5	2000	Konami
popn6	Pop'n Music 6	2001	Konami
popn7	Pop'n Music 7	2001	Konami
popn8	Pop'n Music 8	2002	Konami
popnanm	Pop'n Music Animelo	2000	Konami
popnanm2	Pop'n Music Animelo 2 (JAC)	2001	Konami
popnanm2a	Pop'n Music Animelo 2 (JAC, license expired)	2001	Konami
popnanm2ja	Pop'n Music Animelo 2 (JAA)	2001	Konami
popnanm2jaa	Pop'n Music Animelo 2 (JAA, license expired)	2001	Konami
popnanma	Pop'n Music Animelo (license expired)	2000	Konami
popnmt	Pop'n Music Mickey Tunes	2000	Konami
popnmt2	Pop'n Music Mickey Tunes!	2000	Konami
popnpop	Pop'n Pop (Ver 2.07O 1998/02/09)	1997	Taito
popnpopj	Pop'n Pop (Ver 2.07J 1998/02/09)	1997	Taito
popnpopu	Pop'n Pop (Ver 2.07A 1998/02/09)	1997	Taito
popnstex	Pop'n Stage EX (ver JB-A)	1999	Konami
popobear	PoPo Bear	2000	BMC
popper	Popper	1983	Omori Electric Co., Ltd.
popspops	Pop's Pop's	1999	Afega
porky	Porky	1985	Shinkai Inc. (Magic Electronics Inc. license)
porter	Port Man (bootleg on Moon Cresta hardware)	1982	bootleg
portera	El Estivador (Spanish bootleg of Port Man on Galaxian hardware)	1982	bootleg
portman	Port Man	1982	Taito (Nova Games license)
portmanj	Port Man (Japan)	1982	Taito
portrait	Portraits (set 1)	1983	Olympia
portraita	Portraits (set 2)	1983	Olympia
potgame	Pot Game (Italian)	1996	C.M.C.
potnpkra	Jack Potten's Poker (set 2)	198?	bootleg
potnpkrb	Jack Potten's Poker (set 3)	198?	bootleg
potnpkrc	Jack Potten's Poker (set 4)	198?	bootleg
potnpkrd	Jack Potten's Poker (set 5)	198?	bootleg
potnpkre	Jack Potten's Poker (set 6)	198?	bootleg
potnpkrf	Jack Potten's Poker (set 7, Royale GFX)	198?	bootleg
potnpkrg	Jack Potten's Poker (set 8, Australian)	198?	bootleg
potnpkrh	Jack Potten's Poker (set 9, 'just 4 fun')	198?	bootleg
potnpkri	Jack Potten's Poker (set 10, ICP-1 PCB)	198?	bootleg
potnpkrj	Jack Potten's Poker (set 11, German, W.W.)	198?	bootleg
potnpkrk	Jack Potten's Poker (set 12, no Double-Up)	198?	bootleg
potnpkrl	Jack Potten's Poker (set 13, ICP-1 PCB)	198?	<unknown>
potnpkrm	Jack Potten's Poker (set 14, ICP-1 PCB)	1988	bootleg
potnpkrn	Jack Potten's Poker (set 15, w/fever, ICP-1 PCB)	198?	bootleg (PED)
potnpkro	Jack Potten's Poker (set 16, ICP-1 PCB)	1987	bootleg (PED)
potnpkrp	Jack Potten's Poker (set 17, ICP-1 PCB)	1987	bootleg (PED)
potogold	Pot of Gold	1982	Pacific Polytechnical Corp. (Game Plan license)
potopoto	Poto Poto (Japan, Rev A)	1994	Sega
pottnpkr	Jack Potten's Poker (set 1)	198?	bootleg
poundfor	Pound for Pound (World)	1990	Irem
poundforj	Pound for Pound (Japan)	1990	Irem
poundforu	Pound for Pound (US)	1990	Irem America
pow	P.O.W. - Prisoners of War (US version 1)	1988	SNK
powa	P.O.W. - Prisoners of War (US version 1, mask ROM sprites)	1988	SNK
powbl	P.O.W. - Prisoners of War (bootleg of US version 1)	1988	bootleg
powerbal	Power Balls	1994	Playmark
powerbals	Power Balls (Super Slam conversion)	1994	Playmark
powercrd	Power Card (Ver 0263, encrypted)	1993	Fun World
powerdrv	Power Drive	1986	Bally Midway
powerins	Power Instinct (USA)	1993	Atlus
powerinsa	Power Instinct (USA, bootleg set 1)	1993	bootleg
powerinsb	Power Instinct (USA, bootleg set 2)	1993	bootleg
powerinsj	Gouketsuji Ichizoku (Japan)	1993	Atlus
powerinspj	Gouketsuji Ichizoku (Japan, prototype)	1993	Atlus
powerinspu	Power Instinct (USA, prototype)	1993	Atlus
powj	Datsugoku - Prisoners of War (Japan)	1988	SNK
powrplay	Power Play	1985	Cinematronics
powyak96	Jikkyou Powerful Pro Yakyuu '96 (GV017 Japan 1.03)	1996	Konami
powyakex	Jikkyou Pawafuru Puro Yakyu EX (GX802 VER. JAB)	1998	Konami
ppan	Peter Pan (bootleg of Hook)	1992	bootleg
ppatrol	Planet Patrol	1982	Status Games
ppcar	Pang Pang Car	1999	Icarus
ppchamp	Pasha Pasha Champ Mini Game Festival (Korea, set 1)	1997	Dongsung / Para
ppchampa	Pasha Pasha Champ Mini Game Festival (Korea, set 2)	1997	Dongsung / Para
ppd	ParaParaDancing	2000	Konami
ppj	Pyon Pyon Jump (V1.40, Japan)	1991	Success / Taiyo Jidoki
ppking	Ping-Pong King	1985	Taito America
ppmast93	Ping Pong Masters '93	1993	Electronic Devices S.R.L.
ppp	ParaParaParadise	2000	Konami
ppp11	ParaParaParadise v1.1	2000	Konami
ppp1mp	ParaParaParadise 1st Mix Plus	2000	Konami
ppp2nd	ParaParaParadise 2nd Mix (JAA)	2001	Konami
ppp2nda	ParaParaParadise 2nd Mix (AAA)	2001	Konami
pprobe	Planet Probe (prototype?)	1985	Crux / Kyugo?
ppsatan	Poka Poka Satan (Japan)	1996	Kato Seisakujo Co., Ltd.
ppspeed	Speed Up (Spanish bootleg of Pole Position)	1983	bootleg
predtors	The Predators (prototype)	1986	Williams / Q Video System
prehisle	Prehistoric Isle in 1930 (World)	1989	SNK
prehisleb	Prehistoric Isle in 1930 (World, bootleg)	1989	bootleg
prehislek	Wonsido 1930's (Korea)	1989	SNK (Victor license)
prehisleu	Prehistoric Isle in 1930 (US)	1989	SNK
preisle2	Prehistoric Isle 2	1999	Yumekobo / Saurus
premline	Premiums Line	199?	MK Electronics
prikura	Princess Clara Daisakusen (J 960910 V1.000)	1996	Atlus
primella	Primella (Japan, NTC license)	1994	Dooyong (NTC license)
primglex	Prime Goal EX (Japan, PG1/VER.A)	1996	Namco
primrag2	Primal Rage II (Test Version 0.36a)	1997	Atari
primrage	Primal Rage (version 2.3, Jan 1995)	1994	Atari Games
primrage20	Primal Rage (version 2.0)	1994	Atari Games
primrageo	Primal Rage (version 2.3, Dec 1994)	1994	Atari Games
prmrsocr	Premier Soccer (ver EAB)	1993	Konami
prmrsocrj	Premier Soccer (ver JAB)	1993	Konami
prmtmfgt	Prime Time Fighter (Ver 2.1A 1993/05/21) (New Version)	1993	Taito America
prmtmfgto	Prime Time Fighter (Ver 2.1A 1993/05/21) (Old Version)	1993	Taito America
probowl2	Pro Bowl 2	1996	Zuck / Able Corp
profpac	Professor Pac-Man	1983	Dave Nutting Associates / Bally Midway
progear	Progear (Europe 010117)	2001	Cave (Capcom license)
progeara	Progear (Asia 010117)	2001	Cave (Capcom license)
progearj	Progear no Arashi (Japan 010117)	2001	Cave (Capcom license)
progearjbl	Progear no Arashi (Japan 010117) (decrypted bootleg)	2001	bootleg
progearjd	Progear no Arashi (Japan 010117 Phoenix Edition) (bootleg)	2001	bootleg
progearu	Progear (USA 010117)	2001	Cave (Capcom license)
progearud	Progear (USA 010117 Phoenix Edition) (bootleg)	2001	bootleg
progolf	18 Holes Pro Golf (set 1)	1981	Data East Corporation
progolfa	18 Holes Pro Golf (set 2)	1981	Data East Corporation
progress	Progress	1984	Chuo Co. Ltd
promutrv	Progressive Music Trivia (Question set 1)	1985	Enerdyne Technologies Inc.
promutrva	Progressive Music Trivia (Question set 2)	1985	Enerdyne Technologies Inc.
promutrvb	Progressive Music Trivia (Question set 3)	1985	Enerdyne Technologies Inc.
promutrvc	Progressive Music Trivia (Question set 4)	1985	Enerdyne Technologies Inc.
propcycl	Prop Cycle (World, PR2 Ver.A)	1996	Namco
propcyclj	Prop Cycle (Japan, PR1 Ver.A)	1996	Namco
prosoccr	Pro Soccer	1983	Data East Corporation
prosport	Pro Sports - Bowling, Tennis, and Golf	1983	Data East Corporation
prosporta	Pro Sports - Bowling, Tennis, and Golf (USA)	1983	Data East Corporation (Digital Controls license)
protenn	Pro Tennis (Japan)	1982	Data East Corporation
protennb	Tennis (bootleg of Pro Tennis)	1982	bootleg
prtytime	Party Time: Gonta the Diver II / Ganbare! Gonta!! 2 (World Release)	1995	Mitchell
psailor1	Bishoujo Janshi Pretty Sailor 18-kin (Japan)	1994	Sphinx
psailor2	Bishoujo Janshi Pretty Sailor 2 (Japan)	1994	Sphinx
psoldier	Perfect Soldiers (Japan)	1993	Irem
pspikes	Power Spikes (World)	1991	Video System Co.
pspikes2	Power Spikes II (NGM-068)	1994	Video System Co.
pspikesb	Power Spikes (bootleg)	1991	bootleg
pspikesba	Power Spikes (Italian bootleg)	1991	bootleg (Playmark?)
pspikesc	Power Spikes (China, bootleg)	1991	bootleg
pspikesk	Power Spikes (Korea)	1991	Video System Co.
pspikesu	Power Spikes (US)	1991	Video System Co.
pstadium	Mahjong Panic Stadium (Japan)	1990	Nichibutsu
pstone	Power Stone	1999	Capcom
pstone2	Power Stone 2	2000	Capcom
psurge	Power Surge	1988	Vision Electronics
psychic5	Psychic 5 (World)	1987	Jaleco / NMK
psychic5j	Psychic 5 (Japan)	1987	Jaleco / NMK
psychos	Psycho Soldier (US)	1987	SNK
psychosj	Psycho Soldier (Japan)	1987	SNK
psyforce	Psychic Force (Ver 2.4O)	1995	Taito
psyforcej	Psychic Force (Ver 2.4J)	1995	Taito
psyforcex	Psychic Force EX (Ver 2.0J)	1995	Taito
psyvar2	Psyvariar 2 - The Will To Fabricate (Japan) (GDL-0024)	2003	Success
psyvaria	Psyvariar -Medium Unit- (V2.02O 2000/02/22 13:00)	2000	Success
psyvarij	Psyvariar -Medium Unit- (V2.04J 2000/02/15 11:00)	2000	Success
psyvarrv	Psyvariar -Revision- (V2.04J 2000/08/11 22:00)	2000	Success
ptblank	Point Blank (World, GN2 Rev B, set 1)	1994	Namco
ptblank2	Point Blank 2 (World, GNB5/VER.A)	1999	Namco
ptblank2a	Point Blank 2 (World, GNB2/VER.A)	1999	Namco
ptblank2b	Point Blank 2 (World, GNB2/VER.A alt)	1999	Namco
ptblank2c	Point Blank 2 (World, unknown version)	1999	Namco
ptblank2ua	Point Blank 2 (US, GNB3/VER.A)	1999	Namco
ptblank3	Point Blank 3 (World, GNN2 Ver.A)	2000	Namco
ptblanka	Point Blank (World, GN2 Rev B, set 2)	1994	Namco
ptrain	Panda Train (Novamatic 1.7)	1999	Subsino
ptraina	Panda Train (Ver. 1.3)	1999	Subsino
ptrmj	PT Reach Mahjong (Japan)	1979	Irem
pturn	Parallel Turn	1984	Jaleco
pubball	Power Up Baseball (prototype)	1996	Midway / Incredible Technologies
puchicar	Puchi Carat (Ver 2.02O 1997/10/29)	1997	Taito
puchicarj	Puchi Carat (Ver 2.02J 1997/10/29)	1997	Taito
puchicaru	Puchi Carat (Ver 2.04A 1997/11/08)	1997	Taito America
puckman	Puck Man (Japan, set 1)	1980	Namco
puckmana	Puck Man (Alca bootleg)	1980	bootleg (Alca)
puckmanb	Puck Man (bootleg, set 1)	1980	bootleg
puckmanb3	Puck Man (bootleg, set 3)	1981	bootleg
puckmanf	Puck Man (speedup hack)	1980	hack
puckmanh	Puck Man (bootleg, set 2)	1980	bootleg (Falcom?)
puckmod	Puck Man (Japan, set 2)	1981	Namco
puckpepl	Puck People	199?	Microhard
puckpkmn	Puckman Pockimon Genie 2000	2000	Sun Mixing
puckpkmnb	Puckman Pockimon Genie 2000 (bootleg)	2000	bootleg
pulirula	PuLiRuLa (World, dual PCB)	1991	Taito
pulirulaa	PuLiRuLa (World, single PCB)	1991	Taito
pulirulaj	PuLiRuLa (Japan)	1991	Taito
pulltabs	Pull Tabs	1983	Game-A-Tron
pulsar	Pulsar	1981	Sega
pulstar	Pulstar	1995	Aicom
punchita	Punch-Out!! (Italian bootleg)	1984	bootleg
punchkid	Punching Kid (Japan)	1981	Irem
punchout	Punch-Out!! (Rev B)	1984	Nintendo
punchouta	Punch-Out!! (Rev A)	1984	Nintendo
punchoutah	Punch-Out!! (Rev A, harder)	1984	Nintendo
punchoutj	Punch-Out!! (Japan)	1984	Nintendo
punipic	The Punisher (bootleg with PIC16C57, set 1)	1993	bootleg
punipic2	The Punisher (bootleg with PIC16C57, set 2)	1993	bootleg
punipic3	The Punisher (bootleg with PIC16C57, set 3)	1993	bootleg
punisher	The Punisher (World 930422)	1993	Capcom
punisherbz	Biaofeng Zhanjing (Chinese bootleg of The Punisher)	2002	bootleg
punisherh	The Punisher (Hispanic 930422)	1993	Capcom
punisherj	The Punisher (Japan 930422)	1993	Capcom
punisheru	The Punisher (USA 930422)	1993	Capcom
punkshot	Punk Shot (US 4 Players)	1990	Konami
punkshot2	Punk Shot (US 2 Players)	1990	Konami
punkshot2a	Punk Shot (Asia 2 Players, hacked?)	1990	Konami
punkshot2e	Punk Shot (World 2 Players)	1990	Konami
punkshotj	Punk Shot (Japan 2 Players)	1990	Konami
pururun	Pururun (Japan set 1)	1995	Metro / Banpresto
pururuna	Pururun (Japan set 2)	1995	Metro / Banpresto
pushman	Pushman (Korea, set 1)	1990	Comad
pushmana	Pushman (Korea, set 2)	1990	Comad
pushmans	Pushman (American Sammy license)	1990	Comad (American Sammy license)
pushmant	Pushman (Top Tronic license)	1990	Comad (Top Tronic license)
puyo	Puyo Puyo (World)	1992	Compile / Sega
puyobl	Puyo Puyo (World, bootleg)	1992	bootleg
puyoda	Puyo Puyo Da! (Japan)	1999	Compile
puyofev	Puyo Pop Fever (World) (GDS-0034)	2003	Sega
puyofevj	Puyo Puyo Fever (Japan) (GDS-0031)	2003	Sega
puyofevp	Puyo Puyo Fever (prototype ver 0.01)	2003	Sega
puyoj	Puyo Puyo (Japan, Rev B)	1992	Compile / Sega
puyoja	Puyo Puyo (Japan, Rev A)	1992	Compile / Sega
puyopuy2	Puyo Puyo 2 (Japan)	1994	Compile (Sega license)
puyosun	Puyo Puyo Sun (J 961115 V0.001)	1996	Compile
puzlbang	Puzzle Bang Bang (Korea, version 2.9 / 990108)	1999	Omega System
puzlbanga	Puzzle Bang Bang (Korea, version 2.8 / 990106)	1999	Omega System
puzlclub	Puzzle Club (Japan prototype)	1990	Namco
puzldama	Taisen Puzzle-dama (ver JAA)	1994	Konami
puzlstar	Puzzle Star / Mohuan Xingzuo (ver. 100MG, 09/30/99 build)	1999	IGS (Metro license)
puzlstara	Puzzle Star / Mohuan Xingzuo (ver. 100MG, 09/20/99 build)	1999	IGS (Metro license)
puzlwrld	Puzzle World	1996	Afega
puzzldpr	Puzzle De Pon! R!	1997	Visco
puzzledp	Puzzle De Pon!	1995	Visco
puzzlekg	Puzzle King (Dance & Puzzle)	1998	Eolith
puzzleme	Puzzle Me!	199?	Impera
puzzlet	Puzzlet (Japan)	2000	Unies Corporation
puzzli	Puzzli (Japan revision B)	1995	Metro / Banpresto
puzzli2	Puzzli 2 / Pao Pao Yu (ver. 100)	1999	IGS (Metro license)
puzzli2s	Puzzli 2 Super / Pao Pao Yu Super (ver. 200)	2001	IGS (Metro license)
puzzlia	Puzzli (Japan revision A)	1995	Metro / Banpresto
puzzloop	Puzz Loop (Europe, v0.94)	1998	Mitchell
puzzloopa	Puzz Loop (Asia)	1998	Mitchell
puzzloope	Puzz Loop (Europe, v0.93)	1998	Mitchell
puzzloopj	Puzz Loop (Japan)	1998	Mitchell
puzzloopk	Puzz Loop (Korea)	1998	Mitchell
puzzloopu	Puzz Loop (USA)	1998	Mitchell
puzzlove	PuzzLove	1994	Para
puzzlovek	PuzzLove (Korea)	1994	Para
puzznic	Puzznic (World)	1989	Taito
puzznicb	Puzznic (bootleg, set 1)	1989	bootleg
puzznicba	Puzznic (bootleg, set 2)	1989	bootleg
puzznici	Puzznic (Italian bootleg)	1989	bootleg
puzznicj	Puzznic (Japan)	1989	Taito / Animation 20
puzznicu	Puzznic (US)	1989	Taito America
pwball	Power Ball (prototype)	199?	TCH
pwheelsj	Power Wheels (Japan, Rev 2, Linkable)	1991	Taito
pwrchanc	Powerful Chance	1999	Konami
pwrflip	Power Flipper Pinball Shooting (v1.33)	1994	Excellent System
pwrgoal	Taito Power Goal (Ver 2.5O 1994/11/03)	1994	Taito
pwrinst2	Power Instinct 2 (US, Ver. 94.04.08, set 1)	1994	Atlus
pwrinst2a	Power Instinct 2 (US, Ver. 94.04.08, set 2)	1994	Atlus
pwrinst2j	Gouketsuji Ichizoku 2 (Japan, Ver. 94.04.08, set 1)	1994	Atlus
pwrinst2ja	Gouketsuji Ichizoku 2 (Japan, Ver. 94.04.08, set 2)	1994	Atlus
pwrkick	Power Kick (Japan)	1994	Sunwise
py2k2	Photo Y2K 2 / Chaoji Bi Yi Bi 2 / Dajia Lai Zhao Cha 2 / Real and Fake 2 Photo Y2K (M101XX 05/25/01 11:02:54)	2001	IGS
py2k2100	Photo Y2K 2 / Chaoji Bi Yi Bi 2 / Dajia Lai Zhao Cha 2 / Real and Fake 2 Photo Y2K (ver. 100, Japanese Board)	2000	IGS
pyenaget	Pye-nage Taikai	2000	Sammy
pyros	Pyros (US)	1987	Toaplan / Taito America
pyutakun	Pyuuta-kun (Japan)	1995	Sunwise
pzlbowl	Puzzle De Bowling (Japan)	1999	Nihon System / MOSS
pzlbreak	Puzzle Break (set 1)	1997	SemiCom / Tirano
pzlbreaka	Puzzle Break (set 2)	1997	SemiCom / Tirano
pzlestar	Puzzle Star (Sang Ho Soft)	1991	Sang Ho Soft
pzletime	Puzzle Time (prototype)	199?	Elettronica Video-Games
pzloop2	Puzz Loop 2 (Europe 010302)	2001	Mitchell (Capcom license)
pzloop2j	Puzz Loop 2 (Japan 010226)	2001	Mitchell (Capcom license)
pzloop2jd	Puzz Loop 2 (Japan 010226 Phoenix Edition) (bootleg)	2001	bootleg
pzloop2jp	Puzz Loop 2 (Japan 010201 Publicity)	2001	Mitchell (Capcom license)
pzloop2jr1	Puzz Loop 2 (Japan 010205)	2001	Mitchell (Capcom license)
qad	Quiz & Dragons: Capcom Quiz Game (USA 920701)	1992	Capcom
qadjr	Quiz & Dragons: Capcom Quiz Game (Japan Resale Ver. 940921)	1994	Capcom
qb3	QB-3 (prototype)	1982	Rock-Ola
qbeebing	Queen Bee Bingo	2003	Subsino
qbert	Q*bert (US set 1)	1982	Gottlieb
qberta	Q*bert (US set 2)	1982	Gottlieb
qbertj	Q*bert (Japan)	1982	Gottlieb (Konami license)
qbertqub	Q*bert's Qubes	1983	Mylstar
qberttst	Q*bert (early test version)	1982	Gottlieb
qcrayon	Quiz Crayon Shinchan (Japan)	1993	Taito
qcrayon2	Crayon Shinchan Orato Asobo (Japan)	1993	Taito
qdrmfgp	Quiz Do Re Mi Fa Grand Prix (Japan)	1994	Konami
qdrmfgp2	Quiz Do Re Mi Fa Grand Prix 2 - Shin-Kyoku Nyuukadayo (Japan)	1995	Konami
qgakumon	Quiz Gakumon no Susume (Japan ver. JA1 Type H)	1993	Konami
qgh	Quiz Ghost Hunter (Japan, ROM Based)	1994	Sega
qiji6	Qiji 6 (V118CN)	2002	IGS
qix	Qix (Rev 2)	1981	Taito America
qix2	Qix II (Tournament)	1981	Taito America
qixa	Qix (set 2, smaller roms)	1981	Taito America
qixb	Qix (set 2, larger roms)	1981	Taito America
qixo	Qix (set 3, earlier)	1981	Taito America
qjinsei	Quiz Jinsei Gekijoh (Japan)	1992	Taito
qlgs	Que Long Gaoshou (S501CN)	1999	IGS
qmegamis	Quiz Aa! Megami-sama ~Tatakau Tsubasa to Tomoni~ (Japan)	2000	Sega
qmhayaku	Quiz-Mahjong Hayaku Yatteyo! (Japan)	1991	Nichibutsu
qndream	Quiz Nanairo Dreams: Nijiirochou no Kiseki (Japan 960826)	1996	Capcom
qos	A Question of Sport (set 1, 39-960-107)	1992	BFM
qosa	A Question of Sport (set 2, 39-960-099)	1992	BFM
qosb	A Question of Sport (set 3, 39-960-089)	1992	BFM
qrouka	Quiz Rouka Ni Tattenasai (Japan, ROM Based)	1991	Sega
qsangoku	Quiz Sangokushi (Japan)	1991	Capcom
qsww	Quiz Syukudai wo Wasuremashita (Japan, Floppy Based, FD1094 317-0058-08b)	1991	Sega
qtheater	Quiz Theater - 3tsu no Monogatari (Ver 2.3J 1994/11/10)	1994	Taito
qtono1	Quiz Tonosama no Yabou (Japan)	1991	Capcom
qtono2j	Quiz Tonosama no Yabou 2: Zenkoku-ban (Japan 950123)	1995	Capcom
qtorimon	Quiz Torimonochou (Japan)	1990	Taito
quaak	Quaak (bootleg of Frogger)	1981	bootleg
quantum	Quantum (rev 2)	1982	General Computer Corporation (Atari license)
quantum1	Quantum (rev 1)	1982	General Computer Corporation (Atari license)
quantump	Quantum (prototype)	1982	General Computer Corporation (Atari license)
quarterb	Quarterback (rev 5)	1987	Leland Corporation
quarterba	Quarterback (rev 2)	1987	Leland Corporation
quarterbc	Quarterback (rev 1, cocktail)	1987	Leland Corporation
quartet	Quartet (Rev A, 8751 315-5194)	1986	Sega
quartet2	Quartet 2 (8751 317-0010)	1986	Sega
quartet2a	Quartet 2 (unprotected)	1986	Sega
quarteta	Quartet (8751 315-5194)	1986	Sega
quarth	Quarth (Japan)	1989	Konami
quasar	Quasar (set 1)	1980	Zaccaria / Zelco
quasara	Quasar (set 2)	1980	Zaccaria / Zelco
queenbee	Queen Bee (Ver. 114)	2001	Subsino (American Alpha license)
queenbee117a	Queen Bee (Ver. 117)	2001	Subsino (American Alpha license)
queenbee123a	Queen Bee (Ver. 123A)	2001	Subsino (American Alpha license)
queenbn	Nuwang Feng New / Queen Bee New (China, Ver. 1.10)	2002	Subsino
quester	Quester (Japan)	1987	Namco
questers	Quester Special Edition (Japan)	1987	Namco
quickjac	Quick Jack	1993	ADP
quickp5	Quick Pick 5	1991	Konami
quickshts	Quick Shots (ver 1.0, checksum AD0C)	1994	Zero / Gaelco
quiz	Quiz (Revision 2)	1986	Elettronolo
quiz18k	Miyasu Nonki no Quiz 18-Kin	1992	EIM
quiz211	Quiz (Revision 2.11)	1991	Elettronolo
quiz211a	Quiz (Revision 2.11, alt questions)	1986	Elettronolo
quiz365	Quiz 365 (Japan)	1994	Nakanihon
quiz365t	Quiz 365 (Hong Kong & Taiwan)	1994	Nakanihon / Taito
quizard	Quizard (v1.8, German, i8751 DE 11 D3)	1995	TAB Austria
quizard2	Quizard 2 (v2.3, German, i8751 DN 122 D3)	1995	TAB Austria
quizard2_22	Quizard 2 (v2.2, German, i8751 DN 122 D3)	1995	TAB Austria
quizard3	Quizard 3 (v3.4, German, i8751 DE 132 D3)	1995	TAB Austria
quizard3_32	Quizard 3 (v3.2, German, i8751 DE 132 D3)	1996	TAB Austria
quizard3a	Quizard 3 (v3.4, German, i8751 DE 132 A1)	1995	TAB Austria
quizard4	Quizard 4 Rainbow (v4.2, German, i8751 DE 142 D3)	1998	TAB Austria
quizard4_40	Quizard 4 Rainbow (v4.0, German, i8751 DE 142 D3)	1997	TAB Austria
quizard4_41	Quizard 4 Rainbow (v4.1, German, i8751 DE 142 D3)	1998	TAB Austria
quizard4cz	Quizard 4 Rainbow (v4.2, Czech, i8751 TS142 CZ1)	1998	TAB Austria
quizard_10	Quizard (v1.0, German, i8751 DE 11 D3)	1995	TAB Austria
quizard_12	Quizard (v1.2, German, i8751 DE 11 D3)	1995	TAB Austria
quizard_17	Quizard (v1.7, German, i8751 DE 11 D3)	1995	TAB Austria
quizardi	Quizard (v1.8, Italian, i8751 IT 11 I2)	1995	TAB Austria
quizardi_12	Quizard (v1.2, Italian, i8751 IT 11 I2)	1995	TAB Austria
quizardi_17	Quizard (v1.7, Italian, i8751 IT 11 I2)	1995	TAB Austria
quizchq	Quiz Channel Question (Japan, Ver 1.00)	1993	Nakanihon
quizchqk	Quiz Channel Question (Korea, Ver 1.10)	1993	KM Korea Co, Ltd (official license)
quizchql	Quiz Channel Question (Taiwan?, Ver 1.23)	1993	Nakanihon (Laxan license)
quizdai2	Quiz Meitantei Neo & Geo - Quiz Daisousa Sen part 2 (NGM-042 ~ NGH-042)	1992	SNK
quizdais	Quiz Daisousa Sen - The Last Count Down (NGM-023 ~ NGH-023)	1991	SNK
quizdaisk	Quiz Salibtamjeong - The Last Count Down (Korean localized Quiz Daisousa Sen)	1995	SNK / Viccom
quizdna	Quiz DNA no Hanran (Japan)	1992	Face
quizf1	Quiz F1 1-2 Finish (Japan)	1992	Irem
quizhq	Quiz H.Q. (Japan)	1990	Taito
quizhuhu	Moriguchi Hiroko no Quiz de Hyuu!Hyuu! (Ver 2.2J 1995/05/25)	1995	Taito
quizkof	Quiz King of Fighters (SAM-080 ~ SAH-080)	1995	Saurus (SNK license)
quizkofk	Quiz King of Fighters (Korea)	1996	Saurus / Viccom (SNK license)
quizmeku	Quiz Mekurumeku Story (Japan, ROM Based)	1992	Sega
quizmoon	Quiz Bishoujo Senshi Sailor Moon - Chiryoku Tairyoku Toki no Un	1997	Banpresto
quizmstr	Quizmaster (German)	1985	Löwen Spielautomaten
quizo	Quiz Olympic (set 1)	1985	Seoul Coin Corp.
quizoa	Quiz Olympic (set 2)	1985	Seoul Coin Corp.
quizpani	Quiz Panicuru Fantasy	1993	NMK
quizpun2	Quiz Punch II	1989	Space Computer
quizqgd	Quiz Keitai Q mode (GDL-0017)	2002	Amedio (Taito license)
quiztou	Nettou! Gekitou! Quiztou!! (Japan)	1993	Namco
quiztvqq	Quiz TV Gassyuukoku Q&Q (Japan)	1992	Dynax
quizvadr	Quizvaders (39-360-078)	1991	BFM
quizvid	Video Quiz	1986	bootleg
qwak	Qwak (prototype)	1982	Atari
qxjl	Qianxi Jielong / Hongxin Jielong	199?	Hom Inn
qyjdzjp	Que You Ji - Dian Zi Ji Pan Jiaqiang Ban (v201)	1997	bootleg (Hom Inn)
qzchikyu	Quiz Chikyu Bouei Gun (Japan)	1991	Taito
qzkklgy2	Quiz Kokology 2	1993	Tecmo
qzkklogy	Quiz Kokology	1992	Tecmo
qzquest	Quiz Quest - Hime to Yuusha no Monogatari (Japan)	1991	Taito
qzshowby	Quiz Sekai wa SHOW by shobai (Japan)	1993	Taito
r2dtank	R2D Tank	1980	Sigma Enterprises Inc.
r2dx_v33	Raiden II New / Raiden DX (newer V33 PCB) (Raiden DX EEPROM)	1996	Seibu Kaihatsu
r2dx_v33_r2	Raiden II New / Raiden DX (newer V33 PCB) (Raiden II EEPROM)	1996	Seibu Kaihatsu
raaspec	Spectrum I+	1984	Roy Abel & Associates
rabbit	Rabbit (Asia 3/6)	1997	Aorn / Electronic Arts
rabbita	Rabbit (Asia 1/28?)	1996	Aorn / Electronic Arts
rabbitj	Rabbit (Japan 3/6?)	1997	Aorn / Electronic Arts
rabbitjt	Rabbit (Japan 1/28, location test)	1996	Aorn / Electronic Arts
rabiolep	Rabio Lepus (Japan)	1987	V-System Co.
raccoon	Raccoon World	1998	Eolith
racedriv	Race Drivin' (cockpit, rev 5)	1990	Atari Games
racedriv1	Race Drivin' (cockpit, rev 1)	1990	Atari Games
racedriv2	Race Drivin' (cockpit, rev 2)	1990	Atari Games
racedriv3	Race Drivin' (cockpit, rev 3)	1990	Atari Games
racedriv4	Race Drivin' (cockpit, rev 4)	1990	Atari Games
racedrivb	Race Drivin' (cockpit, British, rev 5)	1990	Atari Games
racedrivb1	Race Drivin' (cockpit, British, rev 1)	1990	Atari Games
racedrivb4	Race Drivin' (cockpit, British, rev 4)	1990	Atari Games
racedrivc	Race Drivin' (compact, rev 5)	1990	Atari Games
racedrivc1	Race Drivin' (compact, rev 1)	1990	Atari Games
racedrivc2	Race Drivin' (compact, rev 2)	1990	Atari Games
racedrivc4	Race Drivin' (compact, rev 4)	1990	Atari Games
racedrivcb	Race Drivin' (compact, British, rev 5)	1990	Atari Games
racedrivcb4	Race Drivin' (compact, British, rev 4)	1990	Atari Games
racedrivcg	Race Drivin' (compact, German, rev 5)	1990	Atari Games
racedrivcg4	Race Drivin' (compact, German, rev 4)	1990	Atari Games
racedrivcp	Race Drivin' (compact, prototype)	1990	Atari Games
racedrivg	Race Drivin' (cockpit, German, rev 5)	1990	Atari Games
racedrivg1	Race Drivin' (cockpit, German, rev 2)	1990	Atari Games
racedrivg4	Race Drivin' (cockpit, German, rev 4)	1990	Atari Games
racedrivpan	Race Drivin' Panorama (prototype, rev 2.1)	1990	Atari Games
raceon	Race On! (World, RO2 Ver. A)	1998	Namco
raceonj	Race On! (Japan, RO1 Ver. B)	1998	Namco
rachero	Racing Hero (FD1094 317-0144)	1989	Sega
racherod	Racing Hero (bootleg of FD1094 317-0144 set)	1989	bootleg
racingb	Racing Beat (World)	1991	Taito
racingbj	Racing Beat (Japan)	1991	Taito
racingj	Racing Jam (GQ676UAC)	1998	Konami
racingj2	Racing Jam: Chapter II (GQ888UAA)	1998	Konami
racingj2a	Racing Jam: Chapter II (GQ888AAA)	1998	Konami
racingj2e	Racing Jam: Chapter II (GQ888EAA)	1998	Konami
racingj2j	Racing Jam: Chapter II (GQ888JAA)	1998	Konami
racingj2m	Racing Jam: Chapter II (GM888UAA)	1998	Konami
racingj2ma	Racing Jam: Chapter II (GM888AAA)	1998	Konami
racingj2me	Racing Jam: Chapter II (GM888EAA)	1998	Konami
racingj2mj	Racing Jam: Chapter II (GM888JAA)	1998	Konami
racingj2n	Racing Jam: Chapter II (GN888UAA)	1998	Konami
racingj2na	Racing Jam: Chapter II (GN888AAA)	1998	Konami
racingj2ne	Racing Jam: Chapter II (GN888EAA)	1998	Konami
racingj2nj	Racing Jam: Chapter II (GN888JAA)	1998	Konami
racingja	Racing Jam (GQ676AAC)	1998	Konami
racingje	Racing Jam (GQ676EAC)	1998	Konami
racingjj	Racing Jam (GQ676JAC)	1998	Konami
racingjm	Racing Jam (GM676UAC)	1998	Konami
racingjma	Racing Jam (GM676AAC)	1998	Konami
racingjme	Racing Jam (GM676EAC)	1998	Konami
racingjmj	Racing Jam (GM676JAC)	1998	Konami
racingjn	Racing Jam (GN676UAC)	1998	Konami
racingjna	Racing Jam (GN676AAC)	1998	Konami
racingjne	Racing Jam (GN676EAC)	1998	Konami
racingjnj	Racing Jam (GN676JAC)	1998	Konami
rackemup	Rack 'em Up (version L)	1987	Konami
racknrol	Rack + Roll	1986	Senko Industries (Status license from Shinkai Inc.)
radarscp	Radar Scope (TRS02, rev. D)	1980	Nintendo
radarscp1	Radar Scope (TRS01)	1980	Nintendo
radarscpc	Radar Scope (TRS02?, rev. C)	1980	Nintendo
radarzon	Radar Zone	1982	Century Electronics
radarzon1	Radar Zone (Rev.1)	1982	Century Electronics
radarzont	Radar Zone (Tuni)	1982	Century Electronics (Tuni Electro Service license)
radikalb	Radikal Bikers (version 2.02)	1998	Gaelco
radikalba	Radikal Bikers (version 2.02, Atari license)	1998	Gaelco (Atari license)
radirgy	Radirgy (Japan, Rev A) (GDL-0032A)	2005	Milestone
radirgyn	Radirgy Noa (Japan)	2009	Milestone / Lucky
radirgyo	Radirgy (Japan) (GDL-0032)	2005	Milestone
radm	Rad Mobile (World)	1990	Sega
radmu	Rad Mobile (US)	1990	Sega
radr	Rad Rally (World)	1991	Sega
radrad	Radical Radial (US)	1982	Logitec Corp. (Nichibutsu USA license)
radradj	Radical Radial (Japan)	1983	Logitec Corp.
radrj	Rad Rally (Japan)	1991	Sega
radru	Rad Rally (US)	1991	Sega
raflesia	Rafflesia (315-5162)	1986	Coreland / Sega
raflesiau	Rafflesia (not encrypted)	1986	Coreland / Sega
ragnagrd	Ragnagard / Shin-Oh-Ken	1996	Saurus
ragtime	The Great Ragtime Show (Japan v1.5, 92.12.07)	1992	Data East Corporation
ragtimea	The Great Ragtime Show (Japan v1.3, 92.11.26)	1992	Data East Corporation
raiden	Raiden (World set 1)	1990	Seibu Kaihatsu
raiden2	Raiden II (US, set 1)	1993	Seibu Kaihatsu (Fabtek license)
raiden2au	Raiden II (Australia)	1993	Seibu Kaihatsu
raiden2dx	Raiden II (harder, Raiden DX hardware, Korea)	1993	Seibu Kaihatsu
raiden2e	Raiden II (easier, Korea)	1993	Seibu Kaihatsu
raiden2ea	Raiden II (easier, Japan)	1993	Seibu Kaihatsu
raiden2eg	Raiden II (easier, Germany)	1993	Seibu Kaihatsu (Tuning license)
raiden2es	Raiden II (Spain)	1993	Seibu Kaihatsu
raiden2eu	Raiden II (easier, US set 2)	1993	Seibu Kaihatsu (Fabtek license)
raiden2eua	Raiden II (easier, US set 1)	1993	Seibu Kaihatsu (Fabtek license)
raiden2eub	Raiden II (easier, US set 3)	1993	Seibu Kaihatsu (Fabtek license)
raiden2eup	Raiden II (easier, US, prototype? 11-16)	1993	Seibu Kaihatsu (Fabtek license)
raiden2f	Raiden II (France)	1993	Seibu Kaihatsu
raiden2g	Raiden II (Germany)	1993	Seibu Kaihatsu (Tuning license)
raiden2gb	Raiden II (Great Britain)	1993	Seibu Kaihatsu
raiden2hk	Raiden II (Hong Kong)	1993	Seibu Kaihatsu (Metrotainment license)
raiden2i	Raiden II (Italy)	1993	Seibu Kaihatsu
raiden2j	Raiden II (Japan)	1993	Seibu Kaihatsu
raiden2k	Raiden II (harder, Korea)	1993	Seibu Kaihatsu
raiden2nl	Raiden II (Holland)	1993	Seibu Kaihatsu
raiden2sw	Raiden II (Switzerland)	1993	Seibu Kaihatsu
raiden2u	Raiden II (US, set 2)	1993	Seibu Kaihatsu (Fabtek license)
raidenb	Raiden (World set 2, newer hardware)	1990	Seibu Kaihatsu
raidendx	Raiden DX (UK)	1994	Seibu Kaihatsu
raidendxa1	Raiden DX (Hong Kong, set 1)	1994	Seibu Kaihatsu (Metrotainment license)
raidendxa2	Raiden DX (Hong Kong, set 2)	1994	Seibu Kaihatsu (Metrotainment license)
raidendxch	Raiden DX (China)	1994	Seibu Kaihatsu (Ideal International Development Corp license)
raidendxg	Raiden DX (Germany)	1994	Seibu Kaihatsu (Tuning license)
raidendxj	Raiden DX (Japan, set 1)	1994	Seibu Kaihatsu
raidendxja	Raiden DX (Japan, set 2)	1994	Seibu Kaihatsu
raidendxk	Raiden DX (Korea)	1994	Seibu Kaihatsu
raidendxnl	Raiden DX (Holland)	1994	Seibu Kaihatsu
raidendxpt	Raiden DX (Portugal)	1994	Seibu Kaihatsu
raidendxu	Raiden DX (US)	1994	Seibu Kaihatsu (Fabtek license)
raidenj	Raiden (Japan)	1990	Seibu Kaihatsu
raidenk	Raiden (Korea)	1990	Seibu Kaihatsu (IBL Corporation license)
raidenkb	Raiden (Korea, bootleg)	1990	bootleg
raidenm	Raiden (Modular System)	1990	bootleg (Gaelco / Ervisa)
raident	Raiden (Taiwan)	1990	Seibu Kaihatsu (Liang HWA Electronics license)
raidenu	Raiden (US set 1)	1990	Seibu Kaihatsu (Fabtek license)
raidenua	Raiden (US set 2, SEI8904 hardware)	1990	Seibu Kaihatsu (Fabtek license)
raidenub	Raiden (US set 3, newer hardware)	1990	Seibu Kaihatsu (Fabtek license)
raiders	Raiders	1983	Century Electronics
raiders5	Raiders5	1985	UPL
raiders5t	Raiders5 (Japan, set 1)	1985	UPL (Taito license)
raiders5ta	Raiders5 (Japan, set 2, bootleg?)	1985	UPL (Taito license)
raidersr3	Raiders (Rev.3)	1983	Century Electronics
raiga	Raiga - Strato Fighter (Japan, set 1)	1991	Tecmo
raigaa	Raiga - Strato Fighter (Japan, set 2)	1991	Tecmo
raimais	Raimais (World, rev 1)	1988	Taito
raimaisj	Raimais (Japan, rev 1)	1988	Taito
raimaisjo	Raimais (Japan)	1988	Taito
rallybik	Rally Bike (Europe, US) / Dash Yarou (Japan)	1988	Toaplan / Taito
rallys	Rallys (bootleg of Spectar, set 1)	1980	bootleg (Novar)
rallysa	Rallys (bootleg of Spectar, set 2)	1980	bootleg (Musik Box Brescia)
rallyx	Rally-X (32k Ver.?)	1980	Namco
rallyxa	Rally-X	1980	Namco
rallyxeg	Rally-X (Video Game bootleg)	1981	bootleg (Video Game / Electrogame)
rallyxm	Rally-X (Midway)	1980	Namco (Midway license)
rallyxmr	Rally-X (Model Racing bootleg)	1980	bootleg (Model Racing)
rallyxtd	Rally-X (Tecnidiver bootleg)	1981	bootleg (Tecnidiver)
rambo3	Rambo III (Europe)	1989	Taito Europe
rambo3p	Rambo III (Europe, Proto?)	1989	Taito Europe
rambo3u	Rambo III (US)	1989	Taito America
rampage	Rampage (Rev 3, 8/27/86)	1986	Bally Midway
rampage2	Rampage (Rev 2, 8/4/86)	1986	Bally Midway
rampart	Rampart (Trackball)	1990	Atari Games
rampart2p	Rampart (Joystick, bigger ROMs)	1990	Atari Games
rampart2pa	Rampart (Joystick, smaller ROMs)	1990	Atari Games
rampartj	Rampart (Japan, Joystick)	1990	Atari Games
rangrmsn	Ranger Mission	2004	RIZ Inc./ Sammy
raphero	Rapid Hero (NMK)	1994	NMK
rapheroa	Rapid Hero (Media Trading)	1994	NMK (Media Trading license)
rapidfir	Rapid Fire (v1.1, Build 239)	1998	Hanaho Games
rapidfira	Rapid Fire (v1.1, Build 238)	1998	Hanaho Games
rapidfire	Rapid Fire (v1.0, Build 236)	1998	Hanaho Games
rastan	Rastan (World Rev 1)	1987	Taito
rastana	Rastan (World)	1987	Taito
rastanb	Rastan (World, earlier code base)	1987	Taito
rastanu	Rastan (US Rev 1)	1987	Taito America
rastanua	Rastan (US)	1987	Taito America
rastanub	Rastan (US, earlier code base)	1987	Taito America
rastsag2	Rastan Saga 2 (Japan)	1988	Taito
rastsaga	Rastan Saga (Japan Rev 1)	1987	Taito
rastsagaa	Rastan Saga (Japan Rev 1, earlier code base)	1987	Taito
rastsagaabl	Rastan Saga (bootleg, Japan Rev 1, earlier code base)	1987	bootleg
rastsagab	Rastan Saga (Japan, earlier code base)	1987	Taito
raverace	Rave Racer (World, RV2 Ver.B)	1995	Namco
raveracej	Rave Racer (Japan, RV1 Ver.B)	1995	Namco
raveraceja	Rave Racer (Japan, RV1)	1995	Namco
raycris	RayCrisis (V2.03O 1998/11/15 15:43)	1998	Taito
raycrisj	RayCrisis (V2.03J 1998/11/15 15:43)	1998	Taito
rayforce	RayForce (Ver 2.3A 1994/01/20)	1993	Taito America
rayforcej	RayForce (Ver 2.3J 1994/01/20)	1993	Taito
raystorm	RayStorm (Ver 2.06A)	1996	Taito
raystormg	Ray Storm (VER 2.60G)	2011	bootleg (Arcade MOD BIOS)
raystormj	RayStorm (Ver 2.05J)	1996	Taito
raystormo	RayStorm (Ver 2.05O)	1996	Taito
raystormu	RayStorm (Ver 2.05A)	1996	Taito
razmataz	Razzmatazz	1983	Sega
rbff1	Real Bout Fatal Fury / Real Bout Garou Densetsu (NGM-095 ~ NGH-095)	1995	SNK
rbff1a	Real Bout Fatal Fury / Real Bout Garou Densetsu (bug fix revision)	1995	SNK
rbff1k	Real Bout Fatal Fury / Real Bout Garou Densetsu (Korean release)	1995	SNK
rbff1ka	Real Bout Fatal Fury / Real Bout Garou Densetsu (Korean release, bug fix revision)	1995	SNK
rbff2	Real Bout Fatal Fury 2 - The Newcomers / Real Bout Garou Densetsu 2 - The Newcomers (NGM-2400)	1998	SNK
rbff2h	Real Bout Fatal Fury 2 - The Newcomers / Real Bout Garou Densetsu 2 - The Newcomers (NGH-2400)	1998	SNK
rbff2k	Real Bout Fatal Fury 2 - The Newcomers (Korean release)	1998	SNK
rbffspec	Real Bout Fatal Fury Special / Real Bout Garou Densetsu Special	1996	SNK
rbffspeck	Real Bout Fatal Fury Special / Real Bout Garou Densetsu Special (Korean release)	1996	SNK
rbibb	Vs. Atari R.B.I. Baseball (set 1)	1986	Namco
rbibba	Vs. Atari R.B.I. Baseball (set 2)	1986	Namco
rbisland	Rainbow Islands (rev 1)	1987	Taito
rbislande	Rainbow Islands - Extra Version	1988	Taito
rbislando	Rainbow Islands	1987	Taito
rbmk	Shizhan Majiang Wang (Version 8.8)	1998	GMS
rbspm	Shizhan Ding Huang Maque (Version 4.1)	1998	GMS
rbtapper	Tapper (Root Beer)	1984	Bally Midway
rcasino	Royal Casino (D-2608208A1-2)	1984	Dyna Electronics
rcasino1	Royal Casino (D-2608208A1-1, Larger Board)	1984	Dyna Electronics
rcasino2	Royal Casino (D-2608208A1-1, Smaller Board, set 2)	1984	Dyna Electronics
rcasinoo	Royal Casino (D-2608208A1-1, Smaller Board, set 1)	1984	Dyna Electronics
rcdego	RC De Go (V2.03J 1999/05/22 19:29)	1999	Taito
rcdino4	Royal Card (Italian, Dino 4 hardware, encrypted)	1998	<unknown>
rchase	Rail Chase (World)	1991	Sega
rchase2	Rail Chase 2 (Revision A)	1994	Sega
rchase2a	Rail Chase 2	1994	Sega
rchasej	Rail Chase (Japan)	1991	Sega
rchasejb	Rail Chase (Japan, Rev B)	1991	Sega
rcirulet	Ruleta RCI (6-players, Spanish)	199?	Entretenimientos GEMINIS
rclimb	Rock Climber (040815 World)	2004	Igrosoft
rclimb_10	Rock Climber (110111 Entertainment A)	2004	Igrosoft
rclimb_11	Rock Climber (110124 Entertainment A)	2004	Igrosoft
rclimb_12	Rock Climber (110204 Entertainment A)	2004	Igrosoft
rclimb_13	Rock Climber (110311 Entertainment B)	2004	Igrosoft
rclimb_14	Rock Climber (110411 Entertainment C)	2004	Igrosoft
rclimb_2	Rock Climber (040823 World)	2004	Igrosoft
rclimb_3	Rock Climber (040827 World)	2004	Igrosoft
rclimb_3a	Rock Climber (bootleg, 040827, backdoor)	2004	bootleg
rclimb_3b	Rock Climber (bootleg, 040827, new service menu)	2004	bootleg
rclimb_3c	Rock Climber (bootleg, 040827, VIDEO GAME-1 SK01)	2004	bootleg
rclimb_3d	Rock Climber (bootleg, 040827, LOTTOGAME (I))	2004	bootleg
rclimb_3e	Rock Climber (bootleg, 040827, LOTOS SK01)	2004	bootleg
rclimb_4	Rock Climber (070322 Russia)	2004	Igrosoft
rclimb_5	Rock Climber (070621 Russia)	2004	Igrosoft
rclimb_7	Rock Climber (090716 Entertainment)	2004	Igrosoft
rclimb_8	Rock Climber (100331 Entertainment X)	2004	Igrosoft
rclimb_9	Rock Climber (101209 Entertainment N)	2004	Igrosoft
rdaction	Rad Action / NinjaKun Ashura no Shou	1987	UPL (World Games license)
rdft	Raiden Fighters (Germany)	1996	Seibu Kaihatsu (Tuning license)
rdft2	Raiden Fighters 2 - Operation Hell Dive (Germany)	1997	Seibu Kaihatsu (Tuning license)
rdft22kc	Raiden Fighters 2 - Operation Hell Dive 2000 (China, SYS386I)	2000	Seibu Kaihatsu
rdft2a	Raiden Fighters 2 - Operation Hell Dive (Hong Kong)	1997	Seibu Kaihatsu (Metrotainment license)
rdft2aa	Raiden Fighters 2 - Operation Hell Dive (Korea)	1997	Seibu Kaihatsu (Dream Island license)
rdft2it	Raiden Fighters 2 - Operation Hell Dive (Italy)	1997	Seibu Kaihatsu
rdft2j	Raiden Fighters 2 - Operation Hell Dive (Japan set 1)	1997	Seibu Kaihatsu
rdft2ja	Raiden Fighters 2 - Operation Hell Dive (Japan set 2)	1997	Seibu Kaihatsu
rdft2jb	Raiden Fighters 2 - Operation Hell Dive (Japan set 3)	1997	Seibu Kaihatsu
rdft2jc	Raiden Fighters 2 - Operation Hell Dive (Japan set 4)	1997	Seibu Kaihatsu
rdft2s	Raiden Fighters 2 - Operation Hell Dive (Switzerland)	1997	Seibu Kaihatsu
rdft2t	Raiden Fighters 2 - Operation Hell Dive (Taiwan)	1997	Seibu Kaihatsu
rdft2u	Raiden Fighters 2 - Operation Hell Dive (US)	1997	Seibu Kaihatsu (Fabtek license)
rdft2us	Raiden Fighters 2 - Operation Hell Dive (US, single board)	1997	Seibu Kaihatsu (Fabtek license)
rdfta	Raiden Fighters (Austria)	1996	Seibu Kaihatsu
rdftadi	Raiden Fighters (Korea, SUB4 cart)	1996	Seibu Kaihatsu (Dream Island license)
rdftadia	Raiden Fighters (Korea, SUB2 cart)	1996	Seibu Kaihatsu (Dream Island license)
rdftam	Raiden Fighters (Hong Kong)	1996	Seibu Kaihatsu (Metrotainment license)
rdftau	Raiden Fighters (Australia)	1996	Seibu Kaihatsu
rdftauge	Raiden Fighters (Evaluation Software For Show, Germany)	1996	Seibu Kaihatsu (Tuning license)
rdftgb	Raiden Fighters (Great Britain)	1996	Seibu Kaihatsu
rdftgr	Raiden Fighters (Greece)	1996	Seibu Kaihatsu
rdftit	Raiden Fighters (Italy)	1996	Seibu Kaihatsu
rdftj	Raiden Fighters (Japan, earlier)	1996	Seibu Kaihatsu
rdftja	Raiden Fighters (Japan, earliest)	1996	Seibu Kaihatsu
rdftjb	Raiden Fighters (Japan, newer)	1996	Seibu Kaihatsu
rdfts	Raiden Fighters (Taiwan, single board)	1996	Seibu Kaihatsu (Explorer System Corp. license)
rdftu	Raiden Fighters (US, earlier)	1996	Seibu Kaihatsu (Fabtek license)
rdftua	Raiden Fighters (US, newer)	1996	Seibu Kaihatsu (Fabtek license)
re800ea	Ruleta RE-800 (earlier, no attract)	1991	Entretenimientos GEMINIS
re800v1	Ruleta RE-800 (v1.0, set 1)	1991	Entretenimientos GEMINIS
re800v1a	Ruleta RE-800 (v1.0, set 2)	1991	Entretenimientos GEMINIS
re800v3	Ruleta RE-800 (v3.0)	1991	Entretenimientos GEMINIS
re900	Ruleta RE-900	1993	Entretenimientos GEMINIS
reactor	Reactor	1982	Gottlieb
reaktor	Reaktor (Track & Field conversion)	1987	Zilec
realbrk	Billiard Academy Real Break (Europe)	1998	Nakanihon
realbrkj	Billiard Academy Real Break (Japan)	1998	Nakanihon
realbrkk	Billiard Academy Real Break (Korea)	1998	Nakanihon
realbrko	Billiard Academy Real Break (Europe, older)	1998	Nakanihon
realbrod	The Real Broadway (9131-20-00 R0C)	1996	Merit
realbroda	The Real Broadway (9131-20-00 R0A)	1995	Merit
rebound	Rebound (Rev B)	1974	Atari
recalh	Recalhorn (Ver 1.42J 1994/5/11, prototype)	1994	Taito
record	Record (Version 1)	2000	High Video
recordbr	Recordbreaker (World)	1988	Taito
redalert	Red Alert	1981	Irem (GDI license)
redbaron	Red Baron (revised hardware)	1980	Atari
redbarona	Red Baron	1980	Atari
redbird	Red Bird (bootleg of Space Firebird)	1980	bootleg (Codematic)
redclash	Red Clash	1981	Kaneko
redclashs	Red Clash (Suntronics)	1982	Kaneko (Suntronics license)
redclasht	Red Clash (Tehkan, set 1)	1981	Kaneko (Tehkan license)
redclashta	Red Clash (Tehkan, set 2)	1981	Kaneko (Tehkan license)
redearth	Red Earth (Europe 961121)	1996	Capcom
redearthn	Red Earth (Asia 961121, NO CD)	1996	Capcom
redearthnr1	Red Earth (Asia 961023, NO CD)	1996	Capcom
redearthr1	Red Earth (Europe 961023)	1996	Capcom
redfoxwp2	Hong Hu Zhanji II (China, set 1)	1998	Afega
redfoxwp2a	Hong Hu Zhanji II (China, set 2)	1998	Afega
redhawk	Red Hawk (USA, Canada & South America)	1997	Afega (New Vision Ent. license)
redhawkb	Red Hawk (horizontal, bootleg)	1997	bootleg (Vince)
redhawkc	Red Hawk (China & Hong Kong)	1997	Afega (Zhuojia Co. license)
redhawke	Red Hawk (Excellent Co., Ltd)	1997	Afega (Excellent Co. license)
redhawkg	Red Hawk (horizontal, Greece)	1997	Afega
redhawki	Red Hawk (horizontal, Italy)	1997	Afega (Hae Dong Corp license)
redhawkk	Red Hawk (Korea)	1997	Afega
redhawks	Red Hawk (horizontal, Spain, set 1)	1997	Afega (Hae Dong Corp license)
redhawksa	Red Hawk (horizontal, Spain, set 2)	1997	Afega (Hae Dong Corp license)
redlin2p	Redline Racer (2 players)	1987	Cinematronics (Tradewest license)
redline	Red Line (v808, encrypted)	1989	Fun World
redrobin	Red Robin	1986	Elettronolo
redufo	Defend the Terra Attack on the Red UFO	1981	Artic
redufob	Defend the Terra Attack on the Red UFO (bootleg, set 1)	1981	bootleg
redufob2	Defend the Terra Attack on the Red UFO (bootleg, set 2)	1981	bootleg
redufob3	Defend the Terra Attack on the Red UFO (bootleg, set 3)	1981	bootleg
reelfun	Reel Fun (Version 7.03)	1986	Grayhound Electronics
reelfun0	Reel Fun (Version 7.00)	1986	Grayhound Electronics
reelfun1	Reel Fun (Version 7.01)	1986	Grayhound Electronics
reelmagic	Super Reel Magic (ver.6.3.0, set 1)	1992	bootleg
reelmagica	Super Reel Magic (ver.6.3.0, set 2)	1992	bootleg
reelquak	Reel'N Quake! (Version 1.05)	1997	<unknown>
reflexcrd	Reflex Cards (English, serial protected)	1999	TAB Austria
regulus	Regulus (315-5033, Rev A.)	1983	Sega
reguluso	Regulus (315-5033)	1983	Sega
regulusu	Regulus (not encrypted)	1983	Sega
reikaids	Reikai Doushi - Chinese Exorcist (Japan)	1988	Home Data
relief	Relief Pitcher (Rev D, 07 Jun 1992 / 28 May 1992)	1992	Atari Games
relief2	Relief Pitcher (Rev C, 26 Apr 1992 / 08 Apr 1992)	1992	Atari Games
relief3	Relief Pitcher (Rev B, 10 Apr 1992 / 08 Apr 1992)	1992	Atari Games
reliefs1	Relief Pitcher (System 1, prototype)	1986	Atari Games
renaiclb	Mahjong Ren-ai Club (Japan)	1993	Fujic
renegade	Renegade (US)	1986	Technos Japan (Taito America license)
renegadeb	Renegade (US bootleg)	1986	bootleg
renju	Renju Kizoku - Kira Kira Gomoku Narabe (ver. 1.0)	1994	Visco
repulse	Repulse	1985	Crux / Sega
resclunar	Rescate Lunar (Spanish bootleg of Lunar Rescue)	1980	bootleg (Niemer S.A.)
rescraid	Rescue Raider (5/11/87) (non-cartridge)	1987	Bally Midway
rescraida	Rescue Raider (stand-alone)	1987	Bally Midway
rescue	Rescue	1982	Stern Electronics
rescueb	Tuono Blu (bootleg of Rescue)	1982	bootleg (Videl Games)
resdnt	Resident (040415 World)	2004	Igrosoft
resdnt_10	Resident (100331 Entertainment X)	2004	Igrosoft
resdnt_11	Resident (101209 Entertainment N)	2004	Igrosoft
resdnt_12	Resident (110111 Entertainment A)	2004	Igrosoft
resdnt_13	Resident (110124 Entertainment A)	2004	Igrosoft
resdnt_14	Resident (110204 Entertainment A)	2004	Igrosoft
resdnt_15	Resident (110311 Entertainment A)	2004	Igrosoft
resdnt_16	Resident (140526 Entertainment A)	2004	Igrosoft
resdnt_17	Resident (110411 Entertainment A)	2004	Igrosoft
resdnt_2	Resident (040513 World)	2004	Igrosoft
resdnt_2a	Resident (bootleg, 040513, backdoor)	2004	bootleg
resdnt_2b	Resident (bootleg, 040513, VIDEO GAME-1 SE01 set 1)	2004	bootleg
resdnt_2c	Resident (bootleg, 040513, VIDEO GAME-1 SE01 set 2)	2004	bootleg
resdnt_2d	Resident (bootleg, 040513, VIDEO GAME-1 SE01 set 3)	2004	bootleg
resdnt_2e	Resident (bootleg, 040513, LOTTOGAME (I))	2004	bootleg
resdnt_2f	Resident (bootleg, 040513, LOTO PROGRAM V-RS2)	2004	bootleg
resdnt_2g	Resident (bootleg, 040513, LOTOS SE01)	2004	bootleg
resdnt_3	Resident (070222 Russia)	2004	Igrosoft
resdnt_5	Resident (090722 Entertainment)	2004	Igrosoft
resdnt_6	Resident (100311 World)	2004	Igrosoft
resdnt_8	Resident (100311 Entertainment)	2004	Igrosoft
resdnt_9	Resident (100316 Russia)	2004	Igrosoft
retofinv	Return of the Invaders	1985	Taito
retofinvb	Return of the Invaders (bootleg, with MCU)	1985	bootleg
retofinvb1	Return of the Invaders (bootleg, without MCU, set 1)	1985	bootleg
retofinvb2	Return of the Invaders (bootleg, without MCU, set 2)	1985	bootleg
retofinvb3	Return of the Invaders (bootleg, without MCU, set 3)	1985	bootleg
retofinvbv	Return of the Invaders (Video Dens bootleg, without MCU)	1985	bootleg (Video Dens)
revlatns	Revelations	1991	Nova Productions Ltd.
revngr84	Revenger '84 (newer)	1984	Epos Corporation
revx	Revolution X (revision 2.0 9/8/94)	1994	Midway
revx1	Revolution X (revision 1.0 6/16/94)	1994	Midway
revxp5	Revolution X (prototype, revision 5.0 5/23/94)	1994	Midway
rezon	Rezon	1992	Allumer
rezono	Rezon (earlier)	1991	Allumer
rf2	Konami RF2: Red Fighter	1985	Konami
rfjet	Raiden Fighters Jet (Germany)	1998	Seibu Kaihatsu (Tuning license)
rfjet2kc	Raiden Fighters Jet 2000 (China, SYS386I)	2000	Seibu Kaihatsu
rfjeta	Raiden Fighters Jet (Korea)	1998	Seibu Kaihatsu (Dream Island license)
rfjetj	Raiden Fighters Jet (Japan)	1998	Seibu Kaihatsu
rfjets	Raiden Fighters Jet (US, single board)	1999	Seibu Kaihatsu
rfjetsa	Raiden Fighters Jet (US, single board, test version?)	1999	Seibu Kaihatsu
rfjett	Raiden Fighters Jet (Taiwan)	1998	Seibu Kaihatsu
rfjetu	Raiden Fighters Jet (US)	1998	Seibu Kaihatsu (Fabtek license)
ribbit	Ribbit!	1991	Sega
ribbitj	Ribbit! (Japan)	1991	Sega
ridgera2	Ridge Racer 2 (World, RRS2)	1994	Namco
ridgera28	Ridge Racer 2 (World, RRS8)	1994	Namco
ridgera2j	Ridge Racer 2 (Japan, RRS1 Ver.B)	1994	Namco
ridgera2ja	Ridge Racer 2 (Japan, RRS1)	1994	Namco
ridgerac	Ridge Racer (World, RR2 Ver.B)	1993	Namco
ridgerac3m	Ridge Racer (World, RRC, three monitor version)	1994	Namco
ridgeraca	Ridge Racer (World, RR2)	1993	Namco
ridgeracb	Ridge Racer (US, RR3 Ver.B)	1993	Namco
ridgeracc	Ridge Racer (US, RR3)	1993	Namco
ridgeracf	Ridge Racer Full Scale (World, RRF2)	1993	Namco
ridgeracj	Ridge Racer (Japan, RR1)	1993	Namco
ridhero	Riding Hero (NGM-006 ~ NGH-006)	1990	SNK
ridheroh	Riding Hero (set 2)	1990	SNK
ridingf	Riding Fight (Ver 1.0O)	1992	Taito
ridingfj	Riding Fight (Ver 1.0J)	1992	Taito
ridingfu	Riding Fight (Ver 1.0A)	1992	Taito America
ridleofp	Riddle of Pythagoras (Japan)	1986	Sega / Nasco
rimrockn	Rim Rockin' Basketball (v2.2)	1991	Strata / Incredible Technologies
rimrockn12	Rim Rockin' Basketball (v1.2)	1991	Strata / Incredible Technologies
rimrockn12b	Rim Rockin' Basketball (v1.2, bootleg)	1991	bootleg
rimrockn15	Rim Rockin' Basketball (v1.5)	1991	Strata / Incredible Technologies
rimrockn16	Rim Rockin' Basketball (v1.6)	1991	Strata / Incredible Technologies
rimrockn20	Rim Rockin' Basketball (v2.0)	1991	Strata / Incredible Technologies
ringdest	Ring of Destruction: Slammasters II (Europe 940902)	1994	Capcom
ringdesta	Ring of Destruction: Slammasters II (Asia 940831)	1994	Capcom
ringdestb	Ring of Destruction: Slammasters II (Brazil 940902)	1994	Capcom
ringdesth	Ring of Destruction: Slammasters II (Hispanic 940902)	1994	Capcom
ringdstd	Ring of Destruction: Slammasters II (Europe 940902 Phoenix Edition) (bootleg)	1994	bootleg
ringfgt	Ring Fighter (rev 1)	1984	Kaneko (Taito license)
ringfgta	Ring Fighter	1984	Kaneko (Taito license)
ringking	Ring King (US set 1)	1985	Wood Place (Data East USA license)
ringking2	Ring King (US set 2)	1985	Wood Place (Data East USA license)
ringking3	Ring King (US set 3)	1985	Wood Place (Data East USA license)
ringkingw	Ring King (US, Woodplace Inc.)	1985	Wood Place
ringohja	Ring no Ohja (Japan 2 Players ver. N)	1988	Konami
ringrage	Ring Rage (Ver 2.3O 1992/08/09)	1992	Taito
ringragej	Ring Rage (Ver 2.3J 1992/08/09)	1992	Taito
ringrageu	Ring Rage (Ver 2.3A 1992/08/09)	1992	Taito America
riot	Riot (NMK)	1992	Tecmo (NMK license)
riotcity	Riot City (Japan)	1991	Sega / Westone
riotw	Riot (Woong Bi)	1992	Tecmo (Woong Bi license)
ripcord	Rip Cord	1979	Exidy
ripoff	Rip Off	1980	Cinematronics
ripribit	Ripper Ribbit (Version 3.5)	1997	LAI Games
ripribita	Ripper Ribbit (Version 2.8.4)	1997	LAI Games
riskchal	Risky Challenge	1993	Irem
rittam	R&T (Rod-Land prototype)	1990	Jaleco
riviera	Riviera Hi-Score (2131-08, U5-4A)	1987	Merit
rivieraa	Riviera Hi-Score (2131-08, U5-4)	1986	Merit
rivierab	Riviera Hi-Score (2131-08, U5-3C)	1986	Merit
rivierac	Riviera Hi-Score (2131-08, U5-2D)	1986	Merit
rivierad	Riviera Hi-Score (2131-08P, set 1)	1986	hack?
rivierae	Riviera Hi-Score (2131-08P, set 2)	1986	Riviera
rjammer	Roller Jammer	1984	Nichibutsu / Alice
rkjanoh2	Royal King Jang Oh 2 (v4.00 1984 Jun 10th)	1984	SNK / Dyna Corp
rltennis	Reality Tennis (set 1)	1993	TCH
rltennisa	Reality Tennis (set 2)	1993	TCH
rm_7bonus	Cherry Bonus III (Reel Magic 7 bonus, set 1)	1992	hack
rm_7bonusa	Cherry Bonus III (Reel Magic 7 bonus, set 2)	1992	hack
rmancp2j	Rockman: The Power Battle (CPS2, Japan 950922)	1995	Capcom
rmgoldyh	Real Mahjong Gold Yumehai / Super Real Mahjong GOLD part.2 (Japan)	1988	Seta (Alba license)
rmhaihai	Real Mahjong Haihai (Japan, newer)	1985	Alba
rmhaihai2	Real Mahjong Haihai (Japan, older)	1985	Alba
rmhaihaibl	Real Mahjong Haihai (Japan, bootleg)	1985	bootleg
rmhaihib	Real Mahjong Haihai (Japan, medal)	1985	Alba
rmhaijin	Real Mahjong Haihai Jinji Idou Hen (Japan)	1986	Alba
rmhaisei	Real Mahjong Haihai Seichouhen (Japan)	1986	Visco
rmpgwt	Rampage: World Tour (rev 1.3)	1997	Midway
rmpgwt11	Rampage: World Tour (rev 1.1)	1997	Midway
roadblst	Road Blasters (upright, rev 4)	1987	Atari Games
roadblst1	Road Blasters (upright, rev 1)	1987	Atari Games
roadblst2	Road Blasters (upright, rev 2)	1987	Atari Games
roadblst3	Road Blasters (upright, rev 3)	1987	Atari Games
roadblstc	Road Blasters (cockpit, rev 2)	1987	Atari Games
roadblstc1	Road Blasters (cockpit, rev 1)	1987	Atari Games
roadblstcg	Road Blasters (cockpit, German, rev 1)	1987	Atari Games
roadblstg	Road Blasters (upright, German, rev 3)	1987	Atari Games
roadblstg1	Road Blasters (upright, German, rev 1)	1987	Atari Games
roadblstg2	Road Blasters (upright, German, rev 2)	1987	Atari Games
roadblstgu	Road Blasters (upright, German, rev ?)	1987	Atari Games
roadburn	Road Burners (ver 1.04)	1999	Atari Games
roadburn1	Road Burners (ver 1.0)	1999	Atari Games
roadedge	Roads Edge / Round Trip RV (rev.B)	1997	SNK
roadf	Road Fighter (set 1)	1984	Konami
roadf2	Road Fighter (set 2)	1984	Konami
roadfh	Road Fighter (bootleg GX330 conversion)	1984	bootleg
roadfu	Road Fighter (set 3, unencrypted)	1984	Konami
roadriot	Road Riot 4WD (04 Dec 1991, conversion kit)	1991	Atari Games
roadriota	Road Riot 4WD (13 Nov 1991, conversion kit)	1991	Atari Games
roadriotb	Road Riot 4WD (04 Jun 1991, dedicated twin)	1991	Atari Games
roadrunm	Road Runner (Midway)	1977	Midway
roadrunn	Road Runner (rev 2)	1985	Atari Games
roadrunn1	Road Runner (rev 1)	1985	Atari Games
roadrunn2	Road Runner (rev 1+)	1985	Atari Games
robadv	Robin's Adventure (Version 1.7E Dual)	2004	Amcoe
robadv2	Robin's Adventure 2 (Version 1.7E Dual)	2004	Amcoe
robadv2c1	Robin's Adventure 2 (Version 1.7R, set 1)	2004	Amcoe
robadv2c2	Robin's Adventure 2 (Version 1.7LT, set 1)	2004	Amcoe
robadv2c3	Robin's Adventure 2 (Version 1.7SH, set 1)	2004	Amcoe
robadv2d1	Robin's Adventure 2 (Version 1.7R, set 2)	2004	Amcoe
robadv2d2	Robin's Adventure 2 (Version 1.7LT, set 2)	2004	Amcoe
robadv2d3	Robin's Adventure 2 (Version 1.7SH, set 2)	2004	Amcoe
robadv2o	Robin's Adventure 2 (Version 1.5SH)	2004	Amcoe
robadv2o2	Robin's Adventure 2 (Version 1.5)	2004	Amcoe
robadv2v1	Robin's Adventure 2 (Version 1.7R Dual)	2004	Amcoe
robadv2v2	Robin's Adventure 2 (Version 1.7LT Dual)	2004	Amcoe
robadv2v3	Robin's Adventure 2 (Version 1.7SH Dual)	2004	Amcoe
robadvc1	Robin's Adventure (Version 1.7R, set 1)	2004	Amcoe
robadvd1	Robin's Adventure (Version 1.7R, set 2)	2004	Amcoe
robadvo	Robin's Adventure (Version 1.5)	2004	Amcoe
robadvv1	Robin's Adventure (Version 1.7R Dual)	2004	Amcoe
robby	The Adventures of Robby Roto!	1981	Dave Nutting Associates / Bally Midway
roboarmy	Robo Army	1991	SNK
roboarmya	Robo Army (NGM-032 ~ NGH-032)	1991	SNK
robocop	Robocop (World, revision 4)	1988	Data East Corporation
robocop2	Robocop 2 (Euro/Asia v0.10)	1991	Data East Corporation
robocop2j	Robocop 2 (Japan v0.11)	1991	Data East Corporation
robocop2u	Robocop 2 (US v0.10)	1991	Data East Corporation
robocop2ua	Robocop 2 (US v0.05)	1991	Data East Corporation
robocopb	Robocop (World bootleg)	1988	bootleg
robocopj	Robocop (Japan)	1988	Data East Corporation
robocopu	Robocop (US, revision 1)	1988	Data East USA
robocopu0	Robocop (US, revision 0)	1988	Data East USA
robocopw	Robocop (World, revision 3)	1988	Data East Corporation
robokid	Atomic Robo-kid (World, Type-2)	1988	UPL
robokidj	Atomic Robo-kid (Japan, Type-2, set 1)	1988	UPL
robokidj2	Atomic Robo-kid (Japan, Type-2, set 2)	1988	UPL
robokidj3	Atomic Robo-kid (Japan)	1988	UPL
robotbwl	Robot Bowl	1977	Exidy
robotron	Robotron: 2084 (Release 5, solid blue label)	1982	Williams / Vid Kidz
robotron12	Robotron: 2084 (2012 'wave 201 start' hack)	2012	hack
robotron87	Robotron: 2084 (1987 'shot-in-the-corner' bug fix)	1987	hack
robotronr3	Robotron: 2084 (Release 3, prototype)	1982	Williams / Vid Kidz
robotrontd	Robotron: 2084 (2015 'tie-die V2' hack)	2015	hack
robotronun	Robotron: 2084 (Unidesa license)	1982	Williams / Vid Kidz (Unidesa license)
robotronyo	Robotron: 2084 (Release 4, yellow/orange label)	1982	Williams / Vid Kidz
robowres	Robo Wres 2001	1986	Sanritsu / Sega
robowresb	Robo Wres 2001 (bootleg)	1986	bootleg
rockclim	Rock Climber	1981	Taito
rockduck	Rock Duck (prototype?)	1983	Datel SAS
rockman2j	Rockman 2: The Power Fighters (Japan 960708)	1996	Capcom
rockmanj	Rockman: The Power Battle (CPS1, Japan 950922)	1995	Capcom
rockn	Rock'n Tread (Japan)	1999	Jaleco
rockn2	Rock'n Tread 2 (Japan)	1999	Jaleco
rockn3	Rock'n 3 (Japan)	1999	Jaleco
rockn4	Rock'n 4 (Japan, prototype)	2000	Jaleco / PCCWJ
rockna	Rock'n Tread (Japan, alternate)	1999	Jaleco
rocknms	Rock'n MegaSession (Japan)	1999	Jaleco
rocknms10	Rock'n MegaSession (Japan, ver 1.0)	1999	Jaleco
rockrage	Rock'n Rage (World)	1986	Konami
rockragea	Rock'n Rage (prototype?)	1986	Konami
rockragej	Koi no Hotrock (Japan)	1986	Konami
rocktcnvy	Rocket Convoy	1981	Radar
rocktris	Rock Tris	1994?	Yun Sung
rocktrv2	MTV Rock-N-Roll Trivia (Part 2)	1986	Triumph Software Inc.
rocnrope	Roc'n Rope	1983	Konami
rocnropek	Roc'n Rope (Kosuka)	1983	Konami (Kosuka license)
rodland	Rod-Land (World, set 1)	1990	Jaleco
rodlanda	Rod-Land (World, set 2)	1990	Jaleco
rodlandj	Rod-Land (Japan)	1990	Jaleco
rodlandjb	Rod-Land (Japan bootleg with unencrypted program)	1990	bootleg
rodlandjb2	Rod-Land (Japan bootleg with unencrypted program and GFX)	1990	bootleg
rohga	Rohga: Armor Force (Asia/Europe v5.0)	1991	Data East Corporation
rohga1	Rohga: Armor Force (Asia/Europe v3.0 set 1)	1991	Data East Corporation
rohga2	Rohga: Armor Force (Asia/Europe v3.0 set 2)	1991	Data East Corporation
rohgah	Rohga: Armor Force (Hong Kong v3.0)	1991	Data East Corporation
rohgau	Rohga: Armor Force (US v1.0)	1991	Data East Corporation
roishtar	The Return of Ishtar	1986	Namco
rolcrush	Rolling Crush (version 1.07.E - 1999/02/11, Trust license)	1999	SemiCom / Exit (Trust license)
rolcrusha	Rolling Crush (version 1.03.E - 1999/01/29)	1999	SemiCom / Exit
roldfrog	The Return of Lady Frog (set 1)	1993	Microhard
roldfroga	The Return of Lady Frog (set 2)	1993	Microhard
rollace	Roller Aces (set 1)	1983	Kaneko (Williams license)
rollace2	Roller Aces (set 2)	1983	Kaneko (Williams license)
rollerg	Rollergames (US)	1991	Konami
rollerga	Rollergames (Asia)	1991	Konami
rollergj	Rollergames (Japan)	1991	Konami
rollext	ROLLing eX.tre.me (US)	1999	Gaelco (Namco America license)
rollfr	Roll Fruit (030821)	2003	Igrosoft
rollfr_2	Roll Fruit (040318)	2003	Igrosoft
rollfr_3	Roll Fruit (080327)	2003	Igrosoft
rollfr_4	Roll Fruit (080331)	2003	Igrosoft
rollingc	Rolling Crash / Moon Base	1979	Nichibutsu
rompers	Rompers (Japan, new version (Rev B))	1989	Namco
romperso	Rompers (Japan, old version)	1989	Namco
ron2	Futari Mahjong Ron II (set 1)	1981	Sanritsu
ron2a	Futari Mahjong Ron II (set 2)	1981	Sanritsu
rongrong	Puzzle Game Rong Rong (Europe)	1994	Nakanihon (Activision license)
rongrongg	Puzzle Game Rong Rong (Germany)	1994	Nakanihon (Activision license)
rongrongj	Puzzle Game Rong Rong (Japan)	1994	Nakanihon (Activision license)
ropeman	Ropeman (bootleg of Roc'n Rope)	1983	bootleg
rotaryf	Rotary Fighter	1979	Kasco
rotd	Rage of the Dragons (NGM-2640?)	2002	Evoga / Playmore
rotdh	Rage of the Dragons (NGH-2640?)	2002	Evoga / Playmore
rotr	Rise of the Robots (prototype)	1994	BFM/Mirage
rotra	Rise of the Robots (prototype, older)	1994	BFM/Mirage
roughrac	Rough Racer (Japan, Floppy Based, FD1094 317-0058-06b)	1990	Sega
rougien	Rougien	1982	Sanritsu
roul	Super Lucky Roulette	1990	bootleg
roundup	Round-Up	1981	Taito (Amenip/Centuri license)
roundup5	Round Up 5 - Super Delta Force	1989	Tatsumi
route16	Route 16 (Sun Electronics, set 1)	1981	Sun Electronics
route16a	Route 16 (Centuri license, set 1)	1981	Sun Electronics / Tehkan (Centuri license)
route16b	Route 16 (Centuri license, set 2)	1981	Sun Electronics / Tehkan (Centuri license)
route16bl	Route 16 (bootleg)	1981	bootleg (Leisure and Allied)
route16c	Route 16 (Centuri license, set 3, bootleg?)	1981	Sun Electronics / Tehkan (Centuri license)
route16d	Route 16 (Sun Electronics, set 2)	1981	Sun Electronics
routex	Route X (bootleg, set 1)	1981	bootleg
routexa	Route X (bootleg, set 2)	1981	bootleg
royal	Royal (Pool 10 hack)	2001	<unknown>
royal5p	Royal 5+ / X'mas 5 (V101US)	2005	IGS
royalcdfr	Royal Card (French)	1991	TAB Austria
royalcrd	Royal Card (German, set 1)	1991	TAB Austria
royalcrda	Royal Card (German, set 2)	1991	TAB Austria
royalcrdb	Royal Card (German/Polish, set 3)	1991	TAB Austria
royalcrdc	Royal Card (German, set 4)	1991	TAB Austria
royalcrdd	Royal Card (German, set 5)	1991	TAB Austria
royalcrde	Royal Card (German, set 6)	1991	TAB Austria
royalcrdf	Royal Card (Evona, Polish, encrypted)	1991	Evona Electronic
royalcrdg	Royal Card (German, set 7, CMC C1030 HW)	1990	bootleg
royalcrdh	Royal Card (German, set 8)	1991	TAB Austria
royalcrdp	Royal Card v2.0 Professional	1993	Digital Dreams
royalcrdt	Royal Card (TAB original)	1991	TAB Austria
royale	Royale (set 1)	198?	<unknown>
royalea	Royale (set 2)	198?	<unknown>
royaljp	Royal Card / Royal Jackpot (with a third draw)(encrypted)	199?	TAB / Video Klein
royalmah	Royal Mahjong (Falcon bootleg, v1.01)	1982	bootleg
royalmj	Royal Mahjong (Japan, v1.13)	1981	Nichibutsu
royalngt	Royal Night (Japan 840220 RN 2-00)	1984	Royal Denshi
royalpk2	Royal Poker 2 (Network version 3.12)	1999	F2 System
royalqn	Royal Queen (Japan 841010 RQ 0-07)	1984	Royal Denshi
roylcrdn	Royal Card (Nichibutsu HW)	1985	Amusement
roylcrdna	Royal Card Part-Two (Nichibutsu HW, Ver. 1.02)	1982	Miki Corp.
roypok96	Royal Poker '96 (set 1, v97-3.5)	1996	Amcoe
roypok96a	Royal Poker '96 (set 2, v98-3.6)	1996	Amcoe
roypok96b	Royal Poker '96 (set 3, v98-3.6?)	1996	Amcoe
rpanic	Rolling Panic (v2.33)	1992	Excellent System / Jaleco
rpatrol	River Patrol (Japan)	1981	Orca
rpatrolb	River Patrol (bootleg)	1981	bootleg
rpatroln	River Patrol (Japan, unprotected)	1981	Orca
rpunch	Rabbit Punch (US)	1987	V-System Co. (Bally/Midway/Sente license)
rranger	Rough Ranger (v2.0)	1988	SunA (Sharp Image license)
rrangerb	Rough Ranger (v2.0, bootleg)	1988	bootleg
rrreveng	Road Riot's Revenge (prototype, Sep 06, 1994)	1993	Atari Games
rrrevenga	Road Riot's Revenge (prototype, Jan 27, 1994, set 1)	1993	Atari Games
rrrevengb	Road Riot's Revenge (prototype, Jan 27, 1994, set 2)	1993	Atari Games
rselect	Royal Selection (Japan, ver. 1.01)	1994	Dynax
rsgun	Radiant Silvergun (JUET 980523 V1.000)	1998	Treasure
rshark	R-Shark (set 1)	1995	Dooyong
rsharka	R-Shark (set 2)	1995	Dooyong
rthun2	Rolling Thunder 2	1990	Namco
rthun2j	Rolling Thunder 2 (Japan)	1990	Namco
rthunder	Rolling Thunder (rev 3)	1986	Namco
rthunder0	Rolling Thunder (oldest)	1986	Namco
rthunder1	Rolling Thunder (rev 1)	1986	Namco
rthunder2	Rolling Thunder (rev 2)	1986	Namco
rthundera	Rolling Thunder (rev 3, hack)	1986	bootleg
rtriv	Romar Triv	198?	Romar
rtype	R-Type (World)	1987	Irem
rtype2	R-Type II (World)	1989	Irem
rtype2j	R-Type II (Japan)	1989	Irem
rtype2jc	R-Type II (Japan, revision C)	1989	Irem
rtype2m82b	R-Type II (Japan, bootleg M82 conversion)	1997	bootleg
rtypeb	R-Type (World bootleg)	1987	bootleg
rtypej	R-Type (Japan)	1987	Irem
rtypejp	R-Type (Japan prototype)	1987	Irem
rtypeleo	R-Type Leo (World)	1992	Irem
rtypeleoj	R-Type Leo (Japan)	1992	Irem
rtypem82b	R-Type (Japan, bootleg M82 conversion)	2009	bootleg
rtypeu	R-Type (US)	1987	Irem (Nintendo of America license)
rugrats	Rug Rats	1983	Nichibutsu
rumba	Rumba Lumber (rev 1)	1984	Taito
rumblef	The Rumble Fish	2004	Sammy / Dimps
rumblef2	The Rumble Fish 2	2005	Sammy / Dimps
rumblefp	The Rumble Fish (prototype)	2004	Sammy / Dimps
rumblf2p	The Rumble Fish 2 (prototype)	2005	Sammy / Dimps
runark	Runark (Japan)	1990	Taito
runaway	Runaway (Atari, prototype)	1982	Atari
runaways	Runaway (Sun Electronics, Japan)	1979	Sun Electronics
rundeep	Run Deep	1988	Cream
rungun	Run and Gun (ver EAA 1993 10.8)	1993	Konami
rungun2	Run and Gun 2 (ver UAA)	1996	Konami
runguna	Run and Gun (ver EAA 1993 10.4)	1993	Konami
rungunad	Run and Gun (ver EAA 1993 10.4) (dual screen with demux adapter)	1993	Konami
rungunb	Run and Gun (ver EAA 1993 9.10, prototype?)	1993	Konami
rungunbd	Run and Gun (ver EAA 1993 9.10, prototype?) (dual screen with demux adapter)	1993	Konami
rungund	Run and Gun (ver EAA 1993 10.8) (dual screen with demux adapter)	1993	Konami
rungunuaad	Run and Gun (ver UAB 1993  9.10, dedicated twin cabinet)	1993	Konami
rungunuabd	Run and Gun (ver UAB 1993 10.12, dedicated twin cabinet)	1993	Konami
rungunuba	Run and Gun (ver UBA 1993 10.8)	1993	Konami
rungunubad	Run and Gun (ver UBA 1993 10.8) (dual screen with demux adapter)	1993	Konami
runpuppy	Run Run Puppy	2000	Konami
runrun	Run Run (Do! Run Run bootleg)	1984	bootleg
rushatck	Rush'n Attack (US)	1985	Konami
rushbets	Rushing Beat Shura (SNES bootleg)	1997	bootleg
rushcrsh	Rush & Crash (Japan)	1986	Capcom
rushhero	Rushing Heroes (ver UAB)	1996	Konami
rvschool	Rival Schools: United By Fate (Europe 971117)	1997	Capcom
rvschoola	Rival Schools: United By Fate (Asia 971117)	1997	Capcom
rvschoolu	Rival Schools: United By Fate (USA 971117)	1997	Capcom
rygar	Rygar (US set 1)	1986	Tecmo
rygar2	Rygar (US set 2)	1986	Tecmo
rygar3	Rygar (US set 3 Old Version)	1986	Tecmo
rygarj	Argus no Senshi (Japan set 1)	1986	Tecmo
rygarj2	Argus no Senshi (Japan set 2)	1986	Tecmo
ryorioh	Gourmet Battle Quiz Ryohrioh CooKing (Japan)	1998	Visco
ryouran	VS Mahjong Otome Ryouran (revision 2)	1998	Electro Design
ryourano	VS Mahjong Otome Ryouran (revision 1)	1998	Electro Design
ryujin	Ryu Jin (Japan, ET910000B PCB)	1993	Taito
ryujina	Ryu Jin (Japan, ET910000A PCB)	1993	Taito
ryukendn	Ninja Ryukenden (Japan, set 1)	1989	Tecmo
ryukendna	Ninja Ryukenden (Japan, set 2)	1989	Tecmo
ryukendnb	Ninja Ryukenden (Japan, set 3)	1989	Tecmo
ryukobou	Mahjong Ryukobou (Japan, V030J)	1995	IGS / Alta
ryukyu	RyuKyu (Rev A, Japan) (FD1094 317-5023A)	1990	Success / Sega
ryukyua	RyuKyu (Japan) (FD1094 317-5023)	1990	Success / Sega
ryukyud	RyuKyu (Japan) (bootleg of FD1094 317-5023 set)	1990	bootleg
ryuuha	Ryuuha (Japan 871027)	1987	Central Denshi
s1945	Strikers 1945 (World)	1995	Psikyo
s1945a	Strikers 1945 (Japan / World)	1995	Psikyo
s1945bl	Strikers 1945 (Hong Kong, bootleg)	1995	bootleg
s1945ii	Strikers 1945 II	1997	Psikyo
s1945iii	Strikers 1945 III (World) / Strikers 1999 (Japan)	1999	Psikyo
s1945j	Strikers 1945 (Japan)	1995	Psikyo
s1945k	Strikers 1945 (Korea)	1995	Psikyo
s1945n	Strikers 1945 (World, unprotected)	1995	Psikyo
s1945nj	Strikers 1945 (Japan, unprotected)	1995	Psikyo
s1945p	Strikers 1945 Plus	1999	Psikyo
sabotenb	Saboten Bombers (set 1)	1992	NMK / Tecmo
sabotenba	Saboten Bombers (set 2)	1992	NMK / Tecmo
sadari	Sadari (Japan, NTC license)	1993	Dooyong (NTC license)
safari	Safari (set 1)	1977	Gremlin
safaria	Safari (set 2, bootleg?)	1977	Gremlin
safarir	Safari Rally (World)	1979	SNK (Taito license)
safarirj	Safari Rally (Japan)	1979	SNK
sagaia	Sagaia (dual screen) (World)	1989	Taito
sailormn	Bishoujo Senshi Sailor Moon (Version 95/03/22B, Japan)	1995	Gazelle (Banpresto license)
sailormne	Pretty Soldier Sailor Moon (Version 95/03/22B, Europe)	1995	Gazelle (Banpresto license)
sailormnh	Bishoujo Senshi Sailor Moon (Version 95/03/22B, Hong Kong)	1995	Gazelle (Banpresto license)
sailormnk	Pretty Soldier Sailor Moon (Version 95/03/22B, Korea)	1995	Gazelle (Banpresto license)
sailormnne	Pretty Soldier Sailor Moon (Version 95/03/22, Europe)	1995	Gazelle (Banpresto license)
sailormnnh	Bishoujo Senshi Sailor Moon (Version 95/03/22, Hong Kong)	1995	Gazelle (Banpresto license)
sailormnnj	Bishoujo Senshi Sailor Moon (Version 95/03/22, Japan)	1995	Gazelle (Banpresto license)
sailormnnk	Pretty Soldier Sailor Moon (Version 95/03/22, Korea)	1995	Gazelle (Banpresto license)
sailormnnt	Bishoujo Senshi Sailor Moon (Version 95/03/22, Taiwan)	1995	Gazelle (Banpresto license)
sailormnnu	Pretty Soldier Sailor Moon (Version 95/03/22, USA)	1995	Gazelle (Banpresto license)
sailormnoe	Pretty Soldier Sailor Moon (Version 95/03/21, Europe)	1995	Gazelle (Banpresto license)
sailormnoh	Bishoujo Senshi Sailor Moon (Version 95/03/21, Hong Kong)	1995	Gazelle (Banpresto license)
sailormnoj	Bishoujo Senshi Sailor Moon (Version 95/03/21, Japan)	1995	Gazelle (Banpresto license)
sailormnok	Pretty Soldier Sailor Moon (Version 95/03/21, Korea)	1995	Gazelle (Banpresto license)
sailormnot	Bishoujo Senshi Sailor Moon (Version 95/03/21, Taiwan)	1995	Gazelle (Banpresto license)
sailormnou	Pretty Soldier Sailor Moon (Version 95/03/21, USA)	1995	Gazelle (Banpresto license)
sailormnt	Bishoujo Senshi Sailor Moon (Version 95/03/22B, Taiwan)	1995	Gazelle (Banpresto license)
sailormnu	Pretty Soldier Sailor Moon (Version 95/03/22B, USA)	1995	Gazelle (Banpresto license)
sailorwa	Mahjong Sailor Wars (Japan set 2)	1993	Nichibutsu
sailorwr	Mahjong Sailor Wars-R (Japan)	1993	Nichibutsu
sailorws	Mahjong Sailor Wars (Japan set 1)	1993	Nichibutsu
saiyugou	Sai Yu Gou Ma Roku (Japan)	1988	Technos Japan
saiyugoub1	Sai Yu Gou Ma Roku (Japan bootleg 1)	1988	bootleg
saiyugoub2	Sai Yu Gou Ma Roku (Japan bootleg 2)	1988	bootleg
saiyukip	Slot Poker Saiyuki (Japan)	1998	World Station Co.,LTD
saklove	Ying Hua Lian 2.0 (China, Ver. 1.02)	1998	Subsino
saladue	Sala Due (Version 3.04)	200?	Industrias Brasileiras
saladuea	Sala Due (Version 1.04)	200?	Industrias Brasileiras
salamand	Salamander (version D)	1986	Konami
salamandj	Salamander (version J)	1986	Konami
salamandt	Salamander (Tecfri license)	1986	Konami (Tecfri license)
salarymc	Salary Man Champ - Tatakau Salary Man (GCA18 VER. JAA)	2000	Success / Konami
salmndr2	Salamander 2 (ver JAA)	1996	Konami
salmndr2a	Salamander 2 (ver AAB)	1996	Konami
saloon	Saloon (French, encrypted)	198?	<unknown>
samba	Samba De Amigo (Rev B)	1999	Sega
samba2k	Samba de Amigo ver. 2000 (Japan)	2000	Sega
sambaa	Samba De Amigo (Rev A)	1999	Sega
samesame	Same! Same! Same! (Japan, 1P set)	1989	Toaplan
samesame2	Same! Same! Same! (Japan, 2P set)	1989	Toaplan
samesamecn	Jiao! Jiao! Jiao! (China)	1990	Toaplan (Hong Kong Honest Trading license)
samesamenh	Same! Same! Same! (Japan, 1P set, NEW VER! hack)	2015	hack (trap15)
sammymdl	Sammy Medal Game System BIOS	1999	Sammy
sams64	Samurai Shodown 64 / Samurai Spirits / Paewang Jeonseol 64	1997	SNK
sams64_2	Samurai Shodown 64: Warriors Rage / Samurai Spirits 2: Asura Zanmaden	1998	SNK
samsh5sp	Samurai Shodown V Special / Samurai Spirits Zero Special (NGM-2720)	2004	Yuki Enterprise / SNK Playmore
samsh5sph	Samurai Shodown V Special / Samurai Spirits Zero Special (NGH-2720, 2nd release, less censored)	2004	Yuki Enterprise / SNK Playmore
samsh5spho	Samurai Shodown V Special / Samurai Spirits Zero Special (NGH-2720, 1st release, censored)	2004	Yuki Enterprise / SNK Playmore
samsho	Samurai Shodown / Samurai Spirits (NGM-045)	1993	SNK
samsho2	Samurai Shodown II / Shin Samurai Spirits - Haohmaru Jigokuhen (NGM-063 ~ NGH-063)	1994	SNK
samsho2k	Saulabi Spirits / Jin Saulabi Tu Hon (Korean release of Samurai Shodown II, set 1)	1994	SNK
samsho2ka	Saulabi Spirits / Jin Saulabi Tu Hon (Korean release of Samurai Shodown II, set 2)	1994	SNK
samsho3	Samurai Shodown III / Samurai Spirits - Zankurou Musouken (NGM-087)	1995	SNK
samsho3h	Samurai Shodown III / Samurai Spirits - Zankurou Musouken (NGH-087)	1995	SNK
samsho4	Samurai Shodown IV - Amakusa's Revenge / Samurai Spirits - Amakusa Kourin (NGM-222 ~ NGH-222)	1996	SNK
samsho4k	Paewang Jeonseol / Legend of a Warrior (Korean censored Samurai Shodown IV)	1996	SNK
samsho5	Samurai Shodown V / Samurai Spirits Zero (NGM-2700, set 1)	2003	Yuki Enterprise / SNK Playmore
samsho5a	Samurai Shodown V / Samurai Spirits Zero (NGM-2700, set 2)	2003	Yuki Enterprise / SNK Playmore
samsho5b	Samurai Shodown V / Samurai Spirits Zero (bootleg)	2003	bootleg
samsho5h	Samurai Shodown V / Samurai Spirits Zero (NGH-2700)	2003	Yuki Enterprise / SNK Playmore
samshoh	Samurai Shodown / Samurai Spirits (NGH-045)	1993	SNK
samsptk	Samurai Spirits Tenkaichi Kenkakuden	2005	Sammy / SNK Playmore
samurai	Samurai (World)	1980	Sega
samuraia	Samurai Aces (World)	1993	Psikyo (Banpresto license)
samuraiak	Samurai Aces (Korea?)	1993	Psikyo (Banpresto license)
samuraij	Samurai (Japan)	1980	Sega
sandor	Puzzle & Action: Sando-R (J 951114 V1.000)	1995	Sega
sandscrp	Sand Scorpion	1992	Face
sandscrpa	Sand Scorpion (Earlier)	1992	Face
sandscrpb	Kuai Da Shizi Huangdi (China?, Revised Hardware)	1992	Face
sanjeon	DaeJeon! SanJeon SuJeon (AJTUE 990412 V1.000)	1999	Sega / Deniam
sarge	Sarge	1985	Bally Midway
sarukani	Saru-Kani-Hamu-Zou (Japan)	1997	Kaneko / Mediaworks
sasissu	Taisen Tanto-R Sashissu!! (J 980216 V1.000)	1998	Sega
sasuke	Sasuke vs. Commander (set 1)	1980	SNK
sasukea	Sasuke vs. Commander (set 2)	1980	SNK
satansat	Satan of Saturn (set 1)	1981	SNK
satansata	Satan of Saturn (set 2)	1981	SNK
satansatind	Satan of Saturn (Inder S.A., bootleg)	1981	bootleg (Inder S.A.)
sathena	Super Athena (bootleg)	1987	bootleg
satsf3d	Saturn: Space Fighter 3D	1979	Data East
saturnzi	Saturn	1983	Zilec Electronics / Jaleco
saurnfrnt	Saurian Front (proto v5.0 8/07/90)	1991	Williams
sauro	Sauro (set 1)	1987	Tecfri
sauroa	Sauro (set 2)	1987	Tecfri
saurob	Sauro (set 3)	1987	Tecfri
saurobl	Sauro (bootleg)	1987	bootleg
sauroc	Sauro (set 4, easier)	1987	Tecfri
saurop	Sauro (Philko license)	1987	Tecfri (Philko license)
saurorr	Sauro (Recreativos Real S.A. license)	1987	Tecfri (Recreativos Real S.A. license)
savagere	Savage Reign / Fu'un Mokushiroku - Kakutou Sousei	1995	SNK
savanna	Savanna (bootleg of Jungler)	1982	bootleg (Olympia)
savgbees	Savage Bees	1985	Capcom (Memetron license)
sb2003	Super Bubble 2003 (World, Ver 1.0)	2003	Limenko
sb2003a	Super Bubble 2003 (Asia, Ver 1.0)	2003	Limenko
sbagman	Super Bagman (version 5)	1984	Valadon Automation
sbagman2	Super Bagman (version 3?)	1984	Valadon Automation
sbagmani	Super Bagman (Itisa, Spain)	1984	Valadon Automation (Itisa license)
sbagmans	Super Bagman (Stern Electronics)	1984	Valadon Automation (Stern Electronics license)
sball2k1	Super Ball 2001 (Italy version 5.23)	2001	GMS
sbasebal	Super Champion Baseball (US)	1989	Alpha Denshi Co. (SNK of America license)
sbasebalj	Super Champion Baseball (Japan)	1989	Alpha Denshi Co.
sbasketb	Super Basketball (version I, encrypted)	1984	Konami
sbaskete	Super Basketball (version E, encrypted)	1984	Konami
sbasketg	Super Basketball (version G, encrypted)	1984	Konami
sbasketh	Super Basketball (version H, unprotected)	1984	Konami
sbbros	Super Buster Bros. (USA 901001)	1990	Mitchell (Capcom license)
sbdk	Super Bike (DK conversion)	1984	Century Electronics
sbhoei	Space Battle (Hoei, set 1)	1980	Hoei
sbhoeia	Space Battle (Hoei, set 2)	1980	Hoei
sbishi	Super Bishi Bashi Champ (ver JAA, 2 Players)	1998	Konami
sbishik	Super Bishi Bashi Champ (ver KAB, 3 Players)	1998	Konami
sbishika	Super Bishi Bashi Champ (ver KAA, 3 Players)	1998	Konami
sblast2b	Sonic Blast Man II Special Turbo (SNES bootleg)	1997	bootleg
sbmjb	Sonic Blast Man no Janken Battle (Japan, main ver. 1.1, video ver. 1.0)	1998	Taito
sboblbobl	Super Bobble Bobble (bootleg, set 1)	1986	bootleg (Datsu)
sboblbobla	Super Bobble Bobble (bootleg, set 2)	1986	bootleg
sboblboblb	Super Bobble Bobble (bootleg, set 3)	1986	bootleg
sboblboblc	Super Bubble Bobble (bootleg)	1986	bootleg
sboblbobld	Super Bobble Bobble (bootleg, set 4)	1986	bootleg
sboblboble	Super Bobble Bobble (bootleg, set 5)	1986	bootleg
sboblboblf	Super Bobble Bobble (bootleg, set 6)	1986	bootleg
sbomber	Space Bomber (ver. B)	1998	Psikyo
sbombera	Space Bomber	1998	Psikyo
sbowling	Strike Bowling	1982	Taito
sbp	Super Bubble Pop	2004	Vektorlogic
sbrkout	Super Breakout (rev 04)	1978	Atari
sbrkout3	Super Breakout (rev 03)	1978	Atari
sbrkoutc	Super Breakout (Canyon and Vertical Breakout, prototype)	1978	Atari
sbrkoutct	Super Breakout (Cocktail, prototype)	1978	Atari
sbsgomo	Space Battle Ship Gomorrah (Japan)	1990	UPL
sbsoli	Skat Bierskat Solitaire (F2)	1998	ADP
sbubsm	Super Bubble Bobble (Sun Mixing, Mega Drive clone hardware)	1996	Sun Mixing
sbugger	Space Bugger (set 1)	1981	Game-A-Tron
sbuggera	Space Bugger (set 2)	1981	Game-A-Tron
sc2in1	Super Card 2 in 1 (English version 03.23)	2001	GMS
scandal	Scandal Mahjong (Japan 890213)	1989	Nichibutsu
scandalm	Scandal Mahjong (Japan 890217, medal)	1989	Nichibutsu
scardy2k	Super Card Y2000K (Version 0.26)	2000	bootleg (CV)
scessjoe	Success Joe (World)	1990	Taito / Wave
scfinals	Super Cup Finals (Ver 2.2O 1994/01/13, single PCB)	1993	Taito
scfinalso	Super Cup Finals (Ver 2.1O 1993/11/19, single PCB)	1993	Taito
scfinalsoc	Super Cup Finals (Ver 2.1O 1993/11/19, F3 Cartridge)	1993	Taito
schamp	Sonic Championship (USA)	1996	Sega
schaser	Space Chaser (set 1)	1979	Taito
schasera	Space Chaser (set 2)	1979	Taito
schaserb	Space Chaser (set 3)	1979	Taito
schaserc	Space Chaser (set 4)	1979	Taito
schasercv	Space Chaser (CV version - set 1)	1979	Taito
schaserm	Space Chaser (Model Racing bootleg)	1979	bootleg (Model Racing)
schery97	Skill Cherry '97 (Talking ver. sc3.52)	1997	Amcoe
schery97a	Skill Cherry '97 (Talking ver. sc3.52c4)	1997	Amcoe
schick	Super Chick	1988	Microhard
schmeisr	Schmeiser Robo (Japan)	1993	Hot-B
sci	Special Criminal Investigation (World set 1)	1989	Taito
scia	Special Criminal Investigation (World set 2)	1989	Taito
scij	Special Criminal Investigation (Japan)	1989	Taito
scin	Super Special Criminal Investigation (Negro Torino hack)	1991	hack (Negro Torino)
scion	Scion	1984	Seibu Denshi
scionc	Scion (Cinematronics)	1984	Seibu Denshi (Cinematronics license)
sciu	Special Criminal Investigation (US)	1989	Taito America
scmaster	Super Cherry Master (v1.1)	1994	bootleg
scmastera	Super Cherry Master (v1.0)	1994	bootleg
scobra	Super Cobra	1981	Konami
scobrab	Super Cobra (bootleg, set 1)	1981	bootleg (Karateco)
scobrae	Super Cobra (Stern Electronics) (encrypted, KONATEC XC-103SS CPU)	1981	Konami (Stern Electronics license)
scobrae2	Super Cobra (encrypted)	1981	Konami
scobrag	Super Cobra (bootleg, set 2)	1981	bootleg (A.V.G. by Zaccaria)
scobraggi	Super Cobra (bootleg, set 3)	1981	bootleg (Cocamatic)
scobras	Super Cobra (Stern Electronics)	1981	Konami (Stern Electronics license)
scobrase	Super Cobra (Sega)	1981	Konami (Sega license)
scontra	Super Contra (set 1)	1988	Konami
scontraa	Super Contra (set 2)	1988	Konami
scontraj	Super Contra: Alien no Gyakushuu (Japan)	1988	Konami
scorpion	Scorpion (set 1)	1982	Zaccaria
scorpiona	Scorpion (set 2)	1982	Zaccaria
scorpionb	Scorpion (set 3)	1982	Zaccaria
scorpionmc	Scorpion (Moon Cresta hardware)	19??	bootleg? (Dorneer)
scotrsht	Scooter Shooter	1985	Konami
scrabble	Scrabble (rev. F)	1997	JPM
scrabbled	Scrabble (rev. F) (Protocol)	1997	JPM
scrabbleo	Scrabble (Spanish bootleg of Scramble)	1981	bootleg (Okapi?)
scramb2	Scramble (bootleg, set 1)	1981	bootleg
scramb3	Scramble (bootleg, set 2)	1981	bootleg
scramblb	Scramble (bootleg on Galaxian hardware)	1981	bootleg
scramble	Scramble	1981	Konami
scramblebb	Scramble (bootleg?)	1981	bootleg?
scramblebf	Scramble (Karateco, French bootleg)	1981	bootleg (Karateco)
scramblebun	Scramble (unknown bootleg)	1981	bootleg
scrambleo	Scramble (Okapi bootleg)	1981	bootleg (Okapi)
scrambler	Scramble (Reben S.A. Spanish bootleg)	1981	bootleg (Reben S.A.)
scrambles	Scramble (Stern Electronics, set 1)	1981	Konami (Stern Electronics license)
scrambles2	Scramble (Stern Electronics, set 2)	1981	Konami (Stern Electronics license)
scrambp	Impacto (Billport S.A., Spanish bootleg of Scramble)	1981	bootleg (Billport S.A.)
scramce	Scramble (Centromatic S.A., Spanish bootleg)	1981	bootleg (Centromatic S.A.)
scrammr	Scramble (Model Racing, Italian bootleg)	1981	bootleg (Model Racing)
scrampt	Scramble (Petaco S.A., Spanish bootleg)	1981	bootleg (Petaco S.A.)
scramrf	Scramble (Recreativos Franco, Spanish bootleg)	1981	bootleg (Recreativos Franco)
scregg	Scrambled Egg	1983	Technos Japan
screwloo	Screw Loose (prototype)	1983	Mylstar
scross	Stadium Cross (World)	1992	Sega
scrossa	Stadium Cross (World, linkable)	1992	Sega
scrossu	Stadium Cross (US)	1992	Sega
scud	Scud Race / Sega Super GT - Twin/DX	1996	Sega
scudhamm	Scud Hammer (Japan, ver 1.4)	1994	Jaleco
scudhamma	Scud Hammer (Japan, older version?)	1994	Jaleco
scyclone	Space Cyclone (Japan)	1980	Taito
sderby	Super Derby (Playmark, v.07.03)	1996	Playmark
sderbya	Super Derby (Playmark, v.10.04)	1996	Playmark
sdfight	SD Fighters (Korea)	1996	SemiCom / Tirano
sdgndmps	SD Gundam Psycho Salamander no Kyoui	1991	Banpresto / Bandai
sdi	SDI - Strategic Defense Initiative (Japan, newer, System 16A, FD1089B 317-0027)	1987	Sega
sdia	SDI - Strategic Defense Initiative (Japan, old, System 16A, FD1089B 317-0027)	1987	Sega
sdib	SDI - Strategic Defense Initiative (System 16B, FD1089A 317-0028)	1987	Sega
sdibl	SDI - Strategic Defense Initiative (bootleg, original hardware)	1987	bootleg
sdibl2	SDI - Strategic Defense Initiative (bootleg, set 1)	1987	bootleg
sdibl3	SDI - Strategic Defense Initiative (bootleg, set 2)	1987	bootleg
sdibl4	SDI - Strategic Defense Initiative (bootleg, set 3)	1987	bootleg
sdibl5	SDI - Strategic Defense Initiative (bootleg, set 4)	1987	bootleg
sdibl6	SDI - Strategic Defense Initiative (bootleg, set 5)	1987	bootleg
sdmg2	Chaoji Da Manguan II (China, V765C)	1997	IGS
sdmg2754ca	Chaoji Da Manguan II (China, V754C, set 1)	1997	IGS
sdmg2754cb	Chaoji Da Manguan II (China, V754C, set 2)	1997	IGS
sdmg2p	Maque Wangchao / Chaoji Da Manguan 2 - Jiaqiang Ban (China, V100C)	2000	IGS
sdodgeb	Super Dodge Ball / Kunio no Nekketsu Toukyuu Densetsu	1996	Technos Japan
sdtennis	Super Doubles Tennis	1983	Data East Corporation
sdungeon	Space Dungeon	1981	Taito America
sdungeona	Space Dungeon (larger roms)	1981	Taito America
seabass	Sea Bass Fishing (JUET 971110 V0.001)	1997	A wave inc. (Able license)
seabattl	Sea Battle	1980	Zaccaria
seainv	Sea Invasion	1981	Hoei
searchar	SAR - Search And Rescue (World)	1989	SNK
searcharj	SAR - Search And Rescue (Japan version 3)	1989	SNK
searcharu	SAR - Search And Rescue (US)	1989	SNK
searchey	Search Eye (English / Korean / Japanese / Italian)	1999	Yun Sung
searcheya	Search Eye (English / Korean)	1999	Yun Sung
searchp2	Search Eye Plus V2.0	1999	Yun Sung
searthie	Super Earth Invasion (set 3)	1980	bootleg (Electrocoin)
searthin	Super Earth Invasion (set 1)	1980	bootleg (Competitive Video)
searthina	Super Earth Invasion (set 2)	1980	bootleg (Competitive Video)
searthinc	Super Earth Invasion (Centromatic, Spanish)	19??	bootleg (Centromatic)
seawld	Sea World (Version 1.6E Dual)	2005	Amcoe
seawldd1	Sea World (Version 1.6R CGA)	2005	Amcoe
seawolf	Sea Wolf (set 1)	1976	Dave Nutting Associates / Midway
seawolf2	Sea Wolf II	1978	Dave Nutting Associates / Midway
seawolfa	Sea Wolf (set 3)	1976	Dave Nutting Associates / Midway
seawolfo	Sea Wolf (set 2)	1976	Dave Nutting Associates / Midway
seawolft	Sea Wolf (Tecfri)	1987	Tecfri
secolove	Second Love (Japan 861201)	1986	Nichibutsu
secondch	Second Chance	1985	SMS Manufacturing Corp.
secretab	Secret Agent (bootleg)	1989	bootleg
secretag	Secret Agent (World, revision 3)	1989	Data East Corporation
secretagj	Secret Agent (Japan, revision 2)	1989	Data East Corporation
sectionz	Section Z (US)	1985	Capcom
sectionza	Section Z (Japan, rev. A)	1985	Capcom
sectrzon	Sector Zone (set 1)	1984	Nichibutsu / Alice
sectrzona	Sector Zone (set 2)	1984	Nichibutsu / Alice
sectrzont	Sector Zone (bootleg)	1984	bootleg (Tecfri)
segajw	Joker's Wild (Rev. B)	1991	Sega
seganinj	Sega Ninja (315-5102)	1985	Sega
seganinja	Sega Ninja (315-5113)	1985	Sega
seganinju	Sega Ninja (not encrypted)	1985	Sega
segawski	Sega Water Ski (Japan, Revision A)	1997	Sega
seicross	Seicross (set 1)	1984	Nichibutsu / Alice
seicrossa	Seicross (set 2)	1984	Nichibutsu / Alice
seiha	Seiha (Japan 870725)	1987	Nichibutsu
seiham	Seiha (Japan 870723, medal)	1987	Nichibutsu
selfeena	Sel Feena	1991	East Technology
seljan	Sel-Jan (Japan)	1983	Jem / Dyna Corp
seljan2	Return of Sel Jan II (Japan, NM557)	1996	Dynax / Face
seljan2a	Return of Sel Jan II (Japan, NM508)	1996	Dynax / Face
semibase	MuHanSeungBu (SemiCom Baseball) (Korea)	1997	SemiCom / DMD
sengekis	Sengeki Striker (Asia)	1997	Kaneko / Warashi
sengekisj	Sengeki Striker (Japan)	1997	Kaneko / Warashi
sengokmj	Sengoku Mahjong (Japan)	1991	Sigma
sengoku	Sengoku / Sengoku Denshou (NGM-017 ~ NGH-017)	1991	SNK
sengoku2	Sengoku 2 / Sengoku Denshou 2	1993	SNK
sengoku3	Sengoku 3 / Sengoku Densho 2001 (set 1)	2001	Noise Factory / SNK
sengoku3a	Sengoku 3 / Sengoku Densho 2001 (set 2)	2001	Noise Factory / SNK
sengokuh	Sengoku / Sengoku Denshou (NGH-017, US)	1991	SNK
senjyo	Senjyo	1983	Tehkan
senknow	Sen-Know (Japan)	1999	Kaneko / Kouyousha
senko	Senko no Ronde (Japan, Rev A) (GDL-0030A)	2005	G.Rev
senkoo	Senko no Ronde (Japan) (GDL-0030)	2005	G.Rev
senkosp	Senko no Ronde Special (Export, Japan) (GDL-0038)	2006	G.Rev
senkyu	Senkyu (Japan, newer)	1995	Seibu Kaihatsu
senkyua	Senkyu (Japan, earlier)	1995	Seibu Kaihatsu
sentetst	Sente Diagnostic Cartridge	1984	Bally/Sente
setaroul	The Roulette (Visco)	1989?	Visco
sexappl	Sex Appeal (Version 6.02)	1992	Grayhound Electronics
sextriv	Sex Triv	1985	Status Games
sextriv1	Sexual Trivia (Version 1.02SB, set 1)	1985	Kinky Kit and Game Co.
sextriv2	Sexual Trivia (Version 1.02SB, set 2)	1985	Kinky Kit and Game Co.
sexyboom	Sexy Boom	1992	Sang Ho Soft
sexygal	Sexy Gal (Japan 850501 SXG 1-00)	1985	Nichibutsu
sexyparo	Sexy Parodius (ver JAA)	1996	Konami
sexyparoa	Sexy Parodius (ver AAA)	1996	Konami
sf	Street Fighter (US, set 1)	1987	Capcom
sf2	Street Fighter II: The World Warrior (World 910522)	1991	Capcom
sf2049	San Francisco Rush 2049 (Version 1.04, EPROM 1.02 Jul 9 1999, GUTS 1.03 Sep 3 1999, GAME Sep 8 1999)	1999	Atari Games
sf2049se	San Francisco Rush 2049: Special Edition (Version 1.00, GUTS 1.61 Sep 16 2003, GAME Sep 16 2003)	2003	Atari Games
sf2049te	San Francisco Rush 2049: Tournament Edition (VERS 0.34 Sep 26 2000, EPROM 0.56 Apr 17 2000)	2000	Atari Games
sf2049tea	San Francisco Rush 2049: Tournament Edition Unlocked (VERS 0.31 Sep 26 2000, EPROM 0.56 Apr 17 2000)	2001	Atari Games
sf2acc	Street Fighter II': Champion Edition (Accelerator!, bootleg, set 1)	1992	bootleg
sf2acca	Street Fighter II': Champion Edition (Accelerator!, bootleg, set 2)	1992	bootleg
sf2accp2	Street Fighter II': Champion Edition (Accelerator Pt.II, bootleg)	1992	bootleg (Testron)
sf2amf2	Street Fighter II': Champion Edition (L735 Test Rom, bootleg, set 1)	1992	bootleg
sf2amf3	Street Fighter II': Champion Edition (L735 Test Rom, bootleg, set 2)	1992	bootleg
sf2b	Street Fighter II: The World Warrior (bootleg, set 1)	1992	bootleg (Playmark)
sf2b2	Street Fighter II: The World Warrior (bootleg, set 2)	1992	bootleg
sf2bhh	Street Fighter II': Champion Edition (Hung Hsi, bootleg)	1992	bootleg
sf2ce	Street Fighter II': Champion Edition (World 920513)	1992	Capcom
sf2ceb	Street Fighter II': Champion Edition (Playmark bootleg, set 1)	1992	bootleg (Playmark)
sf2ceb2	Street Fighter II': Champion Edition (bootleg, set 1)	1992	bootleg
sf2ceb3	Street Fighter II': Champion Edition (bootleg, set 2)	1992	bootleg
sf2ceb4	Street Fighter II': Champion Edition (Playmark bootleg, set 2)	1992	bootleg (Playmark)
sf2ceb5	Street Fighter II': Champion Edition (Playmark bootleg, set 3)	1992	bootleg (Playmark)
sf2ceblp	Street Fighter II': Champion Edition (protected bootleg on non-dash board)	1992	bootleg
sf2cebltw	Street Fighter II': Champion Edition ('Taiwan' bootleg with PAL)	1992	bootleg
sf2ceds6	Street Fighter II': Champion Edition (Dstreet-6, bootleg)	1992	bootleg
sf2ceea	Street Fighter II': Champion Edition (World 920313)	1992	Capcom
sf2ceec	Street Fighter II': Champion Edition (World 920803)	1992	Capcom
sf2ceja	Street Fighter II': Champion Edition (Japan 920322)	1992	Capcom
sf2cejb	Street Fighter II': Champion Edition (Japan 920513)	1992	Capcom
sf2cejc	Street Fighter II': Champion Edition (Japan 920803)	1992	Capcom
sf2cems6a	Street Fighter II': Champion Edition (Mstreet-6, bootleg, set 1)	1992	bootleg
sf2cems6b	Street Fighter II': Champion Edition (Mstreet-6, bootleg, set 2)	1992	bootleg
sf2cems6c	Street Fighter II': Champion Edition (Mstreet-6, bootleg, set 3)	1992	bootleg
sf2cet	Street Fighter II': Champion Edition (Taiwan 920313)	1992	Capcom
sf2ceua	Street Fighter II': Champion Edition (USA 920313)	1992	Capcom
sf2ceub	Street Fighter II': Champion Edition (USA 920513)	1992	Capcom
sf2ceuc	Street Fighter II': Champion Edition (USA 920803)	1992	Capcom
sf2ceupl	Street Fighter II': Champion Edition (Japan 920322, UPL bootleg?)	1992	bootleg (UPL?)
sf2dkot2	Street Fighter II': Champion Edition (Double K.O. Turbo II, bootleg)	1992	bootleg
sf2dongb	Street Fighter II': Champion Edition (Dongfang Bubai protection, bootleg)	1992	bootleg
sf2ea	Street Fighter II: The World Warrior (World 910204)	1991	Capcom
sf2eb	Street Fighter II: The World Warrior (World 910214)	1991	Capcom
sf2ebbl	Street Fighter II: The World Warrior (TAB Austria, bootleg, set 1)	1992	bootleg
sf2ebbl2	Street Fighter II: The World Warrior (TAB Austria, bootleg, set 3)	1992	bootleg
sf2ebbl3	Street Fighter II: The World Warrior (TAB Austria, bootleg, set 4)	1992	bootleg
sf2ed	Street Fighter II: The World Warrior (World 910318)	1991	Capcom
sf2ee	Street Fighter II: The World Warrior (World 910228)	1991	Capcom
sf2ef	Street Fighter II: The World Warrior (World 910411)	1991	Capcom
sf2em	Street Fighter II: The World Warrior (World 910129)	1991	Capcom
sf2en	Street Fighter II: The World Warrior (World 910204, conversion)	1991	Capcom
sf2hf	Street Fighter II': Hyper Fighting (World 921209)	1992	Capcom
sf2hfj	Street Fighter II' Turbo: Hyper Fighting (Japan 921209)	1992	Capcom
sf2hfu	Street Fighter II': Hyper Fighting (USA 921209)	1992	Capcom
sf2j	Street Fighter II: The World Warrior (Japan 911210, CPS-B-13)	1991	Capcom
sf2j17	Street Fighter II: The World Warrior (Japan 911210, CPS-B-17)	1991	Capcom
sf2ja	Street Fighter II: The World Warrior (Japan 910214)	1991	Capcom
sf2jc	Street Fighter II: The World Warrior (Japan 910306)	1991	Capcom
sf2jf	Street Fighter II: The World Warrior (Japan 910411)	1991	Capcom
sf2jh	Street Fighter II: The World Warrior (Japan 910522)	1991	Capcom
sf2jl	Street Fighter II: The World Warrior (Japan 920312)	1991	Capcom
sf2koryu	Street Fighter II': Champion Edition (Xiang Long, Chinese bootleg)	1992	bootleg
sf2level	Street Fighter II': Champion Edition (bootleg with level selection)	1992	bootleg
sf2m1	Street Fighter II': Champion Edition (M1, bootleg)	1992	bootleg
sf2m10	Street Fighter II': Champion Edition (M10, bootleg)	1992	bootleg
sf2m2	Street Fighter II': Champion Edition (M2, bootleg)	1992	bootleg
sf2m3	Street Fighter II': Champion Edition (M3, bootleg)	1992	bootleg
sf2m4	Street Fighter II': Champion Edition (M4, bootleg)	1992	bootleg
sf2m5	Street Fighter II': Champion Edition (M5, bootleg)	1992	bootleg
sf2m6	Street Fighter II': Champion Edition (M6, bootleg)	1992	bootleg
sf2m7	Street Fighter II': Champion Edition (M7, bootleg)	1992	bootleg
sf2m8	Street Fighter II': Champion Edition (M8, bootleg)	1992	bootleg
sf2m9	Street Fighter II': Champion Edition (M9, bootleg)	1992	bootleg
sf2mdt	Street Fighter II': Magic Delta Turbo (bootleg, set 1)	1992	bootleg
sf2mdta	Street Fighter II': Magic Delta Turbo (bootleg, set 2)	1992	bootleg
sf2mdtb	Street Fighter II': Magic Delta Turbo (bootleg, set 3)	1992	bootleg
sf2mkot	Street Fighter II': Magic KO Turbo!! - Nightmare Crack	1992	bootleg
sf2qp1	Street Fighter II: The World Warrior (Quicken Pt-I, bootleg)	1991	bootleg
sf2qp2	Street Fighter II: The World Warrior (Quicken, bootleg)	1991	bootleg
sf2rb	Street Fighter II': Champion Edition (Rainbow, bootleg, set 1)	1992	bootleg
sf2rb2	Street Fighter II': Champion Edition (Rainbow, bootleg, set 2)	1992	bootleg
sf2rb3	Street Fighter II': Champion Edition (Rainbow, bootleg, set 3)	1992	bootleg
sf2re	Street Fighter II': Champion Edition (RE, bootleg)	1992	bootleg
sf2red	Street Fighter II': Champion Edition (Red Wave, bootleg, set 1)	1992	bootleg
sf2reda	Street Fighter II': Champion Edition (Red Wave, bootleg, set 2)	1992	bootleg
sf2redp2	Street Fighter II': Champion Edition (Red Wave PtII, bootleg)	1992?	bootleg
sf2rk	Street Fighter II: The World Warrior (RK, bootleg)	1992	bootleg
sf2rules	Street Fighter II: The World Warrior (bootleg with rules screen)	1992	bootleg
sf2thndr	Street Fighter II: The World Warrior (Thunder Edition, bootleg, set 1)	1991	bootleg
sf2thndr2	Street Fighter II: The World Warrior (Thunder Edition, bootleg, set 2)	1991	bootleg
sf2ua	Street Fighter II: The World Warrior (USA 910206)	1991	Capcom
sf2ub	Street Fighter II: The World Warrior (USA 910214)	1991	Capcom
sf2uc	Street Fighter II: The World Warrior (USA 910306)	1991	Capcom
sf2ud	Street Fighter II: The World Warrior (USA 910318)	1991	Capcom
sf2ue	Street Fighter II: The World Warrior (USA 910228)	1991	Capcom
sf2uf	Street Fighter II: The World Warrior (USA 910411)	1991	Capcom
sf2ug	Street Fighter II: The World Warrior (USA 910522, Rev. G)	1991	Capcom
sf2uh	Street Fighter II: The World Warrior (USA 910522, Rev. H)	1991	Capcom
sf2ui	Street Fighter II: The World Warrior (USA 910522, Rev. I)	1991	Capcom
sf2uk	Street Fighter II: The World Warrior (USA 911101)	1991	Capcom
sf2um	Street Fighter II: The World Warrior (USA 920312)	1991	Capcom
sf2v004	Street Fighter II': Champion Edition (V004, bootleg)	1992	bootleg
sf2yyc	Street Fighter II': Champion Edition (YYC, bootleg)	1992	bootleg
sfa	Street Fighter Alpha: Warriors' Dreams (Europe 950727)	1995	Capcom
sfa2	Street Fighter Alpha 2 (Europe 960229)	1996	Capcom
sfa2u	Street Fighter Alpha 2 (USA 960430)	1996	Capcom
sfa2ur1	Street Fighter Alpha 2 (USA 960306)	1996	Capcom
sfa3	Street Fighter Alpha 3 (Europe 980904)	1998	Capcom
sfa3b	Street Fighter Alpha 3 (Brazil 980629)	1998	Capcom
sfa3h	Street Fighter Alpha 3 (Hispanic 980904)	1998	Capcom
sfa3hr1	Street Fighter Alpha 3 (Hispanic 980629)	1998	Capcom
sfa3u	Street Fighter Alpha 3 (USA 980904)	1998	Capcom
sfa3ud	Street Fighter Alpha 3 (USA 980904 Phoenix Edition) (bootleg)	1998	bootleg
sfa3ur1	Street Fighter Alpha 3 (USA 980629)	1998	Capcom
sfa3us	Street Fighter Alpha 3 (USA 980616, SAMPLE Version)	1998	Capcom
sfach	Street Fighter Alpha: Warriors' Dreams (CPS Changer, Publicity USA 950727)	1995	Capcom
sfad	Street Fighter Alpha: Warriors' Dreams (Europe 950727 Phoenix Edition) (bootleg)	1995	bootleg
sfan	Street Fighter (World, pneumatic buttons)	1987	Capcom
sfar1	Street Fighter Alpha: Warriors' Dreams (Europe 950718)	1995	Capcom
sfar2	Street Fighter Alpha: Warriors' Dreams (Europe 950627)	1995	Capcom
sfar3	Street Fighter Alpha: Warriors' Dreams (Europe 950605)	1995	Capcom
sfau	Street Fighter Alpha: Warriors' Dreams (USA 950627)	1995	Capcom
sfbonus	Skill Fruit Bonus (Version 1.9R, set 1)	2003	Amcoe
sfbonusd1	Skill Fruit Bonus (Version 1.9R, set 2)	2003	Amcoe
sfbonuso	Skill Fruit Bonus (Version 1.7)	2003	Amcoe
sfbonuso2	Skill Fruit Bonus (Version 1.6)	2003	Amcoe
sfbonusv1	Skill Fruit Bonus (Version 1.9R Dual)	2003	Amcoe
sfchamp	Super Football Champ (Ver 2.5O)	1995	Taito
sfchampj	Super Football Champ (Ver 2.4J)	1995	Taito
sfchampo	Super Football Champ (Ver 2.4O)	1995	Taito
sfchampu	Super Football Champ (Ver 2.4A)	1995	Taito America
sfex	Street Fighter EX (Europe 961219)	1996	Capcom / Arika
sfex2	Street Fighter EX2 (Europe 980312)	1998	Capcom / Arika
sfex2a	Street Fighter EX2 (Asia 980312)	1998	Capcom / Arika
sfex2h	Street Fighter EX2 (Hispanic 980312)	1998	Capcom / Arika
sfex2j	Street Fighter EX2 (Japan 980312)	1998	Capcom / Arika
sfex2p	Street Fighter EX2 Plus (Europe 990611)	1999	Capcom / Arika
sfex2pa	Street Fighter EX2 Plus (Asia 990611)	1999	Capcom / Arika
sfex2ph	Street Fighter EX2 Plus (Hispanic 990611)	1999	Capcom / Arika
sfex2pj	Street Fighter EX2 Plus (Japan 990611)	1999	Capcom / Arika
sfex2pu	Street Fighter EX2 Plus (USA 990611)	1999	Capcom / Arika
sfex2u	Street Fighter EX2 (USA 980526)	1998	Capcom / Arika
sfex2u1	Street Fighter EX2 (USA 980312)	1998	Capcom / Arika
sfexa	Street Fighter EX (Asia 961219)	1996	Capcom / Arika
sfexj	Street Fighter EX (Japan 961130)	1996	Capcom / Arika
sfexp	Street Fighter EX Plus (USA 970407)	1997	Capcom / Arika
sfexpj	Street Fighter EX Plus (Japan 970407)	1997	Capcom / Arika
sfexpj1	Street Fighter EX Plus (Japan 970311)	1997	Capcom / Arika
sfexpu1	Street Fighter EX Plus (USA 970311)	1997	Capcom / Arika
sfexu	Street Fighter EX (USA 961219)	1996	Capcom / Arika
sfight	Sonic the Fighters (Japan)	1996	Sega
sfiii	Street Fighter III: New Generation (Europe 970204)	1997	Capcom
sfiii2	Street Fighter III 2nd Impact: Giant Attack (USA 970930)	1997	Capcom
sfiii2a	Street Fighter III 2nd Impact: Giant Attack (Asia 970930)	1997	Capcom
sfiii2h	Street Fighter III 2nd Impact: Giant Attack (Hispanic 970930)	1997	Capcom
sfiii2j	Street Fighter III 2nd Impact: Giant Attack (Japan 970930)	1997	Capcom
sfiii2n	Street Fighter III 2nd Impact: Giant Attack (Asia 970930, NO CD)	1997	Capcom
sfiii3	Street Fighter III 3rd Strike: Fight for the Future (Europe 990608)	1999	Capcom
sfiii3j	Street Fighter III 3rd Strike: Fight for the Future (Japan 990608)	1999	Capcom
sfiii3jr1	Street Fighter III 3rd Strike: Fight for the Future (Japan 990512)	1999	Capcom
sfiii3n	Street Fighter III 3rd Strike: Fight for the Future (Japan 990608, NO CD)	1999	Capcom
sfiii3na	Street Fighter III 3rd Strike: Fight for the Future (Asia 990608, NO CD)	1999	Capcom
sfiii3nar1	Street Fighter III 3rd Strike: Fight for the Future (Asia 990512, NO CD)	1999	Capcom
sfiii3nr1	Street Fighter III 3rd Strike: Fight for the Future (Japan 990512, NO CD)	1999	Capcom
sfiii3r1	Street Fighter III 3rd Strike: Fight for the Future (Europe 990512)	1999	Capcom
sfiii3u	Street Fighter III 3rd Strike: Fight for the Future (USA 990608)	1999	Capcom
sfiii3ur1	Street Fighter III 3rd Strike: Fight for the Future (USA 990512)	1999	Capcom
sfiiia	Street Fighter III: New Generation (Asia 970204)	1997	Capcom
sfiiih	Street Fighter III: New Generation (Hispanic 970204)	1997	Capcom
sfiiij	Street Fighter III: New Generation (Japan 970204)	1997	Capcom
sfiiin	Street Fighter III: New Generation (Asia 970204, NO CD, BIOS set 1)	1997	Capcom
sfiiina	Street Fighter III: New Generation (Asia 970204, NO CD, BIOS set 2)	1997	Capcom
sfiiiu	Street Fighter III: New Generation (USA 970204)	1997	Capcom
sfj	Street Fighter (Japan) (protected)	1987	Capcom
sfjan	Street Fighter (Japan, pneumatic buttons)	1987	Capcom
sfjbl	Street Fighter (Japan, bootleg)	1987	bootleg
sfkick	Super Free Kick (set 1)	1988	Haesung/HJ Corp
sfkicka	Super Free Kick (set 2)	198?	Haesung
sflush	Straight Flush	1979	Taito
sfootbal	Street Football (11/12/86)	1986	Bally/Sente
sformula	Super Formula (Japan, set 1)	1989	V-System Co.
sformulaa	Super Formula (Japan, set 2)	1989	V-System Co.
sfp	Street Fighter (prototype)	1987	Capcom
sfposeid	Sea Fighter Poseidon	1984	Taito
sfruitb	Super Fruit Bonus (Version 2.5E Dual)	2002	Amcoe
sfruitbb1	Super Fruit Bonus (Version 2.5R, set 1)	2002	Amcoe
sfruitbb2	Super Fruit Bonus (Version 2.0LT, set 1)	2002	Amcoe
sfruitbbh	Super Fruit Bonus (Version 2.2B, set 1)	2002	Amcoe
sfruitbd1	Super Fruit Bonus (Version 2.5R, set 2)	2002	Amcoe
sfruitbd2	Super Fruit Bonus (Version 2.0LT, set 2)	2002	Amcoe
sfruitbdh	Super Fruit Bonus (Version 2.2B, set 2)	2002	Amcoe
sfruitbh	Super Fruit Bonus (Version 2.2EB Dual)	2002	Amcoe
sfruitbo	Super Fruit Bonus (Version 2.0)	2002	Amcoe
sfruitbo2	Super Fruit Bonus (Version 1.80XT)	2002	Amcoe
sfruitbo3	Super Fruit Bonus (Version 2.3)	2002	Amcoe
sfruitboh	Super Fruit Bonus (Version 2.0B)	2002	Amcoe
sfruitbv1	Super Fruit Bonus (Version 2.5R Dual)	2002	Amcoe
sfruitbv2	Super Fruit Bonus (Version 2.0LT Dual)	2002	Amcoe
sfruitbvh	Super Fruit Bonus (Version 2.2B Dual)	2002	Amcoe
sfrush	San Francisco Rush	1996	Atari Games
sfrushrk	San Francisco Rush: The Rock (boot rom L 1.0, GUTS Oct 6 1997 / MAIN Oct 16 1997)	1997	Atari Games
sftm	Street Fighter: The Movie (v1.12)	1995	Capcom / Incredible Technologies
sftm110	Street Fighter: The Movie (v1.10)	1995	Capcom / Incredible Technologies
sftm111	Street Fighter: The Movie (v1.11)	1995	Capcom / Incredible Technologies
sftmj112	Street Fighter: The Movie (v1.12N, Japan)	1995	Capcom / Incredible Technologies
sftmj114	Street Fighter: The Movie (v1.14N, Japan)	1995	Capcom / Incredible Technologies
sftmk112	Street Fighter: The Movie (v1.12K, Korea)	1995	Capcom / Incredible Technologies
sfua	Street Fighter (US, set 2) (protected)	1987	Capcom
sfw	Street Fighter (World) (protected)	1987	Capcom
sfx	SF-X	1983	Nihon Game (Tokyo Nichibutsu license)
sfz2a	Street Fighter Zero 2 (Asia 960227)	1996	Capcom
sfz2ad	Street Fighter Zero 2 (Asia 960227 Phoenix Edition) (bootleg)	1996	bootleg
sfz2al	Street Fighter Zero 2 Alpha (Asia 960826)	1996	Capcom
sfz2alb	Street Fighter Zero 2 Alpha (Brazil 960813)	1996	Capcom
sfz2ald	Street Fighter Zero 2 Alpha (Asia 960826 Phoenix Edition) (bootleg)	1996	bootleg
sfz2alh	Street Fighter Zero 2 Alpha (Hispanic 960813)	1996	Capcom
sfz2alj	Street Fighter Zero 2 Alpha (Japan 960805)	1996	Capcom
sfz2alr1	Street Fighter Zero 2 Alpha (Asia 960805)	1996	Capcom
sfz2b	Street Fighter Zero 2 (Brazil 960531)	1996	Capcom
sfz2br1	Street Fighter Zero 2 (Brazil 960304)	1996	Capcom
sfz2h	Street Fighter Zero 2 (Hispanic 960304)	1996	Capcom
sfz2j	Street Fighter Zero 2 (Japan 960430)	1996	Capcom
sfz2jd	Street Fighter Zero 2 (Japan 960227 Phoenix Edition) (bootleg)	1996	bootleg
sfz2jr1	Street Fighter Zero 2 (Japan 960227)	1996	Capcom
sfz2n	Street Fighter Zero 2 (Oceania 960229)	1996	Capcom
sfz3a	Street Fighter Zero 3 (Asia 980904)	1998	Capcom
sfz3ar1	Street Fighter Zero 3 (Asia 980701)	1998	Capcom
sfz3j	Street Fighter Zero 3 (Japan 980904)	1998	Capcom
sfz3jr1	Street Fighter Zero 3 (Japan 980727)	1998	Capcom
sfz3jr2	Street Fighter Zero 3 (Japan 980629)	1998	Capcom
sfz3jr2d	Street Fighter Zero 3 (Japan 980629 Phoenix Edition) (bootleg)	1998	bootleg
sfz3ugd	Street Fighter Zero 3 Upper (Japan) (GDL-0002)	2001	Capcom
sfza	Street Fighter Zero (Asia 950627)	1995	Capcom
sfzar1	Street Fighter Zero (Asia 950605)	1995	Capcom
sfzb	Street Fighter Zero (Brazil 951109)	1995	Capcom
sfzbch	Street Fighter Zero (CPS Changer, Brazil 950727)	1995	Capcom
sfzbr1	Street Fighter Zero (Brazil 950727)	1995	Capcom
sfzch	Street Fighter Zero (CPS Changer, Japan 951020)	1995	Capcom
sfzh	Street Fighter Zero (Hispanic 950718)	1995	Capcom
sfzhr1	Street Fighter Zero (Hispanic 950627)	1995	Capcom
sfzj	Street Fighter Zero (Japan 950727)	1995	Capcom
sfzjr1	Street Fighter Zero (Japan 950627)	1995	Capcom
sfzjr2	Street Fighter Zero (Japan 950605)	1995	Capcom
sgalwars	Super Galactic Wars (bootleg of Galaxian)	1979	bootleg (Competitive Video)
sgemf	Super Gem Fighter: Mini Mix (USA 970904)	1997	Capcom
sgemfa	Super Gem Fighter: Mini Mix (Asia 970904)	1997	Capcom
sgemfd	Super Gem Fighter: Mini Mix (USA 970904 Phoenix Edition) (bootleg)	1997	bootleg
sgemfh	Super Gem Fighter: Mini Mix (Hispanic 970904)	1997	Capcom
sgladiat	Gladiator 1984	1984	SNK
sgmast	Super Masters Golf (World?, Floppy Based, FD1094 317-0058-05d?)	1989	Sega
sgmastc	Jumbo Ozaki Super Masters Golf (World, Floppy Based, FD1094 317-0058-05c)	1989	Sega
sgmastj	Jumbo Ozaki Super Masters Golf (Japan, Floppy Based, FD1094 317-0058-05b)	1989	Sega
sgmt1	Super Game Mega Type 1	1994	<unknown>
sgsafari	Super Gran Safari (ver. 3.11)	1996	New Impeuropex Corp.
sgt24h	Super GT 24h	1996	Jaleco
sgtetris	Sega Tetris	1999	Sega
sgunner	Steel Gunner (Rev B)	1990	Namco
sgunner2	Steel Gunner 2 (US)	1991	Namco
sgunner2j	Steel Gunner 2 (Japan, Rev A)	1991	Namco
sgunnerj	Steel Gunner (Japan)	1990	Namco
sgyxz	Warriors of Fate ('sgyxz' bootleg)	1999	bootleg (All-In Electronic)
shackled	Shackled (US)	1986	Data East USA
shadfrce	Shadow Force (World, Version 3)	1993	Technos Japan
shadfrcej	Shadow Force - Henshin Ninja (Japan, Version 2)	1993	Technos Japan
shadfrceu	Shadow Force (US, Version 2)	1993	Technos Japan
shadowld	Shadowland (YD3)	1987	Namco
shadoww	Shadow Warriors (World, set 1)	1988	Tecmo
shadowwa	Shadow Warriors (World, set 2)	1988	Tecmo
shaktam	Shakatto Tambourine (Rev B) (GDS-0002B)	2000	Sega
shaktamb	Shakatto Tambourine Cho Powerup Chu (2K1 AUT) (GDS-0016)	2001	Sega
shaktmsp	Shakatto Tambourine Motto Norinori Shinkyoku Tsuika (2K1 SPR) (GDS-0013)	2001	Sega
shambros	Shamisen Brothers Vol 1 (V1.01K)	2003	Kato's
shangha2	Shanghai II (Japan, set 1)	1989	Sunsoft
shangha2a	Shanghai II (Japan, set 2)	1989	Sunsoft
shangha3	Shanghai III (World)	1993	Sunsoft
shangha3j	Shanghai III (Japan)	1993	Sunsoft
shangha3u	Shanghai III (US)	1993	Sunsoft
shangha3up	Shanghai III (US, prototype)	1993	Sunsoft
shanghai	Shanghai (World)	1988	Sunsoft
shanghaij	Shanghai (Japan)	1988	Sunsoft
shanghss	Shanghai Shoryu Sairin (V2.03J 2000/05/26 12:45:28)	2000	Warashi
shangkid	Shanghai Kid	1985	Taiyo System (Data East license)
shangon	Super Hang-On (sitdown/upright) (unprotected)	1987	Sega
shangon1	Super Hang-On (mini ride-on) (FD1089B 317-0034)	1987	Sega
shangon2	Super Hang-On (mini ride-on, Rev A) (FD1089B 317-0034)	1987	Sega
shangon3	Super Hang-On (sitdown/upright) (FD1089B 317-0034)	1987	Sega
shangon3d	Super Hang-On (sitdown/upright) (bootleg of FD1089B 317-0034 set)	1987	bootleg
shangonho	Super Hang-On (Hang-On conversion, Japan, FD1094 317-0039)	1987	Sega
shangonle	Limited Edition Hang-On	1991	Sega
shangonrb	Super Hang-On (Hang-On conversion, bootleg)	1992	bootleg
shangonrb2	Super Hang-On (Hang-On conversion, Beta bootleg)	1987	bootleg (Beta)
shangonro	Super Hang-On (Hang-On conversion, ride-on, Japan, FD1094 317-0038)	1987	Sega
shangril	Dengen Tenshi Taisen Janshi Shangri-la	1999	Marvelous Ent.
shangtou	Shanghai Sangokuhai Tougi (Ver 2.01J 2002/01/18 18:26:58)	2002	Warashi / Sunsoft / Taito
shanhigw	Shanghai - The Great Wall / Shanghai Triple Threat (JUE 950623 V1.005)	1995	Sunsoft / Activision
shaolinb	Shao-lin's Road (set 2)	1985	Konami
shaolins	Shao-lin's Road (set 1)	1985	Konami
sharkatt	Shark Attack	1980	Pacific Novelty
sharkpy	Shark Party (Italy, v1.3)	1996	Subsino
sharkpya	Shark Party (Italy, v1.6)	1996	Subsino
sharkpye	Shark Party (English, Alpha license)	1995	American Alpha
sharrier	Space Harrier (Rev A, 8751 315-5163A)	1985	Sega
sharrier1	Space Harrier (8751 315-5163)	1985	Sega
shatekds	Shatekids	1999	Sammy
shdancbl	Shadow Dancer (bootleg, set 1)	1989	bootleg
shdancbla	Shadow Dancer (bootleg, set 2)	1989	bootleg
shdancer	Shadow Dancer (World)	1989	Sega
shdancer1	Shadow Dancer (US)	1989	Sega
shdancerj	Shadow Dancer (Japan)	1989	Sega
shendeng	Pili Shen Deng	1998	BMC
sheriff	Sheriff	1979	Nintendo
shettle	Alone Shettle Crew	1984	New Digimatic
shienryu	Shienryu (JUET 961226 V1.000)	1997	Warashi
shikgam2	Shikigami no Shiro II / The Castle of Shikigami II (GDL-0021)	2003	Alfa System
shikigam	Shikigami no Shiro (V2.03J 2001/08/07 18:11)	2001	Alfa System / Taito
shikigama	Shikigami no Shiro - internal build (V1.02J 2001/09/27 18:45)	2001	Alfa System / Taito
shimpact	Super High Impact (rev LA2 10/22/91)	1991	Midway
shimpactl1	Super High Impact (rev LA1 09/30/91)	1991	Midway
shimpactp4	Super High Impact (prototype, proto 4.0 09/10/91)	1991	Midway
shimpactp5	Super High Impact (prototype, proto 5.0 09/15/91)	1991	Midway
shimpactp6	Super High Impact (prototype, proto 6.0 09/23/91)	1991	Midway
shinfz	Shinobi / FZ-2006 (Korean System 16 bootleg) (ISG Selection Master Type 2006)	2008	bootleg (ISG)
shinobi	Shinobi (set 6, System 16A) (unprotected)	1987	Sega
shinobi1	Shinobi (set 1, System 16A) (FD1094 317-0050)	1987	Sega
shinobi1d	Shinobi (set 1, System 16A) (bootleg of FD1094 317-0050 set)	1987	bootleg
shinobi2	Shinobi (set 2, System 16B) (FD1094 317-0049)	1987	Sega
shinobi2d	Shinobi (set 2, System 16B) (bootleg of FD1094 317-0049 set)	1987	bootleg
shinobi3	Shinobi (set 3, System 16B) (MC-8123B 317-0054)	1987	Sega
shinobi4	Shinobi (set 4, System 16B) (MC-8123B 317-0054)	1987	Sega
shinobi5	Shinobi (set 5, System 16B) (unprotected)	1987	Sega
shinobi6	Shinobi (set 6, System 16B) (unprotected)	1987	Sega
shinoblb	Shinobi (Beta bootleg)	1987	bootleg (Beta)
shinobld	Shinobi (Datsu bootleg, set 1)	1988	bootleg (Datsu)
shinoblda	Shinobi (Datsu bootleg, set 2)	1988	bootleg (Datsu)
shinobldb	Shinobi (Datsu bootleg, set 3)	1987	bootleg (Datsu)
shinobls	Shinobi (Star bootleg, System 16A)	1987	bootleg (Star)
shinygld	Shiny Golds	1996	Playmark
shippumd	Shippu Mahou Daisakusen (Japan)	1994	Raizing / Eighting
shiryu2	Strider Hiryu 2 (Japan 991213)	1999	Capcom
shisen	Shisensho - Joshiryo-Hen (Japan, set 1)	1989	Tamtex
shisen2	Shisensho II	1993	Tamtex
shisena	Shisensho - Joshiryo-Hen (Japan, set 2)	1989	Tamtex
shngmtkb	Shanghai Matekibuyuu (Japan)	1998	Sunsoft / Activision
shngmtkbg	Shanghai Matekibuyuu (VER 1.20G)	2011	bootleg (Arcade MOD BIOS)
shocking	Shocking	1997	Yun Sung
shockingk	Shocking (Korea, set 1)	1997	Yun Sung
shockingko	Shocking (Korea, set 2)	1997	Yun Sung
shocktr2	Shock Troopers - 2nd Squad	1998	Saurus
shocktro	Shock Troopers (set 1)	1997	Saurus
shocktroa	Shock Troopers (set 2)	1997	Saurus
shogwarr	Shogun Warriors (World)	1992	Kaneko
shogwarrk	Shogun Warriors (Korea?)	1992	Kaneko
shogwarru	Shogun Warriors (US)	1992	Kaneko
shollow	Satan's Hollow (set 1)	1981	Bally Midway
shollow2	Satan's Hollow (set 2)	1981	Bally Midway
shootbul	Shoot the Bull	1985	Bally Midway
shootgal	Shooting Gallery	1984	Seatongrove UK, Ltd. (Zaccaria license)
shootout	Shoot Out (US)	1985	Data East USA
shootoutb	Shoot Out (Korean Bootleg)	1985	bootleg
shootoutj	Shoot Out (Japan)	1985	Data East Corporation
shoottv	Must Shoot TV (prototype)	199?	Incredible Technologies
shougi	Shougi	1982	Alpha Denshi Co. (Tehkan license)
shougi2	Shougi Part II	1982	Alpha Denshi Co. (Tehkan license)
showdown	Showdown (version 5.0)	1988	Exidy
showhand	Show Hand (Italy)	2000	Astro Corp.
showhandc	Wangpai Duijue (China)	2000	Astro Corp.
shpeng	Sea Hunter Penguin	1995	WSAC Systems?
shrike	Shrike Avenger (prototype)	1986	Bally/Sente
shtngmst	Shooting Master (8751 315-5159a)	1985	Sega
shtrider	Shot Rider	1985	Seibu Kaihatsu
shtridera	Shot Rider (Sigma license)	1984	Seibu Kaihatsu (Sigma license)
shtriderb	Shot Rider (bootleg)	1985	bootleg
shuffle	Shuffleboard	1978	Midway
shufshot	Shuffleshot (v1.40)	1997	Incredible Technologies
shufshot135	Shuffleshot (v1.35)	1997	Incredible Technologies
shufshot137	Shuffleshot (v1.37)	1997	Incredible Technologies
shufshot138	Shuffleshot (v1.38)	1997	Incredible Technologies
shufshot139	Shuffleshot (v1.39)	1997	Incredible Technologies
shuifeng	Shuihu Feng Yun Zhuan	1999	WAH LAP
shuriboy	Shuriken Boy	1993	Konami
shuttlei	Shuttle Invader	1979	Omori Electric Co., Ltd.
shuuz	Shuuz (version 8.0)	1990	Atari Games
shuuz2	Shuuz (version 7.1)	1990	Atari Games
sia2650	Super Invader Attack (bootleg of The Invaders)	1979?	bootleg (Sidam)
sianniv	Space Invaders Anniversary (V2.02J 2003/09/12 20:00)	2003	Taito
sichuan2	Sichuan II (bootleg, set 1)	1989	bootleg
sichuan2a	Sichuan II (bootleg, set 2)	1989	bootleg
sicv	Space Invaders (CV Version, larger roms)	1979	Taito
sicv1	Space Invaders (CV Version, smaller roms)	1979	Taito
sidampkr	unknown Sidam poker (vertical)	1984	Sidam
sidampkra	unknown Sidam poker (horizontal)	1984	Sidam
sidearms	Hyper Dyne Side Arms (World, 861129)	1986	Capcom
sidearmsj	Hyper Dyne Side Arms (Japan, 861128)	1986	Capcom
sidearmsu	Hyper Dyne Side Arms (US, 861202)	1986	Capcom (Romstar license)
sidearmsur1	Hyper Dyne Side Arms (US, 861128)	1986	Capcom (Romstar license)
sidebs	Side by Side (Ver 3.0 OK)	1996	Taito
sidebs2	Side by Side 2 (Ver 2.6 OK)	1997	Taito
sidebs2j	Side by Side 2 Evoluzione RR (Ver 3.1 J)	1997	Taito
sidebs2ja	Side by Side 2 Evoluzione (Ver 2.4 J)	1997	Taito
sidebs2u	Side by Side 2 (Ver 2.6 A)	1997	Taito
sidebsj	Side by Side (Ver 2.7 J)	1996	Taito
sidebsja	Side by Side (Ver 2.6 J)	1996	Taito
sidebsjb	Side by Side (Ver 2.5 J)	1996	Taito
sidepckt	Side Pocket (World)	1986	Data East Corporation
sidepcktb	Side Pocket (bootleg)	1986	bootleg
sidepcktj	Side Pocket (Japan, Cocktail)	1986	Data East Corporation
sidepmbc	Side Pocket (Conny bootleg of Mega Drive version)	1995	bootleg (Conny)
sidetrac	Side Trak	1979	Exidy
sidewndr	Sidewinder	1981?	ACE
sigma2k	Sigma Poker 2000	1998	Sigma Inc.
sigmapkr	Sigma Poker	1995	Sigma Inc.
silentd	Silent Dragon (World)	1992	Taito
silentdj	Silent Dragon (Japan)	1992	Taito
silentdu	Silent Dragon (US)	1992	Taito America
silkroad	The Legend of Silkroad	1999	Unico
silkroada	The Legend of Silkroad (larger ROMs)	1999	Unico
silkworm	Silk Worm (World)	1988	Tecmo
silkwormb	Silk Worm (bootleg, set 1)	1988	bootleg
silkwormb2	Silk Worm (bootleg, set 2)	1988	bootleg
silkwormj	Silk Worm (Japan)	1988	Tecmo
silkwormp	Silk Worm (prototype)	1988	Tecmo
silverga	Silver Game	1983	<unknown>
silvland	Silver Land (hack of River Patrol)	1981	Falcon
silvmil	Silver Millennium	1995	Para
simpbowl	The Simpsons Bowling (GQ829 UAA)	2000	Konami
simpsonjr	Simpson Junior (bootleg of J. J. Squawkers)	2003	bootleg (Daigom Games)
simpsons	The Simpsons (4 Players World, set 1)	1991	Konami
simpsons2p	The Simpsons (2 Players World, set 1)	1991	Konami
simpsons2p2	The Simpsons (2 Players World, set 2)	1991	Konami
simpsons2p3	The Simpsons (2 Players World, set 3)	1991	Konami
simpsons2pa	The Simpsons (2 Players Asia)	1991	Konami
simpsons2pj	The Simpsons (2 Players Japan)	1991	Konami
simpsons4pa	The Simpsons (4 Players Asia)	1991	Konami
simpsons4pe	The Simpsons (4 Players World, set 2)	1991	Konami
simpsons4pe2	The Simpsons (4 Players World, set 3)	1991	Konami
sindbadm	Sindbad Mystery	1983	Sega
sinistar	Sinistar (revision 3, upright)	1982	Williams
sinistar2	Sinistar (revision 2, upright)	1982	Williams
sinistarc	Sinistar (revision 3, cockpit)	1982	Williams
sinistarc2	Sinistar (revision 2, cockpit)	1982	Williams
sinistarp	Sinistar (AMOA-82 prototype)	1982	Williams
sinvasn	Space Invasion (Europe)	1985	Capcom
sinvasnb	Space Invasion (bootleg)	1985	bootleg
sinvemag	Super Invaders (Emag bootleg set 1)	1978	bootleg (Emag)
sinvemag2	Super Invaders (Emag bootleg set 2)	1978	bootleg (Emag)
sinvzen	Super Invaders (Zenitone-Microsec)	1980?	Taito / Zenitone-Microsec
sirio2	Sirio II (Calfesa S.L. Spanish bootleg of Moon Cresta)	1980?	bootleg (Calfesa S.L.)
sise7	Si Se 7	1992	Yung Yu / CYE
sisv	Space Invaders (SV Version rev 4)	1978	Taito
sisv2	Space Invaders (SV Version rev 2)	1978	Taito
sisv3	Space Invaders (SV Version rev 3)	1978	Taito
sitv	Space Invaders (TV Version rev 2)	1978	Taito
sitv1	Space Invaders (TV Version rev 1)	1978	Taito
sjcd2kx3	Super Joly 2000 - 3x	1985	M.P.
sjryuko	Sukeban Jansi Ryuko (set 2, System 16B, FD1089B 317-5021)	1988	White Board
sjryuko1	Sukeban Jansi Ryuko (set 1, System 16A, FD1089B 317-5021)	1987	White Board
skatekds	Vs. Skate Kids. (Graphic hack of Super Mario Bros.)	1988	hack (Two-Bit Score)
skdelux2k	Florida Skill Deluxe 2K (FBV2 ver.T)	1991	bootleg
skdelux99	Florida Skill Deluxe 99 (FBV2 ver.T)	1991	bootleg
skelagon	Skelagon	1983	Nihon Game (Nichibutsu USA license)
skill98	Skill '98 (Talking ver. s98-1.33)	1998	Amcoe
skillch	Skill Chance (W-7, set 1, 62-98 main)	1986	Wing Co., Ltd.
skillcha	Skill Chance (W-7, set 2, 53-98 main)	1986	Wing Co., Ltd.
skillchb	Skill Chance (W-7, set 3, 62-98 main)	1986	Wing Co., Ltd.
skilldrp	Skill Drop Georgia (Ver. G1.01S, Oct 1 2002)	2002	Astro Corp.
skilldrp_g10s	Skill Drop Georgia (Ver. G1.0S, Sep 13 2002)	2002	Astro Corp.
skillmst	Skill Master (ver.fst v5.0)	1991	bootleg
skillmsta	Skill Master (ver.fst v3.0)	1991	bootleg
skimaxx	Skimaxx	1996	Kyle Hodgetts / ICE
skingame	The Irem Skins Game (US set 1)	1992	Irem America
skingame2	The Irem Skins Game (US set 2)	1992	Irem America
skisuprg	Sega Ski Super G	1996	Sega
skns	Super Kaneko Nova System BIOS	1996	Kaneko
skullfng	Skull Fang (Europe 1.13)	1996	Data East Corporation
skullfnga	Skull Fang - Kuhga Gaiden (Asia 1.13)	1996	Data East Corporation
skullfngj	Skull Fang - Kuhga Gaiden (Japan 1.09)	1996	Data East Corporation
skullxbo	Skull & Crossbones (rev 5)	1989	Atari Games
skullxbo1	Skull & Crossbones (rev 1)	1989	Atari Games
skullxbo2	Skull & Crossbones (rev 2)	1989	Atari Games
skullxbo3	Skull & Crossbones (rev 3)	1989	Atari Games
skullxbo4	Skull & Crossbones (rev 4)	1989	Atari Games
skyadvnt	Sky Adventure (World)	1989	Alpha Denshi Co.
skyadvntj	Sky Adventure (Japan)	1989	Alpha Denshi Co.
skyadvntu	Sky Adventure (US)	1989	Alpha Denshi Co. (SNK of America license)
skyalert	Sky Alert	1992	Metro
skyarmy	Sky Army	1982	Shoei
skybase	Sky Base	1982	Omori Electric Co., Ltd.
skybump	Sky Bumper	1982	Venture Line
skychal	Sky Challenger (J 000406 V1.000)	2000	Sega
skychut	Sky Chuter	1980	Irem
skydest	Sky Destroyer (Japan)	1985	Taito
skydiver	Sky Diver	1978	Atari
skyfire	Sky Fire	1979	bootleg (Microhard)
skyfox	Sky Fox	1987	Jaleco (Nichibutsu USA license)
skykid	Sky Kid (new version)	1985	Namco
skykidd	Sky Kid (CUS60 version)	1985	Namco
skykiddx	Sky Kid Deluxe (set 1)	1986	Namco
skykiddxo	Sky Kid Deluxe (set 2)	1986	Namco
skykido	Sky Kid (old version)	1985	Namco
skykids	Sky Kid (Sipem)	1985	Namco (Sipem license)
skylancr	Sky Lancer	1983	Orca
skylancre	Sky Lancer (Esco Trading Co license)	1983	Orca (Esco Trading Co license)
skylncr	Sky Lancer (Bordun, version U450C)	1995	Bordun International
skylove	Sky Love	1979	Omori Electric Co., Ltd.
skyraid	Sky Raider	1978	Atari
skyraidr	Sky Raider (bootleg of UniWar S)	1980	bootleg
skyrobo	Sky Robo	1989	Nichibutsu
skyshark	Sky Shark (US, set 1)	1987	Toaplan / Taito America (Romstar license)
skysharka	Sky Shark (US, set 2)	1987	Toaplan / Taito America (Romstar license)
skysharkb	Sky Shark (bootleg)	1987	bootleg
skyskipr	Sky Skipper	1981	Nintendo
skysmash	Sky Smasher	1990	Nihon System
skysoldr	Sky Soldiers (US)	1988	Alpha Denshi Co. (SNK of America/Romstar license)
skysoldrbl	Sky Soldiers (bootleg)	1988	bootleg
skytargt	Sky Target	1995	Sega
skywolf	Sky Wolf (set 1)	1987	bootleg
skywolf2	Sky Wolf (set 2)	1987	bootleg
skywolf3	Sky Wolf (set 3)	1987	bootleg
slamdnk2	Slam Dunk 2 (ver JAA)	1996	Konami
slammast	Saturday Night Slam Masters (World 930713)	1993	Capcom
slammastu	Saturday Night Slam Masters (USA 930713)	1993	Capcom
slampic	Saturday Night Slam Masters (bootleg with PIC16C57, set 1)	1993	bootleg
slampic2	Saturday Night Slam Masters (bootleg with PIC16C57, set 2)	1993	bootleg
slapfigh	Slap Fight (Japan, A77 set, 8606M PCB)	1986	Toaplan / Taito
slapfigha	Slap Fight (Japan, A76 set, GX-006-A PCB)	1986	Toaplan / Taito
slapfighb1	Slap Fight (bootleg set 1)	1986	bootleg
slapfighb2	Slap Fight (bootleg set 2)	1986	bootleg
slapfighb3	Slap Fight (bootleg set 3)	1986	bootleg
slapshot	Slap Shot (Ver 3.0 O)	1994	Taito
slapshotj	Slap Shot (Ver 2.2 J)	1994	Taito
slapshtr	Slap Shooter	1986	Sega
slasho	Slashout	2000	Sega
slashout	Slashout (GDS-0004)	2000	Sega
sleyuan2	Shuiguo Leyuan II (V150UI)	1998	IGS
slimekun	Slime Kun	1991	Konami
slipstrm	Slip Stream (Brazil 950515)	1995	Capcom
slipstrmh	Slip Stream (Hispanic 950515)	1995	Capcom
slither	Slither (set 1)	1982	Century II (GDI license)
slithera	Slither (set 2)	1982	Century II (GDI license)
sliver	Sliver (set 1)	1996	Hollow Corp
slivera	Sliver (set 2)	1996	Hollow Corp
slmdunkj	Slam Dunk (ver JAA 1993 10.8)	1993	Konami
slmdunkjd	Slam Dunk (ver JAA 1993 10.8) (dual screen with demux adapter)	1993	Konami
sloco93	Super Loco 93 (Spanish, set 1)	1993	<unknown>
sloco93a	Super Loco 93 (Spanish, set 2)	1993	<unknown>
slotunbl	Slot (unknown bootleg?)	1982	bootleg?
slqz2	Shuang Long Qiang Zhu 2 VS (China, VS203J, set 1)	1998	IGS
slqz2b	Shuang Long Qiang Zhu 2 VS (China, VS203J, set 2)	1998	IGS
slqz3	Shuang Long Qiang Zhu 3 (China, VS107C)	1999	IGS
slrasslt	Solar Assault (ver UAA)	1997	Konami
slrassltj	Solar Assault Revised (ver JAA)	1997	Konami
slrassltj1	Solar Assault (ver JAA)	1997	Konami
slspirit	Solite Spirits	1999	Promat
sltpcycl	Pro Cycle Tele Cardioline (Salter fitness bike, V.1.0, checksum 02AB)	2000	Salter Fitness / Gaelco
sltpcycla	Pro Cycle Tele Cardioline (Salter fitness bike, V.1.0, checksum DECA)	1999	Salter Fitness / Gaelco
sltpcyclb	Pro Cycle Tele Cardioline (Salter fitness bike, V.1.0, checksum 3523)	1997	Salter Fitness / Gaelco
sltpstep	Pro Stepper Tele Cardioline (Salter fitness stepper, V.1.0, checksum 2B83)	1998	Salter Fitness / Gaelco
sltpstepa	Pro Stepper Tele Cardioline (Salter fitness stepper, V.1.0, checksum F208)	1997	Salter Fitness / Gaelco
slyspy	Sly Spy (US, revision 4)	1989	Data East USA
slyspy2	Sly Spy (US, revision 2)	1989	Data East USA
slyspy3	Sly Spy (US, revision 3)	1989	Data East USA
smash	Smash (bootleg of Crash)	1979	bootleg
smashtv	Smash T.V. (rev 8.00)	1990	Williams
smashtv3	Smash T.V. (rev 3.01)	1990	Williams
smashtv4	Smash T.V. (rev 4.00)	1990	Williams
smashtv5	Smash T.V. (rev 5.00)	1990	Williams
smashtv6	Smash T.V. (rev 6.00)	1990	Williams
smbomb	Super Muscle Bomber: The International Blowout (Japan 940831)	1994	Capcom
smbombr1	Super Muscle Bomber: The International Blowout (Japan 940808)	1994	Capcom
smgolf	Vs. Stroke & Match Golf (Men Version, set GF4-2 F)	1984	Nintendo
smgolfb	Vs. Stroke & Match Golf (Men Version, set GF4-2 ?)	1984	Nintendo
smgolfj	Vs. Stroke & Match Golf (Men Version) (Japan, set GF3 B)	1984	Nintendo Co., Ltd.
smgp	Super Monaco GP (World, Rev B) (FD1094 317-0126a)	1989	Sega
smgp5	Super Monaco GP (World) (FD1094 317-0126)	1989	Sega
smgp5d	Super Monaco GP (World) (bootleg of FD1094 317-0126 set)	1989	bootleg
smgp6	Super Monaco GP (World, Rev A) (FD1094 317-0126a)	1989	Sega
smgp6d	Super Monaco GP (World, Rev A) (bootleg of FD1094 317-0126a set)	1989	bootleg
smgpd	Super Monaco GP (World, Rev B) (bootleg of FD1094 317-0126a set)	1989	bootleg
smgpj	Super Monaco GP (Japan, Rev B) (FD1094 317-0124a)	1989	Sega
smgpja	Super Monaco GP (Japan, Rev A) (FD1094 317-0124a)	1989	Sega
smgpjd	Super Monaco GP (Japan, Rev B) (bootleg of FD1094 317-0124a set)	1989	bootleg
smgpu	Super Monaco GP (US, Rev C) (FD1094 317-0125a)	1989	Sega
smgpu1	Super Monaco GP (US, Rev B) (FD1094 317-0125a)	1989	Sega
smgpu1d	Super Monaco GP (US, Rev B) (bootleg of FD1094 317-0125a set)	1989	bootleg
smgpu2	Super Monaco GP (US, Rev A) (FD1094 317-0125a)	1989	Sega
smgpu2d	Super Monaco GP (US, Rev A) (bootleg of FD1094 317-0125a set)	1989	bootleg
smgpud	Super Monaco GP (US, Rev C) (bootleg of FD1094 317-0125a set)	1989	bootleg
smiconk	Space Micon Kit	1978	SNK
sminiboy	Super Mini-Boy	1984	Bonanza Enterprises, Ltd
smissw	Super Miss World	1996	Comad
smooncrs	Super Moon Cresta (Gremlin, bootleg)	1980?	bootleg (Gremlin)
smoto13	Super Rider (v1.3)	1996	Subsino
smoto16	Super Moto (Italy, v1.6)	1996	Subsino
smoto20	Super Rider (Italy, v2.0)	1996	Subsino
smotor	Super Motor (prototype)	19??	Duintronic
sms4in1	4-in-1 (version SWS1-052587)	1984	SMS Manufacturing Corp.
sms4in1a	4-in-1 (version SWS1-110984)	1984	SMS Manufacturing Corp.
smshilo	HI-LO Double Up Joker Poker (set 1)	1983	SMS Manufacturing Corp.
smsjoker	Joker Poker With Hi-Lo Double-Up (version HL-DLX-T-021286)	1984	SMS Manufacturing Corp.
smsjokera	Joker Poker With Hi-Lo Double-Up (version HL-DLX-080585)	1985	SMS Manufacturing Corp.
smwc	Shizhan Majiang Wangchao (Version 2.0)	1998	GMS
snakepit	Snake Pit	1984	Bally/Sente
snakepita	Snake Pit (9/14/84)	1984	Sente Technologies Inc.
snakjack	Snacks'n Jaxson	1984	Bally/Sente
snapjack	Snap Jack	1981	Universal
snapper	Snapper (Korea)	1990	Philko
sncwgltd	Sonic Wings Limited (Japan)	1996	Video System Co.
snes4sln	SNES 4 Slot arcade switcher (NBA Jam)	1994	bootleg
sngkace	Sengoku Ace (Japan, set 1)	1993	Psikyo (Banpresto license)
sngkacea	Sengoku Ace (Japan, set 2)	1993	Psikyo (Banpresto license)
snookr10	Snooker 10 (Ver 1.11)	1998	Sandii'
snowboar	Snow Board Championship (version 2.1)	1997	Gaelco / OMK
snowboara	Snow Board Championship (version 2.0)	1996	Gaelco / OMK
snowbro2	Snow Bros. 2 - With New Elves / Otenki Paradise (Hanafram)	1994	Hanafram
snowbro2b	Snow Bros. 2 - With New Elves / Otenki Paradise (bootleg, set 1)	1998	bootleg
snowbro2b2	Snow Bros. 2 - With New Elves / Otenki Paradise (bootleg, set 2)	1994	bootleg (Q Elec)
snowbro2b3	Snow Bros. 2 - With New Elves / Otenki Paradise (bootleg, set 3)	1994	bootleg
snowbro2ny	Snow Bros. 2 - With New Elves / Otenki Paradise (Nyanko)	1994	Nyanko
snowbro3	Snow Brothers 3 - Magical Adventure	2002	Syrmex
snowbros	Snow Bros. - Nick & Tom (set 1)	1990	Toaplan
snowbrosa	Snow Bros. - Nick & Tom (set 2)	1990	Toaplan
snowbrosb	Snow Bros. - Nick & Tom (set 3)	1990	Toaplan
snowbrosc	Snow Bros. - Nick & Tom (set 4)	1990	Toaplan
snowbrosd	Snow Bros. - Nick & Tom (Dooyong license)	1990	Toaplan (Dooyong license)
snowbrosj	Snow Bros. - Nick & Tom (Japan)	1990	Toaplan
snowbroswb	Snow Bros. - Nick & Tom (The Winter Bobble hardware bootleg)	1990	bootleg
socbrawl	Soccer Brawl (NGM-031)	1991	SNK
socbrawlh	Soccer Brawl (NGH-031)	1991	SNK
soccer	Atari Soccer	1980	Atari
soccer10	Soccer 10 (ver. 16.44)	1996	I.G.T. International Games Trade
soccernw	Soccer New (Italian)	199?	<unknown>
soccerss	Soccer Superstars (ver EAC)	1994	Konami
soccerssa	Soccer Superstars (ver AAA)	1994	Konami
soccerssj	Soccer Superstars (ver JAC)	1994	Konami
soccerssja	Soccer Superstars (ver JAA)	1994	Konami
soccerssu	Soccer Superstars (ver UAC)	1994	Konami
sogeki	Sogeki (ver JRB 1.01)	2001	Konami
sokonuke	Sokonuke Taisen Game (Japan)	1995	Sammy Industries
sokyugrt	Soukyugurentai / Terra Diver (JUET 960821 V1.000)	1996	Raizing / Eighting
solarfox	Solar Fox (upright)	1981	Bally Midway
solarq	Solar Quest (rev 10 8 81)	1981	Cinematronics
solarwar	Solar War	1979	Atari
soldam	Soldam	1992	Jaleco
soldamj	Soldam (Japan)	1992	Jaleco
soldivid	Sol Divide: Sword Of Darkness	1997	Psikyo
soldividk	Sol Divide: Sword Of Darkness (Korea)	1997	Psikyo
solfight	Solar Fight (bootleg of Ozma Wars)	1979	bootleg
solfigtr	Solitary Fighter (World)	1991	Taito
solitaire	Solitaire (version 2.5)	1999	F2 System
solomon	Solomon's Key (US)	1986	Tecmo
solomonj	Solomon no Kagi (Japan)	1986	Tecmo
solrwarr	Solar-Warrior (US)	1986	Technos Japan (Taito / Memetron license)
solvalou	Solvalou (SV1, Japan)	1991	Namco
songjang	Songjiangyanyi Final	200?	WAH LAP
sonic	SegaSonic The Hedgehog (Japan, rev. C)	1992	Sega
sonic2mb	Sonic The Hedgehog 2 (bootleg of Mega Drive version)	1993	bootleg / Sega
sonic3mb	Sonic The Hedgehog 3 (bootleg of Mega Drive version)	1993	bootleg / Sega
sonicbom	Sonic Boom (FD1094 317-0053)	1987	Sega
sonicbomd	Sonic Boom (bootleg of FD1094 317-0053 set)	1987	bootleg
soniccar	Waku Waku Sonic Patrol Car	1991	Sega
sonicfgt	SegaSonic Cosmo Fighter (World)	1993	Sega
sonicfgtj	SegaSonic Cosmo Fighter (Japan)	1993	Sega
sonicp	SegaSonic The Hedgehog (Japan, prototype)	1992	Sega
sonicpop	SegaSonic Popcorn Shop (Rev B)	1993	Sega
sonicwi	Sonic Wings (Japan)	1992	Video System Co.
sonicwi2	Aero Fighters 2 / Sonic Wings 2	1994	Video System Co.
sonicwi3	Aero Fighters 3 / Sonic Wings 3	1995	Video System Co.
sonofphx	Son of Phoenix (bootleg of Repulse)	1985	bootleg (Associated Overseas MFR)
sonson	Son Son	1984	Capcom
sonsonj	Son Son (Japan)	1984	Capcom
sos	SOS	1979	K.K. Tokki (Namco license)
sosterm	S.O.S.	198?	Terminal
sothello	Super Othello	1986	Success / Fujiwara
sotsugyo	Sotsugyo Shousho (Japan)	1995	Mitchell (Atlus license)
sotsugyok	Jor-eop Jeungmyeongseo (Korea)	1996	Mitchell
soukobdx	Souko Ban Deluxe (Japan, SB1)	1990	Namco
soulclbr	Soul Calibur (World, SOC12/VER.A2)	1998	Namco
soulclbrab	Soul Calibur (Asia, SOC14/VER.B)	1998	Namco
soulclbrac	Soul Calibur (Asia, SOC14/VER.C)	1998	Namco
soulclbrja2	Soul Calibur (Japan, SOC11/VER.A2)	1998	Namco
soulclbrjb	Soul Calibur (Japan, SOC11/VER.B)	1998	Namco
soulclbrjc	Soul Calibur (Japan, SOC11/VER.C)	1998	Namco
soulclbrub	Soul Calibur (US, SOC13/VER.B)	1998	Namco
soulclbruc	Soul Calibur (US, SOC13/VER.C)	1998	Namco
souledge	Soul Edge Ver. II (Asia, SO4/VER.C)	1996	Namco
souledgea	Soul Edge (World, SO2/VER.A)	1995	Namco
souledgeja	Soul Edge (Japan, SO1/VER.A)	1995	Namco
souledgeua	Soul Edge (US, SO3/VER.A)	1995	Namco
souledgeuc	Soul Edge Ver. II (US, SO3/VER.C)	1995	Namco
soutenry	Soutenryu (V2.07J 2000/12/14 11:13:02)	2000	Warashi
spacbat2	Space Battle (bootleg set 2)	1980	bootleg
spacbatt	Space Battle (bootleg set 1)	1980	bootleg
spacbeam	Space Beam	1979	Irem
spacduel	Space Duel (version 2)	1980	Atari
spacduel0	Space Duel (prototype)	1980	Atari
spacduel1	Space Duel (version 1)	1980	Atari
spaceat2	Space Attack II (bootleg of Super Invaders)	1980	bootleg (Video Games UK)
spaceatt	Space Attack (bootleg of Space Invaders)	1978	bootleg (Video Games GmbH)
spaceatt2k	Space Attack (bootleg of Space Invaders, 2k roms)	1978	bootleg (Video Games GmbH)
spaceattbp	Space Attack (bootleg of Space Invaders, bproms)	1978	bootleg (Video Games GmbH)
spacebrd	Space Bird (bootleg)	1980	bootleg (Karateco)
spacecho	Space Echo (set 1)	1980	bootleg (Gayton Games)
spacecho2	Space Echo (set 2)	1980	bootleg (Gayton Games)
spacecom	Space Combat (bootleg of Space Invaders)	1979	bootleg
spacecr	Space Cruiser	1981	Taito
spacedem	Space Demon	1980	Nintendo (Fortrek license)
spacedx	Space Invaders DX (US, v2.1)	1994	Taito America
spacedxj	Space Invaders DX (Japan, v2.1)	1994	Taito
spacedxo	Space Invaders DX (Japan, v2.0)	1994	Taito
spacefb	Space Firebird (rev. 04-u)	1980	Nintendo
spacefba	Space Firebird (rev. 02-a)	1980	Nintendo
spacefbb	Space Firebird (bootleg)	1980	bootleg
spacefbe	Space Firebird (rev. 03-e set 1)	1980	Nintendo
spacefbe2	Space Firebird (rev. 03-e set 2)	1980	Nintendo
spacefbg	Space Firebird (Gremlin)	1980	Nintendo (Gremlin license)
spacefev	Space Fever (new version)	1979	Nintendo
spacefevo	Space Fever (old version)	1979	Nintendo
spacefevo2	Space Fever (older version)	1979	Nintendo
spacefrt	Space Fortress (CVS)	1981	Century Electronics
spaceftr	Space Fortress (Zaccaria)	1981	Cinematronics (Zaccaria license)
spaceg	Space Guerrilla	1979	Omori Electric Co., Ltd.
spacegun	Space Gun (World)	1990	Taito
spacegunj	Space Gun (Japan)	1990	Taito
spacegunu	Space Gun (US)	1990	Taito America
spaceint	Space Intruder	1980	Shoei
spaceintj	Space Intruder (Japan)	1980	Shoei
spacelnc	Space Launcher	1979	Nintendo
spacempr	Space Empire (bootleg)	1980	bootleg
spaceod	Space Odyssey (version 2)	1981	Sega
spaceod2	Space Odyssey (version 1)	1981	Sega
spaceph	Space Phantoms (bootleg of Ozma Wars)	1979	bootleg? (Zilec Games)
spaceplt	Space Pilot (set 1)	1982	bootleg
spaceplta	Space Pilot (set 2)	1982	bootleg
spacerng	Space Ranger	1978	bootleg (Leisure Time Electronics)
spaceshp	Space Ship	1978	Cinematronics (Sega license)
spaceskr	Space Seeker	1981	Taito
spacetrk	Space Trek (upright)	1980	Sega
spacetrkc	Space Trek (cocktail)	1980	Sega
spacewar	Space Wars	1977	Cinematronics
spacewin	Scacco Matto / Space Win	1996	Playmark
spacewr3	Space War Part 3	1978	bootleg
spacezap	Space Zap (Midway)	1980	Midway
spacfury	Space Fury (revision C)	1981	Sega
spacfurya	Space Fury (revision A)	1981	Sega
spacfuryb	Space Fury (revision B)	1981	Sega
spacfurybl	Advisor (Italian bootleg of Space Fury)	1981	bootleg (Rumiano)
spacian2	T.T Spacian Part-2	1979	Namco / Taito
spacmiss	Space Missile - Space Fighting Game	1980?	bootleg?
spactrai	Space Train	1981	Celv
spacwalk	Space Walk	1978	Midway
spang	Super Pang (World 900914)	1990	Mitchell
spangbl	Super Pang (World 900914, bootleg, set 1)	1990	bootleg
spangj	Super Pang (Japan 901023)	1990	Mitchell
sparkle	Sparkle (v1.1.3)	199?	Cobra
sparkman	Spark Man (v2.0, set 1)	1989	SunA
sparkmana	Spark Man (v2.0, set 2)	1989	SunA
sparkz	Sparkz (prototype)	1992	Atari Games
spartanx	Spartan X (Japan)	1984	Irem
spartanxtec	Spartan X (Tecfri hardware bootleg)	1987	bootleg (Tecfri)
spatter	Spatter (315-5096)	1984	Sega
spattera	Spatter (315-5099)	1984	Sega
spbactn	Super Pinball Action (US)	1991	Tecmo
spbactnj	Super Pinball Action (Japan)	1991	Tecmo
spbactnp	Super Pinball Action (US, prototype, dual screen)	1989	Tecmo
spccomp	Space Computer (ver. 1.8a)	1999	<unknown>
spcdrag	Space Dragon (bootleg of Moon Cresta)	1980	bootleg
spcebttl	Space Battle (Space Invaders bootleg)	1978	bootleg
spceking	Space King	1978	Taito / Leijac
spcenctr	Space Encounters	1980	Midway
spcewarl	Space War (Leijac Corporation)	1979	Konami (Leijac Corporation license)
spcewarla	Space War (Leisure and Allied)	1979	bootleg (Leisure and Allied)
spcewars	Space War (Sanritsu)	1978	Taito / Sanritsu
spcforc2	Space Force (set 2)	19??	bootleg? (Elcon)
spcforce	Space Force (set 1)	1980	Venture Line
spcfrcii	Special Forces II	1985	Senko Industries (Magic Electronics Inc. license)
spcinv95	Space Invaders '95: The Attack Of Lunar Loonies (Ver 2.5O 1995/06/14)	1995	Taito
spcinv95u	Space Invaders '95: The Attack Of Lunar Loonies (Ver 2.5A 1995/06/14)	1995	Taito America
spcinvdj	Space Invaders DX (Ver 2.6J 1994/09/14) (F3 Version)	1994	Taito
spcking2	Space King 2	1979	Konami
spcking2ir	Space King Part II (Space Invaders II bootleg)	1980	bootleg (Irecsa)
spclaser	Space Laser	1980	Konami (Taito license)
spclforc	Special Forces - Kung Fu Commando	1985	Senko Industries (Magic Electronics Inc. license)
spclords	Space Lords (rev C)	1992	Atari Games
spclordsa	Space Lords (rev A)	1992	Atari Games
spclordsb	Space Lords (rev B)	1992	Atari Games
spclordsg	Space Lords (rev A, German)	1992	Atari Games
spcmission	Space Mission (SegaSA / Sonic, Spanish bootleg of Scramble)	198?	bootleg (SegaSA / Sonic)
spcpostn	Space Position (Japan)	1986	Sega / Nasco
spcrocks	Space Rocks (Spanish clone of Asteroids)	1981	Atari (J.Estevez license)
spctbird	Space Thunderbird	1981?	bootleg (Fortrek)
spctrek	Space Trek (Video Game S.A., Spanish bootleg of Scramble)	1981	bootleg (Video Game S.A.)
spdball	Speed Ball - Contest at Neonworld (prototype)	1985	Williams
spdcoin	Speed Coin (prototype)	1984	Stern Electronics
spdheat	Super Dead Heat (World)	1985	Taito
spdheatj	Super Dead Heat (Japan)	1985	Taito
spdodgeb	Super Dodge Ball (US)	1987	Technos Japan
speakhlp	Speak & Help	1980	bootleg
speakres	Speak & Rescue	1980	Sun Electronics
speakresb	Speak & Rescue (bootleg)	1980	bootleg
spec2k	Spectrum 2000 (vertical, Korea)	2000	Yona Tech
spec2kh	Spectrum 2000 (horizontal, buggy) (Europe)	2000	Yona Tech
specd9	Special Dream 9 (v1.0.7G)	1997	Excellent System
specd9105g	Special Dream 9 (v1.0.5G)	1997	Excellent System
special7	Special 7 (Taiwanese Hardware, encrypted, set 1)	199?	unknown
special7a	Special 7 (Taiwanese Hardware, encrypted, set 2)	199?	unknown
special7b	Special 7 (Taiwanese Hardware, encrypted, set 3)	199?	unknown
spectar	Spectar (revision 3)	1980	Exidy
spectar1	Spectar (revision 1?)	1980	Exidy
spectarrf	Spectar (revision 2, bootleg)	1984	bootleg (Recreativos Franco)
speedatk	Speed Attack! (Japan)	1984	Seta Kikaku
speedbal	Speed Ball (set 1)	1987	Tecfri / Desystem S.A.
speedbala	Speed Ball (set 2)	1987	Tecfri / Desystem S.A.
speedbalb	Speed Ball (set 3)	1987	Tecfri / Desystem S.A.
speeddrp	Speed Drop (Ver. 1.06, Sep 3 2003)	2003	Astro Corp.
speedfrk	Speed Freak	1979	Vectorbeam
speedmst	Speed Master (D2.01.C, Apr 29 2004)	2004	D2 Enterprises
speedmst_d14	Speed Master (D1.4, May 23 2003)	2003	D2 Enterprises
speedmst_d201ca	Speed Master (D2.01.C, Apr 28 2004)	2003	D2 Enterprises
speedrcr	Speed Racer	1995	Namco
speedrs	Speed Race (Seletron / Olympia)	1980	Seletron / Olympia
speedspn	Speed Spin	1994	TCH
speedup	Speed Up (version 2.20, checksum 2037)	1996	Gaelco
speedup10	Speed Up (version 1.00, checksum 31A9)	1996	Gaelco
speedup12	Speed Up (version 1.20, checksum 6851)	1996	Gaelco
speedup20	Speed Up (version 2.00, checksum E145)	1996	Gaelco
speedup20a	Speed Up (version 2.00, checksum 491B)	1996	Gaelco
speedup21	Speed Up (version 2.10, checksum 9536)	1996	Gaelco
speglsht	Super Eagle Shot	1994	Seta
spellbnd	Spellbound	1981?	ACE
spelunk2	Spelunker II - 23 no Kagi (Japan)	1986	Irem (licensed from Broderbund)
spelunkr	Spelunker	1985	Irem (licensed from Broderbund)
spelunkrj	Spelunker (Japan)	1985	Irem (licensed from Broderbund)
spetrix	Super Petrix (ver. 1P)	199?	<unknown>
spf2t	Super Puzzle Fighter II Turbo (Europe 960529)	1996	Capcom
spf2ta	Super Puzzle Fighter II Turbo (Asia 960529)	1996	Capcom
spf2td	Super Puzzle Fighter II Turbo (USA 960620 Phoenix Edition) (bootleg)	1996	bootleg
spf2th	Super Puzzle Fighter II Turbo (Hispanic 960531)	1996	Capcom
spf2tu	Super Puzzle Fighter II Turbo (USA 960620)	1996	Capcom
spf2xj	Super Puzzle Fighter II X (Japan 960531)	1996	Capcom
spf2xjd	Super Puzzle Fighter II X (Japan 960531 Phoenix Edition) (bootleg)	1996	bootleg
spfghmk2	Space Fighter Mark II (set 1)	1979	Data East
spfghmk22	Space Fighter Mark II (set 2)	1979	Data East
spider	Spider (Buena Vision, without nudity)	1994	Buena Vision
spidern	Spider (Buena Vision, with nudity)	1994	Buena Vision
spiders	Spiders (set 1)	1981	Sigma Enterprises Inc.
spiders2	Spiders (set 2)	1981	Sigma Enterprises Inc.
spiders3	Spiders (set 3)	1981	Sigma Enterprises Inc.
spidman	Spider-Man: The Videogame (World)	1991	Sega
spidmanj	Spider-Man: The Videogame (Japan)	1991	Sega
spidmanu	Spider-Man: The Videogame (US, Rev A)	1991	Sega
spiero	Super Pierrot (Japan)	1987	Universal
spiker	Spiker (6/9/86)	1986	Bally/Sente
spikera	Spiker (5/5/86)	1986	Bally/Sente
spikerb	Spiker (earliest?)	1986	Bally/Sente
spikes91	1991 Spikes (Italian bootleg, set 1)	1991	bootleg
spikes91b	1991 Spikes (Italian bootleg, set 2)	1991	bootleg
spinkick	Hec's Spinkick	1988	Haesung/Seojin
spinlbrk	Spinal Breakers (World)	1990	V-System Co.
spinlbrkj	Spinal Breakers (Japan)	1990	V-System Co.
spinlbrku	Spinal Breakers (US)	1990	V-System Co.
spinlbrkup	Spinal Breakers (US, prototype)	1990	V-System Co.
spinmast	Spin Master / Miracle Adventure	1993	Data East Corporation
spinner	Spinner	1981	bootleg
spitboss	Super Pit Boss (9221-02A)	1988	Merit
spk100	Super Poker (v100)	1996	IGS
spk102u	Super Poker (v102U)	1996	IGS
spk102ua	Super Poker (v102UA)	1996	IGS
spk114it	Super Poker (v114IT)	1996	IGS
spk115it	Super Poker (v115IT)	1996	IGS
spk116it	Super Poker (v116IT)	1996	IGS
spk116itmx	Super Poker (v116IT-MX)	1996	IGS
spk120in	Super Poker (v120IN)	1996	IGS
spk130	Super Poker (v130)	1996	IGS
spk200	Super Poker (v200)	1996	IGS
spk200ua	Super Poker (v200UA)	1996	IGS
spk201ua	Super Poker (v201UA)	1996	IGS
spk203us	Super Poker (v203US)	1996	IGS
spk205us	Super Poker (v205US)	1996	IGS
spk305us	Super Poker (v305US)	1996	IGS
spk306us	Super Poker (v306US)	1996	IGS
spkrbtl	Spikers Battle (GDS-0005)	2001	Sega
spkrform	Super Poker (V100xD03) / Formosa	2000?	IGS
splash	Splash! (ver. 1.3, checksum E7BEF3FA, World)	1992	Gaelco / OMK Software
splash10	Splash! (ver. 1.0, checksum 2FC9AE1D, non North America)	1992	Gaelco / OMK Software
splash11	Splash! (ver. 1.1, checksum 4697D2BF, non North America)	1992	Gaelco / OMK Software
splash12	Splash! (ver. 1.2, checksum 5071804D, non North America)	1992	Gaelco / OMK Software
splashkr	Splash! (ver. 1.3, checksum E7BEEBFA, Korea)	1992	Gaelco / OMK Software (Windial license)
splashms	Splash (Modular System, ver. 1.0, checksum 16EDD8FB, non North America, censored)	1992	Gaelco / OMK Software
splashmsa	Splash (Modular System, ver. 1.0, checksum A6C431A4, non North America, uncensored)	1992	Gaelco / OMK Software
splashna	Splash! (ver. 1.3, checksum E7BEEEFA, North America)	1992	Gaelco / OMK Software
splat	Splat!	1982	Williams
splatter	Splatterhouse (World, new version (SH3))	1988	Namco
splatter2	Splatterhouse (World, old version (SH2))	1988	Namco
splatterj	Splatterhouse (Japan, SH1)	1988	Namco
splndrbt	Splendor Blast (set 1)	1985	Alpha Denshi Co.
splndrbt2	Splendor Blast II	1985	Alpha Denshi Co.
splndrbta	Splendor Blast (set 2)	1985	Alpha Denshi Co.
splndrbtb	Splendor Blast (set 3)	1985	Alpha Denshi Co.
spnchout	Super Punch-Out!! (Rev B)	1984	Nintendo
spnchouta	Super Punch-Out!! (Rev A)	1984	Nintendo
spnchoutj	Super Punch-Out!! (Japan)	1984	Nintendo
spooky	Spooky Night 2nd Edition (Version 2.0.4)	200?	Amcoe
spookyo	Spooky Night (Version 1.0.1)	200?	Amcoe
spool3	Super Pool III (English)	1989	Data East Corporation
spool3i	Super Pool III (I-Vics)	1990	Data East Corporation (I-Vics license)
spool99	Super Pool 99 (Version 0.36)	1998	Electronic Projects
spool99a	Super Pool 99 (Version 0.33)	1998	Electronic Projects
spool99b	Super Pool 99 (Version 0.31)	1998	Electronic Projects
spool99c	Super Pool 99 (Version 0.26)	1998	Electronic Projects
spotty	Spotty (Ver. 2.0.2)	2001	Prince Co.
sprcros2	Super Cross II (Japan, set 1)	1986	Sanritsu / GM Shoji
sprcros2a	Super Cross II (Japan, set 2)	1986	Sanritsu / GM Shoji
sprglbpg	Super Glob (Pac-Man hardware, German bootleg)	1984	bootleg (Software Labor)
sprglobp	Super Glob (Pac-Man hardware)	1983	Epos Corporation
springbd	Springboard (bootleg of Circus)	1977	bootleg (Sub-Electro)
springer	Springer	1982	Orca
sprint1	Sprint 1	1978	Atari (Kee Games)
sprint2	Sprint 2 (set 1)	1976	Atari (Kee Games)
sprint2a	Sprint 2 (set 2)	1976	Atari (Kee Games)
sprint2bl	Sprint 2 (bootleg)	1976	bootleg
sprint2h	Sprint 2 (color kit, Italy)	1976	hack
sprint4	Sprint 4 (Rev 03)	1977	Atari
sprint4a	Sprint 4 (Rev 02, set 1)	1977	Atari
sprint4b	Sprint 4 (Rev 02, set 2)	1977	Atari
sprint8	Sprint 8	1977	Atari
sprint8a	Sprint 8 (play tag & chase)	1977	Atari
sprpuzzle	Super Puzzle (Sang Ho Soft)	1991	Sang Ho Soft
sprtauth	Sports Authority Challenge (Rev 3)	1992	Classic Games
sprtauth1	Sports Authority (Rev 1)	1992	Classic Games
sprtjam	Sports Jam (GDS-0003)	2000	Sega
sprtmtch	Sports Match	1989	Dynax (Fabtek license)
sprtshot	Sports Shooting USA	2003	Sammy USA
spuzbobl	Super Puzzle Bobble (V2.05O 1999/2/24 18:00)	1999	Taito
spuzboblj	Super Puzzle Bobble (V2.04J 1999/2/17 02:10)	1999	Taito
spy	S.P.Y.: Special Project Y. (World ver. N)	1989	Konami
spyhunt	Spy Hunter	1983	Bally Midway
spyhunt2	Spy Hunter II (rev 2)	1987	Bally Midway
spyhunt2a	Spy Hunter II (rev 1)	1987	Bally Midway
spyhuntp	Spy Hunter (Playtronic license)	1983	Bally Midway (Playtronic license)
spyhuntpr	Spy Hunter (Spain, Recreativos Franco S.A., Tecfri PCB)	1985	bootleg (Recreativos Franco S.A. license, Tecfri)
spyhuntsp	Spy Hunter (Spain, Recreativos Franco S.A., Bally Midway license)	1985	Recreativos Franco S.A. (Bally Midway license)
spyu	S.P.Y.: Special Project Y. (US ver. M)	1989	Konami
sqbert	Faster, Harder, More Challenging Q*bert (prototype)	1983	Mylstar
sqix	Super Qix (World/Japan, V1.2)	1987	Kaneko / Taito
sqixb1	Super Qix (bootleg of V1.0, 8031 MCU)	1987	bootleg
sqixb2	Super Qix (bootleg, No MCU)	1987	bootleg
sqixr0	Super Qix (World/Japan, V1.0)	1987	Kaneko / Taito
sqixr1	Super Qix (World/Japan, V1.1)	1987	Kaneko / Taito
sqixu	Super Qix (US)	1987	Kaneko / Taito (Romstar license)
squaitsa	Squash (Itisa)	1984	Itisa
squash	Squash (World, ver. 1.0, checksum 015aef61)	1992	Gaelco
squasha	Squash (USA, ver. 1.1, checksum 015b6f8a)	1992	Gaelco
squeenb	Super Queen Bee (Ver. 101)	2002	Subsino
squizchs	Seishun-Quiz Colorful High School (CHS1 Ver.A)	2003	Namco
sraider	Space Raider	1982	Universal
srallyc	Sega Rally Championship - Twin/DX (Revision C)	1995	Sega
srallycb	Sega Rally Championship - Twin/DX (Revision B)	1995	Sega
srallycc	Sega Rally Championship - Twin/DX (Revision A)	1995	Sega
srallycdx	Sega Rally Championship - DX (Revision A)	1995	Sega
srallycdxa	Sega Rally Championship - DX	1995	Sega
sranger	Super Ranger (v2.0)	1988	SunA
srangerb	Super Ranger (older, bootleg)	1988	bootleg (NYWA)
srangern	Super Ranger (older, NOVA license)	1988	SunA (NOVA license)
srangero	Super Ranger (older)	1988	SunA
srangerw	Super Ranger (older, WDK license)	1988	SunA (WDK license)
srdarwin	SRD: Super Real Darwin (World)	1987	Data East Corporation
srdarwinb	SRD: Super Real Darwin (Japan, bootleg)	1987	bootleg
srdarwinj	SRD: Super Real Darwin (Japan)	1987	Data East Corporation
srdmissn	S.R.D. Mission	1986	Kyugo / Taito
srmagic	Super Real Magic (V6.3)	1992	bootleg
srmdb	Sunset Riders (scrambled bootleg of Mega Drive version)	1993	bootleg / Konami
srmp1	Super Real Mahjong Part 1 (Japan)	1987	Seta
srmp2	Super Real Mahjong Part 2 (Japan)	1987	Seta
srmp3	Super Real Mahjong Part 3 (Japan)	1988	Seta
srmp4	Super Real Mahjong PIV (Japan)	1993	Seta
srmp4o	Super Real Mahjong PIV (Japan, older set)	1993	Seta
srmp5	Super Real Mahjong P5	1994	Seta
srmp6	Super Real Mahjong P6 (Japan)	1995	Seta
srmp7	Super Real Mahjong P7 (Japan)	1997	Seta
srmvs	Super Real Mahjong VS (Rev A)	1999	Seta
srmvsa	Super Real Mahjong VS	1999	Seta
srumbler	The Speed Rumbler (set 1)	1986	Capcom
srumbler2	The Speed Rumbler (set 2)	1986	Capcom
srumbler3	The Speed Rumbler (set 3)	1986	Capcom (Tecfri license)
sryudens	Mahjong Seiryu Densetsu (Japan, NM502)	1996	Dynax / Face
ss2005	Super Shanghai 2005 (Japan, Rev A) (GDL-0031A)	2005	Starfish
ss2005o	Super Shanghai 2005 (Japan) (GDL-0031)	2005	Starfish
ssanchan	Sanrin San Chan (Japan, 315-5096)	1984	Sega
sscandal	Seishun Scandal (315-5132, Japan)	1985	Coreland / Sega
sscope	Silent Scope (ver UAD, Ver 1.33)	1999	Konami
sscope2	Silent Scope 2 : Dark Silhouette (ver UAD, Ver 1.03)	2000	Konami
sscope2a	Silent Scope 2 : Innocent Sweeper (ver AAD, Ver 1.03)	2000	Konami
sscope2ab	Silent Scope 2 : Innocent Sweeper (ver AAB, Ver 1.01)	2000	Konami
sscope2abvd1	Silent Scope 2 : Innocent Sweeper (ver AAB, Ver 1.01, GN715 Voodoo 1 video board)	2000	Konami
sscope2ac	Silent Scope 2 : Innocent Sweeper (ver AAC, Ver 1.02)	2000	Konami
sscope2acvd1	Silent Scope 2 : Innocent Sweeper (ver AAC, Ver 1.02, GN715 Voodoo 1 video board)	2000	Konami
sscope2avd1	Silent Scope 2 : Innocent Sweeper (ver AAD, Ver 1.03, GN715 Voodoo 1 video board)	2000	Konami
sscope2e	Silent Scope 2 : Fatal Judgement (ver EAD, Ver 1.03)	2000	Konami
sscope2eb	Silent Scope 2 : Fatal Judgement (ver EAB, Ver 1.01)	2000	Konami
sscope2ebvd1	Silent Scope 2 : Fatal Judgement (ver EAB, Ver 1.01, GN715 Voodoo 1 video board)	2000	Konami
sscope2ec	Silent Scope 2 : Fatal Judgement (ver EAC, Ver 1.02)	2000	Konami
sscope2ecvd1	Silent Scope 2 : Fatal Judgement (ver EAC, Ver 1.02, GN715 Voodoo 1 video board)	2000	Konami
sscope2evd1	Silent Scope 2 : Fatal Judgement (ver EAD, Ver 1.03, GN715 Voodoo 1 video board)	2000	Konami
sscope2j	Silent Scope 2 : Innocent Sweeper (ver JAD, Ver 1.03)	2000	Konami
sscope2jb	Silent Scope 2 : Innocent Sweeper (ver JAB, Ver 1.01)	2000	Konami
sscope2jbvd1	Silent Scope 2 : Innocent Sweeper (ver JAB, Ver 1.01, GN715 Voodoo 1 video board)	2000	Konami
sscope2jc	Silent Scope 2 : Innocent Sweeper (ver JAC, Ver 1.02)	2000	Konami
sscope2jcvd1	Silent Scope 2 : Innocent Sweeper (ver JAC, Ver 1.02, GN715 Voodoo 1 video board)	2000	Konami
sscope2jvd1	Silent Scope 2 : Innocent Sweeper (ver JAD, Ver 1.03, GN715 Voodoo 1 video board)	2000	Konami
sscope2uc	Silent Scope 2 : Dark Silhouette (ver UAC, Ver 1.02)	2000	Konami
sscope2ucvd1	Silent Scope 2 : Dark Silhouette (ver UAC, Ver 1.02, GN715 Voodoo 1 video board)	2000	Konami
sscope2vd1	Silent Scope 2 : Dark Silhouette (ver UAD, Ver 1.03, GN715 Voodoo 1 video board)	2000	Konami
sscopea	Silent Scope (ver AAD, Ver 1.33)	1999	Konami
sscopeaa	Silent Scope (ver AAA, Ver 1.00)	1999	Konami
sscopeab	Silent Scope (ver AAB, Ver 1.20)	1999	Konami
sscopeac	Silent Scope (ver AAC, Ver 1.30)	1999	Konami
sscopeacvd2	Silent Scope (ver AAC, Ver 1.30, GQ871 Voodoo 2 video board)	1999	Konami
sscopeavd2	Silent Scope (ver AAD, Ver 1.33, GQ871 Voodoo 2 video board)	1999	Konami
sscopee	Silent Scope (ver EAD, Ver 1.33)	1999	Konami
sscopeea	Silent Scope (ver EAA, Ver 1.00)	1999	Konami
sscopeeb	Silent Scope (ver EAB, Ver 1.20)	1999	Konami
sscopeec	Silent Scope (ver EAC, Ver 1.30)	1999	Konami
sscopeecvd2	Silent Scope (ver EAC, Ver 1.30, GQ871 Voodoo 2 video board)	1999	Konami
sscopeevd2	Silent Scope (ver EAD, Ver 1.33, GQ871 Voodoo 2 video board)	1999	Konami
sscopefh	Silent Scope Fortune Hunter (ver EAA)	2002	Konami
sscopeja	Silent Scope (ver JAA, Ver 1.00)	1999	Konami
sscopejb	Silent Scope (ver JAB, Ver 1.20)	1999	Konami
sscopeua	Silent Scope (ver UAA, Ver 1.00)	1999	Konami
sscopeub	Silent Scope (ver UAB, Ver 1.20)	1999	Konami
sscopeuc	Silent Scope (ver UAC, Ver 1.30)	1999	Konami
sscopeucvd2	Silent Scope (ver UAC, Ver 1.30, GQ871 Voodoo 2 video board)	1999	Konami
sscopevd2	Silent Scope (ver UAD, Ver 1.33, GQ871 Voodoo 2 video board)	1999	Konami
sscopex	Silent Scope EX (ver EAC 1.20)	2001	Konami
sscs	San Se Caishen (Version 0502)	1999	GMS
sscs0118	San Se Caishen (Version 0118)	1999	GMS
ssf2	Super Street Fighter II: The New Challengers (World 931005)	1993	Capcom
ssf2a	Super Street Fighter II: The New Challengers (Asia 931005)	1993	Capcom
ssf2ar1	Super Street Fighter II: The New Challengers (Asia 930914)	1993	Capcom
ssf2h	Super Street Fighter II: The New Challengers (Hispanic 930911)	1993	Capcom
ssf2j	Super Street Fighter II: The New Challengers (Japan 931005)	1993	Capcom
ssf2jr1	Super Street Fighter II: The New Challengers (Japan 930911)	1993	Capcom
ssf2jr2	Super Street Fighter II: The New Challengers (Japan 930910)	1993	Capcom
ssf2mdb	Super Street Fighter II - The New Challengers (scrambled bootleg of Mega Drive version)	1994	bootleg / Capcom
ssf2r1	Super Street Fighter II: The New Challengers (World 930911)	1993	Capcom
ssf2t	Super Street Fighter II Turbo (World 940223)	1994	Capcom
ssf2ta	Super Street Fighter II Turbo (Asia 940223)	1994	Capcom
ssf2tad	Super Street Fighter II Turbo (Asia 940223 Phoenix Edition) (bootleg)	1994	bootleg
ssf2tb	Super Street Fighter II: The Tournament Battle (World 931119)	1993	Capcom
ssf2tba	Super Street Fighter II: The Tournament Battle (Asia 931005)	1993	Capcom
ssf2tbd	Super Street Fighter II: The Tournament Battle (World 931119 Phoenix Edition) (bootleg)	1993	bootleg
ssf2tbh	Super Street Fighter II: The Tournament Battle (Hispanic 931005)	1993	Capcom
ssf2tbj	Super Street Fighter II: The Tournament Battle (Japan 931005)	1993	Capcom
ssf2tbj1	Super Street Fighter II: The Tournament Battle (Japan 930911)	1993	Capcom
ssf2tbr1	Super Street Fighter II: The Tournament Battle (World 930911)	1993	Capcom
ssf2tbu	Super Street Fighter II: The Tournament Battle (USA 930911)	1993	Capcom
ssf2th	Super Street Fighter II Turbo (Hispanic 940223)	1994	Capcom
ssf2tu	Super Street Fighter II Turbo (USA 940323)	1994	Capcom
ssf2tur1	Super Street Fighter II Turbo (USA 940223)	1994	Capcom
ssf2u	Super Street Fighter II: The New Challengers (USA 930911)	1993	Capcom
ssf2ud	Super Street Fighter II: The New Challengers (USA 930911 Phoenix Edition) (bootleg)	1993	bootleg
ssf2us2	Super Street Fighter II: The New Challengers Super 2 (USA 930911)	1993	bootleg
ssf2xj	Super Street Fighter II X: Grand Master Challenge (Japan 940311)	1994	Capcom
ssf2xjr1	Super Street Fighter II X: Grand Master Challenge (Japan 940223)	1994	Capcom
ssf2xjr1d	Super Street Fighter II X: Grand Master Challenge (Japan 940223 Phoenix Edition) (bootleg)	1994	bootleg
ssf2xjr1r	Super Street Fighter II X: Grand Master Challenge (Japan 940223 rent version)	1994	Capcom
ssfindo	See See Find Out	1999	Icarus
ssh2000	Super Shanghai 2000 (set 1, green board)	2001	bootleg
ssh2000a	Super Shanghai 2000 (set 2, green board)	2000	bootleg
ssh2000wf	Super Shanghai 2000 - Wrestle Fiesta (30% bonus, red board)	2000	bootleg
ssh2001	Super Shanghai 2001 (set 1, red board)	2001	bootleg
ssh2001a	Super Shanghai 2001 (set 2, red board)	2001	bootleg
sshangha	Super Shanghai Dragon's Eye (World)	1992	Hot-B
sshanghab	Super Shanghai Dragon's Eye (World, bootleg)	1992	bootleg
sshanghaj	Super Shanghai Dragon's Eye (Japan)	1992	Hot-B
sshanghak	Super Shanghai Dragon's Eye (Korea)	1992	Hot-B (Taito license)
sshooter	Sharpshooter (Rev 1.9)	1998	P&P Marketing
sshooter11	Sharpshooter (Rev 1.1)	1998	P&P Marketing
sshooter12	Sharpshooter (Rev 1.2)	1998	P&P Marketing
sshooter17	Sharpshooter (Rev 1.7)	1998	P&P Marketing
sshot	Super Shot (set 1)	1979	Model Racing
sshota	Super Shot (set 2)	1979	Model Racing
ssi	Super Space Invaders '91 (World, revised code, Rev 1)	1990	Taito
ssia	Super Space Invaders '91 (World, revised code)	1990	Taito
ssib	Super Space Invaders '91 (World, earlier code base)	1990	Taito
ssideki	Super Sidekicks / Tokuten Ou	1992	SNK
ssideki2	Super Sidekicks 2 - The World Championship / Tokuten Ou 2 - Real Fight Football (NGM-061 ~ NGH-061)	1994	SNK
ssideki3	Super Sidekicks 3 - The Next Glory / Tokuten Ou 3 - Eikou e no Chousen	1995	SNK
ssideki4	The Ultimate 11 - The SNK Football Championship / Tokuten Ou - Honoo no Libero	1996	SNK
ssingles	Swinging Singles (US)	1983	Yachiyo Denki (Entertainment Enterprises, Ltd. license)
ssipkr24	SSI Poker (v2.4)	1988	SSI
ssipkr30	SSI Poker (v3.0)	1988	SSI
ssipkr40	SSI Poker (v4.0)	1990	SSI
ssjkrpkr	Southern Systems Joker Poker	1982	Southern Systems & Assembly
sslam	Super Slam (set 1)	1993	Playmark
sslama	Super Slam (set 2)	1993	Playmark
sslamb	Super Slam (set 3)	1993	Playmark
ssmissin	S.S. Mission	1992	Comad
ssoldier	Superior Soldiers (US)	1993	Irem America
ssonicbr	SegaSonic Bros. (prototype, hack)	1992	hack
ssozumo	Syusse Oozumou (Japan)	1984	Technos Japan
sspacaho	Space Attack / Head On	1979	Sega
sspaceat	Space Attack (upright set 1)	1979	Sega
sspaceat2	Space Attack (upright set 2)	1979	Sega
sspaceat3	Space Attack (upright set 3)	1979	Sega
sspaceatc	Space Attack (cocktail)	1979	Sega
sspeedr	Super Speed Race	1979	Taito (Midway license)
sspiritj	Scramble Spirits (Japan, Floppy DS3-5000-02-REV-A Based)	1988	Sega
sspirits	Scramble Spirits (World, Floppy Based)	1988	Sega
ssplash	Super Splash (ver 1.1, Break Edition, checksum 59D5E66B, Version 1994)	1994	OMK / Gaelco
ssplash10	Super Splash (Ver 1.0, checksum 2104394E, 27 Oct 1993)	1993	OMK / Gaelco
ssprint	Super Sprint (rev 4)	1986	Atari Games
ssprint1	Super Sprint (rev 1)	1986	Atari Games
ssprint3	Super Sprint (rev 3)	1986	Atari Games
ssprintf	Super Sprint (French)	1986	Atari Games
ssprintg	Super Sprint (German, rev 2)	1986	Atari Games
ssprintg1	Super Sprint (German, rev 1)	1986	Atari Games
ssprints	Super Sprint (Spanish)	1986	Atari Games
ssriders	Sunset Riders (4 Players ver EAC)	1991	Konami
ssridersabd	Sunset Riders (2 Players ver ABD)	1991	Konami
ssridersadd	Sunset Riders (4 Players ver ADD)	1991	Konami
ssriderseaa	Sunset Riders (4 Players ver EAA)	1991	Konami
ssridersebc	Sunset Riders (2 Players ver EBC)	1991	Konami
ssridersebd	Sunset Riders (2 Players ver EBD)	1991	Konami
ssridersjac	Sunset Riders (4 Players ver JAC)	1991	Konami
ssridersjad	Sunset Riders (4 Players ver JAD)	1991	Konami
ssridersjbd	Sunset Riders (2 Players ver JBD)	1991	Konami
ssridersuab	Sunset Riders (4 Players ver UAB)	1991	Konami
ssridersuac	Sunset Riders (4 Players ver UAC)	1991	Konami
ssridersubc	Sunset Riders (2 Players ver UBC)	1991	Konami
ssridersuda	Sunset Riders (4 Players ver UDA)	1991	Konami
ssrj	Super Speed Race Junior (Japan)	1985	Taito
sss	Steep Slope Sliders (JUET 981110 V1.000)	1998	Capcom / Cave / Victor Interactive Software
sstar97	Super Star 97 / Ming Xing 97 (version V153B)	199?	Bordun International
sstar97b	Super Star 97 / Ming Xing 97 (version V153A)	199?	Bordun International
sstarbtl	Super Star Battle	1979	bootleg (SG-Florence)
sstarcrs	Super Star Crest	1980?	bootleg (Taito do Brasil)
sstingry	Super Stingray (Japan)	1986	Alpha Denshi Co.
sstrangr	Space Stranger	1978	Yachiyo Electric
sstrangr2	Space Stranger 2	1979	Yachiyo Electric
sstrike	Super Strike Bowling (v1)	1990	Strata / Incredible Technologies
sstriker	Sorcer Striker	1993	Raizing
sstrikerk	Sorcer Striker (Korea)	1993	Raizing (Unite Trading license)
stactics	Space Tactics	1981	Sega
stadhero	Stadium Hero (Japan)	1988	Data East Corporation
stadhr96	Stadium Hero '96 (Europe, EAJ, Tuning license)	1996	Data East Corporation
stadhr96j	Stadium Hero '96 (Japan, EAD)	1996	Data East Corporation
stadhr96k	Stadium Hero '96 (Korea, Dream Island license)	1996	Data East Corporation
stadhr96u	Stadium Hero '96 (USA, EAH)	1996	Data East Corporation
stagger1	Stagger I (Japan)	1998	Afega
stakwin	Stakes Winner / Stakes Winner - GI Kinzen Seiha e no Michi	1995	Saurus
stakwin2	Stakes Winner 2	1996	Saurus
stankatk	Super Tank Attack (prototype rev. 1.12)	1992	Microprose Games Inc.
star100	Ming Xing 100 (Star 100)	199?	Sang Ho
starball	Star Ball (v1.0.0S)	1997	Excellent System
starblad	Starblade (ST2, World)	1991	Namco
starbladj	Starblade (ST1, Japan)	1991	Namco
starcas	Star Castle (version 3)	1980	Cinematronics
starcas1	Star Castle (older)	1980	Cinematronics
starcasc	Star Castle (cocktail)	1980	Cinematronics
starcase	Star Castle (Mottoeis)	1980	Cinematronics (Mottoeis license)
starcasp	Star Castle (prototype)	1980	Cinematronics
starcrus	Star Cruiser	1977	Ramtek
starfght	Star Fighter	1979	bootleg (Jeutel)
starfgmc	Starfighter (bootleg of Moon Cresta)	198?	bootleg (Samyra Engineering)
starfigh	Star Fighter (v1)	1990	SunA
starfir2	Star Fire 2	1979	Exidy
starfire	Star Fire (set 1)	1979	Exidy
starfirea	Star Fire (set 2)	1979	Exidy
starforc	Star Force	1984	Tehkan
starforca	Star Force (encrypted, set 2)	1984	Tehkan
starforcb	Star Force (encrypted, bootleg)	1984	bootleg
starforce	Star Force (encrypted, set 1)	1984	Tehkan
stargate	Stargate	1981	Williams / Vid Kidz
starglad	Star Gladiator Episode I: Final Crusade (USA 960627)	1996	Capcom
stargladj	Star Gladiator Episode I: Final Crusade (Japan 960627)	1996	Capcom
stargld2	Star Gladiator 2: Nightmare of Bilstein (Japan 980316)	1998	Capcom
stargrds	Star Guards	1987	Bally Midway
starhawk	Starhawk	1979	Cinematronics
starjack	Star Jacker (Sega)	1983	Sega
starjacks	Star Jacker (Stern Electronics)	1983	Sega (Stern Electronics license)
starlstr	Vs. Star Luster	1985	Namco
starrkr	Star Raker	1981	Sega
starseek	Doki Doki Idol Star Seeker (GDL-0005)	2001	G.Rev
starshp1	Starship 1	1977	Atari
starshpp	Starship 1 (prototype?)	1977	Atari
starsldr	Star Soldier: Vanishing Earth	1998	Hudson Soft / Seta
starswep	Star Sweep (World, STP2/VER.A)	1997	Axela / Namco
starswepj	Star Sweep (Japan, STP1/VER.A)	1997	Axela / Namco
startrek	Star Trek	1982	Sega
startrgn	Star Trigon (Japan, STT1 Ver.A)	2002	Namco
startrkd	Star Trek (bootleg of Defender)	1981	bootleg
startrks	Star Trek (Head On hardware)	198?	bootleg (Sidam)
starw	Star Wars (bootleg of Galaxy Wars, set 1)	1979	bootleg
starw1	Star Wars (bootleg of Galaxy Wars, set 2)	1979	bootleg (Yamashita)
starwarr	Star Warrior	1980	bootleg (Potomac Mortgage)
starwars	Star Wars (Atari, set 1)	1983	Atari
starwars1	Star Wars (Atari, set 2)	1983	Atari
starwarso	Star Wars (Atari, set 3)	1983	Atari
starzan	Super Tarzan (Italy, V100I)	2000?	IGS (G.F. Gioca license)
statriv2	Triv Two	1984	Status Games
statriv2v	Triv Two (Vertical)	1985	Status Games
statriv3	Triv III	1985	Status Games
statriv4	Triv Four	1985	Status Games
statusbj	Status Black Jack (V1.0c)	1981	Status Games
stbsub	Treasure Bonus (Subsino, v1.6)	1995	American Alpha
stcc	Sega Touring Car Championship (newer)	1996	Sega
stcca	Sega Touring Car Championship (Revision A)	1996	Sega
stccb	Sega Touring Car Championship (Revision B)	1996	Sega
stcco	Sega Touring Car Championship	1996	Sega
stdragon	Saint Dragon (set 1)	1989	Jaleco / NMK
stdragona	Saint Dragon (set 2)	1989	Jaleco / NMK
stdragonb	Saint Dragon (bootleg)	1989	bootleg
stealsee	Steal See	2000	Moov Generation / Eolith
steeltal	Steel Talons (rev 2)	1991	Atari Games
steeltal1	Steel Talons (rev 1)	1991	Atari Games
steeltalg	Steel Talons (German, rev 2)	1991	Atari Games
steelwkr	Steel Worker	1980	Taito
stellcas	Stellar Castle (Elettronolo)	1980	bootleg (Elettronolo)
stepchmp	Step Champ (GQ930 VER. JA)	1999	Konami
stera	Steraranger (bootleg of Moon Cresta)	1980	bootleg
stfight	Street Fight (Germany)	1986	Seibu Kaihatsu (Tuning license)
stfighta	Street Fight (bootleg?)	1986	Seibu Kaihatsu
stfightgb	Street Fight (Germany - Benelux)	1986	Seibu Kaihatsu (Tuning license)
stg	Strike Gunner S.T.G	1991	Athena / Tecmo
stinger	Stinger	1983	Seibu Denshi
stinger2	Stinger (prototype?)	1983	Seibu Denshi
stisub	Super Treasure Island (Italy, v1.6)	1995	Subsino
stkclmns	Stack Columns (World)	1994	Sega
stkclmnsj	Stack Columns (Japan)	1994	Sega
stlforce	Steel Force	1994	Electronic Devices Italy / Ecogames S.L. Spain
stmblade	Storm Blade (US)	1996	Visco
stmbladej	Storm Blade (Japan)	1996	Visco
stocker	Stocker (3/19/85)	1984	Bally/Sente
stoffy	Super Toffy	1994	Midas
stoffyu	Super Toffy (Unico license)	1994	Midas (Unico license)
stompin	Stompin' (4/4/86)	1986	Bally/Sente
stompina	Stompin' (prototype?)	1985	Bally/Sente
stoneage	Stoneage (bootleg of Caveman Ninja)	1991	bootleg
stonebal	Stone Ball (4 Players, v1-20 13/12/1994)	1994	Art & Magic
stonebal2	Stone Ball (2 Players, v1-20 7/11/1994)	1994	Art & Magic
stonebal2o	Stone Ball (2 Players, v1-20 21/10/1994)	1994	Art & Magic
storming	Storming Party / Riku Kai Kuu Saizensen (set 1)	1986	bootleg
storminga	Storming Party / Riku Kai Kuu Saizensen (set 2)	1986	bootleg
strahl	Koutetsu Yousai Strahl (World)	1992	UPL
strahlj	Koutetsu Yousai Strahl (Japan set 1)	1992	UPL
strahlja	Koutetsu Yousai Strahl (Japan set 2)	1992	UPL
strahljbl	Koutetsu Yousai Strahl (Japan, bootleg)	1992	bootleg
strain	Super Train (Ver. 1.9)	1996	Subsino
stratab	Strata Bowling (v3)	1990	Strata / Incredible Technologies
stratab1	Strata Bowling (v1)	1990	Strata / Incredible Technologies
stratgys	Strategy X (Stern Electronics)	1981	Konami (Stern Electronics license)
stratgyx	Strategy X	1981	Konami
stratof	Raiga - Strato Fighter (US)	1991	Tecmo
stratvox	Stratovox (set 1)	1980	Sun Electronics (Taito license)
stratvoxa	Stratovox (set 2)	1980	Sun Electronics (Taito license)
stratvoxb	Stratovox (bootleg)	1980	bootleg
streakng	Streaking (set 1)	1980	Shoei
streaknga	Streaking (set 2)	1980	Shoei
streetg2	Street Games II (Revision 7C)	1993	New Image Technologies
streetg2r5	Street Games II (Revision 5)	1993	New Image Technologies
streetsm	Street Smart (US version 2)	1989	SNK
streetsm1	Street Smart (US version 1)	1989	SNK
streetsmj	Street Smart (Japan version 1)	1989	SNK
streetsmw	Street Smart (World version 1)	1989	SNK
streetsmwbl	Street Smart (bootleg of World version 1)	1989	bootleg
strfbomb	Strafe Bomb (bootleg of Scramble)	1981	bootleg (Omni)
strfight	Star Fighter (bootleg of Astro Fighter)	1979	bootleg (VGG)
strgchmp	Steering Champ (GQ710 97/12/18 VER. UAA)	1997	Konami
strhoop	Street Hoop / Street Slam / Dunk Dream (DEM-004 ~ DEH-004)	1994	Data East Corporation
strider	Strider (USA, B-Board 89624B-2)	1989	Capcom
strider2	Strider 2 (Europe 991213)	1999	Capcom
strider2a	Strider 2 (Asia 991213)	1999	Capcom
strider2u	Strider 2 (USA 991213)	1999	Capcom
striderj	Strider Hiryu (Japan)	1989	Capcom
striderjr	Strider Hiryu (Japan Resale Ver.)	1989	Capcom
striderua	Strider (USA, B-Board 89624B-3)	1989	Capcom
strideruc	Strider (USA, B-Board 90629B-3, buggy Street Fighter II conversion)	1989	bootleg (Capcom)
striv	Super Triv (English questions)	1985	Nova du Canada
strivf	Super Triv (French questions)	1985	Nova du Canada
strker	Striker	1992?	<unknown>
strkfgtr	Strike Fighter (World)	1991	Sega
strkfgtrj	Strike Fighter (Japan)	1991	Sega
strkforc	Strike Force (rev 1 02/25/91)	1991	Midway
strkzone	Strike Zone Baseball	1988	Leland Corporation
strnskil	Strength & Skill	1984	Sun Electronics
strongx	Strong X	1982	bootleg
strtdriv	Street Drivin' (prototype)	1993	Atari Games
strtheat	Street Heat (set 1, newer?)	1985	Epos Corporation
strtheata	Street Heat (set 2, older?)	1985	Epos Corporation
strvmstr	Super Trivia Master	1986	Enerdyne Technologies Inc.
stunrun	S.T.U.N. Runner (rev 6)	1989	Atari Games
stunrun0	S.T.U.N. Runner (rev 0)	1989	Atari Games
stunrun2	S.T.U.N. Runner (rev 2)	1989	Atari Games
stunrun2e	S.T.U.N. Runner (rev 2, Europe)	1989	Atari Games
stunrun3	S.T.U.N. Runner (rev 3)	1989	Atari Games
stunrun3e	S.T.U.N. Runner (rev 3, Europe)	1989	Atari Games
stunrun4	S.T.U.N. Runner (rev 4)	1989	Atari Games
stunrun5	S.T.U.N. Runner (rev 5)	1989	Atari Games
stunrune	S.T.U.N. Runner (rev 5, Europe)	1989	Atari Games
stunrunj	S.T.U.N. Runner (rev 7, Japan)	1989	Atari Games
stunrunp	S.T.U.N. Runner (upright prototype)	1989	Atari Games
stuntair	Stunt Air	1983	Nuova Videotron
stvbios	ST-V BIOS	1996	Sega
sub	Submarine (Sigma)	1985	Sigma Enterprises Inc.
subhunt	Sub Hunter (Gremlin / Taito)	1977	Gremlin (Taito license)
subroc3d	Subroc-3D	1982	Sega
subs	Subs	1977	Atari
sucasino	Super Casino	1984	Data Amusement
suchie2	Idol Janshi Suchie-Pai II (ver 1.1)	1994	Jaleco
suchie2o	Idol Janshi Suchie-Pai II (ver 1.0)	1994	Jaleco
suchie3	Idol Janshi Suchie-Pai 3 (Japan)	1999	Jaleco
suchiesp	Idol Janshi Suchie-Pai Special (Japan)	1993	Jaleco
suhosong	Suhoseong (Korea)	1997	SemiCom
suikoenb	Suiko Enbu / Outlaws of the Lost Dynasty (JUETL 950314 V2.001)	1995	Data East Corporation
sunaq	SunA Quiz 6000 Academy (940620-6)	1994	SunA
sundance	Sundance	1979	Cinematronics
supbtime	Super Burger Time (World, set 1)	1990	Data East Corporation
supbtimea	Super Burger Time (World, set 2)	1990	Data East Corporation
supbtimej	Super Burger Time (Japan)	1990	Data East Corporation
supcrash	Super Crash (bootleg of Head On)	1979	bootleg (VGG)
supdrapo	Super Draw Poker (set 1)	1983	Valadon Automation (Stern Electronics license)
supdrapoa	Super Draw Poker (set 2)	1983	Valadon Automation / Jeutel
supdrapob	Super Draw Poker (bootleg)	1983	bootleg
supduck	Super Duck	1992	Comad
super21	Super Twenty One	1978	Mirco Games
super21p	Super 21	1987	Public MNG
super555	Super 555 (English version V1.5)	1999	GMS
super7	Super Seven (ver. 2.3)	199?	bootleg
super972	Super 97-2 (Witch Bonus)	198?	<unknown>
super98	Super 98 (3-hands, ICP-1)	1998	<unknown>
superabc	Super ABC (Pac-Man multigame kit, Sep. 03 1999)	1999	hack (Two-Bit Score)
superabco	Super ABC (Pac-Man multigame kit, Mar. 08 1999)	1999	hack (Two-Bit Score)
superbar	Super Bar	1994	Promat
superbik	Superbike	1983	Century Electronics
superbikg	Superbike (Galaxian hardware)	1983	Century Electronics
superbon	Agent Super Bond (Super Cobra conversion, encrypted)	1985	Signatron USA
superbona	Agent Super Bond (Super Cobra conversion, not encrypted)	1984	Video Village
superbug	Super Bug	1977	Atari (Kee Games)
superbwl	Super Bowl (Version 16.03B)	1982	Greyhound Electronics
superchs	Super Chase - Criminal Termination (World)	1992	Taito
superchsj	Super Chase - Criminal Termination (Japan)	1992	Taito
superchsp	Super Chase - Criminal Termination (1992/10/26 20:24:29 CHASE 3 VER 1.1, prototype)	1992	Taito
superchsp2	Super Chase - Criminal Termination (1992/01/18 18:29:18 CHASE 3 VER 1.3O, prototype)	1992	Taito
superchsu	Super Chase - Criminal Termination (US)	1992	Taito America
superdbl	Super Double (French)	198?	Karateco
superg	Super Galaxians (hack of 'Galaxian (Namco set 2)')	1979	hack
supergm3	Super Game III	1996	<unknown>
supergs	Super Galaxians (Silver Systems)	1979	hack
superinv	Super Invaders (bootleg set 1)	1978	bootleg
superkds	Super Kids / Jiu Nan Xiao Yingxiong (S019CN)	2005	IGS (Golden Dragon Amusement license)
superman	Superman (World)	1988	Taito
supermanj	Superman (Japan)	1988	Taito
supermanu	Superman (US)	1988	Taito
superpac	Super Pac-Man	1982	Namco
superpacm	Super Pac-Man (Midway)	1982	Namco (Bally Midway license)
supershp	Super Ship	19??	bootleg
superspy	The Super Spy (NGM-011 ~ NGH-011)	1990	SNK
superten	Super Ten V8.3	1988	U.S. Games, Inc.
supertnk	Super Tank	1981	Video Games GmbH
supertr2	Super Triv II	1986	Status Games
supertr3	Super Triv III	1988	Status Games
superwng	Super Wing	1985	Wing
superx	Super-X (NTC)	1994	Dooyong (NTC license)
superxm	Super-X (Mitchell)	1994	Dooyong (Mitchell license)
supgoal	Nerae! Super Goal (J 981218 V1.000)	1998	Sega
supinvsion	Super Invasion (Electromar, Spanish)	1979	bootleg (Electromar / Irecsa)
suplup	Super Lup Lup Puzzle / Zhuan Zhuan Puzzle (version 4.0 / 990518)	1999	Omega System
supmodel	Super Model	1994	Comad & New Japan System
supmodl2	Super Model II	1997	Comad
supnudg2	Super Nudger II - P173 (Version 5.21)	1989	Coinmaster
suprball	Super Ball (Version 1.3)	2002	Amcoe
suprglob	Super Glob	1983	Epos Corporation
suprgolf	Super Crowns Golf (World)	1989	Nasco
suprgolfj	Super Crowns Golf (Japan, set 1)	1989	Nasco
suprgolfja	Super Crowns Golf (Japan, set 2)	1989	Nasco
suprheli	Super Heli (bootleg of Super Cobra)	1981	bootleg
suprleag	Super League (FD1094 317-0045)	1987	Sega
suprloco	Super Locomotive (Rev.A)	1982	Sega
suprlocoo	Super Locomotive	1982	Sega
suprmatk	Super Missile Attack (for rev 1)	1981	Atari / General Computer Corporation
suprmatkd	Super Missile Attack (not encrypted)	1981	Atari / General Computer Corporation
suprmous	Super Mouse	1982	Taito
suprmrio	Vs. Super Mario Bros. (set SM4-4 E)	1986	Nintendo
suprmrioa	Vs. Super Mario Bros. (set ?, harder)	1986	Nintendo
suprmriobl	Vs. Super Mario Bros. (bootleg with Z80, set 1)	1986	bootleg
suprmriobl2	Vs. Super Mario Bros. (bootleg with Z80, set 2)	1986	bootleg
suprpokr	Super Poker (Version 10.19S)	1986	Grayhound Electronics
suprpokra	Super Poker (Version 10.15S)	1986	Grayhound Electronics
suprpokrb	Super Poker (Version 10.10)	1986	Grayhound Electronics
suprpool	Super Pool (ver. 1.2)	1998	ABM Games
suprridr	Super Rider	1983	Taito (Venture Line license)
suprslam	From TV Animation Slam Dunk - Super Slams	1995	Banpresto / Toei Animation / Video System Co.
suprtrio	Super Trio	1994	Gameace
supst834	Super Stars (v834, encrypted)	1990	Fun World
supst839	Super Stars (v839, encrypted)	1994	Fun World
supxevs	Vs. Super Xevious	1986	Namco
suratk	Surprise Attack (World ver. K)	1990	Konami
suratka	Surprise Attack (Asia ver. L)	1990	Konami
suratkj	Surprise Attack (Japan ver. M)	1990	Konami
sureshot	Sure Shot	1985	SMS Manufacturing Corp.
sureshoto	Sure Shot (older, dphl hardware)	1983	SMS Manufacturing Corp.
surfplnt	Surf Planet (version 4.1)	1997	Gaelco (Atari license)
surfplnt10	Surf Planet (version 1.0)	1997	Gaelco
surfplnt12	Surf Planet (version 1.2)	1997	Gaelco
surfplnt20	Surf Planet (version 2.0)	1997	Gaelco
surfplnt30	Surf Planet (version 3.0)	1997	Gaelco
surfplnt31	Surf Planet (version 3.1)	1997	Gaelco
surfplnt40	Surf Planet (version 4.0)	1997	Gaelco (Atari license)
survarts	Survival Arts (World)	1993	Sammy
survartsj	Survival Arts (Japan)	1993	Sammy
survartsu	Survival Arts (USA)	1993	American Sammy
survival	Survival	1982	Microtrain (Rock-Ola license)
sushibar	Sushi Bar / Toretore! Sushi	2003	Sammy
sushimar	Itazura Daisuki! Sushimaru Kun	1997	Sigma
susume	Susume! Taisen Puzzle-Dama (GV027 Japan 1.20)	1996	Konami
sutapper	Tapper (Suntory)	1983	Bally Midway
sutjarod	Sutjaro Haeyo Deluxe (Korea)	1996	SemiCom
suzuk8h2	Suzuka 8 Hours 2 (World, Rev B)	1993	Namco
suzuk8h2j	Suzuka 8 Hours 2 (Japan, Rev B)	1993	Namco
suzuka8h	Suzuka 8 Hours (World, Rev C)	1992	Namco
suzuka8hj	Suzuka 8 Hours (Japan, Rev B)	1992	Namco
suzume	Watashiha Suzumechan (Japan)	1986	Dyna Electronics
svc	SNK vs. Capcom - SVC Chaos (NGM-2690 ~ NGH-2690)	2003	Playmore / Capcom
svcboot	SNK vs. Capcom - SVC Chaos (bootleg)	2003	bootleg
svcpcb	SNK vs. Capcom - SVC Chaos (JAMMA PCB, NEO-MVH MVO PCB)	2003	Playmore / Capcom
svcpcba	SNK vs. Capcom - SVC Chaos (JAMMA PCB, NEO-MVH MVOB PCB)	2003	Playmore / Capcom
svcplus	SNK vs. Capcom - SVC Chaos Plus (bootleg set 1)	2003	bootleg
svcplusa	SNK vs. Capcom - SVC Chaos Plus (bootleg set 2)	2003	bootleg
svcsplus	SNK vs. Capcom - SVC Chaos Super Plus (bootleg)	2003	bootleg
svf	Super Visual Football: European Sega Cup (Rev A)	1994	Sega
svfo	Super Visual Football: European Sega Cup	1994	Sega
svg	S.V.G. - Spectral vs Generation / Sheng Mo Shiji (M68k label V200) (ARM label V200, ROM 10/11/05 S.V.G V201)	2005	IGS / Idea Factory
svghk	S.V.G. - Spectral vs Generation / Sheng Mo Shiji (M68k label V101HK) (ARM label V101HK, ROM 06/20/05 S.V.G V100)	2005	IGS / Idea Factory
svgpcb	S.V.G. - Spectral vs Generation / Sheng Mo Shiji (M68k label V100JP) (ARM label V100JP, ROM 05/12/05 S.V.G V100) (Japan, JAMMA PCB)	2005	IGS / Idea Factory (AMI license)
svolley	Super Volleyball (Japan)	1989	V-System Co.
svolleyk	Super Volleyball (Korea)	1989	V-System Co.
svolleyu	Super Volleyball (US, Data East license)	1989	V-System Co. (Data East license)
svolleyua	Super Volleyball (US)	1989	V-System Co.
svolly91	Super Volley '91 (Japan)	1991	Video System Co.
svs	Super Visual Soccer: Sega Cup (US, Rev A)	1994	Sega
swa	Star Wars (Sega, US)	1994	Sega
swaj	Star Wars (Sega, Japan)	1994	Sega
swarm	Swarm (bootleg?)	1979	bootleg? (Subelectro)
swat	SWAT (315-5048)	1984	Coreland / Sega
swatpolc	SWAT Police	2001	ESD
swcourt	Super World Court (World)	1992	Namco
swcourtb	Super World Court (World, bootleg)	1994	bootleg (Playmark?)
swcourtj	Super World Court (Japan)	1992	Namco
sweetgal	Sweet Gal (Japan 850510 SWG 1-02)	1985	Nichibutsu
sweetl	Sweet Life (041220 World)	2004	Igrosoft
sweetl2	Sweet Life 2 (071217 Russia)	2007	Igrosoft
sweetl2_10	Sweet Life 2 (110311 Entertainment B)	2007	Igrosoft
sweetl2_11	Sweet Life 2 (140526 Entertainment B)	2007	Igrosoft
sweetl2_12	Sweet Life 2 (110411 Entertainment C)	2007	Igrosoft
sweetl2_2	Sweet Life 2 (080320 World)	2007	Igrosoft
sweetl2_2a	Sweet Life 2 (bootleg, 080320, banking address hack set 1)	2007	bootleg
sweetl2_2b	Sweet Life 2 (bootleg, 080320, banking address hack set 2)	2007	bootleg
sweetl2_2c	Sweet Life 2 (bootleg, 080320, VIDEO GAME-1 MD01)	2007	bootleg
sweetl2_2d	Sweet Life 2 (bootleg, 080320, LOTTOGAME (I))	2007	bootleg
sweetl2_3	Sweet Life 2 (090525 Lottery)	2007	Igrosoft
sweetl2_4	Sweet Life 2 (090812 Entertainment)	2007	Igrosoft
sweetl2_5	Sweet Life 2 (100408 Entertainment X)	2007	Igrosoft
sweetl2_6	Sweet Life 2 (101209 Entertainment N)	2007	Igrosoft
sweetl2_7	Sweet Life 2 (110111 Entertainment A)	2007	Igrosoft
sweetl2_8	Sweet Life 2 (110124 Entertainment A)	2007	Igrosoft
sweetl2_9	Sweet Life 2 (110204 Entertainment A)	2007	Igrosoft
sweetl_2	Sweet Life (070412 Russia)	2004	Igrosoft
sweetl_3	Sweet Life (090720 Entertainment)	2004	Igrosoft
sweetla	Sweet Life (bootleg, 041220, backdoor)	2004	bootleg
sweetlb	Sweet Life (bootleg, 041220, banking address hack, changed version text)	2004	bootleg
swimmer	Swimmer (set 1)	1982	Tehkan
swimmera	Swimmer (set 2)	1982	Tehkan
swimmerb	Swimmer (set 3)	1982	Tehkan
swinggal	Swing Gal (Japan 871221)	1987	Digital Denshi
swipeout	Space Wipeout	1978	bootleg (Beyer and Brown)
sws	Super World Stadium (Japan)	1992	Namco
sws92	Super World Stadium '92 (Japan)	1992	Namco
sws92g	Super World Stadium '92 Gekitouban (Japan)	1992	Namco
sws93	Super World Stadium '93 (Japan)	1993	Namco
sws95	Super World Stadium '95 (Japan)	1995	Namco
sws96	Super World Stadium '96 (Japan)	1996	Namco
sws97	Super World Stadium '97 (Japan)	1997	Namco
sws98	Super World Stadium '98 (Japan, SS81/VER.A)	1998	Namco
sws99	Super World Stadium '99 (Japan, SS91/VER.A3)	1999	Namco
swtht2nz	Sweethearts II (1VXFC5461, New Zealand)	1998	Aristocrat
swtrilgy	Star Wars Trilogy Arcade (Revision A)	1998	Sega / LucasArts
swtrilgyp	Star Wars Trilogy Arcade (location test, 16.09.98)	1998	Sega / LucasArts
sxevious	Super Xevious	1984	Namco
sxeviousj	Super Xevious (Japan)	1984	Namco
sxyreac2	Pachinko Sexy Reaction 2 (Japan)	1999	Sammy
sxyreact	Pachinko Sexy Reaction (Japan)	1998	Sammy
sys573	System 573 BIOS	1997	Konami
syutnori	Super Yutnori (bootleg of Major Poker)	1994	bootleg
syvalion	Syvalion (Japan)	1988	Taito
syvalionp	Syvalion (World, prototype)	1988	Taito
syvalionu	Syvalion (US, PS2 Taito Legends 2)	1988	Taito America
syvalionw	Syvalion (World, PS2 Taito Legends 2)	1988	Taito
szaxxon	Super Zaxxon (315-5013)	1982	Sega
tacscan	Tac/Scan	1982	Sega
tactcian	Tactician (set 1)	1982	Konami (Sega license)
tactcian2	Tactician (set 2)	1981	Konami (Sega license)
tagteam	Tag Team Wrestling	1983	Technos Japan (Data East license)
tahjong	Tahjong Yakitori (ver. 2-1)	1985	Bally Pond / Nasco
taiko2	Taiko no Tatsujin 2 (Japan, TK21 Ver.C)	2001	Namco
taiko3	Taiko no Tatsujin 3 (Japan, TK31 Ver.A)	2002	Namco
taiko4	Taiko no Tatsujin 4 (Japan, TK41 Ver.A)	2002	Namco
taiko5	Taiko no Tatsujin 5 (Japan, TK51 Ver.A)	2003	Namco
taiko6	Taiko no Tatsujin 6 (Japan, TK61 Ver.A)	2004	Namco
tail2nos	Tail to Nose - Great Championship / Super Formula	1989	V-System Co.
tail2nosa	Tail to Nose - Great Championship	1989	V-System Co.
tailg	Tailgunner	1979	Cinematronics
taiwanmb	Taiwan Mahjong (Japan 881208)	1988	Miki Syouji
takeoff	Take Off (bootleg of The End)	1981	bootleg (Sidam)
takoron	Noukone Puzzle Takoron (Japan) (GDL-0042)	2006	Compile Heart
talbot	Talbot	1982	Alpha Denshi Co. (Volt Electronics license)
tangramq	Tangram Q	1983	SNK
tangtang	Tang Tang (ver. 0526, 26/05/2000, set 1)	2000	ESD
tangtanga	Tang Tang (ver. 0526, 26/05/2000, set 2)	2000	ESD
tank8	Tank 8 (set 1)	1976	Atari (Kee Games)
tank8c	Tank 8 (set 4)	1976	Atari (Kee Games)
tankbatl	Tank Battle (prototype rev. 4/21/92)	1992	Microprose Games Inc.
tankbatt	Tank Battalion	1980	Namco
tankbattb	Tank Battalion (bootleg)	1980	bootleg
tankbust	Tank Busters	1985	Valadon Automation
tankfrce	Tank Force (US, 2 Players)	1991	Namco
tankfrce4	Tank Force (US, 4 Players)	1991	Namco
tankfrcej	Tank Force (Japan)	1991	Namco
tantr	Puzzle & Action: Tant-R (Japan)	1992	Sega
tantrbl	Puzzle & Action: Tant-R (Japan) (bootleg set 1)	1992	bootleg
tantrbl2	Puzzle & Action: Tant-R (Japan) (bootleg set 2)	1994	bootleg
tantrbl3	Puzzle & Action: Tant-R (Japan) (bootleg set 3)	1994	bootleg
tantrbl4	Puzzle & Action: Tant-R (Japan) (bootleg set 4)	1992	bootleg
tantrkor	Puzzle & Action: Tant-R (Korea)	1993	Sega
taotaido	Tao Taido (2 button version)	1993	Video System Co.
taotaido3	Tao Taido (2/3 button version)	1993	Video System Co.
taotaidoa	Tao Taido (6 button version)	1993	Video System Co.
tapatune	Tap a Tune	1994	Moloney Manufacturing Inc. / Creative Electronics and Software
tapper	Tapper (Budweiser, 1/27/84)	1983	Bally Midway
tappera	Tapper (Budweiser, 1/12/84)	1983	Bally Midway
tapperb	Tapper (Budweiser, 12/9/83)	1983	Bally Midway
tapperg	Tapper (Budweiser, 1/27/84 - Alternate graphics)	1983	Bally Midway
targ	Targ	1980	Exidy
targc	Targ (cocktail?)	1980	Exidy
targeth	Target Hits (ver 1.1, checksum 5152)	1994	Gaelco
targeth10	Target Hits (ver 1.0, checksum FBCB)	1994	Gaelco
targetha	Target Hits (ver 1.1, checksum 86E1)	1994	Gaelco
targethb	Target Hits (ver 1.1, checksum B1F7)	1994	Gaelco
tarzan103m	Tarzan (V103M)	1999?	IGS
tarzan106fa	Tarzan (V106FA)	1999?	IGS
tarzan201fa	Tarzan (V201FA)	1999?	IGS
tarzan201faa	Tarzan (V201FA, alt encryption)	1999?	IGS
tarzan202fa	Tarzan (V202FA)	1999?	IGS
tarzanb	Tarzan Chuang Tian Guan (China, V110)	1999	IGS
tarzanc	Tarzan Chuang Tian Guan (China, V109C, set 1)	1999	IGS
tatacot	Tatacot (JA 951128 V1.000)	1995	Sega
tattack	Time Attacker	1983?	Shonan
tattass	Tattoo Assassins (US prototype, Mar 14 1995)	1994	Data East Pinball
tattassa	Tattoo Assassins (Asia prototype, Mar 14 1995)	1994	Data East Pinball
tattasso	Tattoo Assassins (US prototype, Mar 14 1995, older sound)	1994	Data East Pinball
taxidriv	Taxi Driver	1984	Graphic Techno
tazmani2	Tazz-Mania (set 2, alt hardware)	1982	Stern Electronics
tazmani3	Tazz-Mania (Arfyc / Rodmar bootleg)	1982	bootleg (Arfyc / Rodmar)
tazmania	Tazz-Mania (set 1)	1982	Stern Electronics
tazmaniet	Tazz-Mania - El Trompa (U.R.V. BBCPE bootleg)	1982	bootleg (U.R.V. BBCPE)
tazzmang	Tazz-Mania (bootleg on Galaxian hardware)	1982	bootleg
tazzmang2	Tazz-Mania (bootleg on Galaxian hardware with Starfield)	1982	bootleg
tbeastw2	Transformers Beast Wars II	1998	Sigma / Transformer Production Company / Takara
tblkkuzu	The Block Kuzushi (Japan)	2000	Tamsoft / D3 Publisher
tblkkuzug	The Block Kuzushi (VER 1.10G)	2011	bootleg (Arcade MOD BIOS)
tbonusal	Treasure Bonus (American Alpha, Ver. 1.6)	1995	Subsino (American Alpha license)
tbowl	Tecmo Bowl (World, set 1)	1987	Tecmo
tbowla	Tecmo Bowl (World, set 2)	1987	Tecmo
tbowlj	Tecmo Bowl (Japan)	1987	Tecmo
tbowlp	Tecmo Bowl (World, prototype?)	1987	Tecmo
tbyahhoo	Twin Bee Yahhoo! (ver JAA)	1995	Konami
tceptor	Thunder Ceptor	1986	Namco
tceptor2	3-D Thunder Ceptor II	1986	Namco
tcobra2	Twin Cobra II (Ver 2.1O 1995/11/30)	1995	Takumi / Taito
tcobra2u	Twin Cobra II (Ver 2.1A 1995/11/30)	1995	Takumi / Taito America
tct2p	Tarzan Chuang Tian Guan 2 Jiaqiang Ban (V306CN)	2003	IGS
tct2pa	Tarzan Chuang Tian Guan 2 Jiaqiang Ban (V306CN, alternate GFX)	2003	IGS
tdfever	TouchDown Fever (US)	1987	SNK
tdfever2	TouchDown Fever 2	1988	SNK
tdfever2b	TouchDown Fever 2 (bootleg)	1988	bootleg
tdfeverj	TouchDown Fever (Japan)	1987	SNK
tdoboon	Taihou de Doboon	2000	Sammy
tdpgal	Triple Draw Poker (Design Labs / Thomas Automatics)	1983	Design Labs / Thomas Automatics
tdpgala	Triple Draw Poker (Video Village)	1984	Video Village
tdragon	Thunder Dragon (8th Jan. 1992, unprotected)	1991	NMK (Tecmo license)
tdragon1	Thunder Dragon (4th Jun. 1991, protected)	1991	NMK (Tecmo license)
tdragon2	Thunder Dragon 2 (9th Nov. 1993)	1993	NMK
tdragon2a	Thunder Dragon 2 (1st Oct. 1993)	1993	NMK
tdragon3h	Thunder Dragon 3 (bootleg of Thunder Dragon 2)	1996	bootleg (Conny Co Ltd.)
tdragonb	Thunder Dragon (bootleg with Raiden sounds, encrypted)	1991	bootleg
tdragonb3	Thunder Dragon (bootleg with Raiden sounds, unencrypted)	1991	bootleg
teamht	Team Hat Trick (11/16/84)	1985	Bally/Sente
teamqb	John Elway's Team Quarterback (rev 3)	1988	Leland Corporation
teamqb1	John Elway's Team Quarterback (rev 1)	1988	Leland Corporation
teamqb2	John Elway's Team Quarterback (rev 2)	1988	Leland Corporation
techbowl	Technical Bowling (J 971212 V1.000)	1997	Sega
technodr	Techno Drive (Japan, TH1/VER.B)	1998	Namco
techromn	Tech Romancer (Europe 980914)	1998	Capcom
techromna	Tech Romancer (Asia 980914)	1998	Capcom
techromnu	Tech Romancer (USA 980914)	1998	Capcom
techtrna	Techtron EX-Turbo-GT poker (set 1)	198?	Techtron Japan
techtrnb	Techtron EX-Turbo-GT poker (set 2)	198?	Techtron Japan
teddybb	TeddyBoy Blues (315-5115, New Ver.)	1985	Sega
teddybbo	TeddyBoy Blues (315-5115, Old Ver.)	1985	Sega
teddybboa	TeddyBoy Blues (315-5111, Old Ver.)	1985	Sega
teddybbobl	TeddyBoy Blues (Old Ver. bootleg)	1985	bootleg
teedoff	Tee'd Off (World)	1987	Tecmo
teedoffj	Tee'd Off (Japan)	1986	Tecmo
teetert	Teeter Torture (prototype)	1982	Exidy
tehkanwc	Tehkan World Cup (set 1)	1985	Tehkan
tehkanwcb	Tehkan World Cup (set 2, bootleg?)	1985	Tehkan
tehkanwcc	Tehkan World Cup (set 3, bootleg)	1985	bootleg
tehkanwcd	Tehkan World Cup (set 4, earlier)	1985	Tehkan
tehkanwch	Tehkan World Cup (1986 year hack)	1986	hack
tekipaki	Teki Paki	1991	Toaplan
tekipakit	Teki Paki (location test)	1991	Toaplan
tekken	Tekken (World, TE2/VER.C)	1994	Namco
tekken2	Tekken 2 Ver.B (World, TES2/VER.D)	1996	Namco
tekken2a	Tekken 2 (World, TES2/VER.A)	1995	Namco
tekken2b	Tekken 2 Ver.B (World, TES2/VER.B)	1995	Namco
tekken2jb	Tekken 2 Ver.B (Japan, TES1/VER.B)	1995	Namco
tekken2jc	Tekken 2 Ver.B (Japan, TES1/VER.C)	1995	Namco
tekken2ua	Tekken 2 (US, TES3/VER.A)	1995	Namco
tekken2ub	Tekken 2 Ver.B (US, TES3/VER.B)	1995	Namco
tekken2ud	Tekken 2 Ver.B (US, TES3/VER.D)	1996	Namco
tekken3	Tekken 3 (World, TET2/VER.E1)	1997	Namco
tekken3a	Tekken 3 (World, TET2/VER.A)	1997	Namco
tekken3b	Tekken 3 (World, TET2/VER.B)	1997	Namco
tekken3c	Tekken 3 (World, TET2/VER.C)	1997	Namco
tekken3d	Tekken 3 (World, TET2/VER.D)	1997	Namco
tekken3ja	Tekken 3 (Japan, TET1/VER.A)	1997	Namco
tekken3jd	Tekken 3 (Japan, TET1/VER.D)	1997	Namco
tekken3je1	Tekken 3 (Japan, TET1/VER.E1)	1997	Namco
tekken3ua	Tekken 3 (US, TET3/VER.A)	1997	Namco
tekken3ud	Tekken 3 (US, TET3/VER.D)	1997	Namco
tekkenac	Tekken (Asia, TE4/VER.C)	1994	Namco
tekkenb	Tekken (World, TE2/VER.B)	1994	Namco
tekkenbs	Tekken Battle Scratch	1998	Namco
tekkencw	Tekken Card World	1997	Namco
tekkenjb	Tekken (Japan, TE1/VER.B)	1994	Namco
tektagt	Tekken Tag Tournament (World, TEG2/VER.C1, set 1)	1999	Namco
tektagtc1a	Tekken Tag Tournament (World, TEG2/VER.C1, set 2)	1999	Namco
tektagtjc1	Tekken Tag Tournament (Japan, TEG1/VER.C1)	1999	Namco
tektagtub	Tekken Tag Tournament (US, TEG3/VER.B)	1999	Namco
tektagtuc1	Tekken Tag Tournament (US, TEG3/VER.C1)	1999	Namco
teljan	Tel Jan	1999	Electro Design
telmahjn	Telephone Mahjong (Japan 890111)	1988	Nichibutsu
telpacfl	TelePachi Fever Lion (V1.0)	1996	Sunsoft
tempest	Tempest (rev 3, Revised Hardware)	1980	Atari
tempest1	Tempest (rev 1)	1980	Atari
tempest1r	Tempest (rev 1, Revised Hardware)	1980	Atari
tempest2	Tempest (rev 2)	1980	Atari
tempest3	Tempest (rev 3)	1980	Atari
temptube	Tempest Tubes	1980	hack (Duncan Brown)
tenballs	Ten Balls (Ver 1.05)	1997	JCD
tengai	Tengai (World)	1996	Psikyo
tengaij	Sengoku Blade: Sengoku Ace Episode II (Japan) / Tengai (World)	1996	Psikyo
tenkai	Mahjong Tenkaigen (Japan)	1991	Dynax
tenkaibb	Mahjong Tenkaigen (Japan bootleg b)	1991	bootleg
tenkaicb	Mahjong Tenkaigen (Japan bootleg c)	1991	bootleg
tenkaie	Mahjong Tenkaigen (Japan set 2)	1991	Dynax
tenkomor	Tenkomori Shooting (World, TKM2/VER.A1)	1998	Namco
tenkomorja1	Tenkomori Shooting (Japan, TKM1/VER.A1)	1998	Namco
tenspot	Ten Spot	1982	Thomas Automatics
tenthdeg	Tenth Degree (prototype)	1998	Atari Games
teqsun	Tequila Sunrise (1VXFC613, NSW)	1993	Aristocrat
terabrst	Teraburst (1998/07/17 ver UEL)	1998	Konami
terabrsta	Teraburst (1998/07/17 ver HEL)	1998	Konami
terabrstj	Teraburst (1998/07/17 ver JEL)	1998	Konami
term2	Terminator 2 - Judgment Day (rev LA4 08/03/92)	1991	Midway
term2la1	Terminator 2 - Judgment Day (rev LA1 11/01/91)	1991	Midway
term2la2	Terminator 2 - Judgment Day (rev LA2 12/09/91)	1991	Midway
term2la3	Terminator 2 - Judgment Day (rev LA3 03/27/92)	1991	Midway
term2lg1	Terminator 2 - Judgment Day (German, rev LG1 11/04/91)	1991	Midway
term2pa2	Terminator 2 - Judgment Day (prototype, rev PA2 10/18/91)	1991	Midway
terracre	Terra Cresta (YM3526 set 1)	1985	Nichibutsu
terracrea	Terra Cresta (YM3526 set 3)	1985	Nichibutsu
terracren	Terra Cresta (YM2203)	1985	Nichibutsu
terracreo	Terra Cresta (YM3526 set 2)	1985	Nichibutsu
terraf	Terra Force	1987	Nichibutsu
terrafb	Terra Force (Japan, bootleg set 2)	1987	bootleg
terrafj	Terra Force (Japan)	1987	Nichibutsu Japan
terrafjb	Terra Force (Japan, bootleg with additional Z80)	1987	bootleg
terrafu	Terra Force (US)	1987	Nichibutsu USA
terrafua	Terra Force (US, alternate sound)	1987	Nichibutsu USA
tesorone	Tesorone Dell'Isola (Italy, v2.41)	1995	Subsino
tesorone230	Tesorone Dell'Isola (Italy, v2.30)	1995	Subsino
tesorone240	Tesorone Dell'Isola (Italy, v2.40)	1995	Subsino
tetfight	Tetris Fighters	2001	Sego
tetrbx	Tetris / Bloxeed (Korean System 16 bootleg) (ISG Selection Master Type 2006)	2006	bootleg (ISG)
tetris	Tetris (set 4, Japan, System 16A) (FD1094 317-0093)	1988	Sega
tetris1	Tetris (set 1, Japan, System 16B) (FD1094 317-0091)	1988	Sega
tetris1d	Tetris (set 1, Japan, System 16B) (bootleg of FD1094 317-0091 set)	1988	bootleg
tetris2	Tetris (set 2, Japan, System 16B) (FD1094 317-0092)	1988	Sega
tetris2d	Tetris (set 2, Japan, System 16B) (bootleg of FD1094 317-0092 set)	1988	bootleg
tetris3	Tetris (set 3, Japan, System 16A) (FD1094 317-0093a)	1988	Sega
tetris3d	Tetris (set 3, Japan, System 16A) (bootleg of FD1094 317-0093a set)	1988	bootleg
tetrisbl	Tetris (bootleg)	1988	bootleg
tetrisd	Tetris (set 4, Japan, System 16A) (bootleg of FD1094 317-0093 set)	1988	bootleg
tetriskr	Tetris (Korean bootleg of Mirrorsoft PC-XT Tetris)	1988?	bootleg
tetrisp	Tetris Plus (ver 1.0)	1995	Jaleco / BPS
tetrisp2	Tetris Plus 2 (World, V2.8)	1997	Jaleco / The Tetris Company
tetrisp2a	Tetris Plus 2 (World, V2.7)	1997	Jaleco / The Tetris Company
tetrisp2j	Tetris Plus 2 (Japan, V2.2)	1997	Jaleco / The Tetris Company
tetrisp2ja	Tetris Plus 2 (Japan, V2.1)	1997	Jaleco / The Tetris Company
tetrisse	Tetris (Japan, System E)	1988	Sega
tetrist	Tetris (Japan, Taito B-System, Nastar Conversion Kit)	1988	Sega
tetrista	Tetris (Japan, Taito B-System, Master of Weapon Conversion Kit)	1988	Sega
tetristh	Tetris (Japan, rev 1, Taito H-System)	1988	Sega
tetrsark	Tetris (D.R. Korea, set 1, encrypted)	19??	D.R. Korea
tetrsark2	Tetris (D.R. Korea, set 2)	19??	D.R. Korea
tfrceac	Thunder Force AC	1990	Technosoft / Sega
tfrceacb	Thunder Force AC (bootleg)	1990	bootleg
tfrceacj	Thunder Force AC (Japan)	1990	Technosoft / Sega
tfrceacjpb	Thunder Force AC (Japan, prototype, bootleg)	1990	Technosoft / Sega
tgm2	Tetris: The Absolute - The Grand Master 2	2000	Arika
tgm2p	Tetris: The Absolute - The Grand Master 2 Plus	2000	Arika
tgmj	Tetris: The Grand Master (Japan 980710)	1998	Arika / Capcom
tgtbal96	Target Ball '96	1996	Yun Sung
tgtball	Target Ball	1995	Yun Sung
tgtballn	Target Ball (with nudity)	1995	Yun Sung
tgtpanic	Target Panic	1996	Konami
tharrier	Task Force Harrier	1989	UPL
tharrierb	Task Force Harrier (Lettering bootleg)	1989	bootleg (Lettering)
tharrieru	Task Force Harrier (US)	1989	UPL (American Sammy license)
thayers	Thayer's Quest (set 1)	1984	RDI Video Systems
thayersa	Thayer's Quest (set 2)	1984	RDI Video Systems
the26thz	The 26th Z (Japan, location test)	1986	Ed Co. (Taito license)
theboat	The Boat	1987	Hit Gun Co, LTD
thedealr	The Dealer (Visco)	1988?	Visco Games
thedeep	The Deep (Japan)	1987	Wood Place
theend	The End	1980	Konami
theends	The End (Stern Electronics)	1980	Konami (Stern Electronics license)
theendss	The End (SegaSA / Sonic)	1981	bootleg (Sonic)
theglad	The Gladiator / Shen Jian Fu Mo Lu / Shen Jian Fengyun (M68k label V101) (ARM label V107, ROM 06/06/03 SHEN JIAN V107)	2003	IGS
theglad100	The Gladiator / Shen Jian Fu Mo Lu / Shen Jian Fengyun (M68k label V100) (ARM label V100, ROM 01/16/03 SHEN JIAN)	2003	IGS
theglad101	The Gladiator / Shen Jian Fu Mo Lu / Shen Jian Fengyun (M68k label V100) (ARM label V101, ROM 03/13/03 SHEN JIAN)	2003	IGS
theglad104	The Gladiator / Shen Jian Fu Mo Lu / Shen Jian Fengyun (M68k label V100) (ARM label V104, ROM 04/02/03 SHEN JIAN V104)	2003	IGS
thegladpcb	Tougenkyou - Road of the Sword (M68k label V100) (ARM label V101, ROM 03/13/03 SHEN JIAN) (Japan, JAMMA PCB)	2003	IGS (Alta/AMI license)
thegladpcba	Tougenkyou - Road of the Sword (M68k label V100) (ARM label V100, ROM 02/25/03 SHEN JIAN) (Japan, JAMMA PCB)	2003	IGS (Alta/AMI license)
theglob	The Glob	1983	Epos Corporation
theglob2	The Glob (earlier)	1983	Epos Corporation
theglob3	The Glob (set 3)	1983	Epos Corporation
theglobme	The Glob (Pac-Man hardware, Magic Electronics)	1983	Epos Corporation (Magic Electronics Inc. license)
theglobp	The Glob (Pac-Man hardware, set 1)	1983	Epos Corporation
theglobpa	The Glob (Pac-Man hardware, set 2)	1983	Epos Corporation
thegrid	The Grid (version 1.2)	2000	Midway
thegrida	The Grid (version 1.1)	2000	Midway
thehand	The Hand	1981	T.I.C.
thehole	The Hole (bootleg of The Pit)	1982	bootleg
thehustl	The Hustler (Japan, version M)	1987	Konami
thehustlj	The Hustler (Japan, version J)	1987	Konami
themj	The Mah-jong (Japan, set 1)	1987	Visco
themj2	The Mah-jong (Japan, set 2)	1987	Visco
thepit	The Pit	1982	Zilec Electronics
thepitj	The Pit (Japan)	1982	Zilec Electronics (Taito license)
thepitm	The Pit (bootleg on Moon Quasar hardware)	198?	bootleg (KZH)
thepitu1	The Pit (US set 1)	1982	Zilec Electronics (Centuri license)
thepitu2	The Pit (US set 2)	1982	Zilec Electronics (Centuri license)
thepitu3	The Pit (US set 3)	1982	Zilec Electronics (Centuri license)
theportr	The Porter (bootleg of Port Man)	1982	bootleg
theroes	Thunder Heroes (set 1)	2001	Primetek Investments
theroesa	Thunder Heroes (set 2)	2001	Primetek Investments
thetogyu	The Togyu (315-5065, Japan)	1984	Coreland / Sega
thief	Thief	1981	Pacific Novelty
thndblst	Thunder Blaster (Japan)	1991	Irem
thndrbld	Thunder Blade (upright) (FD1094 317-0056)	1987	Sega
thndrbld1	Thunder Blade (deluxe/standing) (unprotected)	1987	Sega
thndrbldd	Thunder Blade (upright) (bootleg of FD1094 317-0056 set)	1987	bootleg
thndrx2	Thunder Cross II (World)	1991	Konami
thndrx2a	Thunder Cross II (Asia)	1991	Konami
thndrx2j	Thunder Cross II (Japan)	1991	Konami
thndzone	Thunder Zone (World, Rev 1)	1991	Data East Corporation
thndzone4	Thunder Zone (World 4 Players)	1991	Data East Corporation
thndzonea	Thunder Zone (World)	1991	Data East Corporation
thndzonej	Thunder Zone (Japan)	1991	Data East Corporation
thoop	Thunder Hoop (ver. 1, checksum 02a09f7d)	1992	Gaelco
thoop2	TH Strikes Back (non North America, version 1.0, checksum 020EB356)	1994	Gaelco
thoop2a	TH Strikes Back (non North America, version 1.0, checksum 020EB346)	1994	Gaelco
thoop2b	TH Strikes Back (non North America, version 1.0, checksum 020E0867)	1994	Gaelco
thoop2c	TH Strikes Back (non North America, version 1.0, checksum 020E154A)	1994	Gaelco
thoop2d	TH Strikes Back (non North America, version 1.0, checksum 0206DF91)	1994	Gaelco
thoop2e	TH Strikes Back (non North America, version 1.0, checksum 0206DF91, without title)	1994	Gaelco
thoopa	Thunder Hoop (ver. 1, checksum 02a09fcd)	1992	Gaelco
thoopb	Thunder Hoop (ver. X, checksum 00000020, without title)	1992	Gaelco
thoopna	Thunder Hoop (North America, ver. C4, checksum 02A0A008)	1992	Gaelco
thoopnna	Thunder Hoop (non North America, ver. X, checksum 00000020, set 1)	1992	Gaelco
thoopnnaa	Thunder Hoop (non North America, ver. X, checksum 00000020, set 2)	1992	Gaelco
threeds	Three Ds - Three Dealers Casino House (set 1)	1985	Nichibutsu
threedsa	Three Ds - Three Dealers Casino House (set 2)	1985	Nichibutsu
thrilld	Thrill Drive (UDE)	1998	Konami
thrillda	Thrill Drive (ACE)	1998	Konami
thrilldab	Thrill Drive (ABE)	1998	Konami
thrilldb	Thrill Drive (UDB)	1998	Konami
thrilldba	Thrill Drive (ACB)	1998	Konami
thrilldbab	Thrill Drive (ABB)	1998	Konami
thrilldbe	Thrill Drive (EDB)	1998	Konami
thrilldbj	Thrill Drive (JCB)	1998	Konami
thrilldbja	Thrill Drive (JAB)	1998	Konami
thrillde	Thrill Drive (EDE)	1998	Konami
thrilldgej	Thrill Drive (ver GE713JAB)	1998	Konami
thrilldgeu	Thrill Drive (ver GE713UFB)	1998	Konami
thrilldgke	Thrill Drive (ver GK713EAB)	1998	Konami
thrilldgkee	Thrill Drive (ver GK713EEB)	1998	Konami
thrilldgkk	Thrill Drive (ver GK713K*B)	1998	Konami
thrilldgmj	Thrill Drive (ver GM713JAB)	1998	Konami
thrilldgnj	Thrill Drive (ver GN713JAB)	1998	Konami
thrilldgpj	Thrill Drive (ver GP713JAB)	1998	Konami
thrilldj	Thrill Drive (JCE)	1998	Konami
thrilldja	Thrill Drive (JAE)	1998	Konami
thunderh	Operation Thunder Hurricane (ver EAA)	1997	Konami
thunderhu	Operation Thunder Hurricane (ver UAA)	1997	Konami
thunderj	ThunderJaws (rev 3)	1990	Atari Games
thunderja	ThunderJaws (rev 2)	1990	Atari Games
thunderl	Thunder & Lightning (set 1)	1990	Seta
thunderla	Thunder & Lightning (set 2)	1990	Seta
thunderlbl	Thunder & Lightning (bootleg with Tetris sound, set 1)	1991	bootleg (Hyogo)
thunderlbl2	Thunder & Lightning (bootleg with Tetris sound, set 2)	1990	bootleg
thunderx	Thunder Cross (set 1)	1988	Konami
thunderxa	Thunder Cross (set 2)	1988	Konami
thunderxb	Thunder Cross (set 3)	1988	Konami
thunderxj	Thunder Cross (Japan)	1988	Konami
thundfox	Thunder Fox (World, rev 1)	1990	Taito
thundfoxj	Thunder Fox (Japan, rev 1)	1990	Taito
thundfoxu	Thunder Fox (US, rev 1)	1990	Taito America
thundhrt	Thunder Heart (13XF528902, US)	1998	Aristocrat
thunt	Puzzle & Action: Treasure Hunt (JUET 970901 V2.00E)	1997	Sega
thuntk	Puzzle & Action: BoMulEul Chajara (JUET 970125 V2.00K)	1997	Sega / Deniam
tickee	Tickee Tickats	1994	Raster Elite
tictac	Tic Tac Trivia (6221-23, U5-0C, 07/07/86)	1985	Merit
tictaca	Tic Tac Trivia (6221-23, U5-0C, 02/11/86)	1985	Merit
tictacb	Tic Tac Trivia (6221-20, U5-0B, 11/17/85)	1985	Merit
tictacv	Tic Tac Trivia (6221-22, U5-0, vertical)	1985	Merit
tigerh	Tiger-Heli (US)	1985	Toaplan / Taito America
tigerhb1	Tiger-Heli (bootleg set 1)	1985	bootleg
tigerhb2	Tiger-Heli (bootleg set 2)	1985	bootleg
tigerhb3	Tiger-Heli (bootleg set 3)	1985	bootleg
tigerhbt	Tiger-Heli (bootleg set 5)	1985	bootleg (Tecfri)
tigerhj	Tiger-Heli (Japan)	1985	Toaplan / Taito
tigeroad	Tiger Road (US)	1987	Capcom
tigeroadb	Tiger Road (US bootleg, set 1)	1987	bootleg
tigeroadba	Tiger Road (US bootleg, set 2)	1987	bootleg
tigeroadu	Tiger Road (US, Romstar license)	1987	Capcom (Romstar license)
tighook	Tiger Hook (Version 2.1E Dual)	2004	Amcoe
tighookc1	Tiger Hook (Version 2.1R, set 1)	2004	Amcoe
tighookc2	Tiger Hook (Version 2.0LT, set 1)	2004	Amcoe
tighookd1	Tiger Hook (Version 2.1R, set 2)	2004	Amcoe
tighookd2	Tiger Hook (Version 2.0LT, set 2)	2004	Amcoe
tighooko	Tiger Hook (Version 1.7XT)	2004	Amcoe
tighooko2	Tiger Hook (Version 1.7)	2004	Amcoe
tighookv1	Tiger Hook (Version 2.1R Dual)	2004	Amcoe
tighookv2	Tiger Hook (Version 2.0LT Dual)	2004	Amcoe
timber	Timber	1984	Bally Midway
timecris	Time Crisis (World, TS2 Ver.B)	1996	Namco
timecrisa	Time Crisis (World, TS2 Ver.A)	1996	Namco
timecrisj	Time Crisis (Japan, TS1 Ver.B)	1996	Namco
timecrs2	Time Crisis II (US, TSS3 Ver. B)	1997	Namco
timecrs2v1b	Time Crisis II (Japan, TSS1 Ver. B)	1997	Namco
timecrs2v2b	Time Crisis II (World, TSS2 Ver. B)	1997	Namco
timecrs2v4a	Time Crisis II (World, TSS4 Ver. A)	1997	Namco
timecrs2v5a	Time Crisis II (US, TSS5 Ver. A)	1997	Namco
timefgtr	Time Fighter (Time Pilot conversion on Galaxian hardware)	198?	Taito do Brasil
timekill	Time Killers (v1.32)	1992	Strata / Incredible Technologies
timekill100	Time Killers (v1.00)	1992	Strata / Incredible Technologies
timekill120	Time Killers (v1.20, alternate ROM board)	1992	Strata / Incredible Technologies
timekill121	Time Killers (v1.21)	1992	Strata / Incredible Technologies
timekill121a	Time Killers (v1.21, alternate ROM board)	1992	Strata / Incredible Technologies
timekill131	Time Killers (v1.31)	1992	Strata / Incredible Technologies
timekill132i	Time Killers (v1.32I)	1992	Strata / Incredible Technologies
timelimt	Time Limit	1983	Chuo Co. Ltd
timeplt	Time Pilot	1982	Konami
timeplta	Time Pilot (Atari)	1982	Konami (Atari license)
timepltc	Time Pilot (Centuri)	1982	Konami (Centuri license)
timescan	Time Scanner (set 2, System 16B)	1987	Sega
timescan1	Time Scanner (set 1, System 16A, FD1089B 317-0024)	1987	Sega
timescan3	Time Scanner (set 3, Japan, System 16B) (FD1089B 317-0024)	1987	Sega
timesold	Time Soldiers (US Rev 3)	1987	Alpha Denshi Co. (SNK/Romstar license)
timesold1	Time Soldiers (US Rev 1)	1987	Alpha Denshi Co. (SNK/Romstar license)
timetrv	Time Traveler	1991	Virtual Image Productions (Sega license)
timetrv2	Time Traveler (Japan)	1991	Virtual Image Productions (Sega license)
timetunl	Time Tunnel	1982	Taito
tinklpit	Tinkle Pit (Japan)	1993	Namco
tinstar	The Tin Star (A10, 4 PCB version)	1983	Taito
tinstara	The Tin Star (TS, 5 PCB version)	1983	Taito
tinv2650	The Invaders	1979?	Zaccaria / Zelco
tiptop	Tip Top (3 board stack)	1983	Sega
tisub	Treasure Island (Subsino, set 1)	1992	Subsino
tisuba	Treasure Island (Subsino, set 2)	1992	Subsino
tisubb	Treasure Island (American Alpha, v3.0N)	1992	American Alpha
titanpac	Titan (hack of Pac-Man)	1981	hack (NSM)
titlef	Title Fight (World)	1992	Sega
titlefj	Title Fight (Japan)	1992	Sega
titlefu	Title Fight (US)	1992	Sega
tjsb	Tian Jiang Shen Bing (China, V137C)	1997	IGS
tjumpman	Tobikose! Jumpman	1999	Namco
tkdensho	Toukidenshou - Angel Eyes (VER. 960614)	1996	Tecmo
tkdenshoa	Toukidenshou - Angel Eyes (VER. 960427)	1996	Tecmo
tkmmpzdm	Tokimeki Memorial Taisen Puzzle-dama (ver JAB)	1995	Konami
tknight	Tecmo Knight (US)	1989	Tecmo
tkoboxng	Vs. T.K.O. Boxing	1987	Namco / Data East USA
tm	Touchmaster (v3.00 Euro)	1996	Midway Games Inc. / CES Inc.
tm2k	Touchmaster 2000 Plus (v4.63 Standard)	1996	Midway Games Inc.
tm2ka	Touchmaster 2000 (v4.02 Standard)	1996	Midway Games Inc.
tm2kb	Touchmaster 2000 (v4.00 Standard)	1996	Midway Games Inc.
tm2kspeval	Touchmaster 2000 (v4.XX3 Spanish Evaluation)	1996	Midway Games Inc.
tm3k	Touchmaster 3000 (v5.02 Standard)	1997	Midway Games Inc.
tm3ka	Touchmaster 3000 (v5.01 Standard)	1997	Midway Games Inc.
tm3keval	Touchmaster 3000 (v5.XX Standard AMOA Evaluation)	1997	Midway Games Inc.
tm3ksp	Touchmaster 3000 (v5.02 Spanish)	1997	Midway Games Inc.
tm4k	Touchmaster 4000 (v6.03 Standard)	1998	Midway Games Inc.
tm4ka	Touchmaster 4000 (v6.02 Standard)	1998	Midway Games Inc.
tm4kb	Touchmaster 4000 (v6.01 Standard)	1998	Midway Games Inc.
tm4kca	Touchmaster 4000 (v6.02 California)	1998	Midway Games Inc.
tm4kmn	Touchmaster 4000 (v6.01 Minnesota)	1998	Midway Games Inc.
tm4knj	Touchmaster 4000 (v6.03 New Jersey)	1998	Midway Games Inc.
tm4kuk	Touchmaster 4000 (v6.02 England)	1998	Midway Games Inc.
tm5k	Touchmaster 5000 (v7.10 Standard)	1998	Midway Games Inc.
tm5ka	Touchmaster 5000 (v7.01 Standard)	1998	Midway Games Inc.
tm5kca	Touchmaster 5000 (v7.10 California)	1998	Midway Games Inc.
tm5kmn	Touchmaster 5000 (v7.10 Minnesota)	1998	Midway Games Inc.
tm5kuk	Touchmaster 5000 (v7.11 U.K.)	1998	Midway Games Inc.
tm7k	Touchmaster 7000 (v8.04 Standard)	1999	Midway Games Inc.
tm7ka	Touchmaster 7000 (v8.00 Standard)	1999	Midway Games Inc.
tm7kde	Touchmaster 7000 (v8.04 Germany)	1999	Midway Games Inc.
tm7keval	Touchmaster 7000 (v8.1X ASI Standard Evaluation)	1999	Midway Games Inc.
tm7kmn	Touchmaster 7000 (v8.04 Minnesota)	1999	Midway Games Inc.
tm7kmna	Touchmaster 7000 (v8.00 Minnesota)	1999	Midway Games Inc.
tm7knj	Touchmaster 7000 (v8.05 New Jersey)	1999	Midway Games Inc.
tm8k	Touchmaster 8000 (v9.04 Standard)	2000	Midway Games Inc.
tm8k902	Touchmaster 8000 (v9.02 Standard)	2000	Midway Games Inc.
tmdo	Touchmaster (v2.2-01 Standard)	1996	Midway Games Inc. / CES Inc.
tmek	T-MEK (v5.1, The Warlords)	1994	Atari Games
tmek44	T-MEK (v4.4)	1994	Atari Games
tmek45	T-MEK (v4.5)	1994	Atari Games
tmek51p	T-MEK (v5.1, prototype)	1994	Atari Games
tmht	Teenage Mutant Hero Turtles (UK 4 Players, version F)	1989	Konami
tmht22pe	Teenage Mutant Hero Turtles: Turtles in Time (2 Players ver EBA)	1991	Konami
tmht24pe	Teenage Mutant Hero Turtles: Turtles in Time (4 Players ver EAA)	1991	Konami
tmht2p	Teenage Mutant Hero Turtles (UK 2 Players, version U)	1989	Konami
tmht2pa	Teenage Mutant Hero Turtles (UK 2 Players, version ?)	1989	Konami
tmhta	Teenage Mutant Hero Turtles (UK 4 Players, version S)	1989	Konami
tmhtb	Teenage Mutant Hero Turtles (UK 4 Players, version ?)	1989	Konami
tmmjprd	Tokimeki Mahjong Paradise - Dear My Love	1997	Media / Sonnet
tmnt	Teenage Mutant Ninja Turtles (World 4 Players, version X)	1989	Konami
tmnt2	Teenage Mutant Ninja Turtles: Turtles in Time (4 Players ver UAA)	1991	Konami
tmnt22pu	Teenage Mutant Ninja Turtles: Turtles in Time (2 Players ver UDA)	1991	Konami
tmnt24pu	Teenage Mutant Ninja Turtles: Turtles in Time (4 Players ver UEA)	1991	Konami
tmnt2a	Teenage Mutant Ninja Turtles: Turtles in Time (4 Players ver ADA)	1991	Konami
tmnt2o	Teenage Mutant Ninja Turtles: Turtles in Time (4 Players ver OAA)	1991	Konami
tmnt2pj	Teenage Mutant Ninja Turtles (Japan 2 Players, version 1)	1990	Konami
tmnt2po	Teenage Mutant Ninja Turtles (Oceania 2 Players, version ?)	1989	Konami
tmnta	Teenage Mutant Ninja Turtles (Asia 4 Players, version ?)	1989	Konami
tmntj	Teenage Mutant Ninja Turtles (Japan 4 Players, version 2)	1990	Konami
tmntmwb	Teenage Mutant Ninja Turtles - Mutant Warriors (SNES bootleg)	1997	bootleg
tmntu	Teenage Mutant Ninja Turtles (US 4 Players, version R)	1989	Konami
tmntua	Teenage Mutant Ninja Turtles (US 4 Players, version N)	1989	Konami
tmntub	Teenage Mutant Ninja Turtles (US 4 Players, version J)	1989	Konami
tmntuc	Teenage Mutant Ninja Turtles (US 4 Players, version H)	1989	Konami
tmntucbl	Teenage Mutant Ninja Turtles (bootleg, US 4 Players, version H)	1989	bootleg
tmosh	Tokimeki Memorial Oshiete Your Heart (GQ673 JAA)	1997	Konami
tmoshs	Tokimeki Memorial Oshiete Your Heart Seal Version (GE755 JAA)	1997	Konami
tmoshsp	Tokimeki Memorial Oshiete Your Heart Seal Version Plus (GE756 JAB)	1997	Konami
tmoshspa	Tokimeki Memorial Oshiete Your Heart Seal Version Plus (GE756 JAA)	1997	Konami
tmpdoki	Tokimeki Mahjong Paradise - Doki Doki Hen	1998	Media / Sonnet
tndrcade	Thundercade / Twin Formation	1987	Seta (Taito license)
tndrcadej	Tokusyu Butai U.A.G. (Japan)	1987	Seta (Taito license)
tnextspc	The Next Space (set 1)	1989	SNK
tnextspc2	The Next Space (set 2)	1989	SNK
tnextspcj	The Next Space (Japan)	1989	SNK (Pasadena International Corp. license)
tnk3	T.N.K III (US)	1985	SNK
tnk3b	T.A.N.K (bootleg, 8-way joystick)	1985	bootleg
tnk3j	T.A.N.K (Japan)	1985	SNK
tnzs	The NewZealand Story (World, new version) (P0-043A PCB)	1988	Taito
tnzsj	The NewZealand Story (Japan, new version) (P0-043A PCB)	1988	Taito
tnzsjo	The NewZealand Story (Japan, old version) (P0-041A PCB)	1988	Taito
tnzso	The NewZealand Story (World, old version) (P0-041A PCB)	1988	Taito
tnzsoa	The NewZealand Story (World, unknown version) (P0-041A PCB)	1988	Taito
tnzsop	The NewZealand Story (World, prototype) (P0-041-1 PCB)	1988	Taito
tnzsuo	The NewZealand Story (US, old version) (P0-041A PCB)	1988	Taito America
todruaga	The Tower of Druaga (New Ver.)	1984	Namco
todruagao	The Tower of Druaga (Old Ver.)	1984	Namco
todruagas	The Tower of Druaga (Sidam)	1984	bootleg? (Sidam)
toffy	Toffy (encrypted)	1993	Midas
toffya	Toffy (unencrypted)	1993	Midas
togenkyo	Tougenkyou (Japan 890418)	1989	Nichibutsu
toggle	Toggle (prototype)	1985	Bally/Sente
toki	Toki (World, set 1)	1989	TAD Corporation
tokia	Toki (World, set 2)	1989	TAD Corporation
tokib	Toki (Datsu bootleg)	1990	bootleg (Datsu)
tokimbsj	Tokimeki Bishoujo (Japan)	1989	Nichibutsu
tokims	Toki (Modular System)	1991	bootleg
tokio	Tokio / Scramble Formation (newer)	1986	Taito
tokiob	Tokio / Scramble Formation (bootleg)	1986	bootleg
tokioo	Tokio / Scramble Formation (older)	1986	Taito
tokiou	Tokio / Scramble Formation (US)	1986	Taito America (Romstar license)
tokip	Toki (US, prototype?)	1989	TAD Corporation (Fabtek license)
tokisens	Toki no Senshi - Chrono Soldier (MC-8123, 317-0040)	1987	Sega
tokisensa	Toki no Senshi - Chrono Soldier (prototype?)	1987	Sega
tokiu	Toki (US, set 1)	1989	TAD Corporation (Fabtek license)
tokiua	Toki (US, set 2)	1989	TAD Corporation (Fabtek license)
tokkae	Taisen Tokkae-dama (ver JAA)	1996	Konami
tokyobus	Tokyo Bus Guide (Japan, Rev A)	1999	Fortyfive
tokyogal	Tokyo Gal Zukan (Japan)	1989	Nichibutsu
tokyowar	Tokyo Wars (World, TW2 Ver.A)	1996	Namco
tokyowarj	Tokyo Wars (Japan, TW1 Ver.A)	1996	Namco
tomagic	Tom Tom Magic	1997	Hobbitron T.K.Trading Co. Ltd.
tomahawk	Tomahawk 777 (rev 5)	1980	Data East
tomahawk1	Tomahawk 777 (rev 1)	1980	Data East
tomcat	TomCat (prototype)	1985	Atari
tomcatsw	TomCat (Star Wars hardware, prototype)	1983	Atari
tondemo	Tondemo Crisis (Japan)	1999	Tecmo
tonton	Waku Waku Doubutsu Land TonTon (Japan)	1987	Success / Taiyo Jidoki
tontonb	Tonton (Japan, set 1)	1987	Dynax
tontonba	Tonton (Japan, ver. 1.00)	1987	Dynax
tonypok	Poker Master (Tony-Poker V3.A, hack?)	1991	Corsica
toobin	Toobin' (rev 3)	1988	Atari Games
toobin1	Toobin' (rev 1)	1988	Atari Games
toobin2	Toobin' (rev 2)	1988	Atari Games
toobin2e	Toobin' (Europe, rev 2)	1988	Atari Games
toobine	Toobin' (Europe, rev 3)	1988	Atari Games
toobing	Toobin' (German, rev 3)	1988	Atari Games
top21	Top XXI (Version 1.2)	200?	Assogiochi Assago
topbladv	Top Blade V	2003	Sonokong / Expotato
topdrive	Top Driving (version 1.1)	1995	Proyesel
topgear	Top Gear (4VXFC969, New Zealand)	1996	Aristocrat
topgun	Vs. Top Gun	1987	Konami
topgunbl	Top Gunner (bootleg, Rotary Joystick)	1986	bootleg
topgunnr	Top Gunner (Exidy)	1986	Exidy
topgunr	Top Gunner (US, 8-way Joystick)	1986	Konami
tophuntr	Top Hunter - Roddy & Cathy (NGM-046)	1994	SNK
tophuntrh	Top Hunter - Roddy & Cathy (NGH-046)	1994	SNK
topland	Top Landing (World)	1988	Taito
toplandj	Top Landing (Japan)	1988	Taito
toppyrap	Toppy & Rappy	1996	SemiCom
topracer	Top Racer (with MB8841 + MB8842, 1984)	1984	bootleg
topracera	Top Racer (with MB8841 + MB8842, 1983)	1983	bootleg
topracern	Top Racer (no MB8841 + MB8842)	1982	bootleg
toprollr	Top Roller	1983	Jaleco
topsecex	Top Secret (Exidy) (version 1.0)	1986	Exidy
topsecrt	Top Secret (Japan, old revision)	1987	Capcom
topsecrt2	Top Secret (Japan, revision B)	1987	Capcom
topshoot	Top Shooter	1995	Sun Mixing
topspeed	Top Speed (World, rev 1)	1987	Taito
topspeedu	Top Speed (US)	1987	Taito America (Romstar license)
toramich	Tora e no Michi (Japan)	1987	Capcom
toratora	Tora Tora (prototype?)	1980	Game Plan
toratorab	Tora Tora (set 2)	1980	Game Plan
toride2g	Toride II Adauchi Gaiden (Japan)	1994	Metro
toride2gg	Toride II (German)	1994	Metro
toride2gk	Toride II Bok Su Oi Jeon Adauchi Gaiden (Korea)	1994	Metro
toride2j	Toride II (Japan, revision K)	1994	Metro
toride2ji	Toride II (Japan, revision I)	1994	Metro
tornado1	Tornado (bootleg of Defender, set 1)	1980	bootleg (Jeutel)
tornbase	Tornado Baseball / Ball Park	1976	Dave Nutting Associates / Midway / Taito
tortufam	Tortuga Family (Italian)	1997	C.M.C.
torus	Torus	1996	Yun Sung
toryumon	Toryumon	1994	Sega
totcarn	Total Carnage (rev LA1 03/10/92)	1992	Midway
totcarnp1	Total Carnage (prototype, proto v 1.0 01/25/92)	1992	Midway
totcarnp2	Total Carnage (prototype, proto v 2.0 02/10/92)	1992	Midway
totd	The Typing of the Dead (Rev A)	2000	Sega
totdo	The Typing of the Dead	2000	Sega
totlvice	Total Vice (ver EBA)	1997	Konami
totmejan	Tottemo E Jong	1991	Seibu Kaihatsu (Tecmo license)
toto	Come Back Toto	1996	SoftClub
toucheme	Touche Me (set 1)	19??	<unknown>
touchemea	Touche Me (set 2, harder)	19??	<unknown>
touchgo	Touch and Go (World, checksum 059D0235)	1996	Gaelco
touchgoa	Touch and Go (World, checksum 05A0C7FB)	1995	Gaelco
touchgona	Touch and Go (North America, checksum 05737572)	1995	Gaelco
touchgonna	Touch and Go (non North America, checksum 056533F0)	1995	Gaelco
touchgonnaa	Touch and Go (non North America, checksum 056C2336)	1995	Gaelco
touchgonnab	Touch and Go (non North America, checksum 056C138F)	1995	Gaelco
touchgonnac	Touch and Go (non North America, checksum 056AA304)	1995	Gaelco
touchgoun	Touch and Go (unprotected, checksum 059CC336)	1995	Gaelco
toukon3	Shin Nihon Pro Wrestling Toukon Retsuden 3 Arcade Edition (Japan, TR1/VER.A)	1997	Namco / Tomy
toukon4	Shin Nihon Pro Wrestling Toukon Retsuden 4 Arcade Edition (Japan, TRF1 Ver.A)	2000	Namco
tour4000	Tour 4000	2000	High Video
tour4010	Tour 4010	2000	High Video
tourpgum	unknown Paradise Automatique / TourVisión bowling themed poker game with gum prizes (France)	1992?	Paradise Automatique / TourVisión
tourtab2	Tournament Table (set 2)	1978	Atari
tourtabl	Tournament Table (set 1)	1978	Atari
touryuu	Touryuumon (V1.1, Apr 14 2005)	2005	Yuki Enterprise
touryuua	Touryuumon (V1.1, Mar 11 2005)	2005	Yuki Enterprise
toutrun	Turbo Out Run (Out Run upgrade) (FD1094 317-0118)	1989	Sega
toutrun1	Turbo Out Run (deluxe cockpit) (FD1094 317-0109)	1989	Sega
toutrun2	Turbo Out Run (cockpit) (FD1094 317-0106)	1989	Sega
toutrun2d	Turbo Out Run (cockpit) (bootleg of FD1094 317-0106 set)	1989	bootleg
toutrun3	Turbo Out Run (cockpit) (FD1094 317-0107)	1989	Sega
toutrun3d	Turbo Out Run (cockpit) (bootleg of FD1094 317-0107 set)	1989	bootleg
toutrund	Turbo Out Run (Out Run upgrade) (bootleg of FD1094 317-0118 set)	1989	bootleg
toutrunj	Turbo Out Run (Japan, Out Run upgrade) (FD1094 317-0117)	1989	Sega
toutrunj1	Turbo Out Run (Japan, cockpit) (FD1094 317-0101)	1989	Sega
toutrunj1d	Turbo Out Run (Japan, cockpit) (bootleg of FD1094 317-0101 set)	1989	bootleg
toutrunjd	Turbo Out Run (Japan, Out Run upgrade) (bootleg of FD1094 317-0117 set)	1989	bootleg
toyfight	Toy Fighter	1999	Sega / Anchor Inc.
toyland	Toy Land Adventure	2001	SemiCom
toypop	Toypop	1986	Namco
tp2m32	Tetris Plus 2 (ver 1.0, MegaSystem 32 Version)	1997	Jaleco
tp84	Time Pilot '84 (set 1)	1984	Konami
tp84a	Time Pilot '84 (set 2)	1984	Konami
tp84b	Time Pilot '84 (set 3)	1984	Konami
tpgolf	Top Player's Golf (NGM-003 ~ NGH-003)	1990	SNK
tpkboram	PK Turbo	1988	Boram
tpkg2	PK Turbo Great 2	1992	Boram
tpoker2	Turbo Poker 2 (set 1)	1991	Micro Manufacturing
tpoker2a	Turbo Poker 2 (set 2)	1990	Micro Manufacturing
tpoker2b	Turbo Poker 2 (set 3)	1990	Micro Manufacturing
tqst	Treasure Quest	1996	Ace
tqstp	Treasure Quest (Protocol)	1996	Ace
trackfld	Track & Field	1983	Konami
trackfldc	Track & Field (Centuri)	1983	Konami (Centuri license)
trackfldnz	Track & Field (NZ bootleg?)	1982	bootleg? (Goldberg Enterprizes Inc.)
trackfldu	Track & Field (Centuri, unencrypted)	1983	Konami (Centuri license)
trally	Thrash Rally (ALM-003 ~ ALH-003)	1991	Alpha Denshi Co.
tranqgun	Tranquillizer Gun	1980	Sega
transfrm	Transformer	1986	Sega
trapeze	Trapeze / Trampoline	1978	Exidy / Taito
travrusa	Traverse USA / Zippy Race	1983	Irem
travrusab	Traverse USA (bootleg, set 1)	1983	bootleg (I.P.)
travrusab2	Traverse USA (bootleg, set 2)	1983	bootleg
trckydoc	Tricky Doc (set 1)	1987	Tecfri
trckydoca	Tricky Doc (set 2)	1987	Tecfri
trea2000	Treasure 2000 (Ver. 107)	2000	Subsino (American Alpha license)
treacity	Treasure City (Ver. 208)	1997	Subsino (American Alpha license)
treahunt	Treasure Hunt	1982	Hara Industries
treamary	Treasure Mary	200?	Subsino
trebltop	Treble Top (39-360-070)	1991	BFM
trgheart	Trigger Heart Exelica Ver.A (Japan) (GDL-0036A)	2006	Warashi
trghearto	Trigger Heart Exelica (Japan) (GDL-0036)	2006	Warashi
tricktrp	Trick Trap (World?)	1987	Konami
trigon	Trigon (Japan)	1990	Konami
trikitri	Triki Triki (bootleg of Lover Boy)	1993	bootleg (DDT Enterprise Inc)
triothep	Trio The Punch - Never Forget Me... (World)	1989	Data East Corporation
triothepj	Trio The Punch - Never Forget Me... (Japan)	1989	Data East Corporation
tripdraw	Tripple Draw (V3.1 s)	1981	Status Games
tripfev	Triple Fever (V110US)	2006	IGS
tripfev105us	Triple Fever (V105US)	2006	IGS
tripfev107us	Triple Fever (V107US)	2006	IGS
tripfev108us	Triple Fever (V108US)	2006	IGS
triplep	Triple Punch (set 1)	1982	K.K. International
triplepa	Triple Punch (set 2)	1982	K.K. International
triplew1	Mahjong Triple Wars (Japan)	1989	Nichibutsu
triplew2	Mahjong Triple Wars 2 (Japan)	1990	Nichibutsu
triplfun	Triple Fun	1993	bootleg
triplfunk	Sum-eoitneun Deongdalireul Chat-ara!	1993	bootleg (Jin Young)
triplhnt	Triple Hunt	1977	Atari
tripool	Tri-Pool: 3-In-One (Casino Tech)	1981	Noma (Casino Tech license)
tripoola	Tri-Pool: 3-In-One (Coastal Games)	1981	Noma (Coastal Games license)
tripslot	Triple Slot (V200VE)	2007	IGS
trisport	Tri-Sports	1989	Bally Midway
triviabb	Trivial Pursuit (Baby Boomer Edition) (3/20/85)	1984	Bally/Sente
triviaes	Trivial Pursuit (Volumen III, Spanish, Maibesa license)	1987	Bally/Sente (Maibesa license)
triviaes2	Trivial Pursuit (Volumen II, Spanish, Maibesa license)	1987	Bally/Sente (Maibesa license)
triviag1	Trivial Pursuit (Think Tank - Genus Edition) (2/12/85)	1984	Bally/Sente
triviag1a	Trivial Pursuit (Think Tank - Genus Edition) (12/14/84)	1984	Bally/Sente
triviag2	Trivial Pursuit (Genus II Edition) (3/22/85)	1984	Bally/Sente
trivialp	Trivial Pursuit (New Edition) (prod. 1D)	1996	JPM
trivialpd	Trivial Pursuit (New Edition) (prod. 1D) (Protocol)	1996	JPM
trivialpo	Trivial Pursuit	1996	JPM
triviaqz	Professor Trivia (set 1)	1985	Intermatic Manufacturing
triviaqz2	Professor Trivia (set 2)	1985	Intermatic Manufacturing
triviasp	Trivial Pursuit (All Star Sports Edition)	1984	Bally/Sente
triviayp	Trivial Pursuit (Young Players Edition) (3/29/85)	1984	Bally/Sente
trivquiz	Triv Quiz	1984	Status Games
trivrus	Trivia R Us (v1.07)	2009	AGT
trizeal	Trizeal (Japan) (GDL-0026)	2004	Triangle Service
trktreat	Trick or Treat (7XF5183H04, US)	1996	Aristocrat
troangel	Tropical Angel	1983	Irem
trog	Trog (rev LA5 3/29/91)	1990	Midway
trog3	Trog (rev LA3 2/14/91)	1990	Midway
trog3a	Trog (rev LA3 2/10/91)	1990	Midway
trog4	Trog (rev LA4 3/11/91)	1990	Midway
trogpa4	Trog (prototype, rev 4.00 7/27/90)	1990	Midway
trogpa5	Trog (prototype, rev PA5-PAC 8/28/90)	1990	Midway
trogpa6	Trog (prototype, rev PA6-PAC 9/09/90)	1990	Midway
trojan	Trojan (US set 1)	1986	Capcom
trojana	Trojan (US set 2)	1986	Capcom
trojanb	Trojan (bootleg)	1986	bootleg
trojanj	Tatakai no Banka (Japan)	1986	Capcom
trojanjo	Tatakai no Banka (Japan, old ver.)	1986	Capcom
trojanlt	Trojan (location test)	1986	Capcom
trojanr	Trojan (Romstar, set 1)	1986	Capcom (Romstar license)
trojanra	Trojan (Romstar, set 2)	1986	Capcom (Romstar license)
tron	Tron (8/9)	1982	Bally Midway
tron2	Tron (6/25)	1982	Bally Midway
tron3	Tron (6/17)	1982	Bally Midway
tron4	Tron (6/15)	1982	Bally Midway
tron5	Tron (5/12)	1982	Bally Midway
tronger	Tron (Germany)	1982	Bally Midway
troopy	Troopy (bootleg of Mr. Kougar)	1984	bootleg
tropfrt	Tropical Fruits (V. 24-06.00 Rev. 4.0)	1999	Playmark
trophyh	Trophy Hunting - Bear & Moose V1.00	2002	Sammy USA Corporation
trophyht	Trophy Hunting - Bear & Moose V1.00 (location test)	2002	Sammy USA Corporation
trstar	Top Ranking Stars (Ver 2.1O 1993/05/21) (New Version)	1993	Taito
trstarj	Top Ranking Stars (Ver 2.1J 1993/05/21) (New Version)	1993	Taito
trstaro	Top Ranking Stars (Ver 2.1O 1993/05/21) (Old Version)	1993	Taito
trstaroj	Top Ranking Stars (Ver 2.1J 1993/05/21) (Old Version)	1993	Taito
truckk	Truck Kyosokyoku (US?, TKK2/VER.A)	2000	Metro / Namco
truco	Truco-Tron	198?	Playtronic SRL
trucocl	Truco Clemente	1991	Miky SRL
truxton	Truxton (Europe, US) / Tatsujin (Japan)	1988	Toaplan / Taito
truxton2	Truxton II / Tatsujin Oh	1992	Toaplan
trvgns	Trivia Genius	1985	bootleg
trvhang	Trivia Hangup (version Trivia-1-050185)	1984	SMS Manufacturing Corp.
trvhanga	Trivia Hangup (version Trivia-2-011586)	1984	SMS Manufacturing Corp.
trvmadns	Trivia Madness - Series A Question set	1985	Thunderhead Inc.
trvmadnsa	Trivia Madness - Series B Question set	1985	Thunderhead Inc.
trvmstr	Trivia Master (set 1)	1985	Enerdyne Technologies Inc.
trvmstra	Trivia Master (set 2)	1985	Enerdyne Technologies Inc.
trvmstrb	Trivia Master (set 3)	1985	Enerdyne Technologies Inc.
trvmstrc	Trivia Master (set 4)	1985	Enerdyne Technologies Inc.
trvmstrd	Trivia Master (set 5)	1985	Enerdyne Technologies Inc.
trvquest	Trivia Quest	1984	Techstar / Sunn
trvwz	Trivia ? Whiz (6221-03, U5-0, Rev B question ROMs)	1985	Merit
trvwz2	Trivia ? Whiz Edition 2 (6221-05, Rev A question ROMs)	1985	Merit
trvwz2a	Trivia ? Whiz Edition 2 (6221-05, Original rev Sex trivia ROMs)	1985	Merit
trvwz3	Trivia ? Whiz Edition 3 (6221-05, U5-0D)	1985	Merit
trvwz3a	Trivia ? Whiz Edition 3 (6221-05, U5-0C)	1985	Merit
trvwz3b	Trivia ? Whiz Edition 3 (6221-05, with Sex trivia III)	1985	Merit
trvwz3v	Trivia ? Whiz Edition 3 (6221-04, U5-0E, vertical)	1985	Merit
trvwz4	Trivia ? Whiz Edition 4 (6221-10, U5-0A)	1985	Merit
trvwz4a	Trivia ? Whiz Edition 4 (6221-10, U5-0A, alt Strange But True trivia)	1985	Merit
trvwz4v	Trivia ? Whiz Edition 4 (6221-13, U5-0B, vertical)	1985	Merit
trvwz4va	Trivia ? Whiz Edition 4 (6221-13, U5-0B, vertical, alt Sex trivia)	1985	Merit
trvwza	Trivia ? Whiz (6221-00, Rev A question ROMs)	1985	Merit
trvwzb	Trivia ? Whiz (6221-00, Original rev question ROMs)	1985	Merit
trvwzs	Trivia ? Whiz (6221-00, with Sex trivia)	1985	Merit
trvwzv	Trivia ? Whiz (6221-02, Vertical)	1985	Merit
tryout	Pro Baseball Skill Tryout (Japan)	1985	Data East Corporation
ts2	Battle Arena Toshinden 2 (Europe 951124)	1995	Capcom / Takara
ts2j	Battle Arena Toshinden 2 (Japan 951124)	1995	Capcom / Takara
ts2ja	Battle Arena Toshinden 2 (Japan 951124, 32Mb mask ROMs)	1995	Capcom / Takara
ts2u	Battle Arena Toshinden 2 (USA 951124)	1995	Capcom / Takara
ts2ua	Battle Arena Toshinden 2 (USA 951124, 32Mb mask ROMs)	1995	Capcom / Takara
tsamurai	Samurai Nihon-Ichi (rev 1)	1985	Kaneko / Taito
tsamuraia	Samurai Nihon-Ichi	1985	Kaneko / Taito
tsamuraih	Samurai Nihon-Ichi (bootleg, harder)	1985	bootleg
tshingen	Shingen Samurai-Fighter (Japan, English)	1988	Jaleco
tshingena	Takeda Shingen (Japan, Japanese)	1988	Jaleco
tshoot	Turkey Shoot (prototype)	1984	Williams
tshs	Tiansheng Haoshou (V201CN)	2000	IGS
tst_galx	Galaxian Test ROM	19??	<unknown>
tst_invd	Space Invaders Test ROM	19??	<unknown>
tstrike	Thunder Strike (set 1)	1991	East Coast Coin Company
tstrikea	Thunder Strike (set 2, older)	1991	The Game Room
tsukande	Tsukande Toru Chicchi	1995	Konami
tsupenta	Tsurikko Penta	1991	Konami
tsuribor	Tsuribori Taikai (JAE 980605 V1.000)	1998	Sega
tsurugi	Tsurugi (ver EAB)	2002	Konami
tsurugij	Tsurugi (ver JAC)	2002	Konami
tsururin	Tsururin Kun	1990	Konami
tswxp	Taishan Wuxian Jiaqiang Ban (V101CN)	2006	IGS
ttactoe	Tic Tac Toe (Sundance bootleg of New Lucky 8 Lines)	199?	bootleg (Sundance)
ttchamp	Table Tennis Champions	1995	Gamart
ttchampa	Table Tennis Champions (Palencia Elektronik license)	1995	Gamart (Palencia Elektronik license)
ttfitter	T.T Fitter (Japan)	1981	Taito
ttmahjng	T.T Mahjong	1981	Alpha Denshi Co. (Taito license)
tturf	Tough Turf (set 2, Japan) (8751 317-0104)	1989	Sega / Sunsoft
tturfbl	Tough Turf (Datsu bootleg)	1989	bootleg (Datsu)
tturfu	Tough Turf (set 1, US) (8751 317-0099)	1989	Sega / Sunsoft
tubeit	Tube-It	1993	bootleg
tubep	Tube Panic	1984	Nichibutsu / Fujitek
tubepb	Tube Panic (bootleg)	1984	bootleg
tugboat	Tugboat	1982	Enter-Tech, Ltd.
tumbleb	Tumble Pop (bootleg)	1991	bootleg
tumbleb2	Tumble Pop (bootleg with PIC)	1991	bootleg
tumblep	Tumble Pop (World)	1991	Data East Corporation
tumblepba	Tumble Pop (Playmark bootleg)	1991	bootleg (Playmark)
tumblepj	Tumble Pop (Japan)	1991	Data East Corporation
tunhunt	Tunnel Hunt	1979	Atari
tunhuntc	Tunnel Hunt (Centuri)	1981	Atari (Centuri license)
turbo	Turbo (program 1513-1515)	1981	Sega
turboa	Turbo (encrypted, program 1262-1264)	1981	Sega
turbob	Turbo (encrypted, program 1363-1365 rev C)	1981	Sega
turbobl	Indianapolis (bootleg of Turbo)	1981	bootleg
turboc	Turbo (encrypted, program 1363-1365 rev B)	1981	Sega
turbod	Turbo (encrypted, program 1363-1365 rev A)	1981	Sega
turboe	Turbo (encrypted, program 1363-1365)	1981	Sega
turbofrc	Turbo Force (World, set 1)	1991	Video System Co.
turbofrcj	Turbo Force (Japan)	1991	Video System Co.
turbofrco	Turbo Force (World, set 2)	1991	Video System Co.
turbofrcu	Turbo Force (US, set 1)	1991	Video System Co.
turbofrcua	Turbo Force (US, set 2)	1991	Video System Co.
turbosub	Turbo Sub (prototype rev. TSCA)	1985	Entertainment Sciences
turbosubb8	Turbo Sub (prototype rev. TSB8)	1985	Entertainment Sciences
turbosubc5	Turbo Sub (prototype rev. TSC5)	1985	Entertainment Sciences
turbosubc5s	Turbo Sub (prototype rev. TSC5*)	1985	Entertainment Sciences
turbosubc6	Turbo Sub (prototype rev. TSC6)	1985	Entertainment Sciences
turbosubc7	Turbo Sub (prototype rev. TSC7)	1985	Entertainment Sciences
turbosubc8	Turbo Sub (prototype rev. TSC8)	1985	Entertainment Sciences
turbotag	Turbo Tag (prototype)	1985	Bally Midway
turfmast	Neo Turf Masters / Big Tournament Golf	1996	Nazca
turkhunt	Turkey Hunting USA V1.00	2001	Sammy USA Corporation
turpin	Turpin	1981	Konami (Sega license)
turpinnv	Turpin (Novatronic bootleg)	1981	bootleg (Novatronic)
turpins	Turpin (bootleg on Super Cobra hardware)	1981	bootleg
turrett	Turret Tower - The Enemy Has Arrived	2001	Dell Electronics (Namco license)
turtles	Turtles	1981	Konami (Stern Electronics license)
turtship	Turtle Ship (North America)	1988	Philko (Sharp Image license)
turtshipj	Turtle Ship (Japan)	1988	Philko (Pacific Games license)
turtshipk	Turtle Ship (Korea)	1988	Philko
turtshipkn	Turtle Ship (Korea, 88/9)	1988	Philko
turtshipko	Turtle Ship (Korea, older)	1988	Philko
tutankhm	Tutankham	1982	Konami
tutankhmb	Tutankham (bootleg)	1982	bootleg
tutankhms	Tutankham (Stern Electronics)	1982	Konami (Stern Electronics license)
tutstomb	Tut's Tomb	1996	Island Design
twcup90	Tecmo World Cup '90 (World set 1)	1989	Tecmo
twcup90a	Tecmo World Cup '90 (Europe set 1)	1989	Tecmo
twcup90b	Tecmo World Cup '90 (Europe set 2)	1989	Tecmo
twcup90b1	Euro League (Italian hack of Tecmo World Cup '90, set 1)	1989	bootleg
twcup90b2	Worldcup '90 (hack)	1989	bootleg
twcup90b3	Euro League (Italian hack of Tecmo World Cup '90, set 3)	1989	bootleg
twcup90ba	Euro League (Italian hack of Tecmo World Cup '90, set 2)	1989	bootleg
twcup90bb	World Cup '90 (European hack, different title)	1989	bootleg
twcup90c	Tecmo World Cup '90 (Europe set 3)	1989	Tecmo
twcup90t	Tecmo World Cup '90 (trackball set 1)	1989	Tecmo
twcup94	Tecmo World Cup '94 (set 1)	1994	Tecmo
twcup94a	Tecmo World Cup '94 (set 2)	1994	Tecmo
twcup94b	Tecmo World Cup '94 (set 3)	1994	Tecmo
twcup98	Tecmo World Cup '98 (JUET 980410 V1.000)	1998	Tecmo
twcupmil	Tecmo World Cup Millennium (Japan)	2000	Tecmo
twinactn	Twin Action	1995	Afega
twinadv	Twin Adventure (World)	1995	Barko Corp.
twinadvk	Twin Adventure (Korea)	1995	Barko Corp.
twinbee	TwinBee (ROM version)	1985	Konami
twinbrat	Twin Brats (set 1)	1995	Elettronica Video-Games
twinbrata	Twin Brats (set 2)	1995	Elettronica Video-Games
twinbratb	Twin Brats (set 3)	1995	Elettronica Video-Games
twincobr	Twin Cobra (World)	1987	Toaplan / Taito
twincobru	Twin Cobra (US)	1987	Toaplan / Taito America (Romstar license)
twineag2	Twin Eagle II - The Rescue Mission	1994	Seta
twineagl	Twin Eagle - Revenge Joe's Brother	1988	Seta (Taito license)
twinfalc	Twin Falcons	1989	Philko (Poara Enterprises license)
twinhawk	Twin Hawk (World)	1989	Toaplan / Taito
twinhawku	Twin Hawk (US)	1989	Toaplan / Taito America
twinkle	Twinkle (set 1)	1997	SemiCom / Tirano
twinklea	Twinkle (set 2)	1997	SemiCom / Tirano
twinqix	Twin Qix (Ver 1.0A 1995/01/17, prototype)	1995	Taito America
twins	Twins (newer)	1993	Ecogames
twinsa	Twins (older)	1993	Ecogames
twinsed1	Twins (Electronic Devices license, older)	1994	Ecogames (Electronic Devices license)
twinsed2	Twins (Electronic Devices license, newer)	1994	Ecogames (Electronic Devices license)
twinspri	Twinkle Star Sprites	1996	ADK / SNK
twinsqua	Twin Squash	1991	Sega
twocrude	Two Crude (US FT revision 1)	1990	Data East USA
twocrudea	Two Crude (US FT version)	1990	Data East USA
twotiger	Two Tigers (dedicated)	1984	Bally Midway
twotigerc	Two Tigers (Tron conversion)	1984	Bally Midway
twrshaft	Tower & Shaft	2003	Aruze
twsoc96	Tecmo World Soccer '96	1996	Tecmo
twsoc98	Tecmo World Soccer '98 (JUET 980410 V1.000)	1998	Tecmo
tx1	TX-1 (World)	1983	Tatsumi (Atari/Namco/Taito license)
tx1jb	TX-1 (Japan rev. B)	1983	Tatsumi
tx1jc	TX-1 (Japan rev. C)	1983	Tatsumi
tygn	Te Yi Gong Neng (China, V632C)	1996	IGS
tylz	Tylz (prototype)	1982	Mylstar
typhoon	Typhoon	1987	Konami
uballoon	Ultra Balloon	1996	SunA (Unico license)
uccops	Undercover Cops (World)	1992	Irem
uccopsar	Undercover Cops Alpha: Renewal Version (World)	1992	Irem
uccopsaru	Undercover Cops Alpha: Renewal Version (US)	1992	Irem America
uccopsj	Undercover Cops (Japan)	1992	Irem
uccopsu	Undercover Cops (US)	1992	Irem
uchuuai	Mahjong Uchuu yori Ai wo komete (Japan)	1989	Nichibutsu
ucytokyu	Uchuu Tokkyuu Medalian	1997	Sigma
uecology	Ultimate Ecology (Japan 931203)	1993	Capcom
ufosensi	Ufo Senshi Yohko Chan (MC-8123, 317-0064)	1988	Sega
ufosensib	Ufo Senshi Yohko Chan (bootleg, not encrypted)	1988	bootleg
ujlnow	Um Jammer Lammy NOW! (Japan, UL1/VER.A)	1999	Namco
ukiyobox	Ukiyo Box (Japan, v1.3.7)	1995	Excellent System
ultennis	Ultimate Tennis	1993	Art & Magic
ultennisj	Ultimate Tennis (v 1.4, Japan)	1993	Art & Magic (Banpresto license)
ultracin	Waku Waku Ultraman Racing	1996	Sega
ultrainv	Ultra Invaders	1980	Taito / Konami
ultraman	Ultraman (Japan)	1991	Banpresto / Bandai
ultramhm	Ultra Maru-hi Mahjong (Japan)	1993	Apple
ultratnk	Ultra Tank	1978	Atari (Kee Games)
ultrax	Ultra X Weapons / Ultra Keibitai	1995	Banpresto / Tsuburaya Productions / Seta
ultraxg	Ultra X Weapons / Ultra Keibitai (Gamest review build)	1995	Banpresto / Tsuburaya Productions / Seta
ultrchmp	Se Gye Hweng Dan Ultra Champion (Korea)	1995	Nakanihon
ultrchmph	Cheng Ba Shi Jie - Chao Shi Kong Guan Jun (Taiwan)	1995	Nakanihon
umanclub	Ultraman Club - Tatakae! Ultraman Kyoudai!!	1992	Banpresto
umipoker	Umi de Poker / Marine Paradise (Japan, newer)	1997	World Station Co.,LTD
umipokera	Umi de Poker / Marine Paradise (Japan, older)	1997	World Station Co.,LTD
umk3	Ultimate Mortal Kombat 3 (rev 1.2)	1994	Midway
umk3r10	Ultimate Mortal Kombat 3 (rev 1.0)	1994	Midway
umk3r11	Ultimate Mortal Kombat 3 (rev 1.1)	1994	Midway
unclepoo	Uncle Poo	1983	Diatec
undefeat	Under Defeat (Japan) (GDL-0035)	2005	G.Rev
undoukai	The Undoukai (Japan)	1984	Taito
undrfire	Under Fire (World)	1993	Taito
undrfirej	Under Fire (Japan)	1993	Taito
undrfireu	Under Fire (US)	1993	Taito America
uniwars	UniWar S	1980	Irem
uniwarsa	UniWar S (bootleg)	1980	bootleg (Karateco)
unk1682	unknown VT1682-based 101-in-1 handheld (PAL)	200?	<unknown>
unkch1	New Cherry Gold '99 (bootleg of Super Cherry Master) (set 1)	1999	bootleg
unkch2	Super Cherry Gold (bootleg of Super Cherry Master)	1999	bootleg
unkch3	New Cherry Gold '99 (bootleg of Super Cherry Master) (set 2)	1999	bootleg
unkch4	Grand Cherry Master (bootleg of Super Cherry Master)	1999	bootleg
unkicpf40	ICP F40 poker (137 Fever, 10 bet)	198?	<unknown>
unkicpf80	ICP F80 poker (137 Fever, 50 bet)	198?	<unknown>
unkitpkr	unknown Italian poker game	198?	<unknown>
unkpacg	unknown 'Pac-Man' gambling game (set 1)	199?	<unknown>
unkpacga	Pucman	199?	IDI SRL
unkpacgb	unknown 'Pac-Man' gambling game (set 2)	199?	<unknown>
unkpacgc	Coco Louco	1988	<unknown>
unkpacgd	unknown 'Pac Man with cars' gambling game	1988	<unknown>
unksig	unknown 'Space Invaders' gambling game (encrypted, set 1)	199?	<unknown>
unksiga	unknown 'Space Invaders' gambling game (encrypted, set 2)	199?	<unknown>
unksigb	unknown 'Space Invaders' gambling game (unencrypted)	199?	<unknown>
unsquad	U.N. Squadron (USA)	1989	Capcom
untoucha	Untouchable (Ver. 2.10)	1987	Dynax
uopoko	Puzzle Uo Poko (World)	1998	Cave (Jaleco license)
uopokoj	Puzzle Uo Poko (Japan)	1998	Cave (Jaleco license)
upndown	Up'n Down (315-5030)	1983	Sega
upndownu	Up'n Down (not encrypted)	1983	Sega
upscope	Up Scope	1986	Grand Products
upyoural	Up Your Alley	1987	Cinematronics
urachamu	Urachacha Mudaeri (Korea)	2002	GamToU
urashima	Otogizoushi Urashima Mahjong (Japan)	1989	UPL
usagi	Usagi (V2.02J 2001/10/02 12:41:19)	2001	Warashi / Mahjong Kobo / Taito
usagiym	Usagi - Yamashiro Mahjong Hen (Japan) (GDL-0022)	2003	Warashi / Mahjong Kobo / Taito
usclssic	U.S. Classic	1989	Seta
usg182	Games V18.2	1989	U.S. Games, Inc.
usg185	Games V18.5	1990	U.S. Games, Inc.
usg187c	Games V18.7C	1991	U.S. Games, Inc.
usg211c	Games V21.1C	1991	U.S. Games, Inc.
usg251	Games V25.1	1991	U.S. Games, Inc.
usg32	Super Duper Casino (California V3.2)	1987	U.S. Games, Inc.
usg82	Super Ten V8.2	1988	U.S. Games, Inc.
usg83x	Super Ten V8.3X	1988	U.S. Games, Inc.
usgames	Games V25.4X	1992	U.S. Games, Inc.
usvsthem	Us vs. Them	1984	Mylstar
utoukond	Ultra Toukon Densetsu (Japan)	1993	Banpresto
v4dealem	Deal 'Em (MPU4 Conversion Kit, v7.0)	1987	Zenitone
valkyrie	Valkyrie no Densetsu (Japan)	1989	Namco
valtric	Valtric	1986	NMK (Jaleco license)
vamphalf	Vamf x1/2 (Europe, version 1.1.0908)	1999	Danbi / F2 System
vamphalfk	Vamp x1/2 (Korea, version 1.1.0908)	1999	Danbi / F2 System
vamphalfr1	Vamf x1/2 (Europe, version 1.0.0903)	1999	Danbi / F2 System
vampire	Vampire (prototype?)	1983	Entertainment Enterprises, Ltd.
vampj	Vampire: The Night Warriors (Japan 940705)	1994	Capcom
vampja	Vampire: The Night Warriors (Japan 940705 alt)	1994	Capcom
vampjr1	Vampire: The Night Warriors (Japan 940630)	1994	Capcom
vandyke	Vandyke (Japan)	1990	UPL
vandykeb	Vandyke (bootleg with PIC16c57)	1990	bootleg
vandykejal	Vandyke (Jaleco, set 1)	1990	UPL (Jaleco license)
vandykejal2	Vandyke (Jaleco, set 2)	1990	UPL (Jaleco license)
vangrd2	Vanguard II	1984	SNK
vanguard	Vanguard (SNK, set 1)	1981	SNK
vanguarda	Vanguard (SNK, set 2)	1981	SNK
vanguardc	Vanguard (Centuri)	1981	SNK (Centuri license)
vanguardg	Vanguard (Germany)	1981	SNK
vanguardj	Vanguard (Japan)	1981	SNK
vanilla	Mahjong Vanilla Syndrome (Japan)	1991	Nichibutsu
vanvan	Van-Van Car	1983	Sanritsu
vanvanb	Van-Van Car (Karateco, set 2)	1983	Sanritsu (Karateco license?)
vanvank	Van-Van Car (Karateco, set 1)	1983	Sanritsu (Karateco license?)
vaportra	Vapor Trail - Hyper Offence Formation (World revision 1)	1989	Data East Corporation
vaportra3	Vapor Trail - Hyper Offence Formation (World revision 3?)	1989	Data East Corporation
vaportrau	Vapor Trail - Hyper Offence Formation (US)	1989	Data East USA
vaportrx	Vapor TRX (GUTS Jul 2 1998 / MAIN Jul 18 1998)	1998	Atari Games
vaportrxp	Vapor TRX (GUTS Apr 10 1998 / MAIN Apr 10 1998)	1998	Atari Games
varth	Varth: Operation Thunderstorm (World 920714)	1992	Capcom
varthb	Varth: Operation Thunderstorm (bootleg, set 1)	1992	bootleg
varthb2	Varth: Operation Thunderstorm (bootleg, set 2)	1992	bootleg
varthj	Varth: Operation Thunderstorm (Japan 920714)	1992	Capcom
varthjr	Varth: Operation Thunderstorm (Japan Resale Ver. 920714)	1992	Capcom
varthr1	Varth: Operation Thunderstorm (World 920612)	1992	Capcom
varthu	Varth: Operation Thunderstorm (USA 920612)	1992	Capcom (Romstar license)
vasara	Vasara	2000	Visco
vasara2	Vasara 2 (set 1)	2001	Visco
vasara2a	Vasara 2 (set 2)	2001	Visco
vastar	Vastar (set 1)	1983	Orca (Sesame Japan license)
vastar2	Vastar (set 2)	1983	Orca (Sesame Japan license)
vastar3	Vastar (set 3)	1983	Orca (Sesame Japan license)
vastar4	Vastar (set 4)	1983	Orca (Sesame Japan license)
vathlete	Virtua Athletics / Virtua Athlete (GDS-0019)	2001	Sega
vathletep	Virtua Athletics / Virtua Athlete (prototype)	2001	Sega
vautour	Vautour (bootleg of Phoenix) (8085A CPU)	1980	bootleg (Jeutel)
vautourz	Vautour (bootleg of Phoenix) (Z80 CPU)	1980	bootleg
vautourza	Vautour (bootleg of Phoenix) (Z80 CPU, single PROM)	1980	bootleg (Jeutel)
vball	U.S. Championship V'ball (US)	1988	Technos Japan
vball2pj	U.S. Championship V'ball (Japan)	1988	Technos Japan
vball2pjb	U.S. Championship V'ball (bootleg of Japan set)	1988	bootleg
vballb	U.S. Championship V'ball (bootleg of US set)	1988	bootleg
vblokbrk	VS Block Breaker (Europe)	1997	Kaneko / Mediaworks
vblokbrka	VS Block Breaker (Asia)	1997	Kaneko / Mediaworks
vbowl	Virtua Bowling (World, V101XCM)	1996	IGS
vbowlhk	Virtua Bowling (Hong Kong, V101HJS)	1996	IGS / Tai Tin Amusement
vbowlj	Virtua Bowling (Japan, V100JCM)	1996	IGS / Alta
vcarn	Video Carnival 1999 / Super Royal Card (Version 0.11)	1998?	Electronic Projects
vcircle	Vicious Circle (prototype)	1996	Atari Games
vcop	Virtua Cop (Revision B)	1994	Sega
vcop2	Virtua Cop 2	1995	Sega
vcopa	Virtua Cop (Revision A)	1994	Sega
vegasfst	Royal Vegas Joker Card (fast deal)	1993	Soft Design
vegasfte	Royal Vegas Joker Card (fast deal, English gfx)	1993	Soft Design
vegasmil	Royal Vegas Joker Card (fast deal, Mile)	1993	Mile
vegasslw	Royal Vegas Joker Card (slow deal)	1993	Fun World
vendetta	Vendetta (World, 4 Players, ver. T)	1991	Konami
vendetta2pd	Vendetta (Asia, 2 Players, ver. D)	1991	Konami
vendetta2peba	Vendetta (World, 2 Players, ver. EB-A?)	1991	Konami
vendetta2pp	Crime Fighters 2 (Japan, 2 Players, ver. P)	1991	Konami
vendetta2pu	Vendetta (Asia, 2 Players, ver. U)	1991	Konami
vendetta2pun	Vendetta (World, 2 Players, ver. ?)	1991	Konami
vendetta2pw	Vendetta (World, 2 Players, ver. W)	1991	Konami
vendettan	Crime Fighters 2 (Japan, 4 Players, ver. N)	1991	Konami
vendettar	Vendetta (US, 4 Players, ver. R)	1991	Konami
vendettaun	Vendetta (World, 4 Players, ver. ?)	1991	Konami
vendettaz	Vendetta (Asia, 4 Players, ver. Z)	1991	Konami
venom	Venom & Spider-Man - Separation Anxiety (SNES bootleg)	1997	bootleg
venture	Venture (version 5 set 1)	1981	Exidy
venture4	Venture (version 4)	1981	Exidy
venture5a	Venture (version 5 set 2)	1981	Exidy
venture5b	Venture (version 5 set 2, bootleg)	1981	bootleg
venus	Venus (bootleg of Gyruss)	1983	bootleg
verbena	Verbena (bootleg of Carnival)	1980	bootleg (Cocamatic)
vf	Virtua Fighter	1993	Sega
vf2	Virtua Fighter 2 (Version 2.1)	1994	Sega
vf2a	Virtua Fighter 2 (Revision A)	1994	Sega
vf2b	Virtua Fighter 2 (Revision B)	1994	Sega
vf2o	Virtua Fighter 2	1994	Sega
vfive	V-Five (Japan)	1993	Toaplan
vfkids	Virtua Fighter Kids (JUET 960319 V0.000)	1996	Sega
vformula	Virtua Formula	1993	Sega
vfremix	Virtua Fighter Remix (JUETBKAL 950428 V1.000)	1995	Sega
vgoalsoc	V Goal Soccer (Europe)	1994	Tecmo
vgoalsoca	V Goal Soccer (US/Japan/Korea)	1994	Tecmo
vhunt2	Vampire Hunter 2: Darkstalkers Revenge (Japan 970929)	1997	Capcom
vhunt2d	Vampire Hunter 2: Darkstalkers Revenge (Japan 970913 Phoenix Edition) (bootleg)	1997	bootleg
vhunt2r1	Vampire Hunter 2: Darkstalkers Revenge (Japan 970913)	1997	Capcom
vhuntj	Vampire Hunter: Darkstalkers' Revenge (Japan 950316)	1995	Capcom
vhuntjr1	Vampire Hunter: Darkstalkers' Revenge (Japan 950307)	1995	Capcom
vhuntjr1s	Vampire Hunter: Darkstalkers' Revenge (Japan 950307 stop version)	1995	Capcom
vhuntjr2	Vampire Hunter: Darkstalkers' Revenge (Japan 950302)	1995	Capcom
victlap	Ace Driver: Victory Lap (World, ADV2 Ver.B)	1996	Namco
victlapa	Ace Driver: Victory Lap (World, ADV2)	1996	Namco
victlapj	Ace Driver: Victory Lap (Japan, ADV1 Ver.C)	1996	Namco
victnine	Victorious Nine	1984	Taito
victor21	Victor 21	1990	Subsino / Buffy
victor5	Victor 5	1991	Subsino / Buffy
victor5a	G.E.A.	1991	Subsino
victor6	Victor 6 (v2.3N)	1995	American Alpha
victor6a	Victor 6 (v2.3)	1995	American Alpha
victor6b	Victor 6 (v1.2)	1995	American Alpha
victorba	Victor Banana	1982	Exidy
victory	Victory	1982	Exidy
victoryc	Victory (Comsoft)	1982	Comsoft
victorycb	Victory (Comsoft) (bootleg)	1982	bootleg
victroad	Victory Road	1986	SNK
videight	Video Eight	2001	Macro
video21	Video 21	1980?	Video Games GmbH
videocba	Video Cordoba	1987	InterFlip
videodad	Video Dado	1987	InterFlip
videomat	Videomat (Polish bootleg)	1990	bootleg
videopin	Video Pinball (16 PROMs version)	1979	Atari
videopina	Video Pinball (4 ROMs version)	1979	Atari
videopkr	Video Poker	1984	InterFlip
videtrna	Videotron Poker (normal controls)	198?	<unknown>
videtron	Videotron Poker (cards selector, set 1)	198?	<unknown>
videtron2	Videotron Poker (cards selector, set 2)	198?	<unknown>
vidvince	Video Vince and the Game Factory (prototype)	1984	Mylstar
viewpoin	Viewpoint	1992	Sammy / Aicom
viewpoinp	Viewpoint (prototype)	1992	Sammy / Aicom
vigilant	Vigilante (World, Rev E)	1988	Irem
vigilanta	Vigilante (World, Rev A)	1988	Irem
vigilantb	Vigilante (US, Rev B)	1988	Irem (Data East license)
vigilantbl	Vigilante (bootleg)	1988	bootleg
vigilantc	Vigilante (World, Rev C)	1988	Irem
vigilantd	Vigilante (Japan, Rev D)	1988	Irem
vigilantg	Vigilante (US, Rev G)	1988	Irem (Data East license)
vigilanto	Vigilante (US)	1988	Irem (Data East license)
vimana	Vimana (World, rev A)	1991	Toaplan
vimanaj	Vimana (Japan)	1991	Toaplan
vimanan	Vimana (World)	1991	Toaplan
vindctr2	Vindicators Part II (rev 3)	1988	Atari Games
vindctr2r1	Vindicators Part II (rev 1)	1988	Atari Games
vindctr2r2	Vindicators Part II (rev 2)	1988	Atari Games
vindictr	Vindicators (rev 5)	1988	Atari Games
vindictr1	Vindicators (rev 1)	1988	Atari Games
vindictr2	Vindicators (rev 2)	1988	Atari Games
vindictr4	Vindicators (rev 4)	1988	Atari Games
vindictre	Vindicators (Europe, rev 5)	1988	Atari Games
vindictre3	Vindicators (Europe, rev 3)	1988	Atari Games
vindictre4	Vindicators (Europe, rev 4)	1988	Atari Games
vindictrg	Vindicators (German, rev 1)	1988	Atari Games
viofight	Violence Fight (World)	1989	Taito
viofightj	Violence Fight (Japan)	1989	Taito
viofightu	Violence Fight (US)	1989	Taito America
viostorm	Violent Storm (ver EAC)	1993	Konami
viostorma	Violent Storm (ver AAC)	1993	Konami
viostormab	Violent Storm (ver AAB)	1993	Konami
viostormabbl	Violent Storm (ver AAB, bootleg)	1993	bootleg
viostormeb	Violent Storm (ver EAB)	1993	Konami
viostormj	Violent Storm (ver JAC)	1993	Konami
viostormu	Violent Storm (ver UAC)	1993	Konami
viostormub	Violent Storm (ver UAB)	1993	Konami
viostormubbl	Violent Storm (ver UAB, bootleg)	1993	bootleg (Eye Pro)
vipclub	Vip Club - Maru-hi Ippatsu Kaihou (Japan 880310)	1988	Daiichi Denshi
viper	Viper (rev 3)	1988	Leland Corporation
viprp1	Viper Phase 1 (New Version, World)	1995	Seibu Kaihatsu
viprp1h	Viper Phase 1 (New Version, Holland)	1995	Seibu Kaihatsu
viprp1hk	Viper Phase 1 (Hong Kong)	1995	Seibu Kaihatsu (Metrotainment license)
viprp1j	Viper Phase 1 (New Version, Japan)	1995	Seibu Kaihatsu
viprp1k	Viper Phase 1 (New Version, Korea)	1995	Seibu Kaihatsu (Dream Island license)
viprp1oj	Viper Phase 1 (Japan)	1995	Seibu Kaihatsu
viprp1ot	Viper Phase 1 (Germany)	1995	Seibu Kaihatsu (Tuning license)
viprp1pt	Viper Phase 1 (New Version, Portugal)	1995	Seibu Kaihatsu
viprp1s	Viper Phase 1 (New Version, Switzerland)	1995	Seibu Kaihatsu
viprp1t	Viper Phase 1 (New Version, Germany)	1995	Seibu Kaihatsu (Tuning license)
viprp1u	Viper Phase 1 (New Version, US set 1)	1995	Seibu Kaihatsu (Fabtek license)
viprp1ua	Viper Phase 1 (New Version, US set 2)	1995	Seibu Kaihatsu (Fabtek license)
virnba	Virtua NBA (USA)	2000	Sega
virnbapa	Virtua NBA (prototype, 15.11)	1999	Sega
virtpool	Virtual Pool	1998	Incredible Technologies
vitaminc	Mahjong Vitamin C (Japan)	1989	Home Data
vivdolls	Vivid Dolls	1998	Visco
vliner	V-Liner (v0.7a)	2001	Dyna / BrezzaSoft
vliner53	V-Liner (v0.53)	2001	Dyna / BrezzaSoft
vliner54	V-Liner (v0.54)	2001	Dyna / BrezzaSoft
vliner6e	V-Liner (v0.6e)	2001	Dyna / BrezzaSoft
vliner7e	V-Liner (v0.7e)	2001	Dyna / BrezzaSoft
vmahjong	Virtual Mahjong (J 961214 V1.000)	1997	Micronet
vmetal	Varia Metal	1995	Excellent System
vmetaln	Varia Metal (New Ways Trading Co.)	1995	Excellent System (New Ways Trading Co. license)
volfied	Volfied (World, rev 1)	1989	Taito
volfiedj	Volfied (Japan, rev 1)	1989	Taito
volfiedjo	Volfied (Japan)	1989	Taito
volfiedo	Volfied (World)	1989	Taito
volfiedu	Volfied (US, rev 1)	1989	Taito America
volfieduo	Volfied (US)	1989	Taito America
von	Cyber Troopers Virtual-On - Twin (Export)	1995	Sega
von2	Cyber Troopers Virtual-On: Oratorio Tangram (Revision B)	1998	Sega
von254g	Cyber Troopers Virtual-On: Oratorio Tangram M.S.B.S. ver 5.4	1998	Sega
von2a	Cyber Troopers Virtual-On: Oratorio Tangram (Revision A)	1998	Sega
von2o	Cyber Troopers Virtual-On: Oratorio Tangram	1998	Sega
vonj	Cyber Troopers Virtual-On - Twin (Japan, Revision B)	1995	Sega
vonot	Cyber Troopers Virtual-On: Oratorio Tangram M.S.B.S. ver 5.66 2000 Edition	2000	Sega
vonu	Cyber Troopers Virtual-On - Twin (USA, Revision B)	1995	Sega
vortex	Vortex	1980	Zilec Electronics
vparadis2	Victory Paradise II (V9)	2005	Paradise
vpoker	Challenger Draw Poker	198?	Videotronics, Inc.
vpool	Video Pool (bootleg on Moon Cresta hardware)	1981	bootleg
vr	Virtua Racing	1992	Sega
vroulet	Vegas Roulette	1989	World Game
vs10yard	Vs 10-Yard Fight (World, 11/05/84)	1984	Irem
vs10yardj	Vs 10-Yard Fight (Japan)	1984	Irem
vs10yardu	Vs 10-Yard Fight (US, Taito license)	1984	Irem (Taito license)
vs2	Virtua Striker 2 (Step 2.0, Export, USA)	1997	Sega
vs215	Virtua Striker 2 (Step 1.5, Export, USA)	1997	Sega
vs215o	Virtua Striker 2 (Step 1.5, Japan, test/debug?)	1997	Sega
vs2_2k	Virtua Striker 2 Ver. 2000 (Rev C)	1999	Sega
vs2_2ko	Virtua Striker 2 Ver. 2000	1999	Sega
vsav	Vampire Savior: The Lord of Vampire (Europe 970519)	1997	Capcom
vsav2	Vampire Savior 2: The Lord of Vampire (Japan 970913)	1997	Capcom
vsav2d	Vampire Savior 2: The Lord of Vampire (Japan 970913 Phoenix Edition) (bootleg)	1997	bootleg
vsava	Vampire Savior: The Lord of Vampire (Asia 970519)	1997	Capcom
vsavb	Vampire Savior: The Lord of Vampire (Brazil 970519)	1997	Capcom
vsavd	Vampire Savior: The Lord of Vampire (Europe 970519 Phoenix Edition) (bootleg)	1997	bootleg
vsavh	Vampire Savior: The Lord of Vampire (Hispanic 970519)	1997	Capcom
vsavj	Vampire Savior: The Lord of Vampire (Japan 970519)	1997	Capcom
vsavu	Vampire Savior: The Lord of Vampire (USA 970519)	1997	Capcom
vsbball	Vs. Baseball (US, set BA E-1)	1984	Nintendo of America
vsbballj	Vs. Baseball (Japan, set BA A-3)	1984	Nintendo Co., Ltd.
vsbballja	Vs. Baseball (Japan, set BA A-2)	1984	Nintendo Co., Ltd.
vsbballjb	Vs. Baseball (Japan, set BA A-1)	1984	Nintendo Co., Ltd.
vscaptfl	Vs. Super Captain Flag (Japan)	1993	Jaleco
vscompmj	VS Computer Mahjong	1981	Nichibutsu
vsfdf	Vs. Freedom Force	1988	Sunsoft
vsgongf	VS Gong Fight	1984	Kaneko
vsgradus	Vs. Gradius (US, set GR E)	1986	Konami
vsgshoe	Vs. Gumshoe (set GM5)	1986	Nintendo
vshoot	J-League Soccer V-Shoot (Japan)	1994	Namco
vsmahjng	Vs. Mahjong (Japan)	1984	Nintendo Co., Ltd.
vsmjtria	VS Mahjong Triangle	1986	Dyna
vsnetscr	Versus Net Soccer (ver EAD)	1996	Konami
vsnetscra	Versus Net Soccer (ver AAA)	1996	Konami
vsnetscreb	Versus Net Soccer (ver EAB)	1996	Konami
vsnetscrj	Versus Net Soccer (ver JAB)	1996	Konami
vsnetscru	Versus Net Soccer (ver UAB)	1996	Konami
vspinbal	Vs. Pinball (US, set PN4 E-1)	1984	Nintendo
vspinbalj	Vs. Pinball (Japan, set PN3 B)	1984	Nintendo Co., Ltd.
vsskykid	Vs. Super SkyKid	1985	Namco
vsslalom	Vs. Slalom	1986	Rare Coin-It Inc.
vssoccer	Vs. Soccer (set SC4-2 A)	1985	Nintendo
vssoccera	Vs. Soccer (set SC4-3 ?)	1985	Nintendo
vstennis	Vs. Tennis (Japan/USA, set TE A-3)	1984	Nintendo Co., Ltd.
vstennisa	Vs. Tennis (Japan/USA, set 2)	1984	Nintendo Co., Ltd.
vstennisb	Vs. Tennis (Japan/USA, set 3)	1984	Nintendo Co., Ltd.
vstetris	Vs. Tetris	1987	Academysoft-Elorg
vstriker	Virtua Striker (Revision A)	1994	Sega
vstrikero	Virtua Striker	1994	Sega
vtenis2c	Virtua Tennis 2 / Power Smash 2 (Rev A)	2001	Sega
vtennis2	Virtua Tennis 2 / Power Smash 2 (Rev A) (GDS-0015A)	2001	Sega
vueloesp	Vuelo Espacial (Spanish bootleg of UniWar S)	1980	bootleg (Centromatic)
vulcan	Vulcan Venture (new)	1988	Konami
vulcana	Vulcan Venture (old)	1988	Konami
vulcanb	Vulcan Venture (older)	1988	Konami
vulgus	Vulgus (set 1)	1984	Capcom
vulgusa	Vulgus (set 2)	1984	Capcom
vulgusj	Vulgus (Japan?)	1984	Capcom
wacko	Wacko	1982	Bally Midway
waidrive	WaiWai Drive	2005	MOSS / Sammy
waijockey	Wai Wai Jockey	1993	Konami
wakuwak7	Waku Waku 7	1996	Sunsoft
wallc	Wall Crash (set 1)	1984	Midcoin
wallca	Wall Crash (set 2)	1984	Midcoin
wallst	Wall Street	1982	Century Electronics
wanted	Wanted	1984	Sigma Enterprises Inc.
wantouch	Wantouchable	2003	Sammy
wantsega	Wanted (Sega)	1982	Sega
warahana	Warai no Hana Tenshi (Japan)	1991	Dynax
warcadia	Waga Seishun no Arcadia	1982	Sigma Enterprises Inc.
wardner	Wardner (World)	1987	Toaplan / Taito
wardnerb	Wardner (World, bootleg)	1987	bootleg
wardnerj	Wardner no Mori (Japan)	1987	Toaplan / Taito
wardnerjb	Wardner no Mori (Japan, bootleg)	1987	bootleg
warfa	War: Final Assault (GUTS 1.3 Apr 20 1999, GAME Apr 20 1999)	1999	Atari Games
warfaa	War: Final Assault (GUTS 1.1 Mar 16 1999, GAME Mar 16 1999)	1999	Atari Games
warfab	War: Final Assault (GUTS 1.3 Mar 25 1999, GAME Mar 23 1999)	1999	Atari Games
wargods	War Gods (HD 10/09/1996 - Dual Resolution)	1995	Midway
wargodsa	War Gods (HD 08/15/1996)	1995	Midway
wargodsb	War Gods (HD 12/11/1995)	1995	Midway
warlords	Warlords	1980	Atari
warofbug	War of the Bugs or Monsterous Manouvers in a Mushroom Maze	1981	Armenia / Food and Fun Corp
warofbugu	War of the Bugs or Monsterous Manouvers in a Mushroom Maze (US)	1981	Armenia / Super Video Games
warp1	Warp-1 (Japan)	1979	Sun Electronics
warp1bl	Warp-1 (Japan, bootleg)	1979	bootleg (Igleck)
warp1t	Warp-1 (Japan, Taito license)	1979	Sun Electronics (Taito license)
warpsped	Warp Speed (prototype)	1979?	Meadows Games, Inc.
warpwarp	Warp & Warp	1981	Namco
warpwarpr	Warp Warp (Rock-Ola set 1)	1981	Namco (Rock-Ola license)
warpwarpr2	Warp Warp (Rock-Ola set 2)	1981	Namco (Rock-Ola license)
warrior	Warrior	1979	Vectorbeam
warriorb	Warrior Blade - Rastan Saga Episode III (Japan)	1991	Taito
warzard	Warzard (Japan 961121)	1996	Capcom
warzardr1	Warzard (Japan 961023)	1996	Capcom
wasafari	Wanpaku Safari (J 981109 V1.000)	1998	Sega
waterski	Water Ski	1983	Taito
watrball	Water Balls	1996	ABM
waverunr	Wave Runner (Japan, Revision A)	1996	Sega
waveshrk	Wave Shark (UAB, USA v1.04)	1996	Konami
wb3	Wonder Boy III - Monster Lair (set 6, World, System 16B) (8751 317-0098)	1988	Sega / Westone
wb31	Wonder Boy III - Monster Lair (set 1, Japan, System 16A) (FD1094 317-0084)	1988	Sega / Westone
wb31d	Wonder Boy III - Monster Lair (set 1, Japan, System 16A) (bootleg of FD1094 317-0084 set)	1988	bootleg
wb32	Wonder Boy III - Monster Lair (set 2, Japan, System 16B) (FD1094 317-0085)	1988	Sega / Westone
wb32d	Wonder Boy III - Monster Lair (set 2, Japan, System 16B) (bootleg of FD1094 317-0085 set)	1988	bootleg
wb33	Wonder Boy III - Monster Lair (set 3, World, System 16B) (FD1094 317-0089)	1988	Sega / Westone
wb33d	Wonder Boy III - Monster Lair (set 3, World, System 16B) (bootleg of FD1094 317-0089 set)	1988	bootleg
wb34	Wonder Boy III - Monster Lair (set 4, Japan, System 16B) (FD1094 317-0087)	1988	Sega / Westone
wb34d	Wonder Boy III - Monster Lair (set 4, Japan, System 16B) (bootleg of FD1094 317-0087 set)	1988	bootleg
wb35	Wonder Boy III - Monster Lair (set 5, Japan, System 16A) (FD1089A 317-0086)	1988	Sega / Westone
wb35d	Wonder Boy III - Monster Lair (set 5, Japan, System 16A) (bootleg of FD1089A 317-0086 set)	1988	bootleg
wb3bbl	Wonder Boy III - Monster Lair (bootleg)	1988	bootleg
wbbc97	Beach Festival World Championship 1997	1997	Comad
wbdeluxe	Wonder Boy Deluxe	1986	hack (Vision Electronics)
wbeachvl	World Beach Volley (set 1, PIC16C57 audio CPU)	1995	Playmark
wbeachvl2	World Beach Volley (set 2)	1995	Playmark
wbeachvl3	World Beach Volley (set 3)	1995	Playmark
wbeachvla	World Beach Volley (set 1, S87C751 audio CPU)	1995	Playmark
wbml	Wonder Boy: Monster Land (Japan New Ver., MC-8123, 317-0043)	1987	Sega / Westone
wbmlb	Wonder Boy: Monster Land (English bootleg set 1)	1987	bootleg
wbmlb2	Wonder Boy: Monster Land (English bootleg set 4)	1987	bootleg
wbmlbg	Wonder Boy: Monster Land (English bootleg set 2)	1987	bootleg (Galaxy Electronics)
wbmlbge	Wonder Boy: Monster Land (English bootleg set 3)	1987	bootleg (Gecas)
wbmld	Wonder Boy: Monster Land (decrypted bootleg of Japan New Ver., MC-8123, 317-0043)	1987	bootleg (mpatou)
wbmlh	Wonder Boy: Monster Land (English, difficulty hack)	1987	bootleg
wbmljb	Wonder Boy: Monster Land (Japan bootleg)	1987	bootleg
wbmljo	Wonder Boy: Monster Land (Japan Old Ver., MC-8123, 317-0043)	1987	Sega / Westone
wbmljod	Wonder Boy: Monster Land (decrypted bootleg of Japan Old Ver., MC-8123, 317-0043)	1987	bootleg (mpatou)
wbmlvc	Wonder Boy: Monster Land (English, Virtual Console)	2009	Sega
wbmlvcd	Wonder Boy: Monster Land (decrypted bootleg of English, Virtual Console release)	2009	bootleg (mpatou)
wboy	Wonder Boy (set 1, 315-5177)	1986	Escape (Sega license)
wboy2	Wonder Boy (set 2, 315-5178)	1986	Escape (Sega license)
wboy2u	Wonder Boy (set 2, not encrypted)	1986	Escape (Sega license)
wboy3	Wonder Boy (set 3, 315-5135)	1986	Escape (Sega license)
wboy4	Wonder Boy (315-5162, 4-D Warriors Conversion)	1986	Escape (Sega license)
wboy5	Wonder Boy (set 5, bootleg)	1986	bootleg
wboy6	Wonder Boy (set 6, 315-5179)	1986	Escape (Sega license)
wboyblt	Wonder Boy (Tecfri bootleg)	1986	bootleg (Tecfri)
wboyo	Wonder Boy (set 2, 315-5135)	1986	Escape (Sega license)
wboysys2	Wonder Boy (system 2, set 1, 315-5177)	1986	Escape (Sega license)
wboysys2a	Wonder Boy (system 2, set 2, 315-5176)	1986	Escape (Sega license)
wboyu	Wonder Boy (prototype?)	1986	Escape (Sega license)
wboyub	Wonder Boy (US bootleg)	1986	bootleg
wcat	Wild Cat	1992	Excel
wcat3	Wild Cat 3	1995	E.A.I.
wcat3a	Wild Cat S (CMV4 hardware)	1993	E.A.I.
wcatcher	Mahjong Wakuwaku Catcher (Japan)	1993	Nichibutsu
wcbowl	World Class Bowling (v1.66)	1995	Incredible Technologies
wcbowl10	World Class Bowling (v1.0)	1995	Incredible Technologies
wcbowl11	World Class Bowling (v1.1)	1995	Incredible Technologies
wcbowl12	World Class Bowling (v1.2)	1995	Incredible Technologies
wcbowl13	World Class Bowling (v1.3)	1995	Incredible Technologies
wcbowl130	World Class Bowling Tournament (v1.30)	1997	Incredible Technologies
wcbowl13j	World Class Bowling (v1.3J, Japan)	1995	Incredible Technologies (Excellent System Ltd. license)
wcbowl14	World Class Bowling (v1.4)	1995	Incredible Technologies
wcbowl140	World Class Bowling Tournament (v1.40)	1997	Incredible Technologies
wcbowl15	World Class Bowling (v1.5)	1995	Incredible Technologies
wcbowl16	World Class Bowling (v1.6)	1995	Incredible Technologies
wcbowl161	World Class Bowling (v1.61)	1995	Incredible Technologies
wcbowl165	World Class Bowling (v1.65)	1995	Incredible Technologies
wcbowldx	World Class Bowling Deluxe (v2.00)	1999	Incredible Technologies
wcherry	Win Cherry (ver 0.16 - 19990219)	2001	Videostar
wcircus	Wonder Circus (Japan, v1.1.1)	199?	Cobra
wcvol95	World Cup Volleyball '95 (Asia Ver. 1.0)	1995	Data East Corporation
wcvol95j	World Cup Volleyball '95 (Japan Ver. 1.0)	1995	Data East Corporation
wcvol95x	World Cup Volleyball '95 Extra Version (Asia Ver. 2.0B)	1995	Data East Corporation
wecleman	WEC Le Mans 24 (v2.01)	1986	Konami
weclemana	WEC Le Mans 24 (v2.00)	1986	Konami
weclemanb	WEC Le Mans 24 (v2.00, hack)	1988	hack
weclemanc	WEC Le Mans 24 (v1.26)	1986	Konami
weddingr	Wedding Rhapsody (GX624 JAA)	1997	Konami
welltris	Welltris (World?, 2 players)	1991	Video System Co.
welltrisj	Welltris (Japan, 2 players)	1991	Video System Co.
westgun2	Western Gun Part II	1980	Nintendo (Taito Corporation license)
weststry	West Story (bootleg of Blood Bros., set 1)	1990	bootleg (Datsu)
weststrya	West Story (bootleg of Blood Bros., set 2)	1990	bootleg (Datsu)
westvent	Western Venture (Ver. AA.02.D)	2008	Astro Corp.
westvent_aa01b	Western Venture (Ver. AA.01.B)	2006	Astro Corp.
westvent_aa02e	Western Venture (Ver. AA.02.E)	2008	Astro Corp.
wexpress	Western Express (Japan, rev 4)	1986	Data East Corporation
wexpressb1	Western Express (bootleg set 1)	1986	bootleg
wexpressb2	Western Express (bootleg set 2)	1986	bootleg
wexpressb3	Western Express (bootleg set 3)	1986	bootleg
wfishing	Wanpaku Fishing	1996	Sega
wfortune	Wheel Of Fortune (set 1)	1989	GameTek
wfortunea	Wheel Of Fortune (set 2)	1989	GameTek
wg3dh	Wayne Gretzky's 3D Hockey (ver 1.3)	1996	Atari Games
wg3dhfe	Wayne Gretzky's 3D Hockey Fatality Edition (prototype)	1996	Atari Games
wgp	WGP: Real Race Feeling (World)	1989	Taito
wgp2	WGP 2: Real Race Feeling (World)	1990	Taito
wgp2j	WGP 2: Real Race Feeling (Japan)	1990	Taito
wgpj	WGP: Real Race Feeling (Japan)	1989	Taito
wgpjoy	WGP: Real Race Feeling (joystick version) (Japan, set 1)	1989	Taito
wgpjoya	WGP: Real Race Feeling (joystick version) (Japan, set 2)	1989	Taito
wgpu	WGP: Real Race Feeling (US)	1989	Taito America
wh1	World Heroes (ALM-005)	1992	Alpha Denshi Co.
wh1h	World Heroes (ALH-005)	1992	Alpha Denshi Co.
wh1ha	World Heroes (set 3)	1992	Alpha Denshi Co.
wh2	World Heroes 2 (ALM-006 ~ ALH-006)	1993	ADK
wh2h	World Heroes 2 (ALH-006)	1993	ADK
wh2j	World Heroes 2 Jet (ADM-007 ~ ADH-007)	1994	ADK / SNK
wheelfir	Wheels & Fire	199?	TCH
wheelrun	Wheels Runner	19??	International Games
whizz	Whizz	1989	Philko
whodunit	Who Dunit (version 9.0)	1988	Exidy
whodunit8	Who Dunit (version 8.0)	1988	Exidy
whoopee	Pipi & Bibis / Whoopee!! (Teki Paki hardware)	1991	Toaplan
whp	World Heroes Perfect	1995	ADK / SNK
wiggie	Wiggie Waggie	1994	Promat
wildfang	Wild Fang / Tecmo Knight (World?)	1989	Tecmo
wildfangs	Wild Fang (Japan)	1989	Tecmo
wildone	Wild One (4VXEC5357, New Zealand)	1997	Aristocrat
wildplt	Wild Pilot	1992	Jaleco
willow	Willow (World)	1989	Capcom
willowj	Willow (Japan)	1989	Capcom
willowu	Willow (USA)	1989	Capcom
willowuo	Willow (USA Old Ver.)	1989	Capcom
wilytowr	Wily Tower	1984	Irem
winbingo	Win Win Bingo (Ver. GM.03.3, Feb 23 2006)	2006	Astro Corp.
winbnk88	Winbank Joker Poker	1988	Noraut Ltd.
windheat	Winding Heat (EAA, Euro v2.11)	1996	Konami
windheata	Winding Heat (AAA, Asia v2.11)	1996	Konami
windheatj	Winding Heat (JAA, Japan v2.11)	1996	Konami
windheatu	Winding Heat (UBC, USA v2.22)	1996	Konami
windjamr	Windjammer (021216)	2002	Igrosoft
wing90pkr	Wing W90 poker (Wing 8510-A W90-3 PCB)	198?	<unknown>
wingforc	Wing Force (Japan, prototype)	1993	A.I (Atlus license)
wingwar	Wing War (World)	1994	Sega
wingwar360	Wing War R360 (US)	1994	Sega
wingwarj	Wing War (Japan)	1994	Sega
wingwaru	Wing War (US)	1994	Sega
wink	Wink (set 1)	1985	Midcoin
winka	Wink (set 2)	1985	Midcoin
winner81	Winners Circle (81, 28*28 PCB)	1981	Corona Co, LTD.
winner81b	Winners Circle (81, 18*22 PCB)	1981	Corona Co, LTD.
winner81c	Winners Circle (81, set 3)	1981	Corona Co, LTD.
winner81d	Winners Circle (81, set 4)	1981	Corona Co, LTD.
winner82	Winners Circle (82)	1982	Corona Co, LTD.
winrun	Winning Run (World) (89/06/06, Ver.09)	1988	Namco
winrun91	Winning Run '91 (Japan) (1991/03/05, Ver 1.0)	1991	Namco
winrungp	Winning Run: Suzuka GP (Japan) (89/12/03, Ver.02)	1989	Namco
winspike	Winning Spike (ver EAA)	1997	Konami
winspikea	Winning Spike (ver AAA)	1997	Konami
winspikej	Winning Spike (ver JAA)	1997	Konami
wintbob	The Winter Bobble (bootleg of Snow Bros.)	1990	bootleg (Sakowa Project Korea)
winterht	Winter Heat (JUET 971012 V1.000)	1997	Sega
wiping	Wiping	1982	Nichibutsu
wiseguy	Wise Guy	1990	Dooyong
witch	Witch	1992	Vic Tokai (Excellent System license)
witchb	Witch (with ranking)	1992	Vic Tokai (Excellent System license)
witchcrd	Witch Card (Video Klein CPU box, set 1)	1991	Video Klein?
witchcrda	Witch Card (Spanish, witch game, set 1)	1991	<unknown>
witchcrdb	Witch Card (Spanish, witch game, set 2)	1991	<unknown>
witchcrdc	Witch Card (English, no witch game)	1991	<unknown>
witchcrdd	Witch Card (German, WC3050, set 1 )	1994	Proma
witchcrde	Witch Card (Video Klein CPU box, set 2)	1991	Video Klein
witchcrdf	Witch Card (English, witch game, lamps)	1985	PM / Beck Elektronik
witchcrdg	Witch Card (Falcon, enhanced sound)	199?	Falcon
witchcrdh	Witch Card (German, WC3050, set 2 )	1994	Proma
witchcrdi	Witch Card (German, WC3050, 27-4-94)	1994	Proma
witchcrdj	Witch Card (ICP-1, encrypted)	199?	<unknown>
witchgme	Witch Game (Video Klein, set 1)	1991	Video Klein
witchgmea	Witch Game (Video Klein, set 2)	1997	Video Klein
witchjol	Jolli Witch (Export, 6T/12T ver 1.57D)	1994	Video Klein
witchryl	Witch Royal (Export version 2.1)	199?	Video Klein
witchs	Witch (Sega license)	1992	Vic Tokai (Sega license)
witchstar	Witch Star	1994	Fovis Korea Co. Ltd.
wits	Wit's (Japan)	1989	Athena (Visco license)
wivernwg	Wivern Wings	2001	SemiCom
wiz	Wiz	1985	Seibu Kaihatsu
wizdfire	Wizard Fire (Over Sea v2.1)	1992	Data East Corporation
wizdfirea	Wizard Fire (Over Sea v1.0)	1992	Data East Corporation
wizdfireu	Wizard Fire (US v1.1)	1992	Data East Corporation
wizt	Wiz (Taito, set 1)	1985	Seibu Kaihatsu (Taito license)
wizta	Wiz (Taito, set 2)	1985	Seibu Kaihatsu (Taito license)
wizwarz	Wiz Warz (prototype)	1984	Mylstar
wizzquiz	Wizz Quiz (Konami version)	1985	Zilec-Zenitone (Konami license)
wizzquiza	Wizz Quiz (version 4)	1985	Zilec-Zenitone
wjammers	Windjammers / Flying Power Disc	1994	Data East Corporation
wlcc	Wanli Changcheng (China, V638C)	1996	IGS
wldarrow	Wild Arrow (color, Standard V4.8)	1982	Meyco Games, Inc.
wldcourt	Pro Tennis World Court (Japan)	1988	Namco
wldgunsb	Wild Guns (SNES bootleg)	1996	bootleg
wldwitch	Wild Witch (Export, 6T/12T ver 1.84A)	2001	Video Klein
wldwitcha	Wild Witch (Export, 6T/12T ver 1.57-SP)	1992	Video Klein
wldwitchc	Wild Witch (Export, 6T/12T ver 1.62A)	1994	Video Klein
wldwitchd	Wild Witch (Export, 6T/12T ver 1.62B)	1994	Video Klein
wldwitchf	Wild Witch (Export, 6T/12T ver 1.62A alt)	1994	Video Klein
wldwitchg	Wild Witch (Export, 6T/12T ver 1.62B alt)	1994	Video Klein
wldwitchh	Wild Witch (Export, 6T/12T ver 1.65A)	1995	Video Klein
wldwitchi	Wild Witch (Export, 6T/12T ver 1.65A-S)	1996	Video Klein
wldwitchj	Wild Witch (Export, 6T/12T ver 1.65A-S alt)	1996	Video Klein
wldwitchk	Wild Witch (Export, 6T/12T ver 1.65A-N)	1996	Video Klein
wldwitchl	Wild Witch (Export, 6T/12T ver 1.70A beta)	1996	Video Klein
wldwitchm	Wild Witch (Export, 6T/12T ver 1.70A)	1996	Video Klein
wldwitchn	Wild Witch (Export, 6T/12T ver 1.70A alt)	1997	Video Klein
wldwitcho	Wild Witch (Export, 6T/12T ver 1.74A-SP-BELG)	1998	Video Klein
wldwitchp	Wild Witch (Export, 6T/12T ver 1.74A)	1998	Video Klein
wldwitchq	Wild Witch (Export, 6T/12T ver 1.74A alt)	1998	Video Klein
wldwitchr	Wild Witch (Export, 6B/12B ver 1.75A-E English)	1999	Video Klein
wldwitchs	Wild Witch (Export, 6T/12T ver 1.76A)	1999	Video Klein
wldwitcht	Wild Witch (Export, 6T/12T ver 1.77A)	1999	Video Klein
wldwitchu	Wild Witch (Export, 6T/12T ver 1.79A)	2000	Video Klein
wldwitchv	Wild Witch (Export, 6T/12T ver 1.83A)	2001	Video Klein
wlstar	Wonder League Star - Sok-Magicball Fighting (Korea)	1995	Mijin
wmatch	Water Match (315-5064)	1984	Sega
wmg	Williams Multigame	2001	hack (Clay Cowgill)
wndrmomo	Wonder Momo	1987	Namco
wndrplnt	Wonder Planet (Japan)	1987	Data East Corporation
wof	Warriors of Fate (World 921031)	1992	Capcom
wofa	Sangokushi II (Asia 921005)	1992	Capcom
wofabl	Sangokushi II (bootleg)	1992	bootleg
wofch	Tenchi wo Kurau II: Sekiheki no Tatakai (CPS Changer, Japan 921031)	1994	Capcom
wofhfh	Huo Feng Huang (Chinese bootleg of Sangokushi II)	1999	bootleg
wofj	Tenchi wo Kurau II: Sekiheki no Tatakai (Japan 921031)	1992	Capcom
wofpic	Warriors of Fate (bootleg with PIC16C57)	1992	bootleg
wofr1	Warriors of Fate (World 921002)	1992	Capcom
wofr1bl	Warriors of Fate (bootleg)	1992	bootleg
wofu	Warriors of Fate (USA 921031)	1992	Capcom
wolffang	Wolf Fang: Kuuga 2001 (Japan)	1991	Data East Corporation
wolfpack	Wolf Pack (prototype)	1978	Atari
wonder3	Wonder 3 (Japan 910520)	1991	Capcom
wondl96	Wonder League '96 (Korea)	1996	SemiCom
wondstck	Wonder Stick (set 1)	????	Yun Sung
wondstcka	Wonder Stick (set 2, censored)	????	Yun Sung
woodpeca	Woodpecker (set 2)	1981	Amenip
woodpeck	Woodpecker (set 1)	1981	Amenip (Palcom Queen River)
worldadv	World Adventure	1999	Logic / F2 System
worldinv	World Invader	19??	bootleg (World Vending)
worldwar	World Wars (World?)	1987	SNK
wotw	War of the Worlds	1981	Cinematronics
wotwc	War of the Worlds (color)	1981	Cinematronics
wow	Wizard of Wor	1980	Dave Nutting Associates / Midway
wowg	Wizard of Wor (with German language ROM)	1980	Dave Nutting Associates / Midway
wownfant	WOW New Fantasia (Explicit)	2002	Comad
wownfanta	WOW New Fantasia	2002	Comad
wowwg	Wow Wireless Gaming (PAL)	200?	Wow
wpksocv2	World PK Soccer V2 (ver 1.1)	1996	Jaleco
wrally	World Rally Championship (version 1.0, checksum DE0D, 08 Nov 1993)	1993	Gaelco
wrally2	World Rally 2: Twin Racing (version 20-07, checksum B1B8)	1995	Gaelco
wrally2a	World Rally 2: Twin Racing (version 26-06, checksum 3EDB, mask ROM version)	1995	Gaelco
wrally2b	World Rally 2: Twin Racing (version 26-06, checksum 3EDB)	1995	Gaelco
wrally2c	World Rally 2: Twin Racing (version 09-06, checksum 7BE1)	1995	Gaelco
wrally2d	World Rally 2: Twin Racing (version 09-06, checksum 50A2)	1995	Gaelco
wrallya	World Rally Championship (version 1.0, checksum E586, 25 Jun 1993)	1993	Gaelco
wrallyac	World Rally Championship (version 1.0, checksum C448)	1993	Gaelco (Automáticos Canarios license)
wrallyat	World Rally Championship (America, version 1.0, checksum 2CC1)	1993	Gaelco (Atari license)
wrallyata	World Rally Championship (America, version 1.0, checksum 75A5, 16 Jun 1993)	1993	Gaelco (Atari license)
wrallyb	World Rally Championship (version 1.0, checksum 8AA2)	1993	Gaelco
wrallyc	World Rally Championship (version 1.0, checksum 3873, 06 Apr 1993)	1993	Gaelco
wrallyd	World Rally Championship (version 1.0, checksum 0E56, 06 Apr 1993)	1993	Gaelco
wrallye	World Rally Championship (version 1.0, checksum 3D84, 02 Apr 1993)	1993	Gaelco
wrallymp	World Rallye Championship (prototype on Modular System, 23 Nov 1992)	1992	Gaelco
wrecking	Vs. Wrecking Crew	1984	Nintendo
wrestwar	Wrestle War (set 3, World) (8751 317-0103)	1989	Sega
wrestwar1	Wrestle War (set 1, Japan) (FD1094 317-0090)	1989	Sega
wrestwar1d	Wrestle War (set 1, Japan) (bootleg of FD1094 317-0090 set)	1989	bootleg
wrestwar2	Wrestle War (set 2, World) (FD1094 317-0102)	1989	Sega
wrestwar2d	Wrestle War (set 2, World) (bootleg of FD1094 317-0102 set)	1989	bootleg
wrofaero	War of Aero - Project MEIOU	1993	Yang Cheng
wrungp	Wave Runner GP	2001	CRI / Sega
wrungpo	Wave Runner GP (USA, Rev A)	2001	CRI / Sega
ws	Pro Yakyuu World Stadium (Japan)	1988	Namco
ws89	Pro Yakyuu World Stadium '89 (Japan)	1989	Namco
ws90	Pro Yakyuu World Stadium '90 (Japan)	1990	Namco
wsbbgd	World Series Baseball / Super Major League (GDS-0010)	2001	Sega
wschamp	Wing Shooting Championship V2.00	2001	Sammy USA Corporation
wschampa	Wing Shooting Championship V1.01	2001	Sammy USA Corporation
wschampb	Wing Shooting Championship V1.00	2001	Sammy USA Corporation
wseries	World Series: The Season (rev 1)	1985	Cinematronics
wseries0	World Series: The Season (rev 0)	1985	Cinematronics
wsf	World Soccer Finals (rev 4)	1990	Leland Corporation
wsf3	World Soccer Finals (rev 3)	1990	Leland Corporation
wstrike	Witch Strike (Export, 6T/12T ver 1.01A)	1992	Video Klein
wstrikea	Witch Strike (Export, 6T/12T ver 1.01B)	1992	Video Klein
wtchjack	Witch Jack (Export, 6T/12T ver 0.87-89)	1996	Video Klein
wtchjacka	Witch Jack (Export, 6T/12T ver 0.87-88)	1996	Video Klein
wtchjackb	Witch Jack (Export, 6T/12T ver 0.87)	1996	Video Klein
wtchjackc	Witch Jack (Export, 6T/12T ver 0.70S)	1996	Video Klein
wtchjackd	Witch Jack (Export, 6T/12T ver 0.70P)	1996	Video Klein
wtchjacke	Witch Jack (Export, 6T/12T ver 0.65)	1995	Video Klein
wtchjackf	Witch Jack (Export, 6T/12T ver 0.64)	1995	Video Klein
wtchjackg	Witch Jack (Export, 6T/12T ver 0.62)	1995	Video Klein
wtchjacki	Witch Jack (Export, 6T/12T ver 0.40)	1995	Video Klein
wtennis	World Tennis	1982	bootleg
wtiger	White Tiger (4XF5139I08, US)	1995	Aristocrat
wtigernz	White Tiger (3VXFC5342, New Zealand)	1996	Aristocrat
wtrnymph	Water-Nymph (Ver. 1.4)	1996	Subsino
wulybuly	Wully Bully	200?	<unknown>
wupndown	Witch Up & Down (Export, 6T/12T ver 1.02)	1998	Video Klein
wupndowna	Witch Up & Down (Export, 6T/12T ver 0.99, set 1)	1998	Video Klein
wupndownb	Witch Up & Down (Export, 6T/12T ver 0.99, set 2)	1998	Video Klein
wupndownc	Witch Up & Down (Export, 6T/12T ver 0.99, set 3)	1998	Video Klein
wupndownd	Witch Up & Down (Export, 6T/12T ver 0.99T)	1998	Video Klein
ww3	WW III	1981	Irem
wwallyj	Wally wo Sagase! (rev B, Japan, 2 players) (FD1094 317-0197B)	1992	Sega
wwallyja	Wally wo Sagase! (rev A, Japan, 2 players) (FD1094 317-0197A)	1992	Sega
wwallyja3p	Wally wo Sagase! (rev A, Japan, 3 players) (FD1094 317-0198A)	1992	Sega
wwallyjad	Wally wo Sagase! (rev A, Japan) (bootleg of FD1094 317-0197A set)	1992	bootleg
wwallyjd	Wally wo Sagase! (rev B, Japan) (bootleg of FD1094 317-0197B set)	1992	bootleg
wwanpanm	Waku Waku Anpanman (Rev A)	1992	Sega
wwanpanmo	Waku Waku Anpanman	1992	Sega
wwestern	Wild Western (set 1)	1982	Taito
wwestern1	Wild Western (set 2)	1982	Taito
wwfmania	WWF: Wrestlemania (rev 1.30 08/10/95)	1995	Midway
wwfmaniab	WWF: Wrestlemania (rev 1.20 08/02/95)	1995	Midway
wwfmaniac	WWF: Wrestlemania (rev 1.1 07/11/95)	1995	Midway
wwfmaniap	WWF: Wrestlemania (proto 2.01 06/07/95)	1995	Midway
wwfroyal	WWF Royal Rumble	2000	Sega
wwfsstar	WWF Superstars (Europe)	1989	Technos Japan
wwfsstarb	WWF Superstars (bootleg)	1989	bootleg
wwfsstarb2	WWF Superstars (bootleg with 2xYM2203)	1989	bootleg
wwfsstarc	WWF Superstars (Canada)	1989	Technos Japan
wwfsstarj	WWF Superstars (Japan)	1989	Technos Japan
wwfsstaru4	WWF Superstars (US revision 4)	1989	Technos Japan
wwfsstaru6	WWF Superstars (US revision 6)	1989	Technos Japan
wwfsstaru7	WWF Superstars (US revision 7)	1989	Technos Japan
wwfwfest	WWF WrestleFest (World)	1991	Technos Japan (Tecmo license)
wwfwfestj	WWF WrestleFest (Japan)	1991	Technos Japan (Tecmo license)
wwfwfestk	WWF WrestleFest (Korea)	1991	Technos Japan (Tecmo license)
wwfwfestu	WWF WrestleFest (US, rev 2)	1991	Technos Japan
wwfwfestu1	WWF WrestleFest (US)	1991	Technos Japan
wwfwfestub	WWF WrestleFest (US bootleg)	1991	bootleg
wwitch	Wicked Witch (Ver. AA.01.A)	2005	Astro Corp.
wwjgtin	Wai Wai Jockey Gate-In!	1984	Jaleco / Casio
wwjumbo	Waku Waku Jumbo (Rev A)	1990	Sega
wwmarine	Waku Waku Marine	1992	Sega
wwpajero	Waku Waku Pajero	1990	Sega
wwshin	Waku Waku Shinkansen (J 971031 V0.002)	1997	Sega
wwthomas	Waku Waku Thomas (Japan)	1993	Banpresto
wyvernf0	Wyvern F-0 (Rev 1)	1985	Taito
wyvernf0a	Wyvern F-0	1985	Taito
wyvernwg	Wyvern Wings (set 1)	2001	SemiCom (Game Vision license)
wyvernwga	Wyvern Wings (set 2)	2001	SemiCom (Game Vision license)
x2222	X2222 (final debug?)	2000	Oriental Soft / Promat
x2222o	X2222 (5-level prototype)	2000	Oriental Soft / Promat
x80wc	X80 - War Command (ManilaMatic bootleg of Missile Command)	1981	bootleg (ManilaMatic)
xday2	X-Day 2 (Japan)	1995	Namco
xenophob	Xenophobe	1987	Bally Midway
xevi3dg	Xevious 3D/G (World, XV32/VER.B)	1995	Namco
xevi3dga	Xevious 3D/G (World, XV32/VER.A)	1995	Namco
xevi3dgj	Xevious 3D/G (Japan, XV31/VER.A)	1995	Namco
xevios	Xevios	1982	bootleg
xevious	Xevious (Namco)	1982	Namco
xeviousa	Xevious (Atari, harder)	1982	Namco (Atari license)
xeviousb	Xevious (Atari)	1982	Namco (Atari license)
xeviousc	Xevious (Atari, Namco PCB)	1982	Namco (Atari license)
xeviousd	Xevious (Atari, set 4)	1983	Namco (Atari license)
xexex	Xexex (ver EAA)	1991	Konami
xexexa	Xexex (ver AAA)	1991	Konami
xexexj	Xexex (ver JAA)	1991	Konami
xfiles	The X-Files	1999	dgPIX Entertainment Inc.
xfilesk	The X-Files (censored, Korea)	1999	dgPIX Entertainment Inc.
xiaoao	Xiao Ao Jiang Hu (China, Ver. 1.00)	1999	Subsino
xiistag	XII Stag (V2.01J 2002/6/26 22:27)	2002	Triangle Service
xing48	Xing Wireless Interactive TV Game 'Wi TV Zone' 48-in-1 (Europe, PAL)	200?	Xing
xmcota	X-Men: Children of the Atom (Europe 950331)	1994	Capcom
xmcotaa	X-Men: Children of the Atom (Asia 950105)	1994	Capcom
xmcotaar1	X-Men: Children of the Atom (Asia 941219)	1994	Capcom
xmcotaar2	X-Men: Children of the Atom (Asia 941217)	1994	Capcom
xmcotab	X-Men: Children of the Atom (Brazil 950331)	1994	Capcom
xmcotah	X-Men: Children of the Atom (Hispanic 950331)	1994	Capcom
xmcotahr1	X-Men: Children of the Atom (Hispanic 950105)	1994	Capcom
xmcotaj	X-Men: Children of the Atom (Japan 950105)	1994	Capcom
xmcotaj1	X-Men: Children of the Atom (Japan 941222)	1994	Capcom
xmcotaj2	X-Men: Children of the Atom (Japan 941219)	1994	Capcom
xmcotaj3	X-Men: Children of the Atom (Japan 941217)	1994	Capcom
xmcotajr	X-Men: Children of the Atom (Japan 941208 rent version)	1994	Capcom
xmcotar1	X-Men: Children of the Atom (Europe 950105)	1994	Capcom
xmcotar1d	X-Men: Children of the Atom (Europe 950105 Phoenix Edition) (bootleg)	1994	bootleg
xmcotau	X-Men: Children of the Atom (USA 950105)	1994	Capcom
xmen	X-Men (4 Players ver EBA)	1992	Konami
xmen2pa	X-Men (2 Players ver AAA)	1992	Konami
xmen2pe	X-Men (2 Players ver EAA)	1992	Konami
xmen2pj	X-Men (2 Players ver JAA)	1992	Konami
xmen2pu	X-Men (2 Players ver UAB)	1992	Konami
xmen6p	X-Men (6 Players ver ECB)	1992	Konami
xmen6pu	X-Men (6 Players ver UCB)	1992	Konami
xmena	X-Men (4 Players ver AEA)	1992	Konami
xmenaa	X-Men (4 Players ver ADA)	1992	Konami
xmenj	X-Men (4 Players ver JBA)	1992	Konami
xmenja	X-Men (4 Players ver JEA)	1992	Konami
xmenu	X-Men (4 Players ver UBB)	1992	Konami
xmenua	X-Men (4 Players ver UEB)	1992	Konami
xmultipl	X Multiply (World, M81 hardware)	1989	Irem
xmultiplm72	X Multiply (Japan, M72 hardware)	1989	Irem
xmvsf	X-Men Vs. Street Fighter (Europe 961004)	1996	Capcom
xmvsfa	X-Men Vs. Street Fighter (Asia 961023)	1996	Capcom
xmvsfar1	X-Men Vs. Street Fighter (Asia 961004)	1996	Capcom
xmvsfar2	X-Men Vs. Street Fighter (Asia 960919)	1996	Capcom
xmvsfar3	X-Men Vs. Street Fighter (Asia 960910)	1996	Capcom
xmvsfb	X-Men Vs. Street Fighter (Brazil 961023)	1996	Capcom
xmvsfh	X-Men Vs. Street Fighter (Hispanic 961004)	1996	Capcom
xmvsfj	X-Men Vs. Street Fighter (Japan 970113)	1996	Capcom
xmvsfjr1	X-Men Vs. Street Fighter (Japan 961023)	1996	Capcom
xmvsfjr2	X-Men Vs. Street Fighter (Japan 961004)	1996	Capcom
xmvsfjr3	X-Men Vs. Street Fighter (Japan 960910)	1996	Capcom
xmvsfjr4	X-Men Vs. Street Fighter (Japan 960909)	1996	Capcom
xmvsfr1	X-Men Vs. Street Fighter (Europe 960910)	1996	Capcom
xmvsfu	X-Men Vs. Street Fighter (USA 961023)	1996	Capcom
xmvsfu1d	X-Men Vs. Street Fighter (USA 961004 Phoenix Edition) (bootleg)	1996	bootleg
xmvsfur1	X-Men Vs. Street Fighter (USA 961004)	1996	Capcom
xmvsfur2	X-Men Vs. Street Fighter (USA 960910)	1996	Capcom
xorwflat	Xor World (different hardware, ver 1.1, checksum 3333BA, prototype)	1990	Gaelco
xorwflata	Xor World (different hardware, ver 1.1, checksum 333462, prototype)	1990	Gaelco
xorwldms	Xor World (Modular System, prototype, set 1)	1990	Gaelco
xorwldmsa	Xor World (Modular System, prototype, set 2)	1990	Gaelco
xorworld	Xor World (ver 1.2, checksum DB5D0F, prototype)	1990	Gaelco
xorworlda	Xor World (ver 1.2, checksum DB5D10, prototype)	1990	Gaelco
xrally	Xtreme Rally / Off Beat Racer!	1998	SNK
xsedae	X Se Dae Quiz (Korea)	1995	Dream Island
xsleena	Xain'd Sleena (World)	1986	Technos Japan (Taito license)
xsleenab	Xain'd Sleena (bootleg, set 1)	1986	bootleg
xsleenaba	Xain'd Sleena (bootleg, bugfixed)	1987	bootleg
xsleenabb	Xain'd Sleena (bootleg, set 2)	1987	bootleg
xsleenaj	Xain'd Sleena (Japan)	1986	Technos Japan
xtheball	X the Ball	1991	Rare
xtom3d	X Tom 3D	1999	Andamiro / Jamie System Development
xtrain	X-Train (Ver. 1.3)	1999	Subsino
xtrmhunt	Extreme Hunting	2004	Sammy
xxmissio	XX Mission	1986	UPL
xybots	Xybots (rev 2)	1987	Atari Games
xybots0	Xybots (rev 0)	1987	Atari Games
xybots1	Xybots (rev 1)	1987	Atari Games
xybotsf	Xybots (French, rev 3)	1987	Atari Games
xybotsg	Xybots (German, rev 3)	1987	Atari Games
xyddzhh	Xingyun Dou Dizhu	2006	Herb Home
xymg	Xingyun Manguan (China, V651C, set 1)	1996	IGS
xymga	Xingyun Manguan (China, V651C, set 2)	1996	IGS
xyonix	Xyonix	1989	Philko
xypdk	Xingyun Pao De Kuai (V106CN)	2005	IGS
yachtmn	Yachtsman	1982	Sanritsu / Esco
yakyuken	The Yakyuken (bootleg)	1982	bootleg
yamagchi	Go Go Mr. Yamaguchi / Yuke Yuke Yamaguchi-kun	1985	Kaneko / Taito
yamato	Yamato (set 1)	1983	Sega
yamatoa	Yamato (set 2)	1983	Sega
yamatou	Yamato (US)	1983	Sega
yamyam	Yam! Yam!?	1990	Dooyong
yamyamk	Yam! Yam! (Korea)	1990	Dooyong
yanchamr	Kaiketsu Yanchamaru (Japan)	1986	Irem
yanjamar	Yanjamaru	1986	bootleg
yankeedo	Yankee DO!	1982	hack
yarunara	Mahjong Yarunara (Japan)	1991	Dynax
yellowcbb	Yellow Cab (bootleg)	1984	bootleg
yellowcbj	Yellow Cab (Japan)	1984	Data East Corporation
yesnoj	Yes/No Sinri Tokimeki Chart	1992	Taito
yiear	Yie Ar Kung-Fu (version I)	1985	Konami
yiear2	Yie Ar Kung-Fu (version G)	1985	Konami
yieartf	Yie Ar Kung-Fu (bootleg GX361 conversion)	1985	bootleg
yizhix	Yizhi Xiangqi	1996	WHT
ymcapsul	Yu-Gi-Oh Monster Capsule	1999	Konami
yorijori	Yori Jori Kuk Kuk	2002	Golden Bell Entertainment
yosakdon	Yosaku to Donbei (set 1)	1979	Wing
yosakdona	Yosaku to Donbei (set 2)	1979	Wing
yosimotm	Mahjong Yoshimoto Gekijou (Japan, medal)	1994	Nichibutsu / Yoshimoto Kougyou
yosimoto	Mahjong Yoshimoto Gekijou (Japan)	1994	Nichibutsu / Yoshimoto Kougyou
youjyudn	Youjyuden (Japan)	1986	Irem
youkaidk1	Youkai Douchuuki (Japan, old version (YD1))	1987	Namco
youkaidk2	Youkai Douchuuki (Japan, new version (YD2, Rev B))	1987	Namco
youma	Youma Ninpou Chou (Japan)	1986	Nichibutsu
youma2	Youma Ninpou Chou (Japan, alt)	1986	Nichibutsu
youmab	Youma Ninpou Chou (Game Electronics bootleg, set 1)	1986	bootleg
youmab2	Youma Ninpou Chou (Game Electronics bootleg, set 2)	1986	bootleg
yoyospel	YoYo Spell (prototype)	1992	Inder
yujan	Yu-Jan	1999	Yubis / T.System
yuka	Yu-Ka	1999	Yubis / T.System
yukiwo	Yukiwo (World, prototype)	1989	Taito
yukon	Yukon (version 2.0)	1989	Exidy
yukon1	Yukon (version 1.0)	1989	Exidy
yumefuda	Yumefuda	1991	Alba
yunittst	Y-Unit Test ROM (v1.40)	199?	Midway
yutnori	Puzzle Yutnori (Korea)	1999	Nunal
yuyugogo	Yuuyu no Quiz de GO!GO! (Japan)	1990	Taito
yyhm	Yuanyang Hudie Meng (Version 8.8A 2005-09-25)	2005	GMS
zarzon	Zarzon	1981	SNK (Taito America license)
zaviga	Zaviga	1984	Data East Corporation
zavigaj	Zaviga (Japan)	1984	Data East Corporation
zaxxon	Zaxxon (set 1, rev D)	1982	Sega
zaxxon2	Zaxxon (set 2, unknown rev)	1982	Sega
zaxxon3	Zaxxon (set 3, unknown rev)	1982	Sega
zaxxonb	Jackson	1982	bootleg
zaxxonj	Zaxxon (Japan)	1982	Sega
zedblade	Zed Blade / Operation Ragnarok	1994	NMK
zektor	Zektor (revision B)	1982	Sega
zero	Zero (bootleg of Defender, set 1)	1980	bootleg (Jeutel)
zero2	Zero (bootleg of Defender, set 2)	1980	bootleg (Amtec)
zerogu2	Zero Gunner 2	2001	Psikyo
zerogun	Zero Gunner (Export, Model 2B)	1997	Psikyo
zeroguna	Zero Gunner (Export, Model 2A)	1997	Psikyo
zerogunaj	Zero Gunner (Japan, Model 2A)	1997	Psikyo
zerogunj	Zero Gunner (Japan, Model 2B)	1997	Psikyo
zerohour	Zero Hour (set 1)	1980	Universal
zerohoura	Zero Hour (set 2)	1980	Universal
zerohouri	Zero Hour (bootleg)	1980	bootleg (Inder SA)
zeropnt	Zero Point (set 1)	1998	Unico
zeropnt2	Zero Point 2	1999	Unico
zeropnta	Zero Point (set 2)	1998	Unico
zeropntj	Zero Point (Japan)	1998	Unico
zeroteam	Zero Team USA (US)	1993	Seibu Kaihatsu (Fabtek license)
zeroteama	Zero Team (Japan?, earlier?, set 1)	1993	Seibu Kaihatsu
zeroteamb	Zero Team (Japan?, later batteryless)	1993	Seibu Kaihatsu
zeroteamc	Zero Team (Taiwan)	1993	Seibu Kaihatsu (Liang Hwa license)
zeroteamd	Zero Team (Korea)	1993	Seibu Kaihatsu (Dream Soft license)
zeroteame	Zero Team (Japan?, earlier?, set 2)	1993	Seibu Kaihatsu
zeroteams	Zero Team Selection	1993	Seibu Kaihatsu
zerotime	Zero Time (Petaco S.A.)	1979	bootleg? (Petaco S.A.)
zerotimea	Zero Time (Spanish bootleg, set 1)	1979	bootleg
zerotimeb	Zero Time (Spanish bootleg, set 2)	1979	bootleg
zerotimed	Zero Time (Datamat)	1979	bootleg (Datamat)
zerotimemc	Zero Time (Marti Colls)	1979	bootleg (Marti Colls)
zerotm2k	Zero Team 2000	2000	Seibu Kaihatsu
zerotrgt	Zero Target (World, CW)	1985	Data East Corporation
zerotrgta	Zero Target (World, CT)	1985	Data East Corporation
zerowing	Zero Wing (2P set)	1989	Toaplan
zerowing1	Zero Wing (1P set)	1989	Toaplan
zerowingw	Zero Wing (2P set, Williams license)	1989	Toaplan (Williams license)
zerozone	Zero Zone	1993	Comad
zhongguo	Zhongguo Chu Da D (V102C)	2000	IGS
zigzagb	Zig Zag (bootleg Dig Dug conversion on Galaxian hardware, set 1)	1982	bootleg (LAX)
zigzagb2	Zig Zag (bootleg Dig Dug conversion on Galaxian hardware, set 2)	1982	bootleg (LAX)
zingzip	Zing Zing Zip (World) / Zhen Zhen Ji Pao (China?)	1992	Allumer / Tecmo
zintrckb	Zintrick / Oshidashi Zentrix (bootleg of CD version)	1996	bootleg
zipzap	Zip & Zap (Explicit)	1995	Barko Corp
zipzapa	Zip & Zap (Less Explicit)	1995	Barko Corp
znpwfv	Zen Nippon Pro-Wres Featuring Virtua (J 971123 V1.000)	1997	Sega
znpwfvt	All Japan Pro-Wrestling Featuring Virtua (T 971123 V1.000)	1997	Sega
zoar	Zoar	1982	Data East USA
zodiack	Zodiack	1983	Orca (Esco Trading Co., Inc. license)
zokumahj	Zoku Mahjong Housoukyoku (Japan)	199?	Nichibutsu?
zokuoten	Zoku Otenamihaiken (V2.05J 2003/05/12 18:00)	2003	Success
zokuotena	Zoku Otenamihaiken (V2.03J 2001/02/16 16:00)	2001	Success
zombraid	Zombie Raid (9/28/95, US)	1995	American Sammy
zombraidp	Zombie Raid (9/28/95, US, prototype PCB)	1995	American Sammy
zombraidpj	Zombie Raid (9/28/95, Japan, prototype PCB)	1995	Sammy Industries
zombrvn	Zombie Revenge (Rev A)	1999	Sega
zombrvne	Zombie Revenge (Export)	1999	Sega
zombrvno	Zombie Revenge	1999	Sega
zone7in1	Zone 7-in-1 Sports (NTSC)	200?	Ultimate Products Ltd.
zone7in1p	Zone 7-in-1 Sports (PAL)	200?	Ultimate Products Ltd.
zoo	Zoo (Ver. ZO.02.D, Aug 27 2004)	2004	Astro Corp.
zookeep	Zoo Keeper (set 1)	1982	Taito America
zookeep2	Zoo Keeper (set 2)	1982	Taito America
zookeep3	Zoo Keeper (set 3)	1982	Taito America
zookeepbl	Zoo Keeper (bootleg)	1982	bootleg
zoom909	Zoom 909	1982	Sega
zoomania	Zoomania (Version 10.04, set 1)	200?	Industrias Brasileiras
zoomaniaa	Zoomania (Version 10.04, set 2)	200?	Industrias Brasileiras
zooo	Zooo (V2.01JA 2004/04/13 12:00)	2004	Success
zuanshi2	Zuanshi II (version V153A)	199?	Bordun International
zuanshiw	Zuanshi Wutai (V110II)	1996	IGS
zulu	Zulu (Ver. 2.04J, Feb 3 2004)	2004	Astro Corp.
zunkyou	Zunzunkyou no Yabou (Japan)	1994	Sega
zupapa	Zupapa!	2001	SNK
zwackery	Zwackery	1984	Bally Midway
zzyzzyxx	Zzyzzyxx (set 1)	1982	Cinematronics / Advanced Microcomputer Systems
zzyzzyxx2	Zzyzzyxx (set 2)	1982	Cinematronics / Advanced Microcomputer Systems
