[1;34m[jazz2][0m ccache: /opt/homebrew/bin/ccache (dir /Users/kimhyungjun/Desktop/AI개발/OneEmu/cores/jazz2/build/ccache)
[1;34m[jazz2][0m Jazz² Resurrection (Jazz Jackrabbit 2) libretro core build
[1;34m[jazz2][0m   NDK:     /Users/kimhyungjun/Library/Android/sdk/ndk/28.2.13676358 (darwin-x86_64)
[1;34m[jazz2][0m   CMake:   /Users/kimhyungjun/Desktop/AI개발/OneEmu/cores/jazz2/build/venv/bin/cmake (cmake version 4.4.3)
[1;34m[jazz2][0m   Ninja:   /Users/kimhyungjun/Library/Android/sdk/cmake/3.22.1/bin/ninja
[1;34m[jazz2][0m   Commit:  9cc77a769ca0deb82c664dce733c1fd1173b6235
[1;34m[jazz2][0m   Jobs:    8
[1;34m[jazz2][0m   Output:  /Users/kimhyungjun/Desktop/AI개발/OneEmu/app/src/main/jniLibs/arm64-v8a/libjazz2_libretro.so
[1;34m[jazz2][0m Syncing submodules (shallow)
[1;34m[jazz2][0m Patch already applied: 0001-android-import-curl-only-when-the-prebuilt-exists.patch
[1;34m[jazz2][0m Patch already applied: 0002-android-ndk-libretro-core-uses-the-libretro-backend.patch
[1;34m[jazz2][0m Building OpenAL Soft 1.24.3
Cloning into '/Users/kimhyungjun/Desktop/AI개발/OneEmu/cores/jazz2/build/openal-soft'...
Note: switching to 'dc7d7054a5b4f3bec1dc23a42fd616a0847af948'.

You are in 'detached HEAD' state. You can look around, make experimental
changes and commit them, and you can discard any commits you make in this
state without impacting any branches by switching back to a branch.

If you want to create a new branch to retain commits you create, you may
do so (now or later) by using -c with the switch command. Example:

  git switch -c <new-branch-name>

Or undo this operation with:

  git switch -

Turn off this advice by setting config variable advice.detachedHead to false

-- The C compiler identification is Clang 19.0.1
-- The CXX compiler identification is Clang 19.0.1
-- Detecting C compiler ABI info
-- Detecting C compiler ABI info - done
-- Check for working C compiler: /Users/kimhyungjun/Library/Android/sdk/ndk/28.2.13676358/toolchains/llvm/prebuilt/darwin-x86_64/bin/clang - skipped
-- Detecting C compile features
-- Detecting C compile features - done
-- Detecting CXX compiler ABI info
-- Detecting CXX compiler ABI info - done
-- Check for working CXX compiler: /Users/kimhyungjun/Library/Android/sdk/ndk/28.2.13676358/toolchains/llvm/prebuilt/darwin-x86_64/bin/clang++ - skipped
-- Detecting CXX compile features
-- Detecting CXX compile features - done
-- Found PkgConfig: /opt/homebrew/bin/pkg-config (found version "3.0.7")
-- {fmt} version: 11.1.1
-- Build type: Release
-- Performing Test HAVE_STDC_FORMAT_MACROS
-- Performing Test HAVE_STDC_FORMAT_MACROS - Success
-- Performing Test HAVE_LIBATOMIC
-- Performing Test HAVE_LIBATOMIC - Success
-- Looking for __android_log_print in log
-- Looking for __android_log_print in log - found
-- Performing Test HAVE_WNO_CXX20_ATTR_EXT
-- Performing Test HAVE_WNO_CXX20_ATTR_EXT - Success
-- Performing Test HAVE_WNO_INTERFERENCE_SIZE
-- Performing Test HAVE_WNO_INTERFERENCE_SIZE - Failed
-- Performing Test HAVE_FTRIVIAL_AUTO_VAR_INIT
-- Performing Test HAVE_FTRIVIAL_AUTO_VAR_INIT - Success
-- Performing Test HAVE_FNO_MATH_ERRNO
-- Performing Test HAVE_FNO_MATH_ERRNO - Success
-- Performing Test HAVE_GCC_PROTECTED_VISIBILITY
-- Performing Test HAVE_GCC_PROTECTED_VISIBILITY - Success
-- Performing Test HAVE_MSSE2_SWITCH
-- Performing Test HAVE_MSSE2_SWITCH - Failed
-- Looking for xmmintrin.h
-- Looking for xmmintrin.h - not found
-- Looking for emmintrin.h
-- Looking for emmintrin.h - not found
-- Looking for pmmintrin.h
-- Looking for pmmintrin.h - not found
-- Looking for smmintrin.h
-- Looking for smmintrin.h - not found
-- Looking for arm_neon.h
-- Looking for arm_neon.h - found
-- Performing Test HAVE_NEON_INTRINSICS
-- Performing Test HAVE_NEON_INTRINSICS - Success
-- Looking for cpuid.h
-- Looking for cpuid.h - not found
-- Looking for intrin.h
-- Looking for intrin.h - not found
-- Looking for guiddef.h
-- Looking for guiddef.h - not found
-- Looking for pow in m
-- Looking for pow in m - found
-- Looking for clock_gettime in rt
-- Looking for clock_gettime in rt - not found
-- Looking for dlfcn.h
-- Looking for dlfcn.h - found
-- Looking for dlopen in dl
-- Looking for dlopen in dl - found
-- Looking for proc_pidpath
-- Looking for proc_pidpath - not found
-- Looking for pthread.h
-- Looking for pthread.h - found
-- Performing Test HAVE_PTHREAD
-- Performing Test HAVE_PTHREAD - Success
-- Looking for pthread_setschedparam
-- Looking for pthread_setschedparam - found
-- Looking for include files pthread.h, pthread_np.h
-- Looking for include files pthread.h, pthread_np.h - not found
-- Looking for pthread_setname_np
-- Looking for pthread_setname_np - found
-- Checking for module 'dbus-1'
--   Package 'dbus-1' not found
-- Could NOT find DBus1 (missing: DBus1_INCLUDE_DIRS DBus1_LIBRARIES)
-- Checking for module 'libpipewire-0.3>=0.3.23'
--   Package 'libpipewire-0.3' not found
-- Could NOT find PulseAudio (missing: PULSEAUDIO_LIBRARY PULSEAUDIO_INCLUDE_DIR) 
-- Could NOT find ALSA (missing: ALSA_LIBRARY ALSA_INCLUDE_DIR) 
-- Could NOT find OSS (missing: OSS_INCLUDE_DIR) 
-- Could NOT find AudioIO (missing: AUDIOIO_INCLUDE_DIR) 
-- Could NOT find JACK (missing: JACK_LIBRARY JACK_INCLUDE_DIR) 
-- Could NOT find oboe (missing: oboe_DIR)
-- Could NOT find Oboe (missing: OBOE_LIBRARY OBOE_INCLUDE_DIR) 
-- Found OpenSL: /Users/kimhyungjun/Library/Android/sdk/ndk/28.2.13676358/toolchains/llvm/prebuilt/darwin-x86_64/sysroot/usr/lib/aarch64-linux-android/26/libOpenSLES.so
-- Could NOT find PortAudio (missing: PORTAUDIO_LIBRARY PORTAUDIO_INCLUDE_DIR) 
-- Found Git: /usr/bin/git (found version "2.50.1 (Apple Git-155)")
-- Performing Test HAS_MAX_PAGE_SIZE_16384
-- Performing Test HAS_MAX_PAGE_SIZE_16384 - Success
-- 
-- Building OpenAL with support for the following backends:
--     OpenSL, WaveFile, Null
-- 
-- Building with support for CPU extensions:
--     Default, Neon
-- 
-- Embedding HRTF datasets
-- 
-- NOT installing library and headers
-- Installing sample configuration
-- Installing HRTF data files
-- Installing AmbDec presets
-- 
-- Configuring done (15.3s)
-- Generating done (0.1s)
-- Build files have been written to: /Users/kimhyungjun/Desktop/AI개발/OneEmu/cores/jazz2/build/openal-build
[1/98] Building CXX object CMakeFiles/alsoft.common.dir/common/dynload.cpp.o
[2/98] Building CXX object CMakeFiles/alsoft.common.dir/common/althrd_setname.cpp.o
[3/98] Building CXX object CMakeFiles/alsoft.common.dir/common/filesystem.cpp.o
[4/98] Building CXX object CMakeFiles/alsoft.common.dir/common/alsem.cpp.o
[5/98] Building CXX object CMakeFiles/alsoft.common.dir/common/alstring.cpp.o
[6/98] Building CXX object fmt-11.1.1/CMakeFiles/alsoft.fmt.dir/src/os.cc.o
[7/98] Building CXX object CMakeFiles/alsoft.common.dir/common/alassert.cpp.o
[8/98] Generating version_witness.txt
[9/98] Building CXX object CMakeFiles/alsoft.common.dir/common/alcomplex.cpp.o
[10/98] Building CXX object CMakeFiles/alsoft.common.dir/common/polyphase_resampler.cpp.o
[11/98] Building CXX object CMakeFiles/alsoft.common.dir/common/ringbuffer.cpp.o
[12/98] Building CXX object CMakeFiles/alsoft.common.dir/common/strutils.cpp.o
[13/98] Building CXX object CMakeFiles/alsoft.common.dir/common/pffft.cpp.o
[14/98] Building CXX object fmt-11.1.1/CMakeFiles/alsoft.fmt.dir/src/format.cc.o
[15/98] Linking CXX static library libalsoft.common.a
[16/98] Generating default_hrtf.txt
[17/98] Building CXX object CMakeFiles/OpenAL.dir/al/effects/compressor.cpp.o
[18/98] Building CXX object CMakeFiles/OpenAL.dir/al/effects/autowah.cpp.o
[19/98] Building CXX object CMakeFiles/OpenAL.dir/alc/effects/autowah.cpp.o
[20/98] Building CXX object CMakeFiles/OpenAL.dir/al/effects/chorus.cpp.o
[21/98] Building CXX object CMakeFiles/OpenAL.dir/al/auxeffectslot.cpp.o
[22/98] Building CXX object CMakeFiles/OpenAL.dir/al/effects/effects.cpp.o
[23/98] Building CXX object CMakeFiles/OpenAL.dir/al/buffer.cpp.o
[24/98] Building CXX object CMakeFiles/OpenAL.dir/al/debug.cpp.o
[25/98] Building CXX object CMakeFiles/OpenAL.dir/al/effects/dedicated.cpp.o
[26/98] Building CXX object CMakeFiles/OpenAL.dir/al/effects/distortion.cpp.o
[27/98] Building CXX object CMakeFiles/OpenAL.dir/al/effects/convolution.cpp.o
[28/98] Building CXX object CMakeFiles/OpenAL.dir/al/effect.cpp.o
[29/98] Building CXX object CMakeFiles/OpenAL.dir/al/effects/equalizer.cpp.o
[30/98] Building CXX object CMakeFiles/OpenAL.dir/al/effects/fshifter.cpp.o
[31/98] Building CXX object CMakeFiles/OpenAL.dir/al/effects/echo.cpp.o
[32/98] Building CXX object CMakeFiles/OpenAL.dir/al/effects/modulator.cpp.o
[33/98] Building CXX object CMakeFiles/OpenAL.dir/al/effects/null.cpp.o
[34/98] Building CXX object CMakeFiles/OpenAL.dir/al/effects/pshifter.cpp.o
[35/98] Building CXX object CMakeFiles/OpenAL.dir/al/error.cpp.o
[36/98] Building CXX object CMakeFiles/OpenAL.dir/al/effects/reverb.cpp.o
[37/98] Building CXX object CMakeFiles/OpenAL.dir/al/extension.cpp.o
[38/98] Building CXX object CMakeFiles/OpenAL.dir/al/effects/vmorpher.cpp.o
[39/98] Building CXX object CMakeFiles/OpenAL.dir/al/event.cpp.o
[40/98] Building CXX object CMakeFiles/OpenAL.dir/al/listener.cpp.o
[41/98] Building CXX object CMakeFiles/OpenAL.dir/al/state.cpp.o
[42/98] Building CXX object CMakeFiles/OpenAL.dir/al/filter.cpp.o
[43/98] Building CXX object CMakeFiles/OpenAL.dir/alc/alconfig.cpp.o
[44/98] Building CXX object CMakeFiles/OpenAL.dir/alc/device.cpp.o
[45/98] Building CXX object CMakeFiles/OpenAL.dir/alc/context.cpp.o
[46/98] Building CXX object CMakeFiles/OpenAL.dir/alc/effects/compressor.cpp.o
[47/98] Building CXX object CMakeFiles/OpenAL.dir/alc/effects/chorus.cpp.o
[48/98] Building CXX object CMakeFiles/OpenAL.dir/alc/effects/dedicated.cpp.o
[49/98] Building CXX object CMakeFiles/OpenAL.dir/alc/alu.cpp.o
[50/98] Building CXX object CMakeFiles/OpenAL.dir/alc/effects/distortion.cpp.o
[51/98] Building CXX object CMakeFiles/OpenAL.dir/alc/effects/echo.cpp.o
[52/98] Building CXX object CMakeFiles/OpenAL.dir/al/source.cpp.o
[53/98] Building CXX object CMakeFiles/OpenAL.dir/alc/effects/equalizer.cpp.o
[54/98] Building CXX object CMakeFiles/OpenAL.dir/alc/alc.cpp.o
[55/98] Building CXX object CMakeFiles/OpenAL.dir/alc/effects/convolution.cpp.o
[56/98] Building CXX object CMakeFiles/OpenAL.dir/alc/effects/null.cpp.o
[57/98] Building CXX object CMakeFiles/OpenAL.dir/alc/effects/fshifter.cpp.o
[58/98] Building CXX object CMakeFiles/OpenAL.dir/alc/effects/modulator.cpp.o
[59/98] Building CXX object CMakeFiles/OpenAL.dir/alc/effects/pshifter.cpp.o
[60/98] Building CXX object CMakeFiles/OpenAL.dir/alc/backends/base.cpp.o
[61/98] Building CXX object CMakeFiles/OpenAL.dir/alc/events.cpp.o
[62/98] Building CXX object CMakeFiles/OpenAL.dir/alc/effects/vmorpher.cpp.o
[63/98] Building CXX object CMakeFiles/OpenAL.dir/alc/backends/loopback.cpp.o
[64/98] Building CXX object CMakeFiles/OpenAL.dir/alc/backends/null.cpp.o
[65/98] Building CXX object CMakeFiles/OpenAL.dir/core/ambidefs.cpp.o
[66/98] Building CXX object CMakeFiles/OpenAL.dir/alc/effects/reverb.cpp.o
[67/98] Building CXX object CMakeFiles/OpenAL.dir/alc/backends/opensl.cpp.o
[68/98] Building CXX object CMakeFiles/OpenAL.dir/alc/panning.cpp.o
[69/98] Building CXX object CMakeFiles/OpenAL.dir/core/bs2b.cpp.o
[70/98] Building CXX object CMakeFiles/OpenAL.dir/alc/backends/wave.cpp.o
[71/98] Building CXX object CMakeFiles/OpenAL.dir/core/bformatdec.cpp.o
[72/98] Building CXX object CMakeFiles/OpenAL.dir/core/buffer_storage.cpp.o
[73/98] Building CXX object CMakeFiles/OpenAL.dir/core/ambdec.cpp.o
[74/98] Building CXX object CMakeFiles/OpenAL.dir/core/cpu_caps.cpp.o
[75/98] Building CXX object CMakeFiles/OpenAL.dir/core/cubic_tables.cpp.o
[76/98] Building CXX object CMakeFiles/OpenAL.dir/core/devformat.cpp.o
[77/98] Building CXX object CMakeFiles/OpenAL.dir/core/bsinc_tables.cpp.o
[78/98] Building CXX object CMakeFiles/OpenAL.dir/core/except.cpp.o
[79/98] Building CXX object CMakeFiles/OpenAL.dir/core/filters/biquad.cpp.o
[80/98] Building CXX object CMakeFiles/OpenAL.dir/core/filters/nfc.cpp.o
[81/98] Building CXX object CMakeFiles/OpenAL.dir/core/device.cpp.o
[82/98] Building CXX object CMakeFiles/OpenAL.dir/core/effectslot.cpp.o
[83/98] Building CXX object CMakeFiles/OpenAL.dir/core/fpu_ctrl.cpp.o
[84/98] Building CXX object CMakeFiles/OpenAL.dir/core/filters/splitter.cpp.o
[85/98] Building CXX object CMakeFiles/OpenAL.dir/core/converter.cpp.o
[86/98] Building CXX object CMakeFiles/OpenAL.dir/core/context.cpp.o
[87/98] Building CXX object CMakeFiles/OpenAL.dir/core/uiddefs.cpp.o
[88/98] Building CXX object CMakeFiles/OpenAL.dir/core/storage_formats.cpp.o
[89/98] Building CXX object CMakeFiles/OpenAL.dir/core/logging.cpp.o
[90/98] Building CXX object CMakeFiles/OpenAL.dir/core/mixer.cpp.o
[91/98] Building CXX object CMakeFiles/OpenAL.dir/core/mastering.cpp.o
[92/98] Building CXX object CMakeFiles/OpenAL.dir/core/mixer/mixer_c.cpp.o
[93/98] Building CXX object CMakeFiles/OpenAL.dir/core/helpers.cpp.o
[94/98] Building CXX object CMakeFiles/OpenAL.dir/core/mixer/mixer_neon.cpp.o
[95/98] Building CXX object CMakeFiles/OpenAL.dir/core/uhjfilter.cpp.o
[96/98] Building CXX object CMakeFiles/OpenAL.dir/core/voice.cpp.o
[97/98] Building CXX object CMakeFiles/OpenAL.dir/core/hrtf.cpp.o
[98/98] Linking CXX shared library libopenal.so
[1;34m[jazz2][0m OpenAL: /Users/kimhyungjun/Desktop/AI개발/OneEmu/cores/jazz2/build/external/arm64-v8a/libopenal.so ( 22M)
-- The CXX compiler identification is Clang 19.0.1
-- The C compiler identification is Clang 19.0.1
-- Detecting CXX compiler ABI info
-- Detecting CXX compiler ABI info - done
-- Check for working CXX compiler: /Users/kimhyungjun/Library/Android/sdk/ndk/28.2.13676358/toolchains/llvm/prebuilt/darwin-x86_64/bin/clang++ - skipped
-- Detecting CXX compile features
-- Detecting CXX compile features - done
-- Detecting C compiler ABI info
-- Detecting C compiler ABI info - done
-- Check for working C compiler: /Users/kimhyungjun/Library/Android/sdk/ndk/28.2.13676358/toolchains/llvm/prebuilt/darwin-x86_64/bin/clang - skipped
-- Detecting C compile features
-- Detecting C compile features - done
-- Compiling for architecture: aarch64
-- Found Git: /usr/bin/git (found version "2.50.1 (Apple Git-155)")
-- Application version: 2026.09.r1-9cc77a7
-- Performing Test CMAKE_HAVE_LIBC_PTHREAD
-- Performing Test CMAKE_HAVE_LIBC_PTHREAD - Failed
-- Looking for pthread_create in pthreads
-- Looking for pthread_create in pthreads - not found
-- Looking for pthread_create in pthread
-- Looking for pthread_create in pthread - not found
-- Check if compiler accepts -pthread
-- Check if compiler accepts -pthread - yes
-- Found Threads: TRUE
-- Found ZLIB: /Users/kimhyungjun/Library/Android/sdk/ndk/28.2.13676358/toolchains/llvm/prebuilt/darwin-x86_64/sysroot/usr/lib/aarch64-linux-android/26/libz.so
-- CURL not found for arm64-v8a (no prebuilt in EXTERNAL_ANDROID_DIR): web requests disabled
-- Content directory: /Users/kimhyungjun/Desktop/AI개발/OneEmu/cores/jazz2/src/Content
-- Compiling as a libretro core (no window backend)
-- Rendering backend: OpenGL|ES 3.0 profile
-- Audio backend: OpenAL
-- Building the game with tilemap layer draw call aggregation
-- Building the game without multiplayer support
-- Configuring done (6.1s)
-- Generating done (0.1s)
CMake Warning (unused-cli):
  Manually-specified variables were not used by the project:

    NCINE_BUILD_TESTS


-- Build files have been written to: /Users/kimhyungjun/Desktop/AI개발/OneEmu/cores/jazz2/build/android-arm64-v8a
[1;34m[jazz2][0m Building the libretro core (-j8)
[1/322] Building CXX object CMakeFiles/jazz2.dir/Sources/Shared/Environment.cpp.o
[2/322] Building CXX object CMakeFiles/jazz2.dir/Sources/Shared/Cpu.cpp.o
[3/322] Building CXX object CMakeFiles/jazz2.dir/Sources/Shared/Utf8.cpp.o
[4/322] Building CXX object CMakeFiles/jazz2.dir/Sources/Shared/Base/Format.cpp.o
/Users/kimhyungjun/Desktop/AI개발/OneEmu/cores/jazz2/src/Sources/Shared/Base/Format.cpp:254:14: warning: comparison of integers of different signs: 'std::int32_t' (aka 'int') and 'std::size_t' (aka 'unsigned long') [-Wsign-compare]
  254 |                                 if (size <= buffer.size()) {
      |                                     ~~~~ ^  ~~~~~~~~~~~~~
/Users/kimhyungjun/Desktop/AI개발/OneEmu/cores/jazz2/src/Sources/Shared/Base/Format.cpp:278:14: warning: comparison of integers of different signs: 'std::int32_t' (aka 'int') and 'std::size_t' (aka 'unsigned long') [-Wsign-compare]
  278 |                                 if (size <= buffer.size()) {
      |                                     ~~~~ ^  ~~~~~~~~~~~~~
/Users/kimhyungjun/Desktop/AI개발/OneEmu/cores/jazz2/src/Sources/Shared/Base/Format.cpp:299:14: warning: comparison of integers of different signs: 'std::int32_t' (aka 'int') and 'std::size_t' (aka 'unsigned long') [-Wsign-compare]
  299 |                                 if (size <= buffer.size()) {
      |                                     ~~~~ ^  ~~~~~~~~~~~~~
/Users/kimhyungjun/Desktop/AI개발/OneEmu/cores/jazz2/src/Sources/Shared/Base/Format.cpp:254:14: warning: comparison of integers of different signs: 'std::int32_t' (aka 'int') and 'std::size_t' (aka 'unsigned long') [-Wsign-compare]
  254 |                                 if (size <= buffer.size()) {
      |                                     ~~~~ ^  ~~~~~~~~~~~~~
/Users/kimhyungjun/Desktop/AI개발/OneEmu/cores/jazz2/src/Sources/Shared/Base/Format.cpp:353:10: note: in instantiation of function template specialization 'Death::Implementation::formatNumber<int>' requested here
  353 |                 return formatNumber(buffer, value, context);
      |                        ^
/Users/kimhyungjun/Desktop/AI개발/OneEmu/cores/jazz2/src/Sources/Shared/Base/Format.cpp:278:14: warning: comparison of integers of different signs: 'std::int32_t' (aka 'int') and 'std::size_t' (aka 'unsigned long') [-Wsign-compare]
  278 |                                 if (size <= buffer.size()) {
      |                                     ~~~~ ^  ~~~~~~~~~~~~~
/Users/kimhyungjun/Desktop/AI개발/OneEmu/cores/jazz2/src/Sources/Shared/Base/Format.cpp:299:14: warning: comparison of integers of different signs: 'std::int32_t' (aka 'int') and 'std::size_t' (aka 'unsigned long') [-Wsign-compare]
  299 |                                 if (size <= buffer.size()) {
      |                                     ~~~~ ^  ~~~~~~~~~~~~~
/Users/kimhyungjun/Desktop/AI개발/OneEmu/cores/jazz2/src/Sources/Shared/Base/Format.cpp:254:14: warning: comparison of integers of different signs: 'std::int32_t' (aka 'int') and 'std::size_t' (aka 'unsigned long') [-Wsign-compare]
  254 |                                 if (size <= buffer.size()) {
      |                                     ~~~~ ^  ~~~~~~~~~~~~~
/Users/kimhyungjun/Desktop/AI개발/OneEmu/cores/jazz2/src/Sources/Shared/Base/Format.cpp:357:10: note: in instantiation of function template specialization 'Death::Implementation::formatNumber<unsigned int>' requested here
  357 |                 return formatNumber(buffer, value, context);
      |                        ^
/Users/kimhyungjun/Desktop/AI개발/OneEmu/cores/jazz2/src/Sources/Shared/Base/Format.cpp:278:14: warning: comparison of integers of different signs: 'std::int32_t' (aka 'int') and 'std::size_t' (aka 'unsigned long') [-Wsign-compare]
  278 |                                 if (size <= buffer.size()) {
      |                                     ~~~~ ^  ~~~~~~~~~~~~~
/Users/kimhyungjun/Desktop/AI개발/OneEmu/cores/jazz2/src/Sources/Shared/Base/Format.cpp:299:14: warning: comparison of integers of different signs: 'std::int32_t' (aka 'int') and 'std::size_t' (aka 'unsigned long') [-Wsign-compare]
  299 |                                 if (size <= buffer.size()) {
      |                                     ~~~~ ^  ~~~~~~~~~~~~~
/Users/kimhyungjun/Desktop/AI개발/OneEmu/cores/jazz2/src/Sources/Shared/Base/Format.cpp:254:14: warning: comparison of integers of different signs: 'std::int32_t' (aka 'int') and 'std::size_t' (aka 'unsigned long') [-Wsign-compare]
  254 |                                 if (size <= buffer.size()) {
      |                                     ~~~~ ^  ~~~~~~~~~~~~~
/Users/kimhyungjun/Desktop/AI개발/OneEmu/cores/jazz2/src/Sources/Shared/Base/Format.cpp:361:10: note: in instantiation of function template specialization 'Death::Implementation::formatNumber<long long>' requested here
  361 |                 return formatNumber(buffer, value, context);
      |                        ^
/Users/kimhyungjun/Desktop/AI개발/OneEmu/cores/jazz2/src/Sources/Shared/Base/Format.cpp:278:14: warning: comparison of integers of different signs: 'std::int32_t' (aka 'int') and 'std::size_t' (aka 'unsigned long') [-Wsign-compare]
  278 |                                 if (size <= buffer.size()) {
      |                                     ~~~~ ^  ~~~~~~~~~~~~~
/Users/kimhyungjun/Desktop/AI개발/OneEmu/cores/jazz2/src/Sources/Shared/Base/Format.cpp:299:14: warning: comparison of integers of different signs: 'std::int32_t' (aka 'int') and 'std::size_t' (aka 'unsigned long') [-Wsign-compare]
  299 |                                 if (size <= buffer.size()) {
      |                                     ~~~~ ^  ~~~~~~~~~~~~~
/Users/kimhyungjun/Desktop/AI개발/OneEmu/cores/jazz2/src/Sources/Shared/Base/Format.cpp:254:14: warning: comparison of integers of different signs: 'std::int32_t' (aka 'int') and 'std::size_t' (aka 'unsigned long') [-Wsign-compare]
  254 |                                 if (size <= buffer.size()) {
      |                                     ~~~~ ^  ~~~~~~~~~~~~~
/Users/kimhyungjun/Desktop/AI개발/OneEmu/cores/jazz2/src/Sources/Shared/Base/Format.cpp:365:10: note: in instantiation of function template specialization 'Death::Implementation::formatNumber<unsigned long long>' requested here
  365 |                 return formatNumber(buffer, value, context);
      |                        ^
/Users/kimhyungjun/Desktop/AI개발/OneEmu/cores/jazz2/src/Sources/Shared/Base/Format.cpp:278:14: warning: comparison of integers of different signs: 'std::int32_t' (aka 'int') and 'std::size_t' (aka 'unsigned long') [-Wsign-compare]
  278 |                                 if (size <= buffer.size()) {
      |                                     ~~~~ ^  ~~~~~~~~~~~~~
/Users/kimhyungjun/Desktop/AI개발/OneEmu/cores/jazz2/src/Sources/Shared/Base/Format.cpp:299:14: warning: comparison of integers of different signs: 'std::int32_t' (aka 'int') and 'std::size_t' (aka 'unsigned long') [-Wsign-compare]
  299 |                                 if (size <= buffer.size()) {
      |                                     ~~~~ ^  ~~~~~~~~~~~~~
15 warnings generated.
[5/322] Building CXX object CMakeFiles/jazz2.dir/Sources/Shared/Containers/DateTime.cpp.o
[6/322] Building CXX object CMakeFiles/jazz2.dir/Sources/Shared/Containers/String.cpp.o
[7/322] Building CXX object CMakeFiles/jazz2.dir/Sources/Shared/IO/EmscriptenFileStream.cpp.o
[8/322] Building CXX object CMakeFiles/jazz2.dir/Sources/Shared/IO/AndroidAssetStream.cpp.o
[9/322] Building CXX object CMakeFiles/jazz2.dir/Sources/Shared/Cryptography/xxHash.cpp.o
[10/322] Building CXX object CMakeFiles/jazz2.dir/Sources/Shared/Containers/StringUtils.cpp.o
[11/322] Building CXX object CMakeFiles/jazz2.dir/Sources/Shared/Containers/SmallVector.cpp.o
[12/322] Building CXX object CMakeFiles/jazz2.dir/Sources/Shared/IO/BoundedFileStream.cpp.o
[13/322] Building CXX object CMakeFiles/jazz2.dir/Sources/Shared/Containers/StringView.cpp.o
[14/322] Building CXX object CMakeFiles/jazz2.dir/Sources/Shared/IO/MemoryStream.cpp.o
[15/322] Building CXX object CMakeFiles/jazz2.dir/Sources/Shared/IO/Stream.cpp.o
[16/322] Building CXX object CMakeFiles/jazz2.dir/Sources/Shared/IO/Compression/ZstdStream.cpp.o
/Users/kimhyungjun/Desktop/AI개발/OneEmu/cores/jazz2/src/Sources/Shared/IO/Compression/ZstdStream.cpp:4:10: warning: Death::IO::ZstdStream requires `zstd` library [-W#pragma-messages]
    4 | #       pragma message("Death::IO::ZstdStream requires `zstd` library")
      |                ^
1 warning generated.
[17/322] Building CXX object CMakeFiles/jazz2.dir/Sources/Shared/Core/Logger.cpp.o
/Users/kimhyungjun/Desktop/AI개발/OneEmu/cores/jazz2/src/Sources/Shared/Core/Logger.cpp:16:32: warning: unused variable 'ResyncLagCycles' [-Wunused-const-variable]
   16 | static constexpr std::uint32_t ResyncLagCycles = 10000;
      |                                ^~~~~~~~~~~~~~~
1 warning generated.
[18/322] Building CXX object CMakeFiles/jazz2.dir/Sources/Shared/IO/FileStream.cpp.o
/Users/kimhyungjun/Desktop/AI개발/OneEmu/cores/jazz2/src/Sources/Shared/IO/FileStream.cpp:68:14: warning: no previous prototype for function '__GetUnixErrorSuffix' [-Wmissing-prototypes]
   68 |         const char* __GetUnixErrorSuffix(std::int32_t error)
      |                     ^
/Users/kimhyungjun/Desktop/AI개발/OneEmu/cores/jazz2/src/Sources/Shared/IO/FileStream.cpp:68:8: note: declare 'static' if the function is not intended to be used outside of this translation unit
   68 |         const char* __GetUnixErrorSuffix(std::int32_t error)
      |               ^
      |         static 
1 warning generated.
[19/322] Building CXX object CMakeFiles/jazz2.dir/Sources/Shared/IO/Compression/Lz4Stream.cpp.o
/Users/kimhyungjun/Desktop/AI개발/OneEmu/cores/jazz2/src/Sources/Shared/IO/Compression/Lz4Stream.cpp:4:10: warning: Death::IO::Lz4Stream requires `lz4` library [-W#pragma-messages]
    4 | #       pragma message("Death::IO::Lz4Stream requires `lz4` library")
      |                ^
1 warning generated.
[20/322] Building CXX object CMakeFiles/jazz2.dir/Sources/Shared/IO/PakFile.cpp.o
/Users/kimhyungjun/Desktop/AI개발/OneEmu/cores/jazz2/src/Sources/Shared/IO/PakFile.cpp:1104:30: warning: comparison of integers of different signs: 'std::int32_t' (aka 'int') and 'std::size_t' (aka 'unsigned long') [-Wsign-compare]
 1104 |                 for (std::int32_t i = 0; i < queuedDirectories.size(); i++) {
      |                                          ~ ^ ~~~~~~~~~~~~~~~~~~~~~~~~
1 warning generated.
[21/322] Building CXX object CMakeFiles/jazz2.dir/Sources/Shared/IO/FileSystem.cpp.o
[22/322] Building CXX object CMakeFiles/jazz2.dir/Sources/Shared/Threading/Implementation/WaitOnAddress.cpp.o
[23/322] Building CXX object CMakeFiles/jazz2.dir/Sources/Shared/IO/Compression/DeflateStream.cpp.o
/Users/kimhyungjun/Desktop/AI개발/OneEmu/cores/jazz2/src/Sources/Shared/IO/Compression/DeflateStream.cpp:83:34: warning: comparison of integers of different signs: 'std::int64_t' (aka 'long') and 'unsigned long' [-Wsign-compare]
   83 |                                         std::int64_t size = (offset > sizeof(buffer) ? sizeof(buffer) : offset);
      |                                                              ~~~~~~ ^ ~~~~~~~~~~~~~~
/Users/kimhyungjun/Desktop/AI개발/OneEmu/cores/jazz2/src/Sources/Shared/IO/Compression/DeflateStream.cpp:317:34: warning: comparison of integers of different signs: 'std::int32_t' (aka 'int') and 'unsigned long' [-Wsign-compare]
  317 |                 if (bytesRead < 0 || bytesRead > sizeof(_buffer)) {
      |                                      ~~~~~~~~~ ^ ~~~~~~~~~~~~~~~
2 warnings generated.
[24/322] Building CXX object CMakeFiles/jazz2.dir/Sources/nCine/Base/FrameTimer.cpp.o
[25/322] Building CXX object CMakeFiles/jazz2.dir/Sources/Jazz2/Compatibility/J2vRecompressor.cpp.o
/Users/kimhyungjun/Desktop/AI개발/OneEmu/cores/jazz2/src/Sources/Jazz2/Compatibility/J2vRecompressor.cpp:193:17: warning: unused variable 'bitsPerPixel' [-Wunused-variable]
  193 |                 std::uint16_t bitsPerPixel = input->ReadValueAsLE<std::uint16_t>();
      |                               ^~~~~~~~~~~~
/Users/kimhyungjun/Desktop/AI개발/OneEmu/cores/jazz2/src/Sources/Jazz2/Compatibility/J2vRecompressor.cpp:28:26: warning: unused variable 'TargetChunkSize' [-Wunused-const-variable]
   28 |                 constexpr std::int32_t TargetChunkSize = 16 * 1024;
      |                                        ^~~~~~~~~~~~~~~
2 warnings generated.
[26/322] Building CXX object CMakeFiles/jazz2.dir/Sources/Jazz2/Compatibility/AnimSetMapping.cpp.o
[27/322] Building CXX object CMakeFiles/jazz2.dir/Sources/Jazz2/Compatibility/EventConverter.cpp.o
/Users/kimhyungjun/Desktop/AI개발/OneEmu/cores/jazz2/src/Sources/Jazz2/Compatibility/EventConverter.cpp:44:30: warning: missing field 'Params' initializer [-Wmissing-field-initializers]
   44 |                         return { EventType::Empty };
      |                                                   ^
/Users/kimhyungjun/Desktop/AI개발/OneEmu/cores/jazz2/src/Sources/Jazz2/Compatibility/EventConverter.cpp:65:16: warning: missing field 'Params' initializer [-Wmissing-field-initializers]
   65 |                         return { ev };
      |                                     ^
/Users/kimhyungjun/Desktop/AI개발/OneEmu/cores/jazz2/src/Sources/Jazz2/Compatibility/EventConverter.cpp:458:31: warning: missing field 'Params' initializer [-Wmissing-field-initializers]
  458 |                                 return { EventType::Empty };
      |                                                           ^
/Users/kimhyungjun/Desktop/AI개발/OneEmu/cores/jazz2/src/Sources/Jazz2/Compatibility/EventConverter.cpp:462:31: warning: missing field 'Params' initializer [-Wmissing-field-initializers]
  462 |                                 return { EventType::Empty };
      |                                                           ^
/Users/kimhyungjun/Desktop/AI개발/OneEmu/cores/jazz2/src/Sources/Jazz2/Compatibility/EventConverter.cpp:603:32: warning: missing field 'Params' initializer [-Wmissing-field-initializers]
  603 |                                         return { EventType::Empty };
      |                                                                   ^
/Users/kimhyungjun/Desktop/AI개발/OneEmu/cores/jazz2/src/Sources/Jazz2/Compatibility/EventConverter.cpp:607:32: warning: missing field 'Params' initializer [-Wmissing-field-initializers]
  607 |                                         return { EventType::Empty };
      |                                                                   ^
/Users/kimhyungjun/Desktop/AI개발/OneEmu/cores/jazz2/src/Sources/Jazz2/Compatibility/EventConverter.cpp:911:31: warning: missing field 'Params' initializer [-Wmissing-field-initializers]
  911 |                                 return { EventType::Crate };
      |                                                           ^
/Users/kimhyungjun/Desktop/AI개발/OneEmu/cores/jazz2/src/Sources/Jazz2/Compatibility/EventConverter.cpp:915:31: warning: missing field 'Params' initializer [-Wmissing-field-initializers]
  915 |                                 return { EventType::Crate };
      |                                                           ^
8 warnings generated.
[28/322] Building CXX object CMakeFiles/jazz2.dir/Sources/Jazz2/Compatibility/JJ2Block.cpp.o
[29/322] Building CXX object CMakeFiles/jazz2.dir/Sources/Jazz2/Compatibility/AssetConverter.cpp.o
/Users/kimhyungjun/Desktop/AI개발/OneEmu/cores/jazz2/src/Sources/Jazz2/Compatibility/AssetConverter.cpp:430:34: warning: comparison of integers of different signs: 'std::int32_t' (aka 'int') and 'unsigned int' [-Wsign-compare]
  430 |                                         } else if (episode.Position >= UINT32_MAX) {
      |                                                    ~~~~~~~~~~~~~~~~ ^  ~~~~~~~~~~
1 warning generated.
[30/322] Building CXX object CMakeFiles/jazz2.dir/Sources/Jazz2/Compatibility/JJ2Anims.cpp.o
[31/322] Building CXX object CMakeFiles/jazz2.dir/Sources/Jazz2/Compatibility/JJ2Data.cpp.o
[32/322] Building CXX object CMakeFiles/jazz2.dir/Sources/Jazz2/Compatibility/JJ2Episode.cpp.o
[33/322] Building CXX object CMakeFiles/jazz2.dir/Sources/Jazz2/Compatibility/JJ2Level.cpp.o
/Users/kimhyungjun/Desktop/AI개발/OneEmu/cores/jazz2/src/Sources/Jazz2/Compatibility/JJ2Level.cpp:403:10: warning: unused variable 'reapplyPaletteOnDeath' [-Wunused-variable]
  403 |                                 bool reapplyPaletteOnDeath = block.ReadBool();
      |                                      ^~~~~~~~~~~~~~~~~~~~~
/Users/kimhyungjun/Desktop/AI개발/OneEmu/cores/jazz2/src/Sources/Jazz2/Compatibility/JJ2Level.cpp:496:18: warning: unused variable 'rotationAngle' [-Wunused-variable]
  496 |                                 std::int32_t rotationAngle = block.ReadInt32();
      |                                              ^~~~~~~~~~~~~
/Users/kimhyungjun/Desktop/AI개발/OneEmu/cores/jazz2/src/Sources/Jazz2/Compatibility/JJ2Level.cpp:497:18: warning: unused variable 'rotationRadiusMult' [-Wunused-variable]
  497 |                                 std::int32_t rotationRadiusMult = block.ReadInt32();
      |                                              ^~~~~~~~~~~~~~~~~~
/Users/kimhyungjun/Desktop/AI개발/OneEmu/cores/jazz2/src/Sources/Jazz2/Compatibility/JJ2Level.cpp:559:19: warning: unused variable 'weaponHookPrefix' [-Wunused-variable]
  559 |                                         std::int16_t weaponHookPrefix = block.ReadInt16();
      |                                                      ^~~~~~~~~~~~~~~~
/Users/kimhyungjun/Desktop/AI개발/OneEmu/cores/jazz2/src/Sources/Jazz2/Compatibility/JJ2Level.cpp:568:20: warning: unused variable 'optionValue' [-Wunused-variable]
  568 |                                                 std::uint8_t optionValue = block.ReadByte();
      |                                                              ^~~~~~~~~~~
/Users/kimhyungjun/Desktop/AI개발/OneEmu/cores/jazz2/src/Sources/Jazz2/Compatibility/JJ2Level.cpp:572:20: warning: unused variable 'ammoCrate' [-Wunused-variable]
  572 |                                                 std::uint8_t ammoCrate = block.ReadByte();
      |                                                              ^~~~~~~~~
/Users/kimhyungjun/Desktop/AI개발/OneEmu/cores/jazz2/src/Sources/Jazz2/Compatibility/JJ2Level.cpp:583:20: warning: unused variable 'gun8Style' [-Wunused-variable]
  583 |                                                 std::uint8_t gun8Style = block.ReadByte(); // Pepper style
      |                                                              ^~~~~~~~~
/Users/kimhyungjun/Desktop/AI개발/OneEmu/cores/jazz2/src/Sources/Jazz2/Compatibility/JJ2Level.cpp:563:19: warning: unused variable 'maximum' [-Wunused-variable]
  563 |                                         std::int32_t maximum = block.ReadInt32();
      |                                                      ^~~~~~~
/Users/kimhyungjun/Desktop/AI개발/OneEmu/cores/jazz2/src/Sources/Jazz2/Compatibility/JJ2Level.cpp:379:8: warning: unused variable 'warpsTransmuteCoins' [-Wunused-variable]
  379 |                 bool warpsTransmuteCoins = block.ReadBool();
      |                      ^~~~~~~~~~~~~~~~~~~
/Users/kimhyungjun/Desktop/AI개발/OneEmu/cores/jazz2/src/Sources/Jazz2/Compatibility/JJ2Level.cpp:381:8: warning: unused variable 'delayGeneratedCrateOrigins' [-Wunused-variable]
  381 |                 bool delayGeneratedCrateOrigins = block.ReadBool();
      |                      ^~~~~~~~~~~~~~~~~~~~~~~~~~
/Users/kimhyungjun/Desktop/AI개발/OneEmu/cores/jazz2/src/Sources/Jazz2/Compatibility/JJ2Level.cpp:382:16: warning: unused variable 'echo' [-Wunused-variable]
  382 |                 std::int32_t echo = block.ReadInt32();
      |                              ^~~~
/Users/kimhyungjun/Desktop/AI개발/OneEmu/cores/jazz2/src/Sources/Jazz2/Compatibility/JJ2Level.cpp:386:9: warning: unused variable 'waterChangeSpeed' [-Wunused-variable]
  386 |                 float waterChangeSpeed = block.ReadFloat();
      |                       ^~~~~~~~~~~~~~~~
/Users/kimhyungjun/Desktop/AI개발/OneEmu/cores/jazz2/src/Sources/Jazz2/Compatibility/JJ2Level.cpp:388:16: warning: unused variable 'waterInteraction' [-Wunused-variable]
  388 |                 std::uint8_t waterInteraction = block.ReadByte();
      |                              ^~~~~~~~~~~~~~~~
/Users/kimhyungjun/Desktop/AI개발/OneEmu/cores/jazz2/src/Sources/Jazz2/Compatibility/JJ2Level.cpp:389:16: warning: unused variable 'waterLayer' [-Wunused-variable]
  389 |                 std::int32_t waterLayer = block.ReadInt32();
      |                              ^~~~~~~~~~
/Users/kimhyungjun/Desktop/AI개발/OneEmu/cores/jazz2/src/Sources/Jazz2/Compatibility/JJ2Level.cpp:391:16: warning: unused variable 'waterLighting' [-Wunused-variable]
  391 |                 std::uint8_t waterLighting = block.ReadByte();
      |                              ^~~~~~~~~~~~~
/Users/kimhyungjun/Desktop/AI개발/OneEmu/cores/jazz2/src/Sources/Jazz2/Compatibility/JJ2Level.cpp:393:17: warning: unused variable 'waterGradientStart' [-Wunused-variable]
  393 |                 std::uint32_t waterGradientStart = block.ReadUInt32();
      |                               ^~~~~~~~~~~~~~~~~~
/Users/kimhyungjun/Desktop/AI개발/OneEmu/cores/jazz2/src/Sources/Jazz2/Compatibility/JJ2Level.cpp:394:17: warning: unused variable 'waterGradientStop' [-Wunused-variable]
  394 |                 std::uint32_t waterGradientStop = block.ReadUInt32();
      |                               ^~~~~~~~~~~~~~~~~
/Users/kimhyungjun/Desktop/AI개발/OneEmu/cores/jazz2/src/Sources/Jazz2/Compatibility/JJ2Level.cpp:769:32: warning: comparison of integers of different signs: 'std::int32_t' (aka 'int') and 'unsigned long' [-Wsign-compare]
  769 |                                 for (std::int32_t i = 0; i < sizeof(_levelPalette); i += 3) {
      |                                                          ~ ^ ~~~~~~~~~~~~~~~~~~~~~
/Users/kimhyungjun/Desktop/AI개발/OneEmu/cores/jazz2/src/Sources/Jazz2/Compatibility/JJ2Level.cpp:784:32: warning: comparison of integers of different signs: 'std::int32_t' (aka 'int') and 'unsigned long' [-Wsign-compare]
  784 |                                 for (std::int32_t i = 0; i < sizeof(palette.Colors); i += 3) {
      |                                                          ~ ^ ~~~~~~~~~~~~~~~~~~~~~~
19 warnings generated.
[34/322] Building CXX object CMakeFiles/jazz2.dir/Sources/nCine/Base/Algorithms.cpp.o
[35/322] Building CXX object CMakeFiles/jazz2.dir/Sources/Jazz2/Compatibility/JJ2Strings.cpp.o
[36/322] Building CXX object CMakeFiles/jazz2.dir/Sources/Jazz2/Compatibility/JJ2Tileset.cpp.o
[37/322] Building CXX object CMakeFiles/jazz2.dir/Sources/nCine/AppConfiguration.cpp.o
[38/322] Building CXX object CMakeFiles/jazz2.dir/Sources/Dependencies/jsoncpp/reader.cpp.o
/Users/kimhyungjun/Desktop/AI개발/OneEmu/cores/jazz2/src/Sources/Dependencies/jsoncpp/reader.cpp:43:21: warning: unused variable 'stackLimit_g' [-Wunused-const-variable]
   43 | static size_t const stackLimit_g = JSONCPP_DEPRECATED_STACK_LIMIT; // see readValue()
      |                     ^~~~~~~~~~~~
1 warning generated.
[39/322] Building CXX object CMakeFiles/jazz2.dir/Sources/Dependencies/jsoncpp/writer.cpp.o
[40/322] Building CXX object CMakeFiles/jazz2.dir/Sources/Dependencies/jsoncpp/value.cpp.o
[41/322] Building CXX object CMakeFiles/jazz2.dir/Sources/nCine/ServiceLocator.cpp.o
[42/322] Building CXX object CMakeFiles/jazz2.dir/Sources/nCine/Base/Clock.cpp.o
[43/322] Building CXX object CMakeFiles/jazz2.dir/Sources/nCine/I18n.cpp.o
[44/322] Building CXX object CMakeFiles/jazz2.dir/Sources/nCine/Audio/IAudioPlayer.cpp.o
[45/322] Building CXX object CMakeFiles/jazz2.dir/Sources/nCine/Base/BitArray.cpp.o
[46/322] Building CXX object CMakeFiles/jazz2.dir/Sources/nCine/Base/HashFunctions.cpp.o
/Users/kimhyungjun/Desktop/AI개발/OneEmu/cores/jazz2/src/Sources/nCine/Base/HashFunctions.cpp:14:11: warning: no previous prototype for function 'fasthash_mix' [-Wmissing-prototypes]
   14 |         uint64_t fasthash_mix(uint64_t h)
      |                  ^
/Users/kimhyungjun/Desktop/AI개발/OneEmu/cores/jazz2/src/Sources/nCine/Base/HashFunctions.cpp:14:2: note: declare 'static' if the function is not intended to be used outside of this translation unit
   14 |         uint64_t fasthash_mix(uint64_t h)
      |         ^
      |         static 
/Users/kimhyungjun/Desktop/AI개발/OneEmu/cores/jazz2/src/Sources/nCine/Base/HashFunctions.cpp:22:11: warning: no previous prototype for function 'fasthash64' [-Wmissing-prototypes]
   22 |         uint64_t fasthash64(const void* buf, size_t len, uint64_t seed)
      |                  ^
/Users/kimhyungjun/Desktop/AI개발/OneEmu/cores/jazz2/src/Sources/nCine/Base/HashFunctions.cpp:22:2: note: declare 'static' if the function is not intended to be used outside of this translation unit
   22 |         uint64_t fasthash64(const void* buf, size_t len, uint64_t seed)
      |         ^
      |         static 
/Users/kimhyungjun/Desktop/AI개발/OneEmu/cores/jazz2/src/Sources/nCine/Base/HashFunctions.cpp:54:11: warning: no previous prototype for function 'fasthash32' [-Wmissing-prototypes]
   54 |         uint32_t fasthash32(const void* buf, size_t len, uint32_t seed)
      |                  ^
/Users/kimhyungjun/Desktop/AI개발/OneEmu/cores/jazz2/src/Sources/nCine/Base/HashFunctions.cpp:54:2: note: declare 'static' if the function is not intended to be used outside of this translation unit
   54 |         uint32_t fasthash32(const void* buf, size_t len, uint32_t seed)
      |         ^
      |         static 
/Users/kimhyungjun/Desktop/AI개발/OneEmu/cores/jazz2/src/Sources/nCine/Base/HashFunctions.cpp:202:16: warning: no previous prototype for function 'CityHash32' [-Wmissing-prototypes]
  202 |         std::uint32_t CityHash32(const char* s, std::size_t len)
      |                       ^
/Users/kimhyungjun/Desktop/AI개발/OneEmu/cores/jazz2/src/Sources/nCine/Base/HashFunctions.cpp:202:2: note: declare 'static' if the function is not intended to be used outside of this translation unit
  202 |         std::uint32_t CityHash32(const char* s, std::size_t len)
      |         ^
      |         static 
/Users/kimhyungjun/Desktop/AI개발/OneEmu/cores/jazz2/src/Sources/nCine/Base/HashFunctions.cpp:382:16: warning: no previous prototype for function 'CityHash64' [-Wmissing-prototypes]
  382 |         std::uint64_t CityHash64(const char* s, std::size_t len)
      |                       ^
/Users/kimhyungjun/Desktop/AI개발/OneEmu/cores/jazz2/src/Sources/nCine/Base/HashFunctions.cpp:382:2: note: declare 'static' if the function is not intended to be used outside of this translation unit
  382 |         std::uint64_t CityHash64(const char* s, std::size_t len)
      |         ^
      |         static 
/Users/kimhyungjun/Desktop/AI개발/OneEmu/cores/jazz2/src/Sources/nCine/Base/HashFunctions.cpp:420:16: warning: no previous prototype for function 'CityHash64WithSeeds' [-Wmissing-prototypes]
  420 |         std::uint64_t CityHash64WithSeeds(const char* s, std::size_t len, std::uint64_t seed0, uint64_t seed1)
      |                       ^
/Users/kimhyungjun/Desktop/AI개발/OneEmu/cores/jazz2/src/Sources/nCine/Base/HashFunctions.cpp:420:2: note: declare 'static' if the function is not intended to be used outside of this translation unit
  420 |         std::uint64_t CityHash64WithSeeds(const char* s, std::size_t len, std::uint64_t seed0, uint64_t seed1)
      |         ^
      |         static 
/Users/kimhyungjun/Desktop/AI개발/OneEmu/cores/jazz2/src/Sources/nCine/Base/HashFunctions.cpp:425:16: warning: no previous prototype for function 'CityHash64WithSeed' [-Wmissing-prototypes]
  425 |         std::uint64_t CityHash64WithSeed(const char* s, std::size_t len, std::uint64_t seed)
      |                       ^
/Users/kimhyungjun/Desktop/AI개발/OneEmu/cores/jazz2/src/Sources/nCine/Base/HashFunctions.cpp:425:2: note: declare 'static' if the function is not intended to be used outside of this translation unit
  425 |         std::uint64_t CityHash64WithSeed(const char* s, std::size_t len, std::uint64_t seed)
      |         ^
      |         static 
7 warnings generated.
[47/322] Building CXX object CMakeFiles/jazz2.dir/Sources/nCine/Base/Object.cpp.o
[48/322] Building CXX object CMakeFiles/jazz2.dir/Sources/nCine/Base/Timer.cpp.o
[49/322] Building CXX object CMakeFiles/jazz2.dir/Sources/nCine/Base/TimeStamp.cpp.o
[50/322] Building CXX object CMakeFiles/jazz2.dir/Sources/nCine/Audio/IAudioLoader.cpp.o
[51/322] Building CXX object CMakeFiles/jazz2.dir/Sources/nCine/Base/Random.cpp.o
[52/322] Building CXX object CMakeFiles/jazz2.dir/Sources/nCine/Audio/AudioBuffer.cpp.o
[53/322] Building CXX object CMakeFiles/jazz2.dir/Sources/nCine/Graphics/AnimatedSprite.cpp.o
[54/322] Building CXX object CMakeFiles/jazz2.dir/Sources/nCine/Graphics/BaseSprite.cpp.o
[55/322] Building CXX object CMakeFiles/jazz2.dir/Sources/nCine/Audio/AudioStream.cpp.o
/Users/kimhyungjun/Desktop/AI개발/OneEmu/cores/jazz2/src/Sources/nCine/Audio/AudioStream.cpp:313:28: warning: comparison of integers of different signs: 'std::int32_t' (aka 'int') and 'unsigned int' [-Wsign-compare]
  313 |                 _duration = (_numSamples == UINT32_MAX ? -1.0f : float(_numSamples) / _frequency);
      |                              ~~~~~~~~~~~ ^  ~~~~~~~~~~
1 warning generated.
[56/322] Building CXX object CMakeFiles/jazz2.dir/Sources/nCine/Graphics/BinaryShaderCache.cpp.o
[57/322] Building CXX object CMakeFiles/jazz2.dir/Sources/nCine/Graphics/RHI/RhiCapabilitiesBase.cpp.o
[58/322] Building CXX object CMakeFiles/jazz2.dir/Sources/nCine/Graphics/Camera.cpp.o
[59/322] Building CXX object CMakeFiles/jazz2.dir/Sources/nCine/Graphics/DrawableNode.cpp.o
[60/322] Building CXX object CMakeFiles/jazz2.dir/Sources/nCine/Graphics/ITextureLoader.cpp.o
/Users/kimhyungjun/Desktop/AI개발/OneEmu/cores/jazz2/src/Sources/nCine/Graphics/ITextureLoader.cpp:39:54: warning: comparison of integers of different signs: 'std::uint32_t' (aka 'unsigned int') and 'const std::int32_t' (aka 'const int') [-Wsign-compare]
   39 |                 if (_mipMapCount > 1 && std::uint32_t(mipMapLevel) < _mipMapCount) {
      |                                         ~~~~~~~~~~~~~~~~~~~~~~~~~~ ^ ~~~~~~~~~~~~
1 warning generated.
[61/322] Building CXX object CMakeFiles/jazz2.dir/Sources/nCine/Graphics/Geometry.cpp.o
[62/322] Building CXX object CMakeFiles/jazz2.dir/Sources/nCine/Graphics/IGfxDevice.cpp.o
[63/322] Building CXX object CMakeFiles/jazz2.dir/Sources/nCine/Graphics/ParticleInitializer.cpp.o
[64/322] Building CXX object CMakeFiles/jazz2.dir/Sources/nCine/Graphics/Particle.cpp.o
[65/322] Building CXX object CMakeFiles/jazz2.dir/Sources/nCine/Graphics/Material.cpp.o
[66/322] Building CXX object CMakeFiles/jazz2.dir/Sources/nCine/Graphics/MeshSprite.cpp.o
[67/322] Building CXX object CMakeFiles/jazz2.dir/Sources/nCine/Graphics/RectAnimation.cpp.o
[68/322] Building CXX object CMakeFiles/jazz2.dir/Sources/nCine/Graphics/ParticleAffectors.cpp.o
[69/322] Building CXX object CMakeFiles/jazz2.dir/Sources/nCine/Graphics/ParticleSystem.cpp.o
[70/322] Building CXX object CMakeFiles/jazz2.dir/Sources/nCine/Graphics/RenderBatcher.cpp.o
/Users/kimhyungjun/Desktop/AI개발/OneEmu/cores/jazz2/src/Sources/nCine/Graphics/RenderBatcher.cpp:196:53: warning: comparison of integers of different signs: 'std::uint32_t' (aka 'unsigned int') and 'GLint' (aka 'int') [-Wsign-compare]
  196 |                         if (instancesBlockSize + singleInstanceBlockSize > instancesBlock->GetSize() || currentSize + singleInstanceBlockSize > UboMaxSize) {
      |                             ~~~~~~~~~~~~~~~~~~~~~~~~~~~~~~~~~~~~~~~~~~~~ ^ ~~~~~~~~~~~~~~~~~~~~~~~~~
1 warning generated.
[71/322] Building CXX object CMakeFiles/jazz2.dir/Sources/nCine/Graphics/RenderStatistics.cpp.o
[72/322] Building CXX object CMakeFiles/jazz2.dir/Sources/nCine/Graphics/RenderCommandPool.cpp.o
[73/322] Building CXX object CMakeFiles/jazz2.dir/Sources/nCine/Graphics/RenderBuffersManager.cpp.o
[74/322] Building CXX object CMakeFiles/jazz2.dir/Sources/nCine/Graphics/RenderQueue.cpp.o
[75/322] Building CXX object CMakeFiles/jazz2.dir/Sources/nCine/Graphics/RenderCommand.cpp.o
[76/322] Building CXX object CMakeFiles/jazz2.dir/Sources/nCine/Graphics/RenderResources.cpp.o
[77/322] Building CXX object CMakeFiles/jazz2.dir/Sources/nCine/Graphics/SceneNode.cpp.o
[78/322] Building CXX object CMakeFiles/jazz2.dir/Sources/nCine/Graphics/RenderVaoPool.cpp.o
[79/322] Building CXX object CMakeFiles/jazz2.dir/Sources/nCine/Graphics/TextureFormat.cpp.o
[80/322] Building CXX object CMakeFiles/jazz2.dir/Sources/nCine/Graphics/ScreenViewport.cpp.o
[81/322] Building CXX object CMakeFiles/jazz2.dir/Sources/nCine/Graphics/ShaderState.cpp.o
[82/322] Building CXX object CMakeFiles/jazz2.dir/Sources/nCine/Application.cpp.o
/Users/kimhyungjun/Desktop/AI개발/OneEmu/cores/jazz2/src/Sources/nCine/Application.cpp:615:13: warning: unused variable '__consoleSixelSupported' [-Wunused-variable]
  615 | static bool __consoleSixelSupported = false;
      |             ^~~~~~~~~~~~~~~~~~~~~~~
1 warning generated.
[83/322] Building CXX object CMakeFiles/jazz2.dir/Sources/nCine/Graphics/Shader.cpp.o
[84/322] Building CXX object CMakeFiles/jazz2.dir/Sources/nCine/Graphics/Texture.cpp.o
[85/322] Building CXX object CMakeFiles/jazz2.dir/Sources/nCine/Graphics/TextureLoaderDds.cpp.o
[86/322] Building CXX object CMakeFiles/jazz2.dir/Sources/nCine/Graphics/Sprite.cpp.o
[87/322] Building CXX object CMakeFiles/jazz2.dir/Sources/nCine/Graphics/TextureLoaderRaw.cpp.o
[88/322] Building CXX object CMakeFiles/jazz2.dir/Sources/nCine/Graphics/TextureLoaderKtx.cpp.o
[89/322] Building CXX object CMakeFiles/jazz2.dir/Sources/nCine/Graphics/TextureLoaderQoi.cpp.o
[90/322] Building CXX object CMakeFiles/jazz2.dir/Sources/nCine/Graphics/TextureLoaderPvr.cpp.o
[91/322] Building CXX object CMakeFiles/jazz2.dir/Sources/nCine/Graphics/TextureLoaderPng.cpp.o
[92/322] Building CXX object CMakeFiles/jazz2.dir/Sources/nCine/Primitives/Half.cpp.o
[93/322] Building CXX object CMakeFiles/jazz2.dir/Sources/nCine/Input/IInputManager.cpp.o
[94/322] Building CXX object CMakeFiles/jazz2.dir/Sources/nCine/Primitives/Color.cpp.o
[95/322] Building CXX object CMakeFiles/jazz2.dir/Sources/nCine/Graphics/Viewport.cpp.o
[96/322] Building CXX object CMakeFiles/jazz2.dir/Sources/nCine/Input/JoyMapping.cpp.o
[97/322] Building CXX object CMakeFiles/jazz2.dir/Sources/nCine/Primitives/Colorf.cpp.o
[98/322] Building CXX object CMakeFiles/jazz2.dir/Sources/nCine/Threading/Thread.cpp.o
[99/322] Building CXX object CMakeFiles/jazz2.dir/Sources/Utilities/ShaderCompiler/ConstFold.cpp.o
[100/322] Building CXX object CMakeFiles/jazz2.dir/Sources/nCine/Graphics/RHI/GL/GLAttribute.cpp.o
[101/322] Building CXX object CMakeFiles/jazz2.dir/Sources/nCine/Graphics/RHI/GL/GLBlending.cpp.o
[102/322] Building CXX object CMakeFiles/jazz2.dir/Sources/nCine/Graphics/RHI/GL/GLBufferObject.cpp.o
[103/322] Building CXX object CMakeFiles/jazz2.dir/Sources/nCine/Graphics/RHI/GL/GLCullFace.cpp.o
[104/322] Building CXX object CMakeFiles/jazz2.dir/Sources/Utilities/ShaderCompiler/GlslReflect.cpp.o
[105/322] Building CXX object CMakeFiles/jazz2.dir/Sources/nCine/Graphics/RHI/GL/GLDepthTest.cpp.o
[106/322] Building CXX object CMakeFiles/jazz2.dir/Sources/Utilities/ShaderCompiler/RuntimeShader.cpp.o
[107/322] Building CXX object CMakeFiles/jazz2.dir/Sources/nCine/Graphics/RHI/GL/GLRenderbuffer.cpp.o
[108/322] Building CXX object CMakeFiles/jazz2.dir/Sources/Utilities/ShaderCompiler/ShaderParser.cpp.o
/Users/kimhyungjun/Desktop/AI개발/OneEmu/cores/jazz2/src/Sources/Utilities/ShaderCompiler/ShaderParser.cpp:151:8: warning: unused function 'SplitWords' [-Wunused-function]
  151 |                 void SplitWords(StringView s, SmallVectorImpl<String>& words)
      |                      ^~~~~~~~~~
1 warning generated.
[109/322] Building CXX object CMakeFiles/jazz2.dir/Sources/nCine/Graphics/RHI/GL/GLClearColor.cpp.o
[110/322] Building CXX object CMakeFiles/jazz2.dir/Sources/nCine/Graphics/RHI/GL/GLRhiCapabilities.cpp.o
[111/322] Building CXX object CMakeFiles/jazz2.dir/Sources/nCine/Graphics/RHI/GL/GLFramebuffer.cpp.o
[112/322] Building CXX object CMakeFiles/jazz2.dir/Sources/nCine/Graphics/RHI/GL/GLDebug.cpp.o
[113/322] Building CXX object CMakeFiles/jazz2.dir/Sources/nCine/Graphics/RHI/GL/GLRenderTarget.cpp.o
[114/322] Building CXX object CMakeFiles/jazz2.dir/Sources/nCine/Graphics/RHI/GL/GLDevice.cpp.o
[115/322] Building CXX object CMakeFiles/jazz2.dir/Sources/nCine/Graphics/RHI/GL/GLScissorTest.cpp.o
[116/322] Building CXX object CMakeFiles/jazz2.dir/Sources/nCine/Graphics/RHI/GL/GLUniform.cpp.o
/Users/kimhyungjun/Desktop/AI개발/OneEmu/cores/jazz2/src/Sources/nCine/Graphics/RHI/GL/GLUniform.cpp:20:23: warning: comparison of integers of different signs: 'GLsizei' (aka 'int') and 'const std::uint32_t' (aka 'const unsigned int') [-Wsign-compare]
   20 |                 DEATH_ASSERT(length <= MaxNameLength);
      |                              ~~~~~~ ^  ~~~~~~~~~~~~~
/Users/kimhyungjun/Desktop/AI개발/OneEmu/cores/jazz2/src/Sources/Dependencies/../Shared/Asserts.h:178:218: note: expanded from macro 'DEATH_ASSERT'
  178 | #               define DEATH_ASSERT(...) DEATH_HELPER_EXPAND(DEATH_HELPER_PICK(__VA_ARGS__, __DEATH_ASSERT3, __DEATH_ASSERT3, __DEATH_ASSERT3, __DEATH_ASSERT3, __DEATH_ASSERT3, __DEATH_ASSERT3, __DEATH_ASSERT2, __DEATH_ASSERT1, )(__VA_ARGS__))
      |                                                                                                                                                                                                                                       ^~~~~~~~~~~
/Users/kimhyungjun/Desktop/AI개발/OneEmu/cores/jazz2/src/Sources/Dependencies/../Shared/Asserts.h:158:25: note: expanded from macro '__DEATH_ASSERT1'
  158 |                                 if DEATH_UNLIKELY(!(condition)) {                                               \
      |                                                     ^~~~~~~~~
/Users/kimhyungjun/Desktop/AI개발/OneEmu/cores/jazz2/src/Sources/Shared/CommonBase.h:646:52: note: expanded from macro 'DEATH_UNLIKELY'
  646 | #               define DEATH_UNLIKELY(...) (__builtin_expect(!!(__VA_ARGS__), 0))
      |                                                                 ^~~~~~~~~~~
/Users/kimhyungjun/Desktop/AI개발/OneEmu/cores/jazz2/src/Sources/Dependencies/../Shared/Common.h:73:34: note: expanded from macro 'DEATH_HELPER_EXPAND'
   73 | #define DEATH_HELPER_EXPAND(...) __VA_ARGS__
      |                                  ^~~~~~~~~~~
1 warning generated.
[117/322] Building CXX object CMakeFiles/jazz2.dir/Sources/nCine/Graphics/RHI/GL/GLTexture.cpp.o
[118/322] Building CXX object CMakeFiles/jazz2.dir/Sources/nCine/Graphics/RHI/GL/GLShaderProgram.cpp.o
[119/322] Building CXX object CMakeFiles/jazz2.dir/Sources/nCine/Graphics/RHI/GL/GLShader.cpp.o
[120/322] Building CXX object CMakeFiles/jazz2.dir/Sources/nCine/Graphics/RHI/GL/GLTextureFormat.cpp.o
[121/322] Building CXX object CMakeFiles/jazz2.dir/Sources/nCine/Graphics/RHI/GL/GLShaderUniformBlocks.cpp.o
[122/322] Building CXX object CMakeFiles/jazz2.dir/Sources/nCine/Graphics/RHI/GL/GLShaderUniforms.cpp.o
[123/322] Building CXX object CMakeFiles/jazz2.dir/Sources/nCine/Graphics/RHI/GL/GLUniformCache.cpp.o
[124/322] Building CXX object CMakeFiles/jazz2.dir/Sources/nCine/Graphics/RHI/GL/GLVertexArrayObject.cpp.o
[125/322] Building CXX object CMakeFiles/jazz2.dir/Sources/nCine/Graphics/RHI/GL/GLUniformBlock.cpp.o
/Users/kimhyungjun/Desktop/AI개발/OneEmu/cores/jazz2/src/Sources/nCine/Graphics/RHI/GL/GLUniformBlock.cpp:37:27: warning: comparison of integers of different signs: 'GLint' (aka 'int') and 'const std::uint32_t' (aka 'const unsigned int') [-Wsign-compare]
   37 |                 DEATH_ASSERT(nameLength <= MaxNameLength);
      |                              ~~~~~~~~~~ ^  ~~~~~~~~~~~~~
/Users/kimhyungjun/Desktop/AI개발/OneEmu/cores/jazz2/src/Sources/Dependencies/../Shared/Asserts.h:178:218: note: expanded from macro 'DEATH_ASSERT'
  178 | #               define DEATH_ASSERT(...) DEATH_HELPER_EXPAND(DEATH_HELPER_PICK(__VA_ARGS__, __DEATH_ASSERT3, __DEATH_ASSERT3, __DEATH_ASSERT3, __DEATH_ASSERT3, __DEATH_ASSERT3, __DEATH_ASSERT3, __DEATH_ASSERT2, __DEATH_ASSERT1, )(__VA_ARGS__))
      |                                                                                                                                                                                                                                       ^~~~~~~~~~~
/Users/kimhyungjun/Desktop/AI개발/OneEmu/cores/jazz2/src/Sources/Dependencies/../Shared/Asserts.h:158:25: note: expanded from macro '__DEATH_ASSERT1'
  158 |                                 if DEATH_UNLIKELY(!(condition)) {                                               \
      |                                                     ^~~~~~~~~
/Users/kimhyungjun/Desktop/AI개발/OneEmu/cores/jazz2/src/Sources/Shared/CommonBase.h:646:52: note: expanded from macro 'DEATH_UNLIKELY'
  646 | #               define DEATH_UNLIKELY(...) (__builtin_expect(!!(__VA_ARGS__), 0))
      |                                                                 ^~~~~~~~~~~
/Users/kimhyungjun/Desktop/AI개발/OneEmu/cores/jazz2/src/Sources/Dependencies/../Shared/Common.h:73:34: note: expanded from macro 'DEATH_HELPER_EXPAND'
   73 | #define DEATH_HELPER_EXPAND(...) __VA_ARGS__
      |                                  ^~~~~~~~~~~
/Users/kimhyungjun/Desktop/AI개발/OneEmu/cores/jazz2/src/Sources/nCine/Graphics/RHI/GL/GLUniformBlock.cpp:70:40: warning: comparison of integers of different signs: 'GLint' (aka 'int') and 'const std::uint32_t' (aka 'const unsigned int') [-Wsign-compare]
   70 |                                 DEATH_ASSERT(uniformNameLengths[i] <= GLUniform::MaxNameLength,
      |                                              ~~~~~~~~~~~~~~~~~~~~~ ^  ~~~~~~~~~~~~~~~~~~~~~~~~
/Users/kimhyungjun/Desktop/AI개발/OneEmu/cores/jazz2/src/Sources/Dependencies/../Shared/Asserts.h:178:218: note: expanded from macro 'DEATH_ASSERT'
  178 | #               define DEATH_ASSERT(...) DEATH_HELPER_EXPAND(DEATH_HELPER_PICK(__VA_ARGS__, __DEATH_ASSERT3, __DEATH_ASSERT3, __DEATH_ASSERT3, __DEATH_ASSERT3, __DEATH_ASSERT3, __DEATH_ASSERT3, __DEATH_ASSERT2, __DEATH_ASSERT1, )(__VA_ARGS__))
      |                                                                                                                                                                                                                                       ^~~~~~~~~~~
/Users/kimhyungjun/Desktop/AI개발/OneEmu/cores/jazz2/src/Sources/Dependencies/../Shared/Asserts.h:172:25: note: expanded from macro '__DEATH_ASSERT3'
  172 |                                 if DEATH_UNLIKELY(!(condition)) {                                               \
      |                                                     ^~~~~~~~~
/Users/kimhyungjun/Desktop/AI개발/OneEmu/cores/jazz2/src/Sources/Shared/CommonBase.h:646:52: note: expanded from macro 'DEATH_UNLIKELY'
  646 | #               define DEATH_UNLIKELY(...) (__builtin_expect(!!(__VA_ARGS__), 0))
      |                                                                 ^~~~~~~~~~~
/Users/kimhyungjun/Desktop/AI개발/OneEmu/cores/jazz2/src/Sources/Dependencies/../Shared/Common.h:73:34: note: expanded from macro 'DEATH_HELPER_EXPAND'
   73 | #define DEATH_HELPER_EXPAND(...) __VA_ARGS__
      |                                  ^~~~~~~~~~~
2 warnings generated.
[126/322] Building CXX object CMakeFiles/jazz2.dir/Sources/nCine/Graphics/RHI/GL/GLVertexFormat.cpp.o
[127/322] Building CXX object CMakeFiles/jazz2.dir/Sources/nCine/Graphics/RHI/GL/GLViewport.cpp.o
[128/322] Building CXX object CMakeFiles/jazz2.dir/Sources/nCine/Graphics/RHI/GL/GLUniformBlockCache.cpp.o
[129/322] Building CXX object CMakeFiles/jazz2.dir/Sources/Jazz2/LevelInitialization.cpp.o
[130/322] Building CXX object CMakeFiles/jazz2.dir/Sources/Jazz2/Resources.cpp.o
[131/322] Building CXX object CMakeFiles/jazz2.dir/Sources/Jazz2/Actors/PlayerCorpse.cpp.o
In file included from /Users/kimhyungjun/Desktop/AI개발/OneEmu/cores/jazz2/src/Sources/Jazz2/Actors/PlayerCorpse.cpp:1:
In file included from /Users/kimhyungjun/Desktop/AI개발/OneEmu/cores/jazz2/src/Sources/Jazz2/Actors/PlayerCorpse.h:3:
/Users/kimhyungjun/Desktop/AI개발/OneEmu/cores/jazz2/src/Sources/Jazz2/Actors/ActorBase.h:378:90: warning: missing field 'UsedWeaponType' initializer [-Wmissing-field-initializers]
  378 |                         Tiles::TileCollisionParams params = { Tiles::TileDestructType::None, _speed.Y >= 0.0f };
      |                                                                                                               ^
1 warning generated.
[132/322] Building CXX object CMakeFiles/jazz2.dir/Sources/Jazz2/PreferencesCache.cpp.o
In file included from /Users/kimhyungjun/Desktop/AI개발/OneEmu/cores/jazz2/src/Sources/Jazz2/PreferencesCache.cpp:3:
In file included from /Users/kimhyungjun/Desktop/AI개발/OneEmu/cores/jazz2/src/Sources/Jazz2/LevelHandler.h:3:
In file included from /Users/kimhyungjun/Desktop/AI개발/OneEmu/cores/jazz2/src/Sources/Jazz2/ILevelHandler.h:7:
/Users/kimhyungjun/Desktop/AI개발/OneEmu/cores/jazz2/src/Sources/Jazz2/Actors/ActorBase.h:378:90: warning: missing field 'UsedWeaponType' initializer [-Wmissing-field-initializers]
  378 |                         Tiles::TileCollisionParams params = { Tiles::TileDestructType::None, _speed.Y >= 0.0f };
      |                                                                                                               ^
/Users/kimhyungjun/Desktop/AI개발/OneEmu/cores/jazz2/src/Sources/Jazz2/PreferencesCache.cpp:960:30: warning: comparison of integers of different signs: 'std::int32_t' (aka 'int') and 'std::size_t' (aka 'unsigned long') [-Wsign-compare]
  960 |                 for (std::int32_t i = 0; i < config.argc(); i++) {
      |                                          ~ ^ ~~~~~~~~~~~~~
/Users/kimhyungjun/Desktop/AI개발/OneEmu/cores/jazz2/src/Sources/Jazz2/PreferencesCache.cpp:963:15: warning: comparison of integers of different signs: 'int' and 'std::size_t' (aka 'unsigned long') [-Wsign-compare]
  963 |                                 if (i + 1 < config.argc()) {
      |                                     ~~~~~ ^ ~~~~~~~~~~~~~
/Users/kimhyungjun/Desktop/AI개발/OneEmu/cores/jazz2/src/Sources/Jazz2/PreferencesCache.cpp:1532:30: warning: comparison of integers of different signs: 'std::int32_t' (aka 'int') and 'std::size_t' (aka 'unsigned long') [-Wsign-compare]
 1532 |                 for (std::int32_t i = 0; i < config.argc(); i++) {
      |                                          ~ ^ ~~~~~~~~~~~~~
/Users/kimhyungjun/Desktop/AI개발/OneEmu/cores/jazz2/src/Sources/Jazz2/PreferencesCache.cpp:1574:15: warning: comparison of integers of different signs: 'int' and 'std::size_t' (aka 'unsigned long') [-Wsign-compare]
 1574 |                                 if (i + 1 < config.argc() && config.argv(i + 1) == "fixed-batch-size"_s) {
      |                                     ~~~~~ ^ ~~~~~~~~~~~~~
/Users/kimhyungjun/Desktop/AI개발/OneEmu/cores/jazz2/src/Sources/Jazz2/PreferencesCache.cpp:1782:16: warning: variable 'arch' set but not used [-Wunused-but-set-variable]
 1782 |                 std::int32_t arch = 2;
      |                              ^
6 warnings generated.
[133/322] Building CXX object CMakeFiles/jazz2.dir/Sources/Jazz2/Actors/ActorBase.cpp.o
In file included from /Users/kimhyungjun/Desktop/AI개발/OneEmu/cores/jazz2/src/Sources/Jazz2/Actors/ActorBase.cpp:1:
/Users/kimhyungjun/Desktop/AI개발/OneEmu/cores/jazz2/src/Sources/Jazz2/Actors/ActorBase.h:378:90: warning: missing field 'UsedWeaponType' initializer [-Wmissing-field-initializers]
  378 |                         Tiles::TileCollisionParams params = { Tiles::TileDestructType::None, _speed.Y >= 0.0f };
      |                                                                                                               ^
/Users/kimhyungjun/Desktop/AI개발/OneEmu/cores/jazz2/src/Sources/Jazz2/Actors/ActorBase.cpp:19:10: warning: WITH_COROUTINES is not defined, building without asynchronous loading support [-W#pragma-messages]
   19 | #       pragma message("WITH_COROUTINES is not defined, building without asynchronous loading support")
      |                ^
/Users/kimhyungjun/Desktop/AI개발/OneEmu/cores/jazz2/src/Sources/Jazz2/Actors/ActorBase.cpp:132:75: warning: missing field 'UsedWeaponType' initializer [-Wmissing-field-initializers]
  132 |                 TileCollisionParams params = { TileDestructType::None, _speed.Y >= 0.0f };
      |                                                                                         ^
/Users/kimhyungjun/Desktop/AI개발/OneEmu/cores/jazz2/src/Sources/Jazz2/Actors/ActorBase.cpp:411:68: warning: missing field 'UsedWeaponType' initializer [-Wmissing-field-initializers]
  411 |                 TileCollisionParams probeParams = { TileDestructType::None, true };
      |                                                                                  ^
/Users/kimhyungjun/Desktop/AI개발/OneEmu/cores/jazz2/src/Sources/Jazz2/Actors/ActorBase.cpp:574:68: warning: missing field 'UsedWeaponType' initializer [-Wmissing-field-initializers]
  574 |                 TileCollisionParams paramsProbe = { TileDestructType::None, true };
      |                                                                                  ^
/Users/kimhyungjun/Desktop/AI개발/OneEmu/cores/jazz2/src/Sources/Jazz2/Actors/ActorBase.cpp:597:69: warning: missing field 'UsedWeaponType' initializer [-Wmissing-field-initializers]
  597 |                 TileCollisionParams paramsEscape = { TileDestructType::None, true };
      |                                                                                   ^
/Users/kimhyungjun/Desktop/AI개발/OneEmu/cores/jazz2/src/Sources/Jazz2/Actors/ActorBase.cpp:1445:16: warning: unused variable 'frame' [-Wunused-variable]
 1445 |                 std::int32_t frame = std::min(_renderer.CurrentFrame, res->FrameCount - 1);
      |                              ^~~~~
7 warnings generated.
[134/322] Building CXX object CMakeFiles/jazz2.dir/Sources/Main.cpp.o
In file included from /Users/kimhyungjun/Desktop/AI개발/OneEmu/cores/jazz2/src/Sources/Main.cpp:40:
In file included from /Users/kimhyungjun/Desktop/AI개발/OneEmu/cores/jazz2/src/Sources/Jazz2/LevelHandler.h:3:
In file included from /Users/kimhyungjun/Desktop/AI개발/OneEmu/cores/jazz2/src/Sources/Jazz2/ILevelHandler.h:7:
/Users/kimhyungjun/Desktop/AI개발/OneEmu/cores/jazz2/src/Sources/Jazz2/Actors/ActorBase.h:378:90: warning: missing field 'UsedWeaponType' initializer [-Wmissing-field-initializers]
  378 |                         Tiles::TileCollisionParams params = { Tiles::TileDestructType::None, _speed.Y >= 0.0f };
      |                                                                                                               ^
/Users/kimhyungjun/Desktop/AI개발/OneEmu/cores/jazz2/src/Sources/Main.cpp:985:17: warning: variable 'sessionKind' set but not used [-Wunused-but-set-variable]
  985 |                         std::uint8_t sessionKind = 0;
      |                                      ^
/Users/kimhyungjun/Desktop/AI개발/OneEmu/cores/jazz2/src/Sources/Main.cpp:2394:35: warning: no previous prototype for function 'CreateAppEventHandler' [-Wmissing-prototypes]
 2394 | std::unique_ptr<IAppEventHandler> CreateAppEventHandler()
      |                                   ^
/Users/kimhyungjun/Desktop/AI개발/OneEmu/cores/jazz2/src/Sources/Main.cpp:2394:1: note: declare 'static' if the function is not intended to be used outside of this translation unit
 2394 | std::unique_ptr<IAppEventHandler> CreateAppEventHandler()
      | ^
      | static 
3 warnings generated.
[135/322] Building CXX object CMakeFiles/jazz2.dir/Sources/Jazz2/LevelHandler.cpp.o
In file included from /Users/kimhyungjun/Desktop/AI개발/OneEmu/cores/jazz2/src/Sources/Jazz2/LevelHandler.cpp:1:
In file included from /Users/kimhyungjun/Desktop/AI개발/OneEmu/cores/jazz2/src/Sources/Jazz2/LevelHandler.h:3:
In file included from /Users/kimhyungjun/Desktop/AI개발/OneEmu/cores/jazz2/src/Sources/Jazz2/ILevelHandler.h:7:
/Users/kimhyungjun/Desktop/AI개발/OneEmu/cores/jazz2/src/Sources/Jazz2/Actors/ActorBase.h:378:90: warning: missing field 'UsedWeaponType' initializer [-Wmissing-field-initializers]
  378 |                         Tiles::TileCollisionParams params = { Tiles::TileDestructType::None, _speed.Y >= 0.0f };
      |                                                                                                               ^
1 warning generated.
[136/322] Building CXX object CMakeFiles/jazz2.dir/Sources/Jazz2/Actors/Player.cpp.o
In file included from /Users/kimhyungjun/Desktop/AI개발/OneEmu/cores/jazz2/src/Sources/Jazz2/Actors/Player.cpp:1:
In file included from /Users/kimhyungjun/Desktop/AI개발/OneEmu/cores/jazz2/src/Sources/Jazz2/Actors/Player.h:3:
/Users/kimhyungjun/Desktop/AI개발/OneEmu/cores/jazz2/src/Sources/Jazz2/Actors/ActorBase.h:378:90: warning: missing field 'UsedWeaponType' initializer [-Wmissing-field-initializers]
  378 |                         Tiles::TileCollisionParams params = { Tiles::TileDestructType::None, _speed.Y >= 0.0f };
      |                                                                                                               ^
/Users/kimhyungjun/Desktop/AI개발/OneEmu/cores/jazz2/src/Sources/Jazz2/Actors/Player.cpp:576:79: warning: missing field 'UsedWeaponType' initializer [-Wmissing-field-initializers]
  576 |                 TileCollisionParams params = { TileDestructType::Collapse, _speed.Y >= 0.0f };
      |                                                                                             ^
/Users/kimhyungjun/Desktop/AI개발/OneEmu/cores/jazz2/src/Sources/Jazz2/Actors/Player.cpp:944:31: warning: comparison of integers of different signs: 'std::int32_t' (aka 'int') and 'std::size_t' (aka 'unsigned long') [-Wsign-compare]
  944 |                         for (std::int32_t i = 0; i < _trail.size(); i++) {
      |                                                  ~ ^ ~~~~~~~~~~~~~
/Users/kimhyungjun/Desktop/AI개발/OneEmu/cores/jazz2/src/Sources/Jazz2/Actors/Player.cpp:2444:67: warning: missing field 'UsedWeaponType' initializer [-Wmissing-field-initializers]
 2444 |                                         TileCollisionParams params = { TileDestructType::None, false };
      |                                                                                                      ^
/Users/kimhyungjun/Desktop/AI개발/OneEmu/cores/jazz2/src/Sources/Jazz2/Actors/Player.cpp:2522:70: warning: missing field 'UsedWeaponType' initializer [-Wmissing-field-initializers]
 2522 |                                                                 TileCollisionParams params = { TileDestructType::None, false };
      |                                                                                                                              ^
/Users/kimhyungjun/Desktop/AI개발/OneEmu/cores/jazz2/src/Sources/Jazz2/Actors/Player.cpp:2871:67: warning: missing field 'UsedWeaponType' initializer [-Wmissing-field-initializers]
 2871 |                                                 TileCollisionParams params = { TileDestructType::None, true };
      |                                                                                                             ^
/Users/kimhyungjun/Desktop/AI개발/OneEmu/cores/jazz2/src/Sources/Jazz2/Actors/Player.cpp:2908:65: warning: missing field 'UsedWeaponType' initializer [-Wmissing-field-initializers]
 2908 |                         TileCollisionParams params = { TileDestructType::None, false };
      |                                                                                      ^
/Users/kimhyungjun/Desktop/AI개발/OneEmu/cores/jazz2/src/Sources/Jazz2/Actors/Player.cpp:2926:66: warning: missing field 'UsedWeaponType' initializer [-Wmissing-field-initializers]
 2926 |                                 TileCollisionParams params = { TileDestructType::None, false };
      |                                                                                              ^
/Users/kimhyungjun/Desktop/AI개발/OneEmu/cores/jazz2/src/Sources/Jazz2/Actors/Player.cpp:3719:63: warning: missing field 'UsedWeaponType' initializer [-Wmissing-field-initializers]
 3719 |                 TileCollisionParams params = { TileDestructType::None, true };
      |                                                                             ^
9 warnings generated.
[137/322] Building CXX object CMakeFiles/jazz2.dir/Sources/Jazz2/Actors/SolidObjectBase.cpp.o
In file included from /Users/kimhyungjun/Desktop/AI개발/OneEmu/cores/jazz2/src/Sources/Jazz2/Actors/SolidObjectBase.cpp:1:
In file included from /Users/kimhyungjun/Desktop/AI개발/OneEmu/cores/jazz2/src/Sources/Jazz2/Actors/SolidObjectBase.h:3:
/Users/kimhyungjun/Desktop/AI개발/OneEmu/cores/jazz2/src/Sources/Jazz2/Actors/ActorBase.h:378:90: warning: missing field 'UsedWeaponType' initializer [-Wmissing-field-initializers]
  378 |                         Tiles::TileCollisionParams params = { Tiles::TileDestructType::None, _speed.Y >= 0.0f };
      |                                                                                                               ^
/Users/kimhyungjun/Desktop/AI개발/OneEmu/cores/jazz2/src/Sources/Jazz2/Actors/SolidObjectBase.cpp:109:75: warning: missing field 'UsedWeaponType' initializer [-Wmissing-field-initializers]
  109 |                 TileCollisionParams params = { TileDestructType::None, _speed.Y >= 0.0f };
      |                                                                                         ^
2 warnings generated.
[138/322] Building CXX object CMakeFiles/jazz2.dir/Sources/Jazz2/Actors/Collectibles/AmmoCollectible.cpp.o
In file included from /Users/kimhyungjun/Desktop/AI개발/OneEmu/cores/jazz2/src/Sources/Jazz2/Actors/Collectibles/AmmoCollectible.cpp:1:
In file included from /Users/kimhyungjun/Desktop/AI개발/OneEmu/cores/jazz2/src/Sources/Jazz2/Actors/Collectibles/AmmoCollectible.h:3:
In file included from /Users/kimhyungjun/Desktop/AI개발/OneEmu/cores/jazz2/src/Sources/Jazz2/Actors/Collectibles/CollectibleBase.h:3:
/Users/kimhyungjun/Desktop/AI개발/OneEmu/cores/jazz2/src/Sources/Jazz2/Actors/Collectibles/../ActorBase.h:378:90: warning: missing field 'UsedWeaponType' initializer [-Wmissing-field-initializers]
  378 |                         Tiles::TileCollisionParams params = { Tiles::TileDestructType::None, _speed.Y >= 0.0f };
      |                                                                                                               ^
1 warning generated.
[139/322] Building CXX object CMakeFiles/jazz2.dir/Sources/Jazz2/Actors/Collectibles/CarrotCollectible.cpp.o
In file included from /Users/kimhyungjun/Desktop/AI개발/OneEmu/cores/jazz2/src/Sources/Jazz2/Actors/Collectibles/CarrotCollectible.cpp:1:
In file included from /Users/kimhyungjun/Desktop/AI개발/OneEmu/cores/jazz2/src/Sources/Jazz2/Actors/Collectibles/CarrotCollectible.h:3:
In file included from /Users/kimhyungjun/Desktop/AI개발/OneEmu/cores/jazz2/src/Sources/Jazz2/Actors/Collectibles/CollectibleBase.h:3:
/Users/kimhyungjun/Desktop/AI개발/OneEmu/cores/jazz2/src/Sources/Jazz2/Actors/Collectibles/../ActorBase.h:378:90: warning: missing field 'UsedWeaponType' initializer [-Wmissing-field-initializers]
  378 |                         Tiles::TileCollisionParams params = { Tiles::TileDestructType::None, _speed.Y >= 0.0f };
      |                                                                                                               ^
1 warning generated.
[140/322] Building CXX object CMakeFiles/jazz2.dir/Sources/Jazz2/Actors/Collectibles/CarrotFlyCollectible.cpp.o
In file included from /Users/kimhyungjun/Desktop/AI개발/OneEmu/cores/jazz2/src/Sources/Jazz2/Actors/Collectibles/CarrotFlyCollectible.cpp:1:
In file included from /Users/kimhyungjun/Desktop/AI개발/OneEmu/cores/jazz2/src/Sources/Jazz2/Actors/Collectibles/CarrotFlyCollectible.h:3:
In file included from /Users/kimhyungjun/Desktop/AI개발/OneEmu/cores/jazz2/src/Sources/Jazz2/Actors/Collectibles/CollectibleBase.h:3:
/Users/kimhyungjun/Desktop/AI개발/OneEmu/cores/jazz2/src/Sources/Jazz2/Actors/Collectibles/../ActorBase.h:378:90: warning: missing field 'UsedWeaponType' initializer [-Wmissing-field-initializers]
  378 |                         Tiles::TileCollisionParams params = { Tiles::TileDestructType::None, _speed.Y >= 0.0f };
      |                                                                                                               ^
1 warning generated.
[141/322] Building CXX object CMakeFiles/jazz2.dir/Sources/Jazz2/ContentResolver.cpp.o
In file included from /Users/kimhyungjun/Desktop/AI개발/OneEmu/cores/jazz2/src/Sources/Jazz2/ContentResolver.cpp:8:
In file included from /Users/kimhyungjun/Desktop/AI개발/OneEmu/cores/jazz2/src/Sources/Jazz2/LevelHandler.h:3:
In file included from /Users/kimhyungjun/Desktop/AI개발/OneEmu/cores/jazz2/src/Sources/Jazz2/ILevelHandler.h:7:
/Users/kimhyungjun/Desktop/AI개발/OneEmu/cores/jazz2/src/Sources/Jazz2/Actors/ActorBase.h:378:90: warning: missing field 'UsedWeaponType' initializer [-Wmissing-field-initializers]
  378 |                         Tiles::TileCollisionParams params = { Tiles::TileDestructType::None, _speed.Y >= 0.0f };
      |                                                                                                               ^
/Users/kimhyungjun/Desktop/AI개발/OneEmu/cores/jazz2/src/Sources/Jazz2/ContentResolver.cpp:1177:34: warning: comparison of integers of different signs: 'std::uint32_t' (aka 'unsigned int') and 'std::int32_t' (aka 'int') [-Wsign-compare]
 1177 |                                         for (std::uint32_t i = 0; i < w * h; i++) {
      |                                                                   ~ ^ ~~~~~
/Users/kimhyungjun/Desktop/AI개발/OneEmu/cores/jazz2/src/Sources/Jazz2/ContentResolver.cpp:1742:23: warning: unused variable 'paddedHeight' [-Wunused-variable]
 1742 |                 const std::uint32_t paddedHeight = tilesPerColumn * paddedTileSizeSrc;
      |                                     ^~~~~~~~~~~~
3 warnings generated.
[142/322] Building CXX object CMakeFiles/jazz2.dir/Sources/Jazz2/Actors/Collectibles/CarrotInvincibleCollectible.cpp.o
In file included from /Users/kimhyungjun/Desktop/AI개발/OneEmu/cores/jazz2/src/Sources/Jazz2/Actors/Collectibles/CarrotInvincibleCollectible.cpp:1:
In file included from /Users/kimhyungjun/Desktop/AI개발/OneEmu/cores/jazz2/src/Sources/Jazz2/Actors/Collectibles/CarrotInvincibleCollectible.h:3:
In file included from /Users/kimhyungjun/Desktop/AI개발/OneEmu/cores/jazz2/src/Sources/Jazz2/Actors/Collectibles/CollectibleBase.h:3:
/Users/kimhyungjun/Desktop/AI개발/OneEmu/cores/jazz2/src/Sources/Jazz2/Actors/Collectibles/../ActorBase.h:378:90: warning: missing field 'UsedWeaponType' initializer [-Wmissing-field-initializers]
  378 |                         Tiles::TileCollisionParams params = { Tiles::TileDestructType::None, _speed.Y >= 0.0f };
      |                                                                                                               ^
1 warning generated.
[143/322] Building CXX object CMakeFiles/jazz2.dir/Sources/Jazz2/Actors/Collectibles/CoinCollectible.cpp.o
In file included from /Users/kimhyungjun/Desktop/AI개발/OneEmu/cores/jazz2/src/Sources/Jazz2/Actors/Collectibles/CoinCollectible.cpp:1:
In file included from /Users/kimhyungjun/Desktop/AI개발/OneEmu/cores/jazz2/src/Sources/Jazz2/Actors/Collectibles/CoinCollectible.h:3:
In file included from /Users/kimhyungjun/Desktop/AI개발/OneEmu/cores/jazz2/src/Sources/Jazz2/Actors/Collectibles/CollectibleBase.h:3:
/Users/kimhyungjun/Desktop/AI개발/OneEmu/cores/jazz2/src/Sources/Jazz2/Actors/Collectibles/../ActorBase.h:378:90: warning: missing field 'UsedWeaponType' initializer [-Wmissing-field-initializers]
  378 |                         Tiles::TileCollisionParams params = { Tiles::TileDestructType::None, _speed.Y >= 0.0f };
      |                                                                                                               ^
1 warning generated.
[144/322] Building CXX object CMakeFiles/jazz2.dir/Sources/Jazz2/Actors/Collectibles/CollectibleBase.cpp.o
In file included from /Users/kimhyungjun/Desktop/AI개발/OneEmu/cores/jazz2/src/Sources/Jazz2/Actors/Collectibles/CollectibleBase.cpp:1:
In file included from /Users/kimhyungjun/Desktop/AI개발/OneEmu/cores/jazz2/src/Sources/Jazz2/Actors/Collectibles/CollectibleBase.h:3:
/Users/kimhyungjun/Desktop/AI개발/OneEmu/cores/jazz2/src/Sources/Jazz2/Actors/Collectibles/../ActorBase.h:378:90: warning: missing field 'UsedWeaponType' initializer [-Wmissing-field-initializers]
  378 |                         Tiles::TileCollisionParams params = { Tiles::TileDestructType::None, _speed.Y >= 0.0f };
      |                                                                                                               ^
1 warning generated.
[145/322] Building CXX object CMakeFiles/jazz2.dir/Sources/Jazz2/Actors/Collectibles/FoodCollectible.cpp.o
In file included from /Users/kimhyungjun/Desktop/AI개발/OneEmu/cores/jazz2/src/Sources/Jazz2/Actors/Collectibles/FoodCollectible.cpp:1:
In file included from /Users/kimhyungjun/Desktop/AI개발/OneEmu/cores/jazz2/src/Sources/Jazz2/Actors/Collectibles/FoodCollectible.h:3:
In file included from /Users/kimhyungjun/Desktop/AI개발/OneEmu/cores/jazz2/src/Sources/Jazz2/Actors/Collectibles/CollectibleBase.h:3:
/Users/kimhyungjun/Desktop/AI개발/OneEmu/cores/jazz2/src/Sources/Jazz2/Actors/Collectibles/../ActorBase.h:378:90: warning: missing field 'UsedWeaponType' initializer [-Wmissing-field-initializers]
  378 |                         Tiles::TileCollisionParams params = { Tiles::TileDestructType::None, _speed.Y >= 0.0f };
      |                                                                                                               ^
1 warning generated.
[146/322] Building CXX object CMakeFiles/jazz2.dir/Sources/Jazz2/Actors/Collectibles/FastFireCollectible.cpp.o
In file included from /Users/kimhyungjun/Desktop/AI개발/OneEmu/cores/jazz2/src/Sources/Jazz2/Actors/Collectibles/FastFireCollectible.cpp:1:
In file included from /Users/kimhyungjun/Desktop/AI개발/OneEmu/cores/jazz2/src/Sources/Jazz2/Actors/Collectibles/FastFireCollectible.h:3:
In file included from /Users/kimhyungjun/Desktop/AI개발/OneEmu/cores/jazz2/src/Sources/Jazz2/Actors/Collectibles/CollectibleBase.h:3:
/Users/kimhyungjun/Desktop/AI개발/OneEmu/cores/jazz2/src/Sources/Jazz2/Actors/Collectibles/../ActorBase.h:378:90: warning: missing field 'UsedWeaponType' initializer [-Wmissing-field-initializers]
  378 |                         Tiles::TileCollisionParams params = { Tiles::TileDestructType::None, _speed.Y >= 0.0f };
      |                                                                                                               ^
1 warning generated.
[147/322] Building CXX object CMakeFiles/jazz2.dir/Sources/Jazz2/Actors/Collectibles/GemCollectible.cpp.o
In file included from /Users/kimhyungjun/Desktop/AI개발/OneEmu/cores/jazz2/src/Sources/Jazz2/Actors/Collectibles/GemCollectible.cpp:1:
In file included from /Users/kimhyungjun/Desktop/AI개발/OneEmu/cores/jazz2/src/Sources/Jazz2/Actors/Collectibles/GemCollectible.h:3:
In file included from /Users/kimhyungjun/Desktop/AI개발/OneEmu/cores/jazz2/src/Sources/Jazz2/Actors/Collectibles/CollectibleBase.h:3:
/Users/kimhyungjun/Desktop/AI개발/OneEmu/cores/jazz2/src/Sources/Jazz2/Actors/Collectibles/../ActorBase.h:378:90: warning: missing field 'UsedWeaponType' initializer [-Wmissing-field-initializers]
  378 |                         Tiles::TileCollisionParams params = { Tiles::TileDestructType::None, _speed.Y >= 0.0f };
      |                                                                                                               ^
1 warning generated.
[148/322] Building CXX object CMakeFiles/jazz2.dir/Sources/Jazz2/Actors/Collectibles/GemGiant.cpp.o
In file included from /Users/kimhyungjun/Desktop/AI개발/OneEmu/cores/jazz2/src/Sources/Jazz2/Actors/Collectibles/GemGiant.cpp:1:
In file included from /Users/kimhyungjun/Desktop/AI개발/OneEmu/cores/jazz2/src/Sources/Jazz2/Actors/Collectibles/GemGiant.h:3:
/Users/kimhyungjun/Desktop/AI개발/OneEmu/cores/jazz2/src/Sources/Jazz2/Actors/Collectibles/../ActorBase.h:378:90: warning: missing field 'UsedWeaponType' initializer [-Wmissing-field-initializers]
  378 |                         Tiles::TileCollisionParams params = { Tiles::TileDestructType::None, _speed.Y >= 0.0f };
      |                                                                                                               ^
1 warning generated.
[149/322] Building CXX object CMakeFiles/jazz2.dir/Sources/Jazz2/Actors/Collectibles/OneUpCollectible.cpp.o
In file included from /Users/kimhyungjun/Desktop/AI개발/OneEmu/cores/jazz2/src/Sources/Jazz2/Actors/Collectibles/OneUpCollectible.cpp:1:
In file included from /Users/kimhyungjun/Desktop/AI개발/OneEmu/cores/jazz2/src/Sources/Jazz2/Actors/Collectibles/OneUpCollectible.h:3:
In file included from /Users/kimhyungjun/Desktop/AI개발/OneEmu/cores/jazz2/src/Sources/Jazz2/Actors/Collectibles/CollectibleBase.h:3:
/Users/kimhyungjun/Desktop/AI개발/OneEmu/cores/jazz2/src/Sources/Jazz2/Actors/Collectibles/../ActorBase.h:378:90: warning: missing field 'UsedWeaponType' initializer [-Wmissing-field-initializers]
  378 |                         Tiles::TileCollisionParams params = { Tiles::TileDestructType::None, _speed.Y >= 0.0f };
      |                                                                                                               ^
1 warning generated.
[150/322] Building CXX object CMakeFiles/jazz2.dir/Sources/Jazz2/Actors/Collectibles/GemRing.cpp.o
In file included from /Users/kimhyungjun/Desktop/AI개발/OneEmu/cores/jazz2/src/Sources/Jazz2/Actors/Collectibles/GemRing.cpp:1:
In file included from /Users/kimhyungjun/Desktop/AI개발/OneEmu/cores/jazz2/src/Sources/Jazz2/Actors/Collectibles/GemRing.h:3:
In file included from /Users/kimhyungjun/Desktop/AI개발/OneEmu/cores/jazz2/src/Sources/Jazz2/Actors/Collectibles/CollectibleBase.h:3:
/Users/kimhyungjun/Desktop/AI개발/OneEmu/cores/jazz2/src/Sources/Jazz2/Actors/Collectibles/../ActorBase.h:378:90: warning: missing field 'UsedWeaponType' initializer [-Wmissing-field-initializers]
  378 |                         Tiles::TileCollisionParams params = { Tiles::TileDestructType::None, _speed.Y >= 0.0f };
      |                                                                                                               ^
/Users/kimhyungjun/Desktop/AI개발/OneEmu/cores/jazz2/src/Sources/Jazz2/Actors/Collectibles/GemRing.cpp:62:22: warning: comparison of integers of different signs: 'int' and 'std::size_t' (aka 'unsigned long') [-Wsign-compare]
   62 |                         for (int i = 0; i < _pieces.size(); i++) {
      |                                         ~ ^ ~~~~~~~~~~~~~~
/Users/kimhyungjun/Desktop/AI개발/OneEmu/cores/jazz2/src/Sources/Jazz2/Actors/Collectibles/GemRing.cpp:73:22: warning: comparison of integers of different signs: 'int' and 'std::size_t' (aka 'unsigned long') [-Wsign-compare]
   73 |                         for (int i = 0; i < _pieces.size(); i++) {
      |                                         ~ ^ ~~~~~~~~~~~~~~
/Users/kimhyungjun/Desktop/AI개발/OneEmu/cores/jazz2/src/Sources/Jazz2/Actors/Collectibles/GemRing.cpp:103:32: warning: comparison of integers of different signs: 'std::int32_t' (aka 'int') and 'std::size_t' (aka 'unsigned long') [-Wsign-compare]
  103 |                                 for (std::int32_t i = 0; i < _pieces.size(); i++) {
      |                                                          ~ ^ ~~~~~~~~~~~~~~
4 warnings generated.
[151/322] Building CXX object CMakeFiles/jazz2.dir/Sources/Jazz2/Actors/Enemies/Doggy.cpp.o
In file included from /Users/kimhyungjun/Desktop/AI개발/OneEmu/cores/jazz2/src/Sources/Jazz2/Actors/Enemies/Doggy.cpp:1:
In file included from /Users/kimhyungjun/Desktop/AI개발/OneEmu/cores/jazz2/src/Sources/Jazz2/Actors/Enemies/Doggy.h:3:
In file included from /Users/kimhyungjun/Desktop/AI개발/OneEmu/cores/jazz2/src/Sources/Jazz2/Actors/Enemies/EnemyBase.h:3:
/Users/kimhyungjun/Desktop/AI개발/OneEmu/cores/jazz2/src/Sources/Jazz2/Actors/Enemies/../ActorBase.h:378:90: warning: missing field 'UsedWeaponType' initializer [-Wmissing-field-initializers]
  378 |                         Tiles::TileCollisionParams params = { Tiles::TileDestructType::None, _speed.Y >= 0.0f };
      |                                                                                                               ^
1 warning generated.
[152/322] Building CXX object CMakeFiles/jazz2.dir/Sources/Jazz2/Actors/Collectibles/Stopwatch.cpp.o
In file included from /Users/kimhyungjun/Desktop/AI개발/OneEmu/cores/jazz2/src/Sources/Jazz2/Actors/Collectibles/Stopwatch.cpp:1:
In file included from /Users/kimhyungjun/Desktop/AI개발/OneEmu/cores/jazz2/src/Sources/Jazz2/Actors/Collectibles/Stopwatch.h:3:
In file included from /Users/kimhyungjun/Desktop/AI개발/OneEmu/cores/jazz2/src/Sources/Jazz2/Actors/Collectibles/CollectibleBase.h:3:
/Users/kimhyungjun/Desktop/AI개발/OneEmu/cores/jazz2/src/Sources/Jazz2/Actors/Collectibles/../ActorBase.h:378:90: warning: missing field 'UsedWeaponType' initializer [-Wmissing-field-initializers]
  378 |                         Tiles::TileCollisionParams params = { Tiles::TileDestructType::None, _speed.Y >= 0.0f };
      |                                                                                                               ^
1 warning generated.
[153/322] Building CXX object CMakeFiles/jazz2.dir/Sources/Jazz2/Actors/Enemies/Bat.cpp.o
In file included from /Users/kimhyungjun/Desktop/AI개발/OneEmu/cores/jazz2/src/Sources/Jazz2/Actors/Enemies/Bat.cpp:1:
In file included from /Users/kimhyungjun/Desktop/AI개발/OneEmu/cores/jazz2/src/Sources/Jazz2/Actors/Enemies/Bat.h:3:
In file included from /Users/kimhyungjun/Desktop/AI개발/OneEmu/cores/jazz2/src/Sources/Jazz2/Actors/Enemies/EnemyBase.h:3:
/Users/kimhyungjun/Desktop/AI개발/OneEmu/cores/jazz2/src/Sources/Jazz2/Actors/Enemies/../ActorBase.h:378:90: warning: missing field 'UsedWeaponType' initializer [-Wmissing-field-initializers]
  378 |                         Tiles::TileCollisionParams params = { Tiles::TileDestructType::None, _speed.Y >= 0.0f };
      |                                                                                                               ^
1 warning generated.
[154/322] Building CXX object CMakeFiles/jazz2.dir/Sources/Jazz2/Actors/Enemies/Bee.cpp.o
In file included from /Users/kimhyungjun/Desktop/AI개발/OneEmu/cores/jazz2/src/Sources/Jazz2/Actors/Enemies/Bee.cpp:1:
In file included from /Users/kimhyungjun/Desktop/AI개발/OneEmu/cores/jazz2/src/Sources/Jazz2/Actors/Enemies/Bee.h:3:
In file included from /Users/kimhyungjun/Desktop/AI개발/OneEmu/cores/jazz2/src/Sources/Jazz2/Actors/Enemies/EnemyBase.h:3:
/Users/kimhyungjun/Desktop/AI개발/OneEmu/cores/jazz2/src/Sources/Jazz2/Actors/Enemies/../ActorBase.h:378:90: warning: missing field 'UsedWeaponType' initializer [-Wmissing-field-initializers]
  378 |                         Tiles::TileCollisionParams params = { Tiles::TileDestructType::None, _speed.Y >= 0.0f };
      |                                                                                                               ^
1 warning generated.
[155/322] Building CXX object CMakeFiles/jazz2.dir/Sources/Jazz2/Actors/Enemies/Caterpillar.cpp.o
In file included from /Users/kimhyungjun/Desktop/AI개발/OneEmu/cores/jazz2/src/Sources/Jazz2/Actors/Enemies/Caterpillar.cpp:1:
In file included from /Users/kimhyungjun/Desktop/AI개발/OneEmu/cores/jazz2/src/Sources/Jazz2/Actors/Enemies/Caterpillar.h:3:
In file included from /Users/kimhyungjun/Desktop/AI개발/OneEmu/cores/jazz2/src/Sources/Jazz2/Actors/Enemies/EnemyBase.h:3:
/Users/kimhyungjun/Desktop/AI개발/OneEmu/cores/jazz2/src/Sources/Jazz2/Actors/Enemies/../ActorBase.h:378:90: warning: missing field 'UsedWeaponType' initializer [-Wmissing-field-initializers]
  378 |                         Tiles::TileCollisionParams params = { Tiles::TileDestructType::None, _speed.Y >= 0.0f };
      |                                                                                                               ^
1 warning generated.
[156/322] Building CXX object CMakeFiles/jazz2.dir/Sources/Jazz2/Actors/Enemies/Crab.cpp.o
In file included from /Users/kimhyungjun/Desktop/AI개발/OneEmu/cores/jazz2/src/Sources/Jazz2/Actors/Enemies/Crab.cpp:1:
In file included from /Users/kimhyungjun/Desktop/AI개발/OneEmu/cores/jazz2/src/Sources/Jazz2/Actors/Enemies/Crab.h:3:
In file included from /Users/kimhyungjun/Desktop/AI개발/OneEmu/cores/jazz2/src/Sources/Jazz2/Actors/Enemies/EnemyBase.h:3:
/Users/kimhyungjun/Desktop/AI개발/OneEmu/cores/jazz2/src/Sources/Jazz2/Actors/Enemies/../ActorBase.h:378:90: warning: missing field 'UsedWeaponType' initializer [-Wmissing-field-initializers]
  378 |                         Tiles::TileCollisionParams params = { Tiles::TileDestructType::None, _speed.Y >= 0.0f };
      |                                                                                                               ^
1 warning generated.
[157/322] Building CXX object CMakeFiles/jazz2.dir/Sources/Jazz2/Actors/Enemies/Demon.cpp.o
In file included from /Users/kimhyungjun/Desktop/AI개발/OneEmu/cores/jazz2/src/Sources/Jazz2/Actors/Enemies/Demon.cpp:1:
In file included from /Users/kimhyungjun/Desktop/AI개발/OneEmu/cores/jazz2/src/Sources/Jazz2/Actors/Enemies/Demon.h:3:
In file included from /Users/kimhyungjun/Desktop/AI개발/OneEmu/cores/jazz2/src/Sources/Jazz2/Actors/Enemies/EnemyBase.h:3:
/Users/kimhyungjun/Desktop/AI개발/OneEmu/cores/jazz2/src/Sources/Jazz2/Actors/Enemies/../ActorBase.h:378:90: warning: missing field 'UsedWeaponType' initializer [-Wmissing-field-initializers]
  378 |                         Tiles::TileCollisionParams params = { Tiles::TileDestructType::None, _speed.Y >= 0.0f };
      |                                                                                                               ^
1 warning generated.
[158/322] Building CXX object CMakeFiles/jazz2.dir/Sources/Jazz2/Actors/Enemies/Helmut.cpp.o
In file included from /Users/kimhyungjun/Desktop/AI개발/OneEmu/cores/jazz2/src/Sources/Jazz2/Actors/Enemies/Helmut.cpp:1:
In file included from /Users/kimhyungjun/Desktop/AI개발/OneEmu/cores/jazz2/src/Sources/Jazz2/Actors/Enemies/Helmut.h:3:
In file included from /Users/kimhyungjun/Desktop/AI개발/OneEmu/cores/jazz2/src/Sources/Jazz2/Actors/Enemies/EnemyBase.h:3:
/Users/kimhyungjun/Desktop/AI개발/OneEmu/cores/jazz2/src/Sources/Jazz2/Actors/Enemies/../ActorBase.h:378:90: warning: missing field 'UsedWeaponType' initializer [-Wmissing-field-initializers]
  378 |                         Tiles::TileCollisionParams params = { Tiles::TileDestructType::None, _speed.Y >= 0.0f };
      |                                                                                                               ^
1 warning generated.
[159/322] Building CXX object CMakeFiles/jazz2.dir/Sources/Jazz2/Actors/Enemies/LabRat.cpp.o
In file included from /Users/kimhyungjun/Desktop/AI개발/OneEmu/cores/jazz2/src/Sources/Jazz2/Actors/Enemies/LabRat.cpp:1:
In file included from /Users/kimhyungjun/Desktop/AI개발/OneEmu/cores/jazz2/src/Sources/Jazz2/Actors/Enemies/LabRat.h:3:
In file included from /Users/kimhyungjun/Desktop/AI개발/OneEmu/cores/jazz2/src/Sources/Jazz2/Actors/Enemies/EnemyBase.h:3:
/Users/kimhyungjun/Desktop/AI개발/OneEmu/cores/jazz2/src/Sources/Jazz2/Actors/Enemies/../ActorBase.h:378:90: warning: missing field 'UsedWeaponType' initializer [-Wmissing-field-initializers]
  378 |                         Tiles::TileCollisionParams params = { Tiles::TileDestructType::None, _speed.Y >= 0.0f };
      |                                                                                                               ^
1 warning generated.
[160/322] Building CXX object CMakeFiles/jazz2.dir/Sources/Jazz2/Actors/Enemies/Dragon.cpp.o
In file included from /Users/kimhyungjun/Desktop/AI개발/OneEmu/cores/jazz2/src/Sources/Jazz2/Actors/Enemies/Dragon.cpp:1:
In file included from /Users/kimhyungjun/Desktop/AI개발/OneEmu/cores/jazz2/src/Sources/Jazz2/Actors/Enemies/Dragon.h:3:
In file included from /Users/kimhyungjun/Desktop/AI개발/OneEmu/cores/jazz2/src/Sources/Jazz2/Actors/Enemies/EnemyBase.h:3:
/Users/kimhyungjun/Desktop/AI개발/OneEmu/cores/jazz2/src/Sources/Jazz2/Actors/Enemies/../ActorBase.h:378:90: warning: missing field 'UsedWeaponType' initializer [-Wmissing-field-initializers]
  378 |                         Tiles::TileCollisionParams params = { Tiles::TileDestructType::None, _speed.Y >= 0.0f };
      |                                                                                                               ^
1 warning generated.
[161/322] Building CXX object CMakeFiles/jazz2.dir/Sources/Jazz2/Actors/Enemies/Dragonfly.cpp.o
In file included from /Users/kimhyungjun/Desktop/AI개발/OneEmu/cores/jazz2/src/Sources/Jazz2/Actors/Enemies/Dragonfly.cpp:1:
In file included from /Users/kimhyungjun/Desktop/AI개발/OneEmu/cores/jazz2/src/Sources/Jazz2/Actors/Enemies/Dragonfly.h:3:
In file included from /Users/kimhyungjun/Desktop/AI개발/OneEmu/cores/jazz2/src/Sources/Jazz2/Actors/Enemies/EnemyBase.h:3:
/Users/kimhyungjun/Desktop/AI개발/OneEmu/cores/jazz2/src/Sources/Jazz2/Actors/Enemies/../ActorBase.h:378:90: warning: missing field 'UsedWeaponType' initializer [-Wmissing-field-initializers]
  378 |                         Tiles::TileCollisionParams params = { Tiles::TileDestructType::None, _speed.Y >= 0.0f };
      |                                                                                                               ^
1 warning generated.
[162/322] Building CXX object CMakeFiles/jazz2.dir/Sources/Jazz2/Actors/Enemies/FatChick.cpp.o
In file included from /Users/kimhyungjun/Desktop/AI개발/OneEmu/cores/jazz2/src/Sources/Jazz2/Actors/Enemies/FatChick.cpp:1:
In file included from /Users/kimhyungjun/Desktop/AI개발/OneEmu/cores/jazz2/src/Sources/Jazz2/Actors/Enemies/FatChick.h:3:
In file included from /Users/kimhyungjun/Desktop/AI개발/OneEmu/cores/jazz2/src/Sources/Jazz2/Actors/Enemies/EnemyBase.h:3:
/Users/kimhyungjun/Desktop/AI개발/OneEmu/cores/jazz2/src/Sources/Jazz2/Actors/Enemies/../ActorBase.h:378:90: warning: missing field 'UsedWeaponType' initializer [-Wmissing-field-initializers]
  378 |                         Tiles::TileCollisionParams params = { Tiles::TileDestructType::None, _speed.Y >= 0.0f };
      |                                                                                                               ^
1 warning generated.
[163/322] Building CXX object CMakeFiles/jazz2.dir/Sources/Jazz2/Actors/Enemies/Fencer.cpp.o
In file included from /Users/kimhyungjun/Desktop/AI개발/OneEmu/cores/jazz2/src/Sources/Jazz2/Actors/Enemies/Fencer.cpp:1:
In file included from /Users/kimhyungjun/Desktop/AI개발/OneEmu/cores/jazz2/src/Sources/Jazz2/Actors/Enemies/Fencer.h:3:
In file included from /Users/kimhyungjun/Desktop/AI개발/OneEmu/cores/jazz2/src/Sources/Jazz2/Actors/Enemies/EnemyBase.h:3:
/Users/kimhyungjun/Desktop/AI개발/OneEmu/cores/jazz2/src/Sources/Jazz2/Actors/Enemies/../ActorBase.h:378:90: warning: missing field 'UsedWeaponType' initializer [-Wmissing-field-initializers]
  378 |                         Tiles::TileCollisionParams params = { Tiles::TileDestructType::None, _speed.Y >= 0.0f };
      |                                                                                                               ^
1 warning generated.
[164/322] Building CXX object CMakeFiles/jazz2.dir/Sources/Jazz2/Actors/Enemies/Fish.cpp.o
In file included from /Users/kimhyungjun/Desktop/AI개발/OneEmu/cores/jazz2/src/Sources/Jazz2/Actors/Enemies/Fish.cpp:1:
In file included from /Users/kimhyungjun/Desktop/AI개발/OneEmu/cores/jazz2/src/Sources/Jazz2/Actors/Enemies/Fish.h:3:
In file included from /Users/kimhyungjun/Desktop/AI개발/OneEmu/cores/jazz2/src/Sources/Jazz2/Actors/Enemies/EnemyBase.h:3:
/Users/kimhyungjun/Desktop/AI개발/OneEmu/cores/jazz2/src/Sources/Jazz2/Actors/Enemies/../ActorBase.h:378:90: warning: missing field 'UsedWeaponType' initializer [-Wmissing-field-initializers]
  378 |                         Tiles::TileCollisionParams params = { Tiles::TileDestructType::None, _speed.Y >= 0.0f };
      |                                                                                                               ^
1 warning generated.
[165/322] Building CXX object CMakeFiles/jazz2.dir/Sources/Jazz2/Actors/Enemies/EnemyBase.cpp.o
In file included from /Users/kimhyungjun/Desktop/AI개발/OneEmu/cores/jazz2/src/Sources/Jazz2/Actors/Enemies/EnemyBase.cpp:1:
In file included from /Users/kimhyungjun/Desktop/AI개발/OneEmu/cores/jazz2/src/Sources/Jazz2/Actors/Enemies/EnemyBase.h:3:
/Users/kimhyungjun/Desktop/AI개발/OneEmu/cores/jazz2/src/Sources/Jazz2/Actors/Enemies/../ActorBase.h:378:90: warning: missing field 'UsedWeaponType' initializer [-Wmissing-field-initializers]
  378 |                         Tiles::TileCollisionParams params = { Tiles::TileDestructType::None, _speed.Y >= 0.0f };
      |                                                                                                               ^
/Users/kimhyungjun/Desktop/AI개발/OneEmu/cores/jazz2/src/Sources/Jazz2/Actors/Enemies/EnemyBase.cpp:75:75: warning: missing field 'UsedWeaponType' initializer [-Wmissing-field-initializers]
   75 |                 TileCollisionParams params = { TileDestructType::None, _speed.Y >= 0.0f };
      |                                                                                         ^
/Users/kimhyungjun/Desktop/AI개발/OneEmu/cores/jazz2/src/Sources/Jazz2/Actors/Enemies/EnemyBase.cpp:104:63: warning: missing field 'UsedWeaponType' initializer [-Wmissing-field-initializers]
  104 |                 TileCollisionParams params = { TileDestructType::None, true };
      |                                                                             ^
3 warnings generated.
[166/322] Building CXX object CMakeFiles/jazz2.dir/Sources/Jazz2/Actors/Enemies/Lizard.cpp.o
In file included from /Users/kimhyungjun/Desktop/AI개발/OneEmu/cores/jazz2/src/Sources/Jazz2/Actors/Enemies/Lizard.cpp:1:
In file included from /Users/kimhyungjun/Desktop/AI개발/OneEmu/cores/jazz2/src/Sources/Jazz2/Actors/Enemies/Lizard.h:3:
In file included from /Users/kimhyungjun/Desktop/AI개발/OneEmu/cores/jazz2/src/Sources/Jazz2/Actors/Enemies/EnemyBase.h:3:
/Users/kimhyungjun/Desktop/AI개발/OneEmu/cores/jazz2/src/Sources/Jazz2/Actors/Enemies/../ActorBase.h:378:90: warning: missing field 'UsedWeaponType' initializer [-Wmissing-field-initializers]
  378 |                         Tiles::TileCollisionParams params = { Tiles::TileDestructType::None, _speed.Y >= 0.0f };
      |                                                                                                               ^
/Users/kimhyungjun/Desktop/AI개발/OneEmu/cores/jazz2/src/Sources/Jazz2/Actors/Enemies/Lizard.cpp:64:76: warning: missing field 'UsedWeaponType' initializer [-Wmissing-field-initializers]
   64 |                         TileCollisionParams params = { TileDestructType::None, _speed.Y >= 0.0f };
      |                                                                                                 ^
2 warnings generated.
[167/322] Building CXX object CMakeFiles/jazz2.dir/Sources/Jazz2/Actors/Enemies/LizardFloat.cpp.o
In file included from /Users/kimhyungjun/Desktop/AI개발/OneEmu/cores/jazz2/src/Sources/Jazz2/Actors/Enemies/LizardFloat.cpp:1:
In file included from /Users/kimhyungjun/Desktop/AI개발/OneEmu/cores/jazz2/src/Sources/Jazz2/Actors/Enemies/LizardFloat.h:3:
In file included from /Users/kimhyungjun/Desktop/AI개발/OneEmu/cores/jazz2/src/Sources/Jazz2/Actors/Enemies/EnemyBase.h:3:
/Users/kimhyungjun/Desktop/AI개발/OneEmu/cores/jazz2/src/Sources/Jazz2/Actors/Enemies/../ActorBase.h:378:90: warning: missing field 'UsedWeaponType' initializer [-Wmissing-field-initializers]
  378 |                         Tiles::TileCollisionParams params = { Tiles::TileDestructType::None, _speed.Y >= 0.0f };
      |                                                                                                               ^
1 warning generated.
[168/322] Building CXX object CMakeFiles/jazz2.dir/Sources/Jazz2/Actors/Enemies/MadderHatter.cpp.o
In file included from /Users/kimhyungjun/Desktop/AI개발/OneEmu/cores/jazz2/src/Sources/Jazz2/Actors/Enemies/MadderHatter.cpp:1:
In file included from /Users/kimhyungjun/Desktop/AI개발/OneEmu/cores/jazz2/src/Sources/Jazz2/Actors/Enemies/MadderHatter.h:3:
In file included from /Users/kimhyungjun/Desktop/AI개발/OneEmu/cores/jazz2/src/Sources/Jazz2/Actors/Enemies/EnemyBase.h:3:
/Users/kimhyungjun/Desktop/AI개발/OneEmu/cores/jazz2/src/Sources/Jazz2/Actors/Enemies/../ActorBase.h:378:90: warning: missing field 'UsedWeaponType' initializer [-Wmissing-field-initializers]
  378 |                         Tiles::TileCollisionParams params = { Tiles::TileDestructType::None, _speed.Y >= 0.0f };
      |                                                                                                               ^
1 warning generated.
[169/322] Building CXX object CMakeFiles/jazz2.dir/Sources/Jazz2/UI/HUD.cpp.o
In file included from /Users/kimhyungjun/Desktop/AI개발/OneEmu/cores/jazz2/src/Sources/Jazz2/UI/HUD.cpp:1:
In file included from /Users/kimhyungjun/Desktop/AI개발/OneEmu/cores/jazz2/src/Sources/Jazz2/UI/HUD.h:5:
In file included from /Users/kimhyungjun/Desktop/AI개발/OneEmu/cores/jazz2/src/Sources/Jazz2/UI/../LevelHandler.h:3:
In file included from /Users/kimhyungjun/Desktop/AI개발/OneEmu/cores/jazz2/src/Sources/Jazz2/UI/../ILevelHandler.h:7:
/Users/kimhyungjun/Desktop/AI개발/OneEmu/cores/jazz2/src/Sources/Jazz2/UI/../Actors/ActorBase.h:378:90: warning: missing field 'UsedWeaponType' initializer [-Wmissing-field-initializers]
  378 |                         Tiles::TileCollisionParams params = { Tiles::TileDestructType::None, _speed.Y >= 0.0f };
      |                                                                                                               ^
/Users/kimhyungjun/Desktop/AI개발/OneEmu/cores/jazz2/src/Sources/Jazz2/UI/HUD.cpp:1694:33: warning: comparison of integers of different signs: 'std::int32_t' (aka 'int') and 'std::size_t' (aka 'unsigned long') [-Wsign-compare]
 1694 |                 if (state.RenderCommandsCount < state.RenderCommands.size()) {
      |                     ~~~~~~~~~~~~~~~~~~~~~~~~~ ^ ~~~~~~~~~~~~~~~~~~~~~~~~~~~
/Users/kimhyungjun/Desktop/AI개발/OneEmu/cores/jazz2/src/Sources/Jazz2/UI/HUD.cpp:21:27: warning: unused variable 'KeyLayout' [-Wunused-const-variable]
   21 | static const std::uint8_t KeyLayout[] = {
      |                           ^~~~~~~~~
/Users/kimhyungjun/Desktop/AI개발/OneEmu/cores/jazz2/src/Sources/Jazz2/UI/HUD.cpp:65:30: warning: unused variable 'PickupGemGreen' [-Wunused-const-variable]
   65 |                 static constexpr AnimState PickupGemGreen = (AnimState)72;
      |                                            ^~~~~~~~~~~~~~
/Users/kimhyungjun/Desktop/AI개발/OneEmu/cores/jazz2/src/Sources/Jazz2/UI/HUD.cpp:66:30: warning: unused variable 'PickupGemBlue' [-Wunused-const-variable]
   66 |                 static constexpr AnimState PickupGemBlue = (AnimState)73;
      |                                            ^~~~~~~~~~~~~
/Users/kimhyungjun/Desktop/AI개발/OneEmu/cores/jazz2/src/Sources/Jazz2/UI/HUD.cpp:67:30: warning: unused variable 'PickupGemPurple' [-Wunused-const-variable]
   67 |                 static constexpr AnimState PickupGemPurple = (AnimState)74;
      |                                            ^~~~~~~~~~~~~~~
In file included from /Users/kimhyungjun/Desktop/AI개발/OneEmu/cores/jazz2/src/Sources/Jazz2/UI/HUD.cpp:1:
/Users/kimhyungjun/Desktop/AI개발/OneEmu/cores/jazz2/src/Sources/Jazz2/UI/HUD.h:229:9: warning: private field '_rgbAmbientLight' is not used [-Wunused-private-field]
  229 |                 float _rgbAmbientLight;
      |                       ^
/Users/kimhyungjun/Desktop/AI개발/OneEmu/cores/jazz2/src/Sources/Jazz2/UI/HUD.h:230:9: warning: private field '_rgbHealthLast' is not used [-Wunused-private-field]
  230 |                 float _rgbHealthLast;
      |                       ^
/Users/kimhyungjun/Desktop/AI개발/OneEmu/cores/jazz2/src/Sources/Jazz2/UI/HUD.h:233:9: warning: private field '_rgbLightsAnim' is not used [-Wunused-private-field]
  233 |                 float _rgbLightsAnim;
      |                       ^
/Users/kimhyungjun/Desktop/AI개발/OneEmu/cores/jazz2/src/Sources/Jazz2/UI/HUD.h:234:9: warning: private field '_rgbLightsTime' is not used [-Wunused-private-field]
  234 |                 float _rgbLightsTime;
      |                       ^
10 warnings generated.
[170/322] Building CXX object CMakeFiles/jazz2.dir/Sources/Jazz2/UI/LoadingHandler.cpp.o
[171/322] Building CXX object CMakeFiles/jazz2.dir/Sources/Jazz2/UI/InGameConsole.cpp.o
In file included from /Users/kimhyungjun/Desktop/AI개발/OneEmu/cores/jazz2/src/Sources/Jazz2/UI/InGameConsole.cpp:1:
In file included from /Users/kimhyungjun/Desktop/AI개발/OneEmu/cores/jazz2/src/Sources/Jazz2/UI/InGameConsole.h:5:
In file included from /Users/kimhyungjun/Desktop/AI개발/OneEmu/cores/jazz2/src/Sources/Jazz2/UI/../LevelHandler.h:3:
In file included from /Users/kimhyungjun/Desktop/AI개발/OneEmu/cores/jazz2/src/Sources/Jazz2/UI/../ILevelHandler.h:7:
/Users/kimhyungjun/Desktop/AI개발/OneEmu/cores/jazz2/src/Sources/Jazz2/UI/../Actors/ActorBase.h:378:90: warning: missing field 'UsedWeaponType' initializer [-Wmissing-field-initializers]
  378 |                         Tiles::TileCollisionParams params = { Tiles::TileDestructType::None, _speed.Y >= 0.0f };
      |                                                                                                               ^
/Users/kimhyungjun/Desktop/AI개발/OneEmu/cores/jazz2/src/Sources/Jazz2/UI/InGameConsole.cpp:560:21: warning: comparison of integers of different signs: 'std::int32_t' (aka 'int') and 'std::size_t' (aka 'unsigned long') [-Wsign-compare]
  560 |                 if (_historyIndex < _commandHistory.size()) {
      |                     ~~~~~~~~~~~~~ ^ ~~~~~~~~~~~~~~~~~~~~~~
/Users/kimhyungjun/Desktop/AI개발/OneEmu/cores/jazz2/src/Sources/Jazz2/UI/InGameConsole.cpp:562:22: warning: comparison of integers of different signs: 'std::int32_t' (aka 'int') and 'std::size_t' (aka 'unsigned long') [-Wsign-compare]
  562 |                         if (_historyIndex == _commandHistory.size()) {
      |                             ~~~~~~~~~~~~~ ^  ~~~~~~~~~~~~~~~~~~~~~~
In file included from /Users/kimhyungjun/Desktop/AI개발/OneEmu/cores/jazz2/src/Sources/Jazz2/UI/InGameConsole.cpp:1:
/Users/kimhyungjun/Desktop/AI개발/OneEmu/cores/jazz2/src/Sources/Jazz2/UI/InGameConsole.h:91:9: warning: private field '_recalcVisibleBoundsTimeLeft' is not used [-Wunused-private-field]
   91 |                 float _recalcVisibleBoundsTimeLeft;
      |                       ^
4 warnings generated.
[172/322] Building CXX object CMakeFiles/jazz2.dir/Sources/Jazz2/UI/Menu/AboutSection.cpp.o
[173/322] Building CXX object CMakeFiles/jazz2.dir/Sources/Jazz2/UI/Menu/BeginSection.cpp.o
In file included from /Users/kimhyungjun/Desktop/AI개발/OneEmu/cores/jazz2/src/Sources/Jazz2/UI/Menu/BeginSection.cpp:8:
In file included from /Users/kimhyungjun/Desktop/AI개발/OneEmu/cores/jazz2/src/Sources/Jazz2/UI/Menu/MainMenu.h:7:
In file included from /Users/kimhyungjun/Desktop/AI개발/OneEmu/cores/jazz2/src/Sources/Jazz2/UI/Menu/../../Tiles/TileMap.h:3:
In file included from /Users/kimhyungjun/Desktop/AI개발/OneEmu/cores/jazz2/src/Sources/Jazz2/UI/Menu/../../Tiles/ITileMapOwner.h:3:
/Users/kimhyungjun/Desktop/AI개발/OneEmu/cores/jazz2/src/Sources/Jazz2/UI/Menu/../../Tiles/../Actors/ActorBase.h:378:90: warning: missing field 'UsedWeaponType' initializer [-Wmissing-field-initializers]
  378 |                         Tiles::TileCollisionParams params = { Tiles::TileDestructType::None, _speed.Y >= 0.0f };
      |                                                                                                               ^
1 warning generated.
[174/322] Building CXX object CMakeFiles/jazz2.dir/Sources/Jazz2/UI/Menu/ControlsOptionsSection.cpp.o
[175/322] Building CXX object CMakeFiles/jazz2.dir/Sources/Jazz2/UI/Menu/CustomLevelSelectSection.cpp.o
/Users/kimhyungjun/Desktop/AI개발/OneEmu/cores/jazz2/src/Sources/Jazz2/UI/Menu/CustomLevelSelectSection.cpp:126:26: warning: comparison of integers of different signs: 'std::int32_t' (aka 'int') and 'std::size_t' (aka 'unsigned long') [-Wsign-compare]
  126 |                                                 if (_selectedIndex < _items.size() - 1) {
      |                                                     ~~~~~~~~~~~~~~ ^ ~~~~~~~~~~~~~~~~~
/Users/kimhyungjun/Desktop/AI개발/OneEmu/cores/jazz2/src/Sources/Jazz2/UI/Menu/CustomLevelSelectSection.cpp:182:30: warning: comparison of integers of different signs: 'std::int32_t' (aka 'int') and 'std::size_t' (aka 'unsigned long') [-Wsign-compare]
  182 |                 for (std::int32_t i = 0; i < itemsCount; i++) {
      |                                          ~ ^ ~~~~~~~~~~
/Users/kimhyungjun/Desktop/AI개발/OneEmu/cores/jazz2/src/Sources/Jazz2/UI/Menu/CustomLevelSelectSection.cpp:282:32: warning: comparison of integers of different signs: 'std::int32_t' (aka 'int') and 'std::size_t' (aka 'unsigned long') [-Wsign-compare]
  282 |                                 for (std::int32_t i = 0; i < itemsCount; i++) {
      |                                                          ~ ^ ~~~~~~~~~~
In file included from /Users/kimhyungjun/Desktop/AI개발/OneEmu/cores/jazz2/src/Sources/Jazz2/UI/Menu/CustomLevelSelectSection.cpp:1:
/Users/kimhyungjun/Desktop/AI개발/OneEmu/cores/jazz2/src/Sources/Jazz2/UI/Menu/CustomLevelSelectSection.h:55:8: warning: private field '_privateServer' is not used [-Wunused-private-field]
   55 |                 bool _privateServer;
      |                      ^
/Users/kimhyungjun/Desktop/AI개발/OneEmu/cores/jazz2/src/Sources/Jazz2/UI/Menu/CustomLevelSelectSection.h:56:8: warning: private field '_localGame' is not used [-Wunused-private-field]
   56 |                 bool _localGame;
      |                      ^
5 warnings generated.
[176/322] Building CXX object CMakeFiles/jazz2.dir/Sources/Jazz2/UI/Menu/ImportSection.cpp.o
[177/322] Building CXX object CMakeFiles/jazz2.dir/Sources/Jazz2/UI/Menu/EpisodeSelectSection.cpp.o
In file included from /Users/kimhyungjun/Desktop/AI개발/OneEmu/cores/jazz2/src/Sources/Jazz2/UI/Menu/EpisodeSelectSection.cpp:1:
/Users/kimhyungjun/Desktop/AI개발/OneEmu/cores/jazz2/src/Sources/Jazz2/UI/Menu/EpisodeSelectSection.h:70:8: warning: private field '_privateServer' is not used [-Wunused-private-field]
   70 |                 bool _privateServer;
      |                      ^
1 warning generated.
[178/322] Building CXX object CMakeFiles/jazz2.dir/Sources/Jazz2/UI/Menu/FirstRunSection.cpp.o
[179/322] Building CXX object CMakeFiles/jazz2.dir/Sources/Jazz2/UI/Menu/GameplayEnhancementsSection.cpp.o
In file included from /Users/kimhyungjun/Desktop/AI개발/OneEmu/cores/jazz2/src/Sources/Jazz2/UI/Menu/GameplayEnhancementsSection.cpp:2:
In file included from /Users/kimhyungjun/Desktop/AI개발/OneEmu/cores/jazz2/src/Sources/Jazz2/UI/Menu/InGameMenu.h:4:
In file included from /Users/kimhyungjun/Desktop/AI개발/OneEmu/cores/jazz2/src/Sources/Jazz2/UI/Menu/../../LevelHandler.h:3:
In file included from /Users/kimhyungjun/Desktop/AI개발/OneEmu/cores/jazz2/src/Sources/Jazz2/UI/Menu/../../ILevelHandler.h:7:
/Users/kimhyungjun/Desktop/AI개발/OneEmu/cores/jazz2/src/Sources/Jazz2/UI/Menu/../../Actors/ActorBase.h:378:90: warning: missing field 'UsedWeaponType' initializer [-Wmissing-field-initializers]
  378 |                         Tiles::TileCollisionParams params = { Tiles::TileDestructType::None, _speed.Y >= 0.0f };
      |                                                                                                               ^
1 warning generated.
[180/322] Building CXX object CMakeFiles/jazz2.dir/Sources/Jazz2/UI/Menu/GameplayOptionsSection.cpp.o
In file included from /Users/kimhyungjun/Desktop/AI개발/OneEmu/cores/jazz2/src/Sources/Jazz2/UI/Menu/GameplayOptionsSection.cpp:2:
In file included from /Users/kimhyungjun/Desktop/AI개발/OneEmu/cores/jazz2/src/Sources/Jazz2/UI/Menu/InGameMenu.h:4:
In file included from /Users/kimhyungjun/Desktop/AI개발/OneEmu/cores/jazz2/src/Sources/Jazz2/UI/Menu/../../LevelHandler.h:3:
In file included from /Users/kimhyungjun/Desktop/AI개발/OneEmu/cores/jazz2/src/Sources/Jazz2/UI/Menu/../../ILevelHandler.h:7:
/Users/kimhyungjun/Desktop/AI개발/OneEmu/cores/jazz2/src/Sources/Jazz2/UI/Menu/../../Actors/ActorBase.h:378:90: warning: missing field 'UsedWeaponType' initializer [-Wmissing-field-initializers]
  378 |                         Tiles::TileCollisionParams params = { Tiles::TileDestructType::None, _speed.Y >= 0.0f };
      |                                                                                                               ^
1 warning generated.
[181/322] Building CXX object CMakeFiles/jazz2.dir/Sources/Jazz2/UI/Menu/GraphicsOptionsSection.cpp.o
[182/322] Building CXX object CMakeFiles/jazz2.dir/Sources/Jazz2/UI/Menu/HighscoresSection.cpp.o
/Users/kimhyungjun/Desktop/AI개발/OneEmu/cores/jazz2/src/Sources/Jazz2/UI/Menu/HighscoresSection.cpp:546:166: warning: missing field 'CreatedDate' initializer [-Wmissing-field-initializers]
  546 |                         baseGame.Items.push_back(HighscoreItem { "Dan"_s, UINT64_MAX, HighscoreFlags::IsDefault, PlayerType::Jazz, GameDifficulty::Normal, 16, 600000, { 400, 40, 10, 0 } });
      |                                                                                                                                                                                           ^
/Users/kimhyungjun/Desktop/AI개발/OneEmu/cores/jazz2/src/Sources/Jazz2/UI/Menu/HighscoresSection.cpp:547:166: warning: missing field 'CreatedDate' initializer [-Wmissing-field-initializers]
  547 |                         baseGame.Items.push_back(HighscoreItem { "Tina"_s, UINT64_MAX, HighscoreFlags::IsDefault, PlayerType::Jazz, GameDifficulty::Normal, 12, 500000, { 300, 35, 8, 0 } });
      |                                                                                                                                                                                           ^
/Users/kimhyungjun/Desktop/AI개발/OneEmu/cores/jazz2/src/Sources/Jazz2/UI/Menu/HighscoresSection.cpp:548:166: warning: missing field 'CreatedDate' initializer [-Wmissing-field-initializers]
  548 |                         baseGame.Items.push_back(HighscoreItem { "Paul"_s, UINT64_MAX, HighscoreFlags::IsDefault, PlayerType::Spaz, GameDifficulty::Normal, 10, 400000, { 260, 30, 8, 0 } });
      |                                                                                                                                                                                           ^
/Users/kimhyungjun/Desktop/AI개발/OneEmu/cores/jazz2/src/Sources/Jazz2/UI/Menu/HighscoresSection.cpp:549:167: warning: missing field 'CreatedDate' initializer [-Wmissing-field-initializers]
  549 |                         baseGame.Items.push_back(HighscoreItem { "Monica"_s, UINT64_MAX, HighscoreFlags::IsDefault, PlayerType::Lori, GameDifficulty::Normal, 4, 300000, { 200, 25, 6, 0 } });
      |                                                                                                                                                                                            ^
/Users/kimhyungjun/Desktop/AI개발/OneEmu/cores/jazz2/src/Sources/Jazz2/UI/Menu/HighscoresSection.cpp:550:164: warning: missing field 'CreatedDate' initializer [-Wmissing-field-initializers]
  550 |                         baseGame.Items.push_back(HighscoreItem { "Eve"_s, UINT64_MAX, HighscoreFlags::IsDefault, PlayerType::Jazz, GameDifficulty::Normal, 1, 200000, { 120, 20, 5, 0 } });
      |                                                                                                                                                                                         ^
/Users/kimhyungjun/Desktop/AI개발/OneEmu/cores/jazz2/src/Sources/Jazz2/UI/Menu/HighscoresSection.cpp:551:167: warning: missing field 'CreatedDate' initializer [-Wmissing-field-initializers]
  551 |                         baseGame.Items.push_back(HighscoreItem { "William"_s, UINT64_MAX, HighscoreFlags::IsDefault, PlayerType::Spaz, GameDifficulty::Normal, 1, 100000, { 80, 16, 5, 0 } });
      |                                                                                                                                                                                            ^
/Users/kimhyungjun/Desktop/AI개발/OneEmu/cores/jazz2/src/Sources/Jazz2/UI/Menu/HighscoresSection.cpp:552:167: warning: missing field 'CreatedDate' initializer [-Wmissing-field-initializers]
  552 |                         baseGame.Items.push_back(HighscoreItem { "Scarlett"_s, UINT64_MAX, HighscoreFlags::IsDefault, PlayerType::Lori, GameDifficulty::Normal, 1, 50000, { 40, 10, 4, 0 } });
      |                                                                                                                                                                                            ^
/Users/kimhyungjun/Desktop/AI개발/OneEmu/cores/jazz2/src/Sources/Jazz2/UI/Menu/HighscoresSection.cpp:553:164: warning: missing field 'CreatedDate' initializer [-Wmissing-field-initializers]
  553 |                         baseGame.Items.push_back(HighscoreItem { "Thomas"_s, UINT64_MAX, HighscoreFlags::IsDefault, PlayerType::Lori, GameDifficulty::Normal, 1, 40000, { 20, 8, 4, 0 } });
      |                                                                                                                                                                                         ^
/Users/kimhyungjun/Desktop/AI개발/OneEmu/cores/jazz2/src/Sources/Jazz2/UI/Menu/HighscoresSection.cpp:554:163: warning: missing field 'CreatedDate' initializer [-Wmissing-field-initializers]
  554 |                         baseGame.Items.push_back(HighscoreItem { "James"_s, UINT64_MAX, HighscoreFlags::IsDefault, PlayerType::Spaz, GameDifficulty::Normal, 1, 30000, { 12, 4, 2, 0 } });
      |                                                                                                                                                                                        ^
/Users/kimhyungjun/Desktop/AI개발/OneEmu/cores/jazz2/src/Sources/Jazz2/UI/Menu/HighscoresSection.cpp:555:163: warning: missing field 'CreatedDate' initializer [-Wmissing-field-initializers]
  555 |                         baseGame.Items.push_back(HighscoreItem { "Oliver"_s, UINT64_MAX, HighscoreFlags::IsDefault, PlayerType::Lori, GameDifficulty::Normal, 1, 14000, { 6, 2, 0, 0 } });
      |                                                                                                                                                                                        ^
/Users/kimhyungjun/Desktop/AI개발/OneEmu/cores/jazz2/src/Sources/Jazz2/UI/Menu/HighscoresSection.cpp:560:169: warning: missing field 'CreatedDate' initializer [-Wmissing-field-initializers]
  560 |                         sharewareDemo.Items.push_back(HighscoreItem { "Monica"_s, UINT64_MAX, HighscoreFlags::IsDefault, PlayerType::Spaz, GameDifficulty::Normal, 4, 50000, { 50, 1, 1, 0 } });
      |                                                                                                                                                                                              ^
/Users/kimhyungjun/Desktop/AI개발/OneEmu/cores/jazz2/src/Sources/Jazz2/UI/Menu/HighscoresSection.cpp:561:166: warning: missing field 'CreatedDate' initializer [-Wmissing-field-initializers]
  561 |                         sharewareDemo.Items.push_back(HighscoreItem { "Dan"_s, UINT64_MAX, HighscoreFlags::IsDefault, PlayerType::Jazz, GameDifficulty::Normal, 4, 45000, { 45, 1, 1, 0 } });
      |                                                                                                                                                                                           ^
/Users/kimhyungjun/Desktop/AI개발/OneEmu/cores/jazz2/src/Sources/Jazz2/UI/Menu/HighscoresSection.cpp:562:166: warning: missing field 'CreatedDate' initializer [-Wmissing-field-initializers]
  562 |                         sharewareDemo.Items.push_back(HighscoreItem { "Eve"_s, UINT64_MAX, HighscoreFlags::IsDefault, PlayerType::Spaz, GameDifficulty::Normal, 3, 40000, { 40, 1, 1, 0 } });
      |                                                                                                                                                                                           ^
/Users/kimhyungjun/Desktop/AI개발/OneEmu/cores/jazz2/src/Sources/Jazz2/UI/Menu/HighscoresSection.cpp:563:167: warning: missing field 'CreatedDate' initializer [-Wmissing-field-initializers]
  563 |                         sharewareDemo.Items.push_back(HighscoreItem { "Paul"_s, UINT64_MAX, HighscoreFlags::IsDefault, PlayerType::Jazz, GameDifficulty::Normal, 2, 35000, { 35, 1, 1, 0 } });
      |                                                                                                                                                                                            ^
/Users/kimhyungjun/Desktop/AI개발/OneEmu/cores/jazz2/src/Sources/Jazz2/UI/Menu/HighscoresSection.cpp:564:167: warning: missing field 'CreatedDate' initializer [-Wmissing-field-initializers]
  564 |                         sharewareDemo.Items.push_back(HighscoreItem { "Tina"_s, UINT64_MAX, HighscoreFlags::IsDefault, PlayerType::Spaz, GameDifficulty::Normal, 1, 30000, { 30, 1, 0, 0 } });
      |                                                                                                                                                                                            ^
/Users/kimhyungjun/Desktop/AI개발/OneEmu/cores/jazz2/src/Sources/Jazz2/UI/Menu/HighscoresSection.cpp:565:171: warning: missing field 'CreatedDate' initializer [-Wmissing-field-initializers]
  565 |                         sharewareDemo.Items.push_back(HighscoreItem { "Scarlett"_s, UINT64_MAX, HighscoreFlags::IsDefault, PlayerType::Spaz, GameDifficulty::Normal, 1, 25000, { 25, 1, 0, 0 } });
      |                                                                                                                                                                                                ^
/Users/kimhyungjun/Desktop/AI개발/OneEmu/cores/jazz2/src/Sources/Jazz2/UI/Menu/HighscoresSection.cpp:566:170: warning: missing field 'CreatedDate' initializer [-Wmissing-field-initializers]
  566 |                         sharewareDemo.Items.push_back(HighscoreItem { "Matthew"_s, UINT64_MAX, HighscoreFlags::IsDefault, PlayerType::Lori, GameDifficulty::Normal, 1, 20000, { 20, 1, 0, 0 } });
      |                                                                                                                                                                                               ^
/Users/kimhyungjun/Desktop/AI개발/OneEmu/cores/jazz2/src/Sources/Jazz2/UI/Menu/HighscoresSection.cpp:567:169: warning: missing field 'CreatedDate' initializer [-Wmissing-field-initializers]
  567 |                         sharewareDemo.Items.push_back(HighscoreItem { "Andrew"_s, UINT64_MAX, HighscoreFlags::IsDefault, PlayerType::Lori, GameDifficulty::Normal, 1, 15000, { 12, 1, 0, 0 } });
      |                                                                                                                                                                                              ^
/Users/kimhyungjun/Desktop/AI개발/OneEmu/cores/jazz2/src/Sources/Jazz2/UI/Menu/HighscoresSection.cpp:568:168: warning: missing field 'CreatedDate' initializer [-Wmissing-field-initializers]
  568 |                         sharewareDemo.Items.push_back(HighscoreItem { "Violet"_s, UINT64_MAX, HighscoreFlags::IsDefault, PlayerType::Jazz, GameDifficulty::Normal, 1, 10000, { 6, 0, 0, 0 } });
      |                                                                                                                                                                                             ^
/Users/kimhyungjun/Desktop/AI개발/OneEmu/cores/jazz2/src/Sources/Jazz2/UI/Menu/HighscoresSection.cpp:569:168: warning: missing field 'CreatedDate' initializer [-Wmissing-field-initializers]
  569 |                         sharewareDemo.Items.push_back(HighscoreItem { "Patrick"_s, UINT64_MAX, HighscoreFlags::IsDefault, PlayerType::Spaz, GameDifficulty::Normal, 1, 5000, { 2, 0, 0, 0 } });
      |                                                                                                                                                                                             ^
/Users/kimhyungjun/Desktop/AI개발/OneEmu/cores/jazz2/src/Sources/Jazz2/UI/Menu/HighscoresSection.cpp:574:172: warning: missing field 'CreatedDate' initializer [-Wmissing-field-initializers]
  574 |                         theSecretFiles.Items.push_back(HighscoreItem { "Dan"_s, UINT64_MAX, HighscoreFlags::IsDefault, PlayerType::Spaz, GameDifficulty::Normal, 10, 400000, { 350, 80, 15, 1 } });
      |                                                                                                                                                                                                 ^
/Users/kimhyungjun/Desktop/AI개발/OneEmu/cores/jazz2/src/Sources/Jazz2/UI/Menu/HighscoresSection.cpp:575:172: warning: missing field 'CreatedDate' initializer [-Wmissing-field-initializers]
  575 |                         theSecretFiles.Items.push_back(HighscoreItem { "Tina"_s, UINT64_MAX, HighscoreFlags::IsDefault, PlayerType::Lori, GameDifficulty::Normal, 6, 350000, { 300, 50, 15, 0 } });
      |                                                                                                                                                                                                 ^
/Users/kimhyungjun/Desktop/AI개발/OneEmu/cores/jazz2/src/Sources/Jazz2/UI/Menu/HighscoresSection.cpp:576:171: warning: missing field 'CreatedDate' initializer [-Wmissing-field-initializers]
  576 |                         theSecretFiles.Items.push_back(HighscoreItem { "Eve"_s, UINT64_MAX, HighscoreFlags::IsDefault, PlayerType::Jazz, GameDifficulty::Normal, 4, 300000, { 240, 40, 12, 0 } });
      |                                                                                                                                                                                                ^
/Users/kimhyungjun/Desktop/AI개발/OneEmu/cores/jazz2/src/Sources/Jazz2/UI/Menu/HighscoresSection.cpp:577:174: warning: missing field 'CreatedDate' initializer [-Wmissing-field-initializers]
  577 |                         theSecretFiles.Items.push_back(HighscoreItem { "Monica"_s, UINT64_MAX, HighscoreFlags::IsDefault, PlayerType::Jazz, GameDifficulty::Normal, 2, 250000, { 180, 35, 10, 0 } });
      |                                                                                                                                                                                                   ^
/Users/kimhyungjun/Desktop/AI개발/OneEmu/cores/jazz2/src/Sources/Jazz2/UI/Menu/HighscoresSection.cpp:578:171: warning: missing field 'CreatedDate' initializer [-Wmissing-field-initializers]
  578 |                         theSecretFiles.Items.push_back(HighscoreItem { "Paul"_s, UINT64_MAX, HighscoreFlags::IsDefault, PlayerType::Lori, GameDifficulty::Normal, 1, 200000, { 140, 30, 8, 0 } });
      |                                                                                                                                                                                                ^
/Users/kimhyungjun/Desktop/AI개발/OneEmu/cores/jazz2/src/Sources/Jazz2/UI/Menu/HighscoresSection.cpp:579:178: warning: missing field 'CreatedDate' initializer [-Wmissing-field-initializers]
  579 |                         theSecretFiles.Items.push_back(HighscoreItem { "Christopher"_s, UINT64_MAX, HighscoreFlags::IsDefault, PlayerType::Spaz, GameDifficulty::Normal, 1, 150000, { 100, 25, 6, 0 } });
      |                                                                                                                                                                                                       ^
/Users/kimhyungjun/Desktop/AI개발/OneEmu/cores/jazz2/src/Sources/Jazz2/UI/Menu/HighscoresSection.cpp:580:172: warning: missing field 'CreatedDate' initializer [-Wmissing-field-initializers]
  580 |                         theSecretFiles.Items.push_back(HighscoreItem { "Andrew"_s, UINT64_MAX, HighscoreFlags::IsDefault, PlayerType::Jazz, GameDifficulty::Normal, 1, 100000, { 60, 18, 4, 0 } });
      |                                                                                                                                                                                                 ^
/Users/kimhyungjun/Desktop/AI개발/OneEmu/cores/jazz2/src/Sources/Jazz2/UI/Menu/HighscoresSection.cpp:581:173: warning: missing field 'CreatedDate' initializer [-Wmissing-field-initializers]
  581 |                         theSecretFiles.Items.push_back(HighscoreItem { "Victoria"_s, UINT64_MAX, HighscoreFlags::IsDefault, PlayerType::Lori, GameDifficulty::Normal, 1, 50000, { 30, 12, 2, 0 } });
      |                                                                                                                                                                                                  ^
/Users/kimhyungjun/Desktop/AI개발/OneEmu/cores/jazz2/src/Sources/Jazz2/UI/Menu/HighscoresSection.cpp:582:170: warning: missing field 'CreatedDate' initializer [-Wmissing-field-initializers]
  582 |                         theSecretFiles.Items.push_back(HighscoreItem { "Thomas"_s, UINT64_MAX, HighscoreFlags::IsDefault, PlayerType::Spaz, GameDifficulty::Normal, 1, 25000, { 16, 6, 0, 0 } });
      |                                                                                                                                                                                               ^
/Users/kimhyungjun/Desktop/AI개발/OneEmu/cores/jazz2/src/Sources/Jazz2/UI/Menu/HighscoresSection.cpp:583:172: warning: missing field 'CreatedDate' initializer [-Wmissing-field-initializers]
  583 |                         theSecretFiles.Items.push_back(HighscoreItem { "Alexander"_s, UINT64_MAX, HighscoreFlags::IsDefault, PlayerType::Jazz, GameDifficulty::Normal, 1, 10000, { 8, 2, 0, 0 } });
      |                                                                                                                                                                                                 ^
In file included from /Users/kimhyungjun/Desktop/AI개발/OneEmu/cores/jazz2/src/Sources/Jazz2/UI/Menu/HighscoresSection.cpp:1:
/Users/kimhyungjun/Desktop/AI개발/OneEmu/cores/jazz2/src/Sources/Jazz2/UI/Menu/HighscoresSection.h:106:9: warning: private field '_recalcVisibleBoundsTimeLeft' is not used [-Wunused-private-field]
  106 |                 float _recalcVisibleBoundsTimeLeft;
      |                       ^
31 warnings generated.
[183/322] Building CXX object CMakeFiles/jazz2.dir/Sources/Jazz2/UI/Menu/IMenuContainer.cpp.o
[184/322] Building CXX object CMakeFiles/jazz2.dir/Sources/Jazz2/UI/Menu/InGameMenu.cpp.o
In file included from /Users/kimhyungjun/Desktop/AI개발/OneEmu/cores/jazz2/src/Sources/Jazz2/UI/Menu/InGameMenu.cpp:1:
In file included from /Users/kimhyungjun/Desktop/AI개발/OneEmu/cores/jazz2/src/Sources/Jazz2/UI/Menu/InGameMenu.h:4:
In file included from /Users/kimhyungjun/Desktop/AI개발/OneEmu/cores/jazz2/src/Sources/Jazz2/UI/Menu/../../LevelHandler.h:3:
In file included from /Users/kimhyungjun/Desktop/AI개발/OneEmu/cores/jazz2/src/Sources/Jazz2/UI/Menu/../../ILevelHandler.h:7:
/Users/kimhyungjun/Desktop/AI개발/OneEmu/cores/jazz2/src/Sources/Jazz2/UI/Menu/../../Actors/ActorBase.h:378:90: warning: missing field 'UsedWeaponType' initializer [-Wmissing-field-initializers]
  378 |                         Tiles::TileCollisionParams params = { Tiles::TileDestructType::None, _speed.Y >= 0.0f };
      |                                                                                                               ^
1 warning generated.
[185/322] Building CXX object CMakeFiles/jazz2.dir/Sources/Jazz2/UI/Menu/InputDiagnosticsSection.cpp.o
[186/322] Building CXX object CMakeFiles/jazz2.dir/Sources/Jazz2/UI/Menu/MenuSection.cpp.o
[187/322] Building CXX object CMakeFiles/jazz2.dir/Sources/Jazz2/UI/Menu/LanguageSelectSection.cpp.o
[188/322] Building CXX object CMakeFiles/jazz2.dir/Sources/Jazz2/UI/Menu/MenuContainerBase.cpp.o
[189/322] Building CXX object CMakeFiles/jazz2.dir/Sources/Jazz2/UI/Menu/MenuTransition.cpp.o
[190/322] Building CXX object CMakeFiles/jazz2.dir/Sources/Jazz2/UI/Menu/MainMenu.cpp.o
In file included from /Users/kimhyungjun/Desktop/AI개발/OneEmu/cores/jazz2/src/Sources/Jazz2/UI/Menu/MainMenu.cpp:1:
In file included from /Users/kimhyungjun/Desktop/AI개발/OneEmu/cores/jazz2/src/Sources/Jazz2/UI/Menu/MainMenu.h:7:
In file included from /Users/kimhyungjun/Desktop/AI개발/OneEmu/cores/jazz2/src/Sources/Jazz2/UI/Menu/../../Tiles/TileMap.h:3:
In file included from /Users/kimhyungjun/Desktop/AI개발/OneEmu/cores/jazz2/src/Sources/Jazz2/UI/Menu/../../Tiles/ITileMapOwner.h:3:
/Users/kimhyungjun/Desktop/AI개발/OneEmu/cores/jazz2/src/Sources/Jazz2/UI/Menu/../../Tiles/../Actors/ActorBase.h:378:90: warning: missing field 'UsedWeaponType' initializer [-Wmissing-field-initializers]
  378 |                         Tiles::TileCollisionParams params = { Tiles::TileDestructType::None, _speed.Y >= 0.0f };
      |                                                                                                               ^
1 warning generated.
[191/322] Building CXX object CMakeFiles/jazz2.dir/Sources/Jazz2/UI/Menu/MenuWidgets.cpp.o
[192/322] Building CXX object CMakeFiles/jazz2.dir/Sources/Jazz2/UI/Menu/PauseSection.cpp.o
In file included from /Users/kimhyungjun/Desktop/AI개발/OneEmu/cores/jazz2/src/Sources/Jazz2/UI/Menu/PauseSection.cpp:3:
In file included from /Users/kimhyungjun/Desktop/AI개발/OneEmu/cores/jazz2/src/Sources/Jazz2/UI/Menu/InGameMenu.h:4:
In file included from /Users/kimhyungjun/Desktop/AI개발/OneEmu/cores/jazz2/src/Sources/Jazz2/UI/Menu/../../LevelHandler.h:3:
In file included from /Users/kimhyungjun/Desktop/AI개발/OneEmu/cores/jazz2/src/Sources/Jazz2/UI/Menu/../../ILevelHandler.h:7:
/Users/kimhyungjun/Desktop/AI개발/OneEmu/cores/jazz2/src/Sources/Jazz2/UI/Menu/../../Actors/ActorBase.h:378:90: warning: missing field 'UsedWeaponType' initializer [-Wmissing-field-initializers]
  378 |                         Tiles::TileCollisionParams params = { Tiles::TileDestructType::None, _speed.Y >= 0.0f };
      |                                                                                                               ^
/Users/kimhyungjun/Desktop/AI개발/OneEmu/cores/jazz2/src/Sources/Jazz2/UI/Menu/PauseSection.cpp:23:19: warning: unused variable 'SwipeThreshold' [-Wunused-const-variable]
   23 |                 constexpr float SwipeThreshold = 50.0f;
      |                                 ^~~~~~~~~~~~~~
2 warnings generated.
[193/322] Building CXX object CMakeFiles/jazz2.dir/Sources/Jazz2/UI/Menu/OptionsSection.cpp.o
[194/322] Building CXX object CMakeFiles/jazz2.dir/Sources/Jazz2/UI/Menu/RescaleModeSection.cpp.o
[195/322] Building CXX object CMakeFiles/jazz2.dir/Sources/Jazz2/UI/Menu/RefreshCacheSection.cpp.o
In file included from /Users/kimhyungjun/Desktop/AI개발/OneEmu/cores/jazz2/src/Sources/Jazz2/UI/Menu/RefreshCacheSection.cpp:6:
In file included from /Users/kimhyungjun/Desktop/AI개발/OneEmu/cores/jazz2/src/Sources/Jazz2/UI/Menu/MainMenu.h:7:
In file included from /Users/kimhyungjun/Desktop/AI개발/OneEmu/cores/jazz2/src/Sources/Jazz2/UI/Menu/../../Tiles/TileMap.h:3:
In file included from /Users/kimhyungjun/Desktop/AI개발/OneEmu/cores/jazz2/src/Sources/Jazz2/UI/Menu/../../Tiles/ITileMapOwner.h:3:
/Users/kimhyungjun/Desktop/AI개발/OneEmu/cores/jazz2/src/Sources/Jazz2/UI/Menu/../../Tiles/../Actors/ActorBase.h:378:90: warning: missing field 'UsedWeaponType' initializer [-Wmissing-field-initializers]
  378 |                         Tiles::TileCollisionParams params = { Tiles::TileDestructType::None, _speed.Y >= 0.0f };
      |                                                                                                               ^
1 warning generated.
[196/322] Building CXX object CMakeFiles/jazz2.dir/Sources/Jazz2/UI/Menu/TextInputBuffer.cpp.o
[197/322] Building CXX object CMakeFiles/jazz2.dir/Sources/Jazz2/UI/Menu/SimpleMessageSection.cpp.o
[198/322] Building CXX object CMakeFiles/jazz2.dir/Sources/Jazz2/UI/Menu/RemapControlsSection.cpp.o
/Users/kimhyungjun/Desktop/AI개발/OneEmu/cores/jazz2/src/Sources/Jazz2/UI/Menu/RemapControlsSection.cpp:137:33: warning: comparison of integers of different signs: 'std::int32_t' (aka 'int') and 'const std::uint32_t' (aka 'const unsigned int') [-Wsign-compare]
  137 |                                         for (std::int32_t j = 0; j < JoyMappedState::NumButtons && waitingForInput; j++) {
      |                                                                  ~ ^ ~~~~~~~~~~~~~~~~~~~~~~~~~~
/Users/kimhyungjun/Desktop/AI개발/OneEmu/cores/jazz2/src/Sources/Jazz2/UI/Menu/RemapControlsSection.cpp:156:33: warning: comparison of integers of different signs: 'std::int32_t' (aka 'int') and 'const std::uint32_t' (aka 'const unsigned int') [-Wsign-compare]
  156 |                                         for (std::int32_t j = 0; j < JoyMappedState::NumAxes && waitingForInput; j++) {
      |                                                                  ~ ^ ~~~~~~~~~~~~~~~~~~~~~~~
/Users/kimhyungjun/Desktop/AI개발/OneEmu/cores/jazz2/src/Sources/Jazz2/UI/Menu/RemapControlsSection.cpp:184:25: warning: comparison of integers of different signs: 'std::int32_t' (aka 'int') and 'std::size_t' (aka 'unsigned long') [-Wsign-compare]
  184 |                                 if (_selectedColumn < mapping.Targets.size()) {
      |                                     ~~~~~~~~~~~~~~~ ^ ~~~~~~~~~~~~~~~~~~~~~~
/Users/kimhyungjun/Desktop/AI개발/OneEmu/cores/jazz2/src/Sources/Jazz2/UI/Menu/RemapControlsSection.cpp:213:26: warning: comparison of integers of different signs: 'std::int32_t' (aka 'int') and 'std::size_t' (aka 'unsigned long') [-Wsign-compare]
  213 |                                         if (_selectedColumn < mapping[row].Targets.size()) {
      |                                             ~~~~~~~~~~~~~~~ ^ ~~~~~~~~~~~~~~~~~~~~~~~~~~~
/Users/kimhyungjun/Desktop/AI개발/OneEmu/cores/jazz2/src/Sources/Jazz2/UI/Menu/RemapControlsSection.cpp:281:26: warning: comparison of integers of different signs: 'std::int32_t' (aka 'int') and 'std::size_t' (aka 'unsigned long') [-Wsign-compare]
  281 |                                 if ((_selectedColumn < mapping.Targets.size() || _selectedColumn == MaxTargetCount - 1) && !(_actions[row] == PlayerAction::Menu && _selectedColumn == 0)) {
      |                                      ~~~~~~~~~~~~~~~ ^ ~~~~~~~~~~~~~~~~~~~~~~
/Users/kimhyungjun/Desktop/AI개발/OneEmu/cores/jazz2/src/Sources/Jazz2/UI/Menu/RemapControlsSection.cpp:336:24: warning: comparison of integers of different signs: 'std::int32_t' (aka 'int') and 'std::size_t' (aka 'unsigned long') [-Wsign-compare]
  336 |                         if (_selectedColumn < mapping.Targets.size()) {
      |                             ~~~~~~~~~~~~~~~ ^ ~~~~~~~~~~~~~~~~~~~~~~
/Users/kimhyungjun/Desktop/AI개발/OneEmu/cores/jazz2/src/Sources/Jazz2/UI/Menu/RemapControlsSection.cpp:429:34: warning: comparison of integers of different signs: 'std::int32_t' (aka 'int') and 'std::uint32_t' (aka 'unsigned int') [-Wsign-compare]
  429 |                                                 for (std::int32_t i = 0; i < joyIdx + 1; i++) {
      |                                                                          ~ ^ ~~~~~~~~~~
/Users/kimhyungjun/Desktop/AI개발/OneEmu/cores/jazz2/src/Sources/Jazz2/UI/Menu/RemapControlsSection.cpp:454:34: warning: comparison of integers of different signs: 'std::int32_t' (aka 'int') and 'std::uint32_t' (aka 'unsigned int') [-Wsign-compare]
  454 |                                                 for (std::int32_t i = 0; i < joyIdx + 1; i++) {
      |                                                                          ~ ^ ~~~~~~~~~~
/Users/kimhyungjun/Desktop/AI개발/OneEmu/cores/jazz2/src/Sources/Jazz2/UI/Menu/RemapControlsSection.cpp:513:18: warning: comparison of integers of different signs: 'std::int32_t' (aka 'int') and 'std::size_t' (aka 'unsigned long') [-Wsign-compare]
  513 |                         if (newColumn <= mapping.Targets.size()) {
      |                             ~~~~~~~~~ ^  ~~~~~~~~~~~~~~~~~~~~~~
/Users/kimhyungjun/Desktop/AI개발/OneEmu/cores/jazz2/src/Sources/Jazz2/UI/Menu/RemapControlsSection.cpp:524:27: warning: comparison of integers of different signs: 'std::int32_t' (aka 'int') and 'std::size_t' (aka 'unsigned long') [-Wsign-compare]
  524 |                                                 if (_selectedColumn < mapping.Targets.size()) {
      |                                                     ~~~~~~~~~~~~~~~ ^ ~~~~~~~~~~~~~~~~~~~~~~
10 warnings generated.
[199/322] Building CXX object CMakeFiles/jazz2.dir/Sources/nCine/Graphics/TextureLoaderPkm.cpp.o
[200/322] Building CXX object CMakeFiles/jazz2.dir/Sources/Jazz2/UI/Menu/SoundsOptionsSection.cpp.o
[201/322] Building CXX object CMakeFiles/jazz2.dir/Sources/Jazz2/UI/Menu/StartGameOptionsSection.cpp.o
In file included from /Users/kimhyungjun/Desktop/AI개발/OneEmu/cores/jazz2/src/Sources/Jazz2/UI/Menu/StartGameOptionsSection.cpp:2:
In file included from /Users/kimhyungjun/Desktop/AI개발/OneEmu/cores/jazz2/src/Sources/Jazz2/UI/Menu/MainMenu.h:7:
In file included from /Users/kimhyungjun/Desktop/AI개발/OneEmu/cores/jazz2/src/Sources/Jazz2/UI/Menu/../../Tiles/TileMap.h:3:
In file included from /Users/kimhyungjun/Desktop/AI개발/OneEmu/cores/jazz2/src/Sources/Jazz2/UI/Menu/../../Tiles/ITileMapOwner.h:3:
/Users/kimhyungjun/Desktop/AI개발/OneEmu/cores/jazz2/src/Sources/Jazz2/UI/Menu/../../Tiles/../Actors/ActorBase.h:378:90: warning: missing field 'UsedWeaponType' initializer [-Wmissing-field-initializers]
  378 |                         Tiles::TileCollisionParams params = { Tiles::TileDestructType::None, _speed.Y >= 0.0f };
      |                                                                                                               ^
1 warning generated.
[202/322] Building CXX object CMakeFiles/jazz2.dir/Sources/nCine/Audio/AudioBufferPlayer.cpp.o
[203/322] Building CXX object CMakeFiles/jazz2.dir/Sources/nCine/Audio/AudioLoaderWav.cpp.o
[204/322] Building CXX object CMakeFiles/jazz2.dir/Sources/nCine/Audio/AudioStreamPlayer.cpp.o
[205/322] Building CXX object CMakeFiles/jazz2.dir/Sources/nCine/Threading/PosixThreadSync.cpp.o
[206/322] Building CXX object CMakeFiles/jazz2.dir/Sources/nCine/Audio/AudioReaderWav.cpp.o
In file included from /Users/kimhyungjun/Desktop/AI개발/OneEmu/cores/jazz2/src/Sources/nCine/Audio/AudioReaderWav.cpp:1:
/Users/kimhyungjun/Desktop/AI개발/OneEmu/cores/jazz2/src/Sources/nCine/Audio/AudioReaderWav.h:30:16: warning: private field '_bytesPerSample' is not used [-Wunused-private-field]
   30 |                 std::int32_t _bytesPerSample;
      |                              ^
1 warning generated.
[207/322] Building CXX object CMakeFiles/jazz2.dir/Sources/Jazz2/UI/Menu/TouchControlsOptionsSection.cpp.o
In file included from /Users/kimhyungjun/Desktop/AI개발/OneEmu/cores/jazz2/src/Sources/Jazz2/UI/Menu/TouchControlsOptionsSection.cpp:3:
In file included from /Users/kimhyungjun/Desktop/AI개발/OneEmu/cores/jazz2/src/Sources/Jazz2/UI/Menu/../HUD.h:5:
In file included from /Users/kimhyungjun/Desktop/AI개발/OneEmu/cores/jazz2/src/Sources/Jazz2/UI/Menu/../../LevelHandler.h:3:
In file included from /Users/kimhyungjun/Desktop/AI개발/OneEmu/cores/jazz2/src/Sources/Jazz2/UI/Menu/../../ILevelHandler.h:7:
/Users/kimhyungjun/Desktop/AI개발/OneEmu/cores/jazz2/src/Sources/Jazz2/UI/Menu/../../Actors/ActorBase.h:378:90: warning: missing field 'UsedWeaponType' initializer [-Wmissing-field-initializers]
  378 |                         Tiles::TileCollisionParams params = { Tiles::TileDestructType::None, _speed.Y >= 0.0f };
      |                                                                                                               ^
/Users/kimhyungjun/Desktop/AI개발/OneEmu/cores/jazz2/src/Sources/Jazz2/UI/Menu/TouchControlsOptionsSection.cpp:338:19: warning: unused variable 'ToggleW' [-Wunused-variable]
  338 |                 constexpr float ToggleW = 30.0f;
      |                                 ^~~~~~~
2 warnings generated.
[208/322] Building CXX object CMakeFiles/jazz2.dir/Sources/nCine/Audio/AudioDeviceBase.cpp.o
[209/322] Building CXX object CMakeFiles/jazz2.dir/Sources/Jazz2/UI/Menu/UserProfileOptionsSection.cpp.o
In file included from /Users/kimhyungjun/Desktop/AI개발/OneEmu/cores/jazz2/src/Sources/Jazz2/UI/Menu/UserProfileOptionsSection.cpp:2:
In file included from /Users/kimhyungjun/Desktop/AI개발/OneEmu/cores/jazz2/src/Sources/Jazz2/UI/Menu/InGameMenu.h:4:
In file included from /Users/kimhyungjun/Desktop/AI개발/OneEmu/cores/jazz2/src/Sources/Jazz2/UI/Menu/../../LevelHandler.h:3:
In file included from /Users/kimhyungjun/Desktop/AI개발/OneEmu/cores/jazz2/src/Sources/Jazz2/UI/Menu/../../ILevelHandler.h:7:
/Users/kimhyungjun/Desktop/AI개발/OneEmu/cores/jazz2/src/Sources/Jazz2/UI/Menu/../../Actors/ActorBase.h:378:90: warning: missing field 'UsedWeaponType' initializer [-Wmissing-field-initializers]
  378 |                         Tiles::TileCollisionParams params = { Tiles::TileDestructType::None, _speed.Y >= 0.0f };
      |                                                                                                               ^
In file included from /Users/kimhyungjun/Desktop/AI개발/OneEmu/cores/jazz2/src/Sources/Jazz2/UI/Menu/UserProfileOptionsSection.cpp:1:
/Users/kimhyungjun/Desktop/AI개발/OneEmu/cores/jazz2/src/Sources/Jazz2/UI/Menu/UserProfileOptionsSection.h:63:9: warning: private field '_recalcVisibleBoundsTimeLeft' is not used [-Wunused-private-field]
   63 |                 float _recalcVisibleBoundsTimeLeft;
      |                       ^
2 warnings generated.
[210/322] Building CXX object CMakeFiles/jazz2.dir/Sources/Jazz2/UI/Menu/WidgetSection.cpp.o
[211/322] Building CXX object CMakeFiles/jazz2.dir/Sources/nCine/Threading/ThreadPool.cpp.o
[212/322] Building CXX object CMakeFiles/jazz2.dir/Sources/libretro.cpp.o
[213/322] Building CXX object CMakeFiles/jazz2.dir/Sources/nCine/Backends/Libretro/LibretroApplication.cpp.o
[214/322] Building CXX object CMakeFiles/jazz2.dir/Sources/nCine/Backends/Libretro/LibretroGfxDevice.cpp.o
In file included from /Users/kimhyungjun/Desktop/AI개발/OneEmu/cores/jazz2/src/Sources/nCine/Backends/Libretro/LibretroGfxDevice.cpp:1:
/Users/kimhyungjun/Desktop/AI개발/OneEmu/cores/jazz2/src/Sources/nCine/Backends/Libretro/LibretroGfxDevice.h:57:16: warning: private field '_lastWidth' is not used [-Wunused-private-field]
   57 |                 std::int32_t _lastWidth;
      |                              ^
/Users/kimhyungjun/Desktop/AI개발/OneEmu/cores/jazz2/src/Sources/nCine/Backends/Libretro/LibretroGfxDevice.h:58:16: warning: private field '_lastHeight' is not used [-Wunused-private-field]
   58 |                 std::int32_t _lastHeight;
      |                              ^
2 warnings generated.
[215/322] Building CXX object CMakeFiles/jazz2.dir/Sources/nCine/Backends/Libretro/LibretroInputManager.cpp.o
[216/322] Building CXX object CMakeFiles/jazz2.dir/Sources/Jazz2/Actors/Enemies/Skeleton.cpp.o
In file included from /Users/kimhyungjun/Desktop/AI개발/OneEmu/cores/jazz2/src/Sources/Jazz2/Actors/Enemies/Skeleton.cpp:1:
In file included from /Users/kimhyungjun/Desktop/AI개발/OneEmu/cores/jazz2/src/Sources/Jazz2/Actors/Enemies/Skeleton.h:3:
In file included from /Users/kimhyungjun/Desktop/AI개발/OneEmu/cores/jazz2/src/Sources/Jazz2/Actors/Enemies/EnemyBase.h:3:
/Users/kimhyungjun/Desktop/AI개발/OneEmu/cores/jazz2/src/Sources/Jazz2/Actors/Enemies/../ActorBase.h:378:90: warning: missing field 'UsedWeaponType' initializer [-Wmissing-field-initializers]
  378 |                         Tiles::TileCollisionParams params = { Tiles::TileDestructType::None, _speed.Y >= 0.0f };
      |                                                                                                               ^
1 warning generated.
[217/322] Building CXX object CMakeFiles/jazz2.dir/Sources/Jazz2/Actors/Enemies/Sucker.cpp.o
In file included from /Users/kimhyungjun/Desktop/AI개발/OneEmu/cores/jazz2/src/Sources/Jazz2/Actors/Enemies/Sucker.cpp:1:
In file included from /Users/kimhyungjun/Desktop/AI개발/OneEmu/cores/jazz2/src/Sources/Jazz2/Actors/Enemies/Sucker.h:3:
In file included from /Users/kimhyungjun/Desktop/AI개발/OneEmu/cores/jazz2/src/Sources/Jazz2/Actors/Enemies/EnemyBase.h:3:
/Users/kimhyungjun/Desktop/AI개발/OneEmu/cores/jazz2/src/Sources/Jazz2/Actors/Enemies/../ActorBase.h:378:90: warning: missing field 'UsedWeaponType' initializer [-Wmissing-field-initializers]
  378 |                         Tiles::TileCollisionParams params = { Tiles::TileDestructType::None, _speed.Y >= 0.0f };
      |                                                                                                               ^
1 warning generated.
[218/322] Building CXX object CMakeFiles/jazz2.dir/Sources/nCine/Audio/Backends/AL/ALAudioDevice.cpp.o
[219/322] Building CXX object CMakeFiles/jazz2.dir/Sources/Jazz2/Actors/Enemies/TurtleShell.cpp.o
In file included from /Users/kimhyungjun/Desktop/AI개발/OneEmu/cores/jazz2/src/Sources/Jazz2/Actors/Enemies/TurtleShell.cpp:1:
In file included from /Users/kimhyungjun/Desktop/AI개발/OneEmu/cores/jazz2/src/Sources/Jazz2/Actors/Enemies/TurtleShell.h:3:
In file included from /Users/kimhyungjun/Desktop/AI개발/OneEmu/cores/jazz2/src/Sources/Jazz2/Actors/Enemies/EnemyBase.h:3:
/Users/kimhyungjun/Desktop/AI개발/OneEmu/cores/jazz2/src/Sources/Jazz2/Actors/Enemies/../ActorBase.h:378:90: warning: missing field 'UsedWeaponType' initializer [-Wmissing-field-initializers]
  378 |                         Tiles::TileCollisionParams params = { Tiles::TileDestructType::None, _speed.Y >= 0.0f };
      |                                                                                                               ^
/Users/kimhyungjun/Desktop/AI개발/OneEmu/cores/jazz2/src/Sources/Jazz2/Actors/Enemies/TurtleShell.cpp:89:129: warning: missing field 'Speed' initializer [-Wmissing-field-initializers]
   89 |                 TileCollisionParams params = { TileDestructType::Weapon | TileDestructType::Special, _speed.Y >= 0.0f, WeaponType::Blaster, 1 };
      |                                                                                                                                               ^
2 warnings generated.
[220/322] Building CXX object CMakeFiles/jazz2.dir/Sources/Jazz2/Actors/Enemies/Raven.cpp.o
In file included from /Users/kimhyungjun/Desktop/AI개발/OneEmu/cores/jazz2/src/Sources/Jazz2/Actors/Enemies/Raven.cpp:1:
In file included from /Users/kimhyungjun/Desktop/AI개발/OneEmu/cores/jazz2/src/Sources/Jazz2/Actors/Enemies/Raven.h:3:
In file included from /Users/kimhyungjun/Desktop/AI개발/OneEmu/cores/jazz2/src/Sources/Jazz2/Actors/Enemies/EnemyBase.h:3:
/Users/kimhyungjun/Desktop/AI개발/OneEmu/cores/jazz2/src/Sources/Jazz2/Actors/Enemies/../ActorBase.h:378:90: warning: missing field 'UsedWeaponType' initializer [-Wmissing-field-initializers]
  378 |                         Tiles::TileCollisionParams params = { Tiles::TileDestructType::None, _speed.Y >= 0.0f };
      |                                                                                                               ^
1 warning generated.
[221/322] Building CXX object CMakeFiles/jazz2.dir/Sources/Jazz2/Actors/Enemies/Rapier.cpp.o
In file included from /Users/kimhyungjun/Desktop/AI개발/OneEmu/cores/jazz2/src/Sources/Jazz2/Actors/Enemies/Rapier.cpp:1:
In file included from /Users/kimhyungjun/Desktop/AI개발/OneEmu/cores/jazz2/src/Sources/Jazz2/Actors/Enemies/Rapier.h:3:
In file included from /Users/kimhyungjun/Desktop/AI개발/OneEmu/cores/jazz2/src/Sources/Jazz2/Actors/Enemies/EnemyBase.h:3:
/Users/kimhyungjun/Desktop/AI개발/OneEmu/cores/jazz2/src/Sources/Jazz2/Actors/Enemies/../ActorBase.h:378:90: warning: missing field 'UsedWeaponType' initializer [-Wmissing-field-initializers]
  378 |                         Tiles::TileCollisionParams params = { Tiles::TileDestructType::None, _speed.Y >= 0.0f };
      |                                                                                                               ^
1 warning generated.
[222/322] Building CXX object CMakeFiles/jazz2.dir/Sources/Jazz2/Actors/Enemies/TurtleTube.cpp.o
In file included from /Users/kimhyungjun/Desktop/AI개발/OneEmu/cores/jazz2/src/Sources/Jazz2/Actors/Enemies/TurtleTube.cpp:1:
In file included from /Users/kimhyungjun/Desktop/AI개발/OneEmu/cores/jazz2/src/Sources/Jazz2/Actors/Enemies/TurtleTube.h:3:
In file included from /Users/kimhyungjun/Desktop/AI개발/OneEmu/cores/jazz2/src/Sources/Jazz2/Actors/Enemies/EnemyBase.h:3:
/Users/kimhyungjun/Desktop/AI개발/OneEmu/cores/jazz2/src/Sources/Jazz2/Actors/Enemies/../ActorBase.h:378:90: warning: missing field 'UsedWeaponType' initializer [-Wmissing-field-initializers]
  378 |                         Tiles::TileCollisionParams params = { Tiles::TileDestructType::None, _speed.Y >= 0.0f };
      |                                                                                                               ^
1 warning generated.
[223/322] Building CXX object CMakeFiles/jazz2.dir/Sources/Jazz2/Actors/Enemies/Monkey.cpp.o
In file included from /Users/kimhyungjun/Desktop/AI개발/OneEmu/cores/jazz2/src/Sources/Jazz2/Actors/Enemies/Monkey.cpp:1:
In file included from /Users/kimhyungjun/Desktop/AI개발/OneEmu/cores/jazz2/src/Sources/Jazz2/Actors/Enemies/Monkey.h:3:
In file included from /Users/kimhyungjun/Desktop/AI개발/OneEmu/cores/jazz2/src/Sources/Jazz2/Actors/Enemies/EnemyBase.h:3:
/Users/kimhyungjun/Desktop/AI개발/OneEmu/cores/jazz2/src/Sources/Jazz2/Actors/Enemies/../ActorBase.h:378:90: warning: missing field 'UsedWeaponType' initializer [-Wmissing-field-initializers]
  378 |                         Tiles::TileCollisionParams params = { Tiles::TileDestructType::None, _speed.Y >= 0.0f };
      |                                                                                                               ^
1 warning generated.
[224/322] Building CXX object CMakeFiles/jazz2.dir/Sources/Jazz2/Actors/Enemies/Sparks.cpp.o
In file included from /Users/kimhyungjun/Desktop/AI개발/OneEmu/cores/jazz2/src/Sources/Jazz2/Actors/Enemies/Sparks.cpp:1:
In file included from /Users/kimhyungjun/Desktop/AI개발/OneEmu/cores/jazz2/src/Sources/Jazz2/Actors/Enemies/Sparks.h:3:
In file included from /Users/kimhyungjun/Desktop/AI개발/OneEmu/cores/jazz2/src/Sources/Jazz2/Actors/Enemies/EnemyBase.h:3:
/Users/kimhyungjun/Desktop/AI개발/OneEmu/cores/jazz2/src/Sources/Jazz2/Actors/Enemies/../ActorBase.h:378:90: warning: missing field 'UsedWeaponType' initializer [-Wmissing-field-initializers]
  378 |                         Tiles::TileCollisionParams params = { Tiles::TileDestructType::None, _speed.Y >= 0.0f };
      |                                                                                                               ^
1 warning generated.
[225/322] Building CXX object CMakeFiles/jazz2.dir/Sources/Jazz2/Actors/Enemies/SuckerFloat.cpp.o
In file included from /Users/kimhyungjun/Desktop/AI개발/OneEmu/cores/jazz2/src/Sources/Jazz2/Actors/Enemies/SuckerFloat.cpp:1:
In file included from /Users/kimhyungjun/Desktop/AI개발/OneEmu/cores/jazz2/src/Sources/Jazz2/Actors/Enemies/SuckerFloat.h:3:
In file included from /Users/kimhyungjun/Desktop/AI개발/OneEmu/cores/jazz2/src/Sources/Jazz2/Actors/Enemies/EnemyBase.h:3:
/Users/kimhyungjun/Desktop/AI개발/OneEmu/cores/jazz2/src/Sources/Jazz2/Actors/Enemies/../ActorBase.h:378:90: warning: missing field 'UsedWeaponType' initializer [-Wmissing-field-initializers]
  378 |                         Tiles::TileCollisionParams params = { Tiles::TileDestructType::None, _speed.Y >= 0.0f };
      |                                                                                                               ^
1 warning generated.
[226/322] Building CXX object CMakeFiles/jazz2.dir/Sources/Jazz2/Actors/Enemies/Bosses/BossBase.cpp.o
In file included from /Users/kimhyungjun/Desktop/AI개발/OneEmu/cores/jazz2/src/Sources/Jazz2/Actors/Enemies/Bosses/BossBase.cpp:1:
In file included from /Users/kimhyungjun/Desktop/AI개발/OneEmu/cores/jazz2/src/Sources/Jazz2/Actors/Enemies/Bosses/BossBase.h:3:
In file included from /Users/kimhyungjun/Desktop/AI개발/OneEmu/cores/jazz2/src/Sources/Jazz2/Actors/Enemies/Bosses/../EnemyBase.h:3:
/Users/kimhyungjun/Desktop/AI개발/OneEmu/cores/jazz2/src/Sources/Jazz2/Actors/Enemies/Bosses/../../ActorBase.h:378:90: warning: missing field 'UsedWeaponType' initializer [-Wmissing-field-initializers]
  378 |                         Tiles::TileCollisionParams params = { Tiles::TileDestructType::None, _speed.Y >= 0.0f };
      |                                                                                                               ^
1 warning generated.
[227/322] Building CXX object CMakeFiles/jazz2.dir/Sources/Jazz2/Actors/Enemies/Turtle.cpp.o
In file included from /Users/kimhyungjun/Desktop/AI개발/OneEmu/cores/jazz2/src/Sources/Jazz2/Actors/Enemies/Turtle.cpp:1:
In file included from /Users/kimhyungjun/Desktop/AI개발/OneEmu/cores/jazz2/src/Sources/Jazz2/Actors/Enemies/Turtle.h:3:
In file included from /Users/kimhyungjun/Desktop/AI개발/OneEmu/cores/jazz2/src/Sources/Jazz2/Actors/Enemies/EnemyBase.h:3:
/Users/kimhyungjun/Desktop/AI개발/OneEmu/cores/jazz2/src/Sources/Jazz2/Actors/Enemies/../ActorBase.h:378:90: warning: missing field 'UsedWeaponType' initializer [-Wmissing-field-initializers]
  378 |                         Tiles::TileCollisionParams params = { Tiles::TileDestructType::None, _speed.Y >= 0.0f };
      |                                                                                                               ^
/Users/kimhyungjun/Desktop/AI개발/OneEmu/cores/jazz2/src/Sources/Jazz2/Actors/Enemies/Turtle.cpp:119:65: warning: missing field 'UsedWeaponType' initializer [-Wmissing-field-initializers]
  119 |                         TileCollisionParams params = { TileDestructType::None, false };
      |                                                                                      ^
2 warnings generated.
[228/322] Building CXX object CMakeFiles/jazz2.dir/Sources/Jazz2/Actors/Enemies/TurtleTough.cpp.o
In file included from /Users/kimhyungjun/Desktop/AI개발/OneEmu/cores/jazz2/src/Sources/Jazz2/Actors/Enemies/TurtleTough.cpp:1:
In file included from /Users/kimhyungjun/Desktop/AI개발/OneEmu/cores/jazz2/src/Sources/Jazz2/Actors/Enemies/TurtleTough.h:3:
In file included from /Users/kimhyungjun/Desktop/AI개발/OneEmu/cores/jazz2/src/Sources/Jazz2/Actors/Enemies/EnemyBase.h:3:
/Users/kimhyungjun/Desktop/AI개발/OneEmu/cores/jazz2/src/Sources/Jazz2/Actors/Enemies/../ActorBase.h:378:90: warning: missing field 'UsedWeaponType' initializer [-Wmissing-field-initializers]
  378 |                         Tiles::TileCollisionParams params = { Tiles::TileDestructType::None, _speed.Y >= 0.0f };
      |                                                                                                               ^
1 warning generated.
[229/322] Building CXX object CMakeFiles/jazz2.dir/Sources/Jazz2/Actors/Enemies/Bosses/Bilsy.cpp.o
In file included from /Users/kimhyungjun/Desktop/AI개발/OneEmu/cores/jazz2/src/Sources/Jazz2/Actors/Enemies/Bosses/Bilsy.cpp:1:
In file included from /Users/kimhyungjun/Desktop/AI개발/OneEmu/cores/jazz2/src/Sources/Jazz2/Actors/Enemies/Bosses/Bilsy.h:3:
In file included from /Users/kimhyungjun/Desktop/AI개발/OneEmu/cores/jazz2/src/Sources/Jazz2/Actors/Enemies/Bosses/BossBase.h:3:
In file included from /Users/kimhyungjun/Desktop/AI개발/OneEmu/cores/jazz2/src/Sources/Jazz2/Actors/Enemies/Bosses/../EnemyBase.h:3:
/Users/kimhyungjun/Desktop/AI개발/OneEmu/cores/jazz2/src/Sources/Jazz2/Actors/Enemies/Bosses/../../ActorBase.h:378:90: warning: missing field 'UsedWeaponType' initializer [-Wmissing-field-initializers]
  378 |                         Tiles::TileCollisionParams params = { Tiles::TileDestructType::None, _speed.Y >= 0.0f };
      |                                                                                                               ^
1 warning generated.
[230/322] Building CXX object CMakeFiles/jazz2.dir/Sources/Jazz2/Actors/Enemies/Bosses/Bubba.cpp.o
In file included from /Users/kimhyungjun/Desktop/AI개발/OneEmu/cores/jazz2/src/Sources/Jazz2/Actors/Enemies/Bosses/Bubba.cpp:1:
In file included from /Users/kimhyungjun/Desktop/AI개발/OneEmu/cores/jazz2/src/Sources/Jazz2/Actors/Enemies/Bosses/Bubba.h:3:
In file included from /Users/kimhyungjun/Desktop/AI개발/OneEmu/cores/jazz2/src/Sources/Jazz2/Actors/Enemies/Bosses/BossBase.h:3:
In file included from /Users/kimhyungjun/Desktop/AI개발/OneEmu/cores/jazz2/src/Sources/Jazz2/Actors/Enemies/Bosses/../EnemyBase.h:3:
/Users/kimhyungjun/Desktop/AI개발/OneEmu/cores/jazz2/src/Sources/Jazz2/Actors/Enemies/Bosses/../../ActorBase.h:378:90: warning: missing field 'UsedWeaponType' initializer [-Wmissing-field-initializers]
  378 |                         Tiles::TileCollisionParams params = { Tiles::TileDestructType::None, _speed.Y >= 0.0f };
      |                                                                                                               ^
1 warning generated.
[231/322] Building CXX object CMakeFiles/jazz2.dir/Sources/Jazz2/Actors/Enemies/Witch.cpp.o
In file included from /Users/kimhyungjun/Desktop/AI개발/OneEmu/cores/jazz2/src/Sources/Jazz2/Actors/Enemies/Witch.cpp:1:
In file included from /Users/kimhyungjun/Desktop/AI개발/OneEmu/cores/jazz2/src/Sources/Jazz2/Actors/Enemies/Witch.h:3:
In file included from /Users/kimhyungjun/Desktop/AI개발/OneEmu/cores/jazz2/src/Sources/Jazz2/Actors/Enemies/EnemyBase.h:3:
/Users/kimhyungjun/Desktop/AI개발/OneEmu/cores/jazz2/src/Sources/Jazz2/Actors/Enemies/../ActorBase.h:378:90: warning: missing field 'UsedWeaponType' initializer [-Wmissing-field-initializers]
  378 |                         Tiles::TileCollisionParams params = { Tiles::TileDestructType::None, _speed.Y >= 0.0f };
      |                                                                                                               ^
1 warning generated.
[232/322] Building CXX object CMakeFiles/jazz2.dir/Sources/Jazz2/Actors/Enemies/Bosses/Bolly.cpp.o
In file included from /Users/kimhyungjun/Desktop/AI개발/OneEmu/cores/jazz2/src/Sources/Jazz2/Actors/Enemies/Bosses/Bolly.cpp:1:
In file included from /Users/kimhyungjun/Desktop/AI개발/OneEmu/cores/jazz2/src/Sources/Jazz2/Actors/Enemies/Bosses/Bolly.h:3:
In file included from /Users/kimhyungjun/Desktop/AI개발/OneEmu/cores/jazz2/src/Sources/Jazz2/Actors/Enemies/Bosses/BossBase.h:3:
In file included from /Users/kimhyungjun/Desktop/AI개발/OneEmu/cores/jazz2/src/Sources/Jazz2/Actors/Enemies/Bosses/../EnemyBase.h:3:
/Users/kimhyungjun/Desktop/AI개발/OneEmu/cores/jazz2/src/Sources/Jazz2/Actors/Enemies/Bosses/../../ActorBase.h:378:90: warning: missing field 'UsedWeaponType' initializer [-Wmissing-field-initializers]
  378 |                         Tiles::TileCollisionParams params = { Tiles::TileDestructType::None, _speed.Y >= 0.0f };
      |                                                                                                               ^
1 warning generated.
[233/322] Building CXX object CMakeFiles/jazz2.dir/Sources/Jazz2/Actors/Enemies/Bosses/DevanRemote.cpp.o
In file included from /Users/kimhyungjun/Desktop/AI개발/OneEmu/cores/jazz2/src/Sources/Jazz2/Actors/Enemies/Bosses/DevanRemote.cpp:1:
In file included from /Users/kimhyungjun/Desktop/AI개발/OneEmu/cores/jazz2/src/Sources/Jazz2/Actors/Enemies/Bosses/DevanRemote.h:3:
In file included from /Users/kimhyungjun/Desktop/AI개발/OneEmu/cores/jazz2/src/Sources/Jazz2/Actors/Enemies/Bosses/BossBase.h:3:
In file included from /Users/kimhyungjun/Desktop/AI개발/OneEmu/cores/jazz2/src/Sources/Jazz2/Actors/Enemies/Bosses/../EnemyBase.h:3:
/Users/kimhyungjun/Desktop/AI개발/OneEmu/cores/jazz2/src/Sources/Jazz2/Actors/Enemies/Bosses/../../ActorBase.h:378:90: warning: missing field 'UsedWeaponType' initializer [-Wmissing-field-initializers]
  378 |                         Tiles::TileCollisionParams params = { Tiles::TileDestructType::None, _speed.Y >= 0.0f };
      |                                                                                                               ^
1 warning generated.
[234/322] Building CXX object CMakeFiles/jazz2.dir/Sources/Jazz2/Actors/Enemies/Bosses/Devan.cpp.o
In file included from /Users/kimhyungjun/Desktop/AI개발/OneEmu/cores/jazz2/src/Sources/Jazz2/Actors/Enemies/Bosses/Devan.cpp:1:
In file included from /Users/kimhyungjun/Desktop/AI개발/OneEmu/cores/jazz2/src/Sources/Jazz2/Actors/Enemies/Bosses/Devan.h:3:
In file included from /Users/kimhyungjun/Desktop/AI개발/OneEmu/cores/jazz2/src/Sources/Jazz2/Actors/Enemies/Bosses/BossBase.h:3:
In file included from /Users/kimhyungjun/Desktop/AI개발/OneEmu/cores/jazz2/src/Sources/Jazz2/Actors/Enemies/Bosses/../EnemyBase.h:3:
/Users/kimhyungjun/Desktop/AI개발/OneEmu/cores/jazz2/src/Sources/Jazz2/Actors/Enemies/Bosses/../../ActorBase.h:378:90: warning: missing field 'UsedWeaponType' initializer [-Wmissing-field-initializers]
  378 |                         Tiles::TileCollisionParams params = { Tiles::TileDestructType::None, _speed.Y >= 0.0f };
      |                                                                                                               ^
/Users/kimhyungjun/Desktop/AI개발/OneEmu/cores/jazz2/src/Sources/Jazz2/Actors/Enemies/Bosses/Devan.cpp:20:29: warning: unused variable 'JumpStart' [-Wunused-const-variable]
   20 |         static constexpr AnimState JumpStart = (AnimState)17;                   // TODO: Unused
      |                                    ^~~~~~~~~
/Users/kimhyungjun/Desktop/AI개발/OneEmu/cores/jazz2/src/Sources/Jazz2/Actors/Enemies/Bosses/Devan.cpp:21:29: warning: unused variable 'JumpInProgress' [-Wunused-const-variable]
   21 |         static constexpr AnimState JumpInProgress = (AnimState)18;              // TODO: Unused
      |                                    ^~~~~~~~~~~~~~
/Users/kimhyungjun/Desktop/AI개발/OneEmu/cores/jazz2/src/Sources/Jazz2/Actors/Enemies/Bosses/Devan.cpp:22:29: warning: unused variable 'JumpEnd' [-Wunused-const-variable]
   22 |         static constexpr AnimState JumpEnd = (AnimState)19;                             // TODO: Unused
      |                                    ^~~~~~~
/Users/kimhyungjun/Desktop/AI개발/OneEmu/cores/jazz2/src/Sources/Jazz2/Actors/Enemies/Bosses/Devan.cpp:23:29: warning: unused variable 'JumpEnd2' [-Wunused-const-variable]
   23 |         static constexpr AnimState JumpEnd2 = (AnimState)20;                    // TODO: Unused
      |                                    ^~~~~~~~
5 warnings generated.
[235/322] Building CXX object CMakeFiles/jazz2.dir/Sources/Jazz2/Actors/Environment/AmbientBubbles.cpp.o
In file included from /Users/kimhyungjun/Desktop/AI개발/OneEmu/cores/jazz2/src/Sources/Jazz2/Actors/Environment/AmbientBubbles.cpp:1:
In file included from /Users/kimhyungjun/Desktop/AI개발/OneEmu/cores/jazz2/src/Sources/Jazz2/Actors/Environment/AmbientBubbles.h:3:
/Users/kimhyungjun/Desktop/AI개발/OneEmu/cores/jazz2/src/Sources/Jazz2/Actors/Environment/../ActorBase.h:378:90: warning: missing field 'UsedWeaponType' initializer [-Wmissing-field-initializers]
  378 |                         Tiles::TileCollisionParams params = { Tiles::TileDestructType::None, _speed.Y >= 0.0f };
      |                                                                                                               ^
1 warning generated.
[236/322] Building CXX object CMakeFiles/jazz2.dir/Sources/Jazz2/Actors/Enemies/Bosses/Queen.cpp.o
In file included from /Users/kimhyungjun/Desktop/AI개발/OneEmu/cores/jazz2/src/Sources/Jazz2/Actors/Enemies/Bosses/Queen.cpp:1:
In file included from /Users/kimhyungjun/Desktop/AI개발/OneEmu/cores/jazz2/src/Sources/Jazz2/Actors/Enemies/Bosses/Queen.h:3:
In file included from /Users/kimhyungjun/Desktop/AI개발/OneEmu/cores/jazz2/src/Sources/Jazz2/Actors/Enemies/Bosses/BossBase.h:3:
In file included from /Users/kimhyungjun/Desktop/AI개발/OneEmu/cores/jazz2/src/Sources/Jazz2/Actors/Enemies/Bosses/../EnemyBase.h:3:
/Users/kimhyungjun/Desktop/AI개발/OneEmu/cores/jazz2/src/Sources/Jazz2/Actors/Enemies/Bosses/../../ActorBase.h:378:90: warning: missing field 'UsedWeaponType' initializer [-Wmissing-field-initializers]
  378 |                         Tiles::TileCollisionParams params = { Tiles::TileDestructType::None, _speed.Y >= 0.0f };
      |                                                                                                               ^
/Users/kimhyungjun/Desktop/AI개발/OneEmu/cores/jazz2/src/Sources/Jazz2/Actors/Enemies/Bosses/Queen.cpp:76:127: warning: missing field 'Speed' initializer [-Wmissing-field-initializers]
   76 |                 TileCollisionParams params = { TileDestructType::Weapon | TileDestructType::Speed, _speed.Y >= 0.0f, WeaponType::Blaster, 1 };
      |                                                                                                                                             ^
/Users/kimhyungjun/Desktop/AI개발/OneEmu/cores/jazz2/src/Sources/Jazz2/Actors/Enemies/Bosses/Queen.cpp:177:68: warning: missing field 'UsedWeaponType' initializer [-Wmissing-field-initializers]
  177 |                                                         TileCollisionParams params = { TileDestructType::None, true };
      |                                                                                                                     ^
3 warnings generated.
[237/322] Building CXX object CMakeFiles/jazz2.dir/Sources/Jazz2/Actors/Enemies/Bosses/Robot.cpp.o
In file included from /Users/kimhyungjun/Desktop/AI개발/OneEmu/cores/jazz2/src/Sources/Jazz2/Actors/Enemies/Bosses/Robot.cpp:1:
In file included from /Users/kimhyungjun/Desktop/AI개발/OneEmu/cores/jazz2/src/Sources/Jazz2/Actors/Enemies/Bosses/Robot.h:3:
In file included from /Users/kimhyungjun/Desktop/AI개발/OneEmu/cores/jazz2/src/Sources/Jazz2/Actors/Enemies/Bosses/../EnemyBase.h:3:
/Users/kimhyungjun/Desktop/AI개발/OneEmu/cores/jazz2/src/Sources/Jazz2/Actors/Enemies/Bosses/../../ActorBase.h:378:90: warning: missing field 'UsedWeaponType' initializer [-Wmissing-field-initializers]
  378 |                         Tiles::TileCollisionParams params = { Tiles::TileDestructType::None, _speed.Y >= 0.0f };
      |                                                                                                               ^
1 warning generated.
[238/322] Building CXX object CMakeFiles/jazz2.dir/Sources/Jazz2/Actors/Environment/AirboardGenerator.cpp.o
In file included from /Users/kimhyungjun/Desktop/AI개발/OneEmu/cores/jazz2/src/Sources/Jazz2/Actors/Environment/AirboardGenerator.cpp:1:
In file included from /Users/kimhyungjun/Desktop/AI개발/OneEmu/cores/jazz2/src/Sources/Jazz2/Actors/Environment/AirboardGenerator.h:3:
/Users/kimhyungjun/Desktop/AI개발/OneEmu/cores/jazz2/src/Sources/Jazz2/Actors/Environment/../ActorBase.h:378:90: warning: missing field 'UsedWeaponType' initializer [-Wmissing-field-initializers]
  378 |                         Tiles::TileCollisionParams params = { Tiles::TileDestructType::None, _speed.Y >= 0.0f };
      |                                                                                                               ^
1 warning generated.
[239/322] Building CXX object CMakeFiles/jazz2.dir/Sources/Jazz2/Actors/Enemies/Bosses/Uterus.cpp.o
In file included from /Users/kimhyungjun/Desktop/AI개발/OneEmu/cores/jazz2/src/Sources/Jazz2/Actors/Enemies/Bosses/Uterus.cpp:1:
In file included from /Users/kimhyungjun/Desktop/AI개발/OneEmu/cores/jazz2/src/Sources/Jazz2/Actors/Enemies/Bosses/Uterus.h:3:
In file included from /Users/kimhyungjun/Desktop/AI개발/OneEmu/cores/jazz2/src/Sources/Jazz2/Actors/Enemies/Bosses/BossBase.h:3:
In file included from /Users/kimhyungjun/Desktop/AI개발/OneEmu/cores/jazz2/src/Sources/Jazz2/Actors/Enemies/Bosses/../EnemyBase.h:3:
/Users/kimhyungjun/Desktop/AI개발/OneEmu/cores/jazz2/src/Sources/Jazz2/Actors/Enemies/Bosses/../../ActorBase.h:378:90: warning: missing field 'UsedWeaponType' initializer [-Wmissing-field-initializers]
  378 |                         Tiles::TileCollisionParams params = { Tiles::TileDestructType::None, _speed.Y >= 0.0f };
      |                                                                                                               ^
1 warning generated.
[240/322] Building CXX object CMakeFiles/jazz2.dir/Sources/Jazz2/Actors/Enemies/Bosses/TurtleBoss.cpp.o
In file included from /Users/kimhyungjun/Desktop/AI개발/OneEmu/cores/jazz2/src/Sources/Jazz2/Actors/Enemies/Bosses/TurtleBoss.cpp:1:
In file included from /Users/kimhyungjun/Desktop/AI개발/OneEmu/cores/jazz2/src/Sources/Jazz2/Actors/Enemies/Bosses/TurtleBoss.h:3:
In file included from /Users/kimhyungjun/Desktop/AI개발/OneEmu/cores/jazz2/src/Sources/Jazz2/Actors/Enemies/Bosses/BossBase.h:3:
In file included from /Users/kimhyungjun/Desktop/AI개발/OneEmu/cores/jazz2/src/Sources/Jazz2/Actors/Enemies/Bosses/../EnemyBase.h:3:
/Users/kimhyungjun/Desktop/AI개발/OneEmu/cores/jazz2/src/Sources/Jazz2/Actors/Enemies/Bosses/../../ActorBase.h:378:90: warning: missing field 'UsedWeaponType' initializer [-Wmissing-field-initializers]
  378 |                         Tiles::TileCollisionParams params = { Tiles::TileDestructType::None, _speed.Y >= 0.0f };
      |                                                                                                               ^
1 warning generated.
[241/322] Building CXX object CMakeFiles/jazz2.dir/Sources/Jazz2/Actors/Environment/AmbientSound.cpp.o
In file included from /Users/kimhyungjun/Desktop/AI개발/OneEmu/cores/jazz2/src/Sources/Jazz2/Actors/Environment/AmbientSound.cpp:1:
In file included from /Users/kimhyungjun/Desktop/AI개발/OneEmu/cores/jazz2/src/Sources/Jazz2/Actors/Environment/AmbientSound.h:3:
/Users/kimhyungjun/Desktop/AI개발/OneEmu/cores/jazz2/src/Sources/Jazz2/Actors/Environment/../ActorBase.h:378:90: warning: missing field 'UsedWeaponType' initializer [-Wmissing-field-initializers]
  378 |                         Tiles::TileCollisionParams params = { Tiles::TileDestructType::None, _speed.Y >= 0.0f };
      |                                                                                                               ^
1 warning generated.
[242/322] Building CXX object CMakeFiles/jazz2.dir/Sources/Jazz2/Actors/Environment/Bird.cpp.o
In file included from /Users/kimhyungjun/Desktop/AI개발/OneEmu/cores/jazz2/src/Sources/Jazz2/Actors/Environment/Bird.cpp:1:
In file included from /Users/kimhyungjun/Desktop/AI개발/OneEmu/cores/jazz2/src/Sources/Jazz2/Actors/Environment/Bird.h:3:
/Users/kimhyungjun/Desktop/AI개발/OneEmu/cores/jazz2/src/Sources/Jazz2/Actors/Environment/../ActorBase.h:378:90: warning: missing field 'UsedWeaponType' initializer [-Wmissing-field-initializers]
  378 |                         Tiles::TileCollisionParams params = { Tiles::TileDestructType::None, _speed.Y >= 0.0f };
      |                                                                                                               ^
/Users/kimhyungjun/Desktop/AI개발/OneEmu/cores/jazz2/src/Sources/Jazz2/Actors/Environment/Bird.cpp:162:67: warning: missing field 'UsedWeaponType' initializer [-Wmissing-field-initializers]
  162 |                                                 TileCollisionParams params = { TileDestructType::None, true };
      |                                                                                                             ^
2 warnings generated.
[243/322] Building CXX object CMakeFiles/jazz2.dir/Sources/Jazz2/Actors/Environment/EndOfLevel.cpp.o
In file included from /Users/kimhyungjun/Desktop/AI개발/OneEmu/cores/jazz2/src/Sources/Jazz2/Actors/Environment/EndOfLevel.cpp:1:
In file included from /Users/kimhyungjun/Desktop/AI개발/OneEmu/cores/jazz2/src/Sources/Jazz2/Actors/Environment/EndOfLevel.h:3:
/Users/kimhyungjun/Desktop/AI개발/OneEmu/cores/jazz2/src/Sources/Jazz2/Actors/Environment/../ActorBase.h:378:90: warning: missing field 'UsedWeaponType' initializer [-Wmissing-field-initializers]
  378 |                         Tiles::TileCollisionParams params = { Tiles::TileDestructType::None, _speed.Y >= 0.0f };
      |                                                                                                               ^
1 warning generated.
[244/322] Building CXX object CMakeFiles/jazz2.dir/Sources/Jazz2/Actors/Environment/BirdCage.cpp.o
In file included from /Users/kimhyungjun/Desktop/AI개발/OneEmu/cores/jazz2/src/Sources/Jazz2/Actors/Environment/BirdCage.cpp:1:
In file included from /Users/kimhyungjun/Desktop/AI개발/OneEmu/cores/jazz2/src/Sources/Jazz2/Actors/Environment/BirdCage.h:3:
In file included from /Users/kimhyungjun/Desktop/AI개발/OneEmu/cores/jazz2/src/Sources/Jazz2/Actors/Environment/../SolidObjectBase.h:3:
/Users/kimhyungjun/Desktop/AI개발/OneEmu/cores/jazz2/src/Sources/Jazz2/Actors/Environment/../ActorBase.h:378:90: warning: missing field 'UsedWeaponType' initializer [-Wmissing-field-initializers]
  378 |                         Tiles::TileCollisionParams params = { Tiles::TileDestructType::None, _speed.Y >= 0.0f };
      |                                                                                                               ^
1 warning generated.
[245/322] Building CXX object CMakeFiles/jazz2.dir/Sources/Jazz2/Actors/Environment/Bomb.cpp.o
In file included from /Users/kimhyungjun/Desktop/AI개발/OneEmu/cores/jazz2/src/Sources/Jazz2/Actors/Environment/Bomb.cpp:1:
In file included from /Users/kimhyungjun/Desktop/AI개발/OneEmu/cores/jazz2/src/Sources/Jazz2/Actors/Environment/Bomb.h:3:
/Users/kimhyungjun/Desktop/AI개발/OneEmu/cores/jazz2/src/Sources/Jazz2/Actors/Environment/../ActorBase.h:378:90: warning: missing field 'UsedWeaponType' initializer [-Wmissing-field-initializers]
  378 |                         Tiles::TileCollisionParams params = { Tiles::TileDestructType::None, _speed.Y >= 0.0f };
      |                                                                                                               ^
1 warning generated.
[246/322] Building CXX object CMakeFiles/jazz2.dir/Sources/Jazz2/Actors/Environment/IceBlock.cpp.o
In file included from /Users/kimhyungjun/Desktop/AI개발/OneEmu/cores/jazz2/src/Sources/Jazz2/Actors/Environment/IceBlock.cpp:1:
In file included from /Users/kimhyungjun/Desktop/AI개발/OneEmu/cores/jazz2/src/Sources/Jazz2/Actors/Environment/IceBlock.h:3:
/Users/kimhyungjun/Desktop/AI개발/OneEmu/cores/jazz2/src/Sources/Jazz2/Actors/Environment/../ActorBase.h:378:90: warning: missing field 'UsedWeaponType' initializer [-Wmissing-field-initializers]
  378 |                         Tiles::TileCollisionParams params = { Tiles::TileDestructType::None, _speed.Y >= 0.0f };
      |                                                                                                               ^
1 warning generated.
[247/322] Building CXX object CMakeFiles/jazz2.dir/Sources/Jazz2/Actors/Environment/BonusWarp.cpp.o
In file included from /Users/kimhyungjun/Desktop/AI개발/OneEmu/cores/jazz2/src/Sources/Jazz2/Actors/Environment/BonusWarp.cpp:1:
In file included from /Users/kimhyungjun/Desktop/AI개발/OneEmu/cores/jazz2/src/Sources/Jazz2/Actors/Environment/BonusWarp.h:3:
/Users/kimhyungjun/Desktop/AI개발/OneEmu/cores/jazz2/src/Sources/Jazz2/Actors/Environment/../ActorBase.h:378:90: warning: missing field 'UsedWeaponType' initializer [-Wmissing-field-initializers]
  378 |                         Tiles::TileCollisionParams params = { Tiles::TileDestructType::None, _speed.Y >= 0.0f };
      |                                                                                                               ^
1 warning generated.
[248/322] Building CXX object CMakeFiles/jazz2.dir/Sources/Jazz2/Actors/Environment/SteamNote.cpp.o
In file included from /Users/kimhyungjun/Desktop/AI개발/OneEmu/cores/jazz2/src/Sources/Jazz2/Actors/Environment/SteamNote.cpp:1:
In file included from /Users/kimhyungjun/Desktop/AI개발/OneEmu/cores/jazz2/src/Sources/Jazz2/Actors/Environment/SteamNote.h:3:
/Users/kimhyungjun/Desktop/AI개발/OneEmu/cores/jazz2/src/Sources/Jazz2/Actors/Environment/../ActorBase.h:378:90: warning: missing field 'UsedWeaponType' initializer [-Wmissing-field-initializers]
  378 |                         Tiles::TileCollisionParams params = { Tiles::TileDestructType::None, _speed.Y >= 0.0f };
      |                                                                                                               ^
1 warning generated.
[249/322] Building CXX object CMakeFiles/jazz2.dir/Sources/Jazz2/Actors/Environment/Checkpoint.cpp.o
In file included from /Users/kimhyungjun/Desktop/AI개발/OneEmu/cores/jazz2/src/Sources/Jazz2/Actors/Environment/Checkpoint.cpp:1:
In file included from /Users/kimhyungjun/Desktop/AI개발/OneEmu/cores/jazz2/src/Sources/Jazz2/Actors/Environment/Checkpoint.h:3:
/Users/kimhyungjun/Desktop/AI개발/OneEmu/cores/jazz2/src/Sources/Jazz2/Actors/Environment/../ActorBase.h:378:90: warning: missing field 'UsedWeaponType' initializer [-Wmissing-field-initializers]
  378 |                         Tiles::TileCollisionParams params = { Tiles::TileDestructType::None, _speed.Y >= 0.0f };
      |                                                                                                               ^
1 warning generated.
[250/322] Building CXX object CMakeFiles/jazz2.dir/Sources/Jazz2/Actors/Explosion.cpp.o
In file included from /Users/kimhyungjun/Desktop/AI개발/OneEmu/cores/jazz2/src/Sources/Jazz2/Actors/Explosion.cpp:1:
In file included from /Users/kimhyungjun/Desktop/AI개발/OneEmu/cores/jazz2/src/Sources/Jazz2/Actors/Explosion.h:3:
/Users/kimhyungjun/Desktop/AI개발/OneEmu/cores/jazz2/src/Sources/Jazz2/Actors/ActorBase.h:378:90: warning: missing field 'UsedWeaponType' initializer [-Wmissing-field-initializers]
  378 |                         Tiles::TileCollisionParams params = { Tiles::TileDestructType::None, _speed.Y >= 0.0f };
      |                                                                                                               ^
1 warning generated.
[251/322] Building CXX object CMakeFiles/jazz2.dir/Sources/Jazz2/Actors/Environment/Copter.cpp.o
In file included from /Users/kimhyungjun/Desktop/AI개발/OneEmu/cores/jazz2/src/Sources/Jazz2/Actors/Environment/Copter.cpp:1:
In file included from /Users/kimhyungjun/Desktop/AI개발/OneEmu/cores/jazz2/src/Sources/Jazz2/Actors/Environment/Copter.h:3:
/Users/kimhyungjun/Desktop/AI개발/OneEmu/cores/jazz2/src/Sources/Jazz2/Actors/Environment/../ActorBase.h:378:90: warning: missing field 'UsedWeaponType' initializer [-Wmissing-field-initializers]
  378 |                         Tiles::TileCollisionParams params = { Tiles::TileDestructType::None, _speed.Y >= 0.0f };
      |                                                                                                               ^
1 warning generated.
[252/322] Building CXX object CMakeFiles/jazz2.dir/Sources/Jazz2/Actors/Environment/Eva.cpp.o
In file included from /Users/kimhyungjun/Desktop/AI개발/OneEmu/cores/jazz2/src/Sources/Jazz2/Actors/Environment/Eva.cpp:1:
In file included from /Users/kimhyungjun/Desktop/AI개발/OneEmu/cores/jazz2/src/Sources/Jazz2/Actors/Environment/Eva.h:3:
/Users/kimhyungjun/Desktop/AI개발/OneEmu/cores/jazz2/src/Sources/Jazz2/Actors/Environment/../ActorBase.h:378:90: warning: missing field 'UsedWeaponType' initializer [-Wmissing-field-initializers]
  378 |                         Tiles::TileCollisionParams params = { Tiles::TileDestructType::None, _speed.Y >= 0.0f };
      |                                                                                                               ^
1 warning generated.
[253/322] Building CXX object CMakeFiles/jazz2.dir/Sources/Jazz2/Actors/Lighting/FlickerLight.cpp.o
In file included from /Users/kimhyungjun/Desktop/AI개발/OneEmu/cores/jazz2/src/Sources/Jazz2/Actors/Lighting/FlickerLight.cpp:1:
In file included from /Users/kimhyungjun/Desktop/AI개발/OneEmu/cores/jazz2/src/Sources/Jazz2/Actors/Lighting/FlickerLight.h:3:
/Users/kimhyungjun/Desktop/AI개발/OneEmu/cores/jazz2/src/Sources/Jazz2/Actors/Lighting/../ActorBase.h:378:90: warning: missing field 'UsedWeaponType' initializer [-Wmissing-field-initializers]
  378 |                         Tiles::TileCollisionParams params = { Tiles::TileDestructType::None, _speed.Y >= 0.0f };
      |                                                                                                               ^
1 warning generated.
[254/322] Building CXX object CMakeFiles/jazz2.dir/Sources/Jazz2/Actors/Environment/Moth.cpp.o
In file included from /Users/kimhyungjun/Desktop/AI개발/OneEmu/cores/jazz2/src/Sources/Jazz2/Actors/Environment/Moth.cpp:1:
In file included from /Users/kimhyungjun/Desktop/AI개발/OneEmu/cores/jazz2/src/Sources/Jazz2/Actors/Environment/Moth.h:3:
/Users/kimhyungjun/Desktop/AI개발/OneEmu/cores/jazz2/src/Sources/Jazz2/Actors/Environment/../ActorBase.h:378:90: warning: missing field 'UsedWeaponType' initializer [-Wmissing-field-initializers]
  378 |                         Tiles::TileCollisionParams params = { Tiles::TileDestructType::None, _speed.Y >= 0.0f };
      |                                                                                                               ^
1 warning generated.
[255/322] Building CXX object CMakeFiles/jazz2.dir/Sources/Jazz2/Actors/Environment/RollingRock.cpp.o
In file included from /Users/kimhyungjun/Desktop/AI개발/OneEmu/cores/jazz2/src/Sources/Jazz2/Actors/Environment/RollingRock.cpp:1:
In file included from /Users/kimhyungjun/Desktop/AI개발/OneEmu/cores/jazz2/src/Sources/Jazz2/Actors/Environment/RollingRock.h:3:
In file included from /Users/kimhyungjun/Desktop/AI개발/OneEmu/cores/jazz2/src/Sources/Jazz2/Actors/Environment/../Enemies/EnemyBase.h:3:
/Users/kimhyungjun/Desktop/AI개발/OneEmu/cores/jazz2/src/Sources/Jazz2/Actors/Environment/../Enemies/../ActorBase.h:378:90: warning: missing field 'UsedWeaponType' initializer [-Wmissing-field-initializers]
  378 |                         Tiles::TileCollisionParams params = { Tiles::TileDestructType::None, _speed.Y >= 0.0f };
      |                                                                                                               ^
/Users/kimhyungjun/Desktop/AI개발/OneEmu/cores/jazz2/src/Sources/Jazz2/Actors/Environment/RollingRock.cpp:215:75: warning: missing field 'UsedWeaponType' initializer [-Wmissing-field-initializers]
  215 |                 TileCollisionParams params = { TileDestructType::None, _speed.Y >= 0.0f };
      |                                                                                         ^
2 warnings generated.
[256/322] Building CXX object CMakeFiles/jazz2.dir/Sources/Jazz2/Actors/Lighting/PulsatingRadialLight.cpp.o
In file included from /Users/kimhyungjun/Desktop/AI개발/OneEmu/cores/jazz2/src/Sources/Jazz2/Actors/Lighting/PulsatingRadialLight.cpp:1:
In file included from /Users/kimhyungjun/Desktop/AI개발/OneEmu/cores/jazz2/src/Sources/Jazz2/Actors/Lighting/PulsatingRadialLight.h:3:
/Users/kimhyungjun/Desktop/AI개발/OneEmu/cores/jazz2/src/Sources/Jazz2/Actors/Lighting/../ActorBase.h:378:90: warning: missing field 'UsedWeaponType' initializer [-Wmissing-field-initializers]
  378 |                         Tiles::TileCollisionParams params = { Tiles::TileDestructType::None, _speed.Y >= 0.0f };
      |                                                                                                               ^
1 warning generated.
[257/322] Building CXX object CMakeFiles/jazz2.dir/Sources/Jazz2/Actors/Lighting/StaticRadialLight.cpp.o
In file included from /Users/kimhyungjun/Desktop/AI개발/OneEmu/cores/jazz2/src/Sources/Jazz2/Actors/Lighting/StaticRadialLight.cpp:1:
In file included from /Users/kimhyungjun/Desktop/AI개발/OneEmu/cores/jazz2/src/Sources/Jazz2/Actors/Lighting/StaticRadialLight.h:3:
/Users/kimhyungjun/Desktop/AI개발/OneEmu/cores/jazz2/src/Sources/Jazz2/Actors/Lighting/../ActorBase.h:378:90: warning: missing field 'UsedWeaponType' initializer [-Wmissing-field-initializers]
  378 |                         Tiles::TileCollisionParams params = { Tiles::TileDestructType::None, _speed.Y >= 0.0f };
      |                                                                                                               ^
1 warning generated.
[258/322] Building CXX object CMakeFiles/jazz2.dir/Sources/Jazz2/Actors/Environment/Spring.cpp.o
In file included from /Users/kimhyungjun/Desktop/AI개발/OneEmu/cores/jazz2/src/Sources/Jazz2/Actors/Environment/Spring.cpp:1:
In file included from /Users/kimhyungjun/Desktop/AI개발/OneEmu/cores/jazz2/src/Sources/Jazz2/Actors/Environment/Spring.h:3:
/Users/kimhyungjun/Desktop/AI개발/OneEmu/cores/jazz2/src/Sources/Jazz2/Actors/Environment/../ActorBase.h:378:90: warning: missing field 'UsedWeaponType' initializer [-Wmissing-field-initializers]
  378 |                         Tiles::TileCollisionParams params = { Tiles::TileDestructType::None, _speed.Y >= 0.0f };
      |                                                                                                               ^
/Users/kimhyungjun/Desktop/AI개발/OneEmu/cores/jazz2/src/Sources/Jazz2/Actors/Environment/Spring.cpp:68:64: warning: missing field 'UsedWeaponType' initializer [-Wmissing-field-initializers]
   68 |                         TileCollisionParams params = { TileDestructType::None, true };
      |                                                                                     ^
2 warnings generated.
[259/322] Building CXX object CMakeFiles/jazz2.dir/Sources/Jazz2/Actors/Solid/GenericContainer.cpp.o
In file included from /Users/kimhyungjun/Desktop/AI개발/OneEmu/cores/jazz2/src/Sources/Jazz2/Actors/Solid/GenericContainer.cpp:1:
In file included from /Users/kimhyungjun/Desktop/AI개발/OneEmu/cores/jazz2/src/Sources/Jazz2/Actors/Solid/GenericContainer.h:3:
In file included from /Users/kimhyungjun/Desktop/AI개발/OneEmu/cores/jazz2/src/Sources/Jazz2/Actors/Solid/../SolidObjectBase.h:3:
/Users/kimhyungjun/Desktop/AI개발/OneEmu/cores/jazz2/src/Sources/Jazz2/Actors/Solid/../ActorBase.h:378:90: warning: missing field 'UsedWeaponType' initializer [-Wmissing-field-initializers]
  378 |                         Tiles::TileCollisionParams params = { Tiles::TileDestructType::None, _speed.Y >= 0.0f };
      |                                                                                                               ^
/Users/kimhyungjun/Desktop/AI개발/OneEmu/cores/jazz2/src/Sources/Jazz2/Actors/Solid/GenericContainer.cpp:45:63: warning: missing field 'UsedWeaponType' initializer [-Wmissing-field-initializers]
   45 |                 TileCollisionParams params = { TileDestructType::None, true };
      |                                                                             ^
2 warnings generated.
[260/322] Building CXX object CMakeFiles/jazz2.dir/Sources/Jazz2/Actors/Environment/SwingingVine.cpp.o
In file included from /Users/kimhyungjun/Desktop/AI개발/OneEmu/cores/jazz2/src/Sources/Jazz2/Actors/Environment/SwingingVine.cpp:1:
In file included from /Users/kimhyungjun/Desktop/AI개발/OneEmu/cores/jazz2/src/Sources/Jazz2/Actors/Environment/SwingingVine.h:3:
/Users/kimhyungjun/Desktop/AI개발/OneEmu/cores/jazz2/src/Sources/Jazz2/Actors/Environment/../ActorBase.h:378:90: warning: missing field 'UsedWeaponType' initializer [-Wmissing-field-initializers]
  378 |                         Tiles::TileCollisionParams params = { Tiles::TileDestructType::None, _speed.Y >= 0.0f };
      |                                                                                                               ^
1 warning generated.
[261/322] Building CXX object CMakeFiles/jazz2.dir/Sources/Jazz2/Actors/Solid/AmmoBarrel.cpp.o
In file included from /Users/kimhyungjun/Desktop/AI개발/OneEmu/cores/jazz2/src/Sources/Jazz2/Actors/Solid/AmmoBarrel.cpp:1:
In file included from /Users/kimhyungjun/Desktop/AI개발/OneEmu/cores/jazz2/src/Sources/Jazz2/Actors/Solid/AmmoBarrel.h:3:
In file included from /Users/kimhyungjun/Desktop/AI개발/OneEmu/cores/jazz2/src/Sources/Jazz2/Actors/Solid/GenericContainer.h:3:
In file included from /Users/kimhyungjun/Desktop/AI개발/OneEmu/cores/jazz2/src/Sources/Jazz2/Actors/Solid/../SolidObjectBase.h:3:
/Users/kimhyungjun/Desktop/AI개발/OneEmu/cores/jazz2/src/Sources/Jazz2/Actors/Solid/../ActorBase.h:378:90: warning: missing field 'UsedWeaponType' initializer [-Wmissing-field-initializers]
  378 |                         Tiles::TileCollisionParams params = { Tiles::TileDestructType::None, _speed.Y >= 0.0f };
      |                                                                                                               ^
1 warning generated.
[262/322] Building CXX object CMakeFiles/jazz2.dir/Sources/Jazz2/Actors/Solid/BarrelContainer.cpp.o
In file included from /Users/kimhyungjun/Desktop/AI개발/OneEmu/cores/jazz2/src/Sources/Jazz2/Actors/Solid/BarrelContainer.cpp:1:
In file included from /Users/kimhyungjun/Desktop/AI개발/OneEmu/cores/jazz2/src/Sources/Jazz2/Actors/Solid/BarrelContainer.h:3:
In file included from /Users/kimhyungjun/Desktop/AI개발/OneEmu/cores/jazz2/src/Sources/Jazz2/Actors/Solid/GenericContainer.h:3:
In file included from /Users/kimhyungjun/Desktop/AI개발/OneEmu/cores/jazz2/src/Sources/Jazz2/Actors/Solid/../SolidObjectBase.h:3:
/Users/kimhyungjun/Desktop/AI개발/OneEmu/cores/jazz2/src/Sources/Jazz2/Actors/Solid/../ActorBase.h:378:90: warning: missing field 'UsedWeaponType' initializer [-Wmissing-field-initializers]
  378 |                         Tiles::TileCollisionParams params = { Tiles::TileDestructType::None, _speed.Y >= 0.0f };
      |                                                                                                               ^
1 warning generated.
[263/322] Building CXX object CMakeFiles/jazz2.dir/Sources/Jazz2/Actors/Solid/AmmoCrate.cpp.o
In file included from /Users/kimhyungjun/Desktop/AI개발/OneEmu/cores/jazz2/src/Sources/Jazz2/Actors/Solid/AmmoCrate.cpp:1:
In file included from /Users/kimhyungjun/Desktop/AI개발/OneEmu/cores/jazz2/src/Sources/Jazz2/Actors/Solid/AmmoCrate.h:3:
In file included from /Users/kimhyungjun/Desktop/AI개발/OneEmu/cores/jazz2/src/Sources/Jazz2/Actors/Solid/GenericContainer.h:3:
In file included from /Users/kimhyungjun/Desktop/AI개발/OneEmu/cores/jazz2/src/Sources/Jazz2/Actors/Solid/../SolidObjectBase.h:3:
/Users/kimhyungjun/Desktop/AI개발/OneEmu/cores/jazz2/src/Sources/Jazz2/Actors/Solid/../ActorBase.h:378:90: warning: missing field 'UsedWeaponType' initializer [-Wmissing-field-initializers]
  378 |                         Tiles::TileCollisionParams params = { Tiles::TileDestructType::None, _speed.Y >= 0.0f };
      |                                                                                                               ^
1 warning generated.
[264/322] Building CXX object CMakeFiles/jazz2.dir/Sources/Jazz2/Actors/Solid/CrateContainer.cpp.o
In file included from /Users/kimhyungjun/Desktop/AI개발/OneEmu/cores/jazz2/src/Sources/Jazz2/Actors/Solid/CrateContainer.cpp:1:
In file included from /Users/kimhyungjun/Desktop/AI개발/OneEmu/cores/jazz2/src/Sources/Jazz2/Actors/Solid/CrateContainer.h:3:
In file included from /Users/kimhyungjun/Desktop/AI개발/OneEmu/cores/jazz2/src/Sources/Jazz2/Actors/Solid/GenericContainer.h:3:
In file included from /Users/kimhyungjun/Desktop/AI개발/OneEmu/cores/jazz2/src/Sources/Jazz2/Actors/Solid/../SolidObjectBase.h:3:
/Users/kimhyungjun/Desktop/AI개발/OneEmu/cores/jazz2/src/Sources/Jazz2/Actors/Solid/../ActorBase.h:378:90: warning: missing field 'UsedWeaponType' initializer [-Wmissing-field-initializers]
  378 |                         Tiles::TileCollisionParams params = { Tiles::TileDestructType::None, _speed.Y >= 0.0f };
      |                                                                                                               ^
1 warning generated.
[265/322] Building CXX object CMakeFiles/jazz2.dir/Sources/Jazz2/Actors/Solid/GemBarrel.cpp.o
In file included from /Users/kimhyungjun/Desktop/AI개발/OneEmu/cores/jazz2/src/Sources/Jazz2/Actors/Solid/GemBarrel.cpp:1:
In file included from /Users/kimhyungjun/Desktop/AI개발/OneEmu/cores/jazz2/src/Sources/Jazz2/Actors/Solid/GemBarrel.h:3:
In file included from /Users/kimhyungjun/Desktop/AI개발/OneEmu/cores/jazz2/src/Sources/Jazz2/Actors/Solid/GenericContainer.h:3:
In file included from /Users/kimhyungjun/Desktop/AI개발/OneEmu/cores/jazz2/src/Sources/Jazz2/Actors/Solid/../SolidObjectBase.h:3:
/Users/kimhyungjun/Desktop/AI개발/OneEmu/cores/jazz2/src/Sources/Jazz2/Actors/Solid/../ActorBase.h:378:90: warning: missing field 'UsedWeaponType' initializer [-Wmissing-field-initializers]
  378 |                         Tiles::TileCollisionParams params = { Tiles::TileDestructType::None, _speed.Y >= 0.0f };
      |                                                                                                               ^
1 warning generated.
[266/322] Building CXX object CMakeFiles/jazz2.dir/Sources/Jazz2/Actors/Solid/Bridge.cpp.o
In file included from /Users/kimhyungjun/Desktop/AI개발/OneEmu/cores/jazz2/src/Sources/Jazz2/Actors/Solid/Bridge.cpp:1:
In file included from /Users/kimhyungjun/Desktop/AI개발/OneEmu/cores/jazz2/src/Sources/Jazz2/Actors/Solid/Bridge.h:3:
/Users/kimhyungjun/Desktop/AI개발/OneEmu/cores/jazz2/src/Sources/Jazz2/Actors/Solid/../ActorBase.h:378:90: warning: missing field 'UsedWeaponType' initializer [-Wmissing-field-initializers]
  378 |                         Tiles::TileCollisionParams params = { Tiles::TileDestructType::None, _speed.Y >= 0.0f };
      |                                                                                                               ^
/Users/kimhyungjun/Desktop/AI개발/OneEmu/cores/jazz2/src/Sources/Jazz2/Actors/Solid/Bridge.cpp:108:10: warning: comparison of integers of different signs: 'std::int32_t' (aka 'int') and 'std::size_t' (aka 'unsigned long') [-Wsign-compare]
  108 |                         if (n < arraySize(foundPlayers) && diff.X >= -20.0f && diff.X <= _bridgeWidth + 20.0f &&
      |                             ~ ^ ~~~~~~~~~~~~~~~~~~~~~~~
/Users/kimhyungjun/Desktop/AI개발/OneEmu/cores/jazz2/src/Sources/Jazz2/Actors/Solid/Bridge.cpp:241:31: warning: comparison of integers of different signs: 'std::int32_t' (aka 'int') and 'std::size_t' (aka 'unsigned long') [-Wsign-compare]
  241 |                         for (std::int32_t i = 0; i < _pieces.size(); i++) {
      |                                                  ~ ^ ~~~~~~~~~~~~~~
3 warnings generated.
[267/322] Building CXX object CMakeFiles/jazz2.dir/Sources/Jazz2/Actors/Solid/Pole.cpp.o
In file included from /Users/kimhyungjun/Desktop/AI개발/OneEmu/cores/jazz2/src/Sources/Jazz2/Actors/Solid/Pole.cpp:1:
In file included from /Users/kimhyungjun/Desktop/AI개발/OneEmu/cores/jazz2/src/Sources/Jazz2/Actors/Solid/Pole.h:3:
/Users/kimhyungjun/Desktop/AI개발/OneEmu/cores/jazz2/src/Sources/Jazz2/Actors/Solid/../ActorBase.h:378:90: warning: missing field 'UsedWeaponType' initializer [-Wmissing-field-initializers]
  378 |                         Tiles::TileCollisionParams params = { Tiles::TileDestructType::None, _speed.Y >= 0.0f };
      |                                                                                                               ^
/Users/kimhyungjun/Desktop/AI개발/OneEmu/cores/jazz2/src/Sources/Jazz2/Actors/Solid/Pole.cpp:180:63: warning: missing field 'UsedWeaponType' initializer [-Wmissing-field-initializers]
  180 |                 TileCollisionParams params = { TileDestructType::None, true };
      |                                                                             ^
2 warnings generated.
[268/322] Building CXX object CMakeFiles/jazz2.dir/Sources/Jazz2/Actors/Solid/GemCrate.cpp.o
In file included from /Users/kimhyungjun/Desktop/AI개발/OneEmu/cores/jazz2/src/Sources/Jazz2/Actors/Solid/GemCrate.cpp:1:
In file included from /Users/kimhyungjun/Desktop/AI개발/OneEmu/cores/jazz2/src/Sources/Jazz2/Actors/Solid/GemCrate.h:3:
In file included from /Users/kimhyungjun/Desktop/AI개발/OneEmu/cores/jazz2/src/Sources/Jazz2/Actors/Solid/GenericContainer.h:3:
In file included from /Users/kimhyungjun/Desktop/AI개발/OneEmu/cores/jazz2/src/Sources/Jazz2/Actors/Solid/../SolidObjectBase.h:3:
/Users/kimhyungjun/Desktop/AI개발/OneEmu/cores/jazz2/src/Sources/Jazz2/Actors/Solid/../ActorBase.h:378:90: warning: missing field 'UsedWeaponType' initializer [-Wmissing-field-initializers]
  378 |                         Tiles::TileCollisionParams params = { Tiles::TileDestructType::None, _speed.Y >= 0.0f };
      |                                                                                                               ^
1 warning generated.
[269/322] Building CXX object CMakeFiles/jazz2.dir/Sources/Jazz2/Actors/Solid/MovingPlatform.cpp.o
In file included from /Users/kimhyungjun/Desktop/AI개발/OneEmu/cores/jazz2/src/Sources/Jazz2/Actors/Solid/MovingPlatform.cpp:1:
In file included from /Users/kimhyungjun/Desktop/AI개발/OneEmu/cores/jazz2/src/Sources/Jazz2/Actors/Solid/MovingPlatform.h:3:
In file included from /Users/kimhyungjun/Desktop/AI개발/OneEmu/cores/jazz2/src/Sources/Jazz2/Actors/Solid/../SolidObjectBase.h:3:
/Users/kimhyungjun/Desktop/AI개발/OneEmu/cores/jazz2/src/Sources/Jazz2/Actors/Solid/../ActorBase.h:378:90: warning: missing field 'UsedWeaponType' initializer [-Wmissing-field-initializers]
  378 |                         Tiles::TileCollisionParams params = { Tiles::TileDestructType::None, _speed.Y >= 0.0f };
      |                                                                                                               ^
/Users/kimhyungjun/Desktop/AI개발/OneEmu/cores/jazz2/src/Sources/Jazz2/Actors/Solid/MovingPlatform.cpp:111:22: warning: comparison of integers of different signs: 'int' and 'std::size_t' (aka 'unsigned long') [-Wsign-compare]
  111 |                         for (int i = 0; i < _pieces.size(); i++) {
      |                                         ~ ^ ~~~~~~~~~~~~~~
/Users/kimhyungjun/Desktop/AI개발/OneEmu/cores/jazz2/src/Sources/Jazz2/Actors/Solid/MovingPlatform.cpp:288:61: warning: comparison of integers of different signs: 'std::int32_t' (aka 'int') and 'std::size_t' (aka 'unsigned long') [-Wsign-compare]
  288 |                 } else if (_pieces.size() > 4 && distance > 0 && distance < _pieces.size()) {
      |                                                                  ~~~~~~~~ ^ ~~~~~~~~~~~~~~
3 warnings generated.
[270/322] Building CXX object CMakeFiles/jazz2.dir/Sources/Jazz2/Actors/Solid/PinballBumper.cpp.o
In file included from /Users/kimhyungjun/Desktop/AI개발/OneEmu/cores/jazz2/src/Sources/Jazz2/Actors/Solid/PinballBumper.cpp:1:
In file included from /Users/kimhyungjun/Desktop/AI개발/OneEmu/cores/jazz2/src/Sources/Jazz2/Actors/Solid/PinballBumper.h:3:
In file included from /Users/kimhyungjun/Desktop/AI개발/OneEmu/cores/jazz2/src/Sources/Jazz2/Actors/Solid/../SolidObjectBase.h:3:
/Users/kimhyungjun/Desktop/AI개발/OneEmu/cores/jazz2/src/Sources/Jazz2/Actors/Solid/../ActorBase.h:378:90: warning: missing field 'UsedWeaponType' initializer [-Wmissing-field-initializers]
  378 |                         Tiles::TileCollisionParams params = { Tiles::TileDestructType::None, _speed.Y >= 0.0f };
      |                                                                                                               ^
1 warning generated.
[271/322] Building CXX object CMakeFiles/jazz2.dir/Sources/Jazz2/Actors/Solid/PinballPaddle.cpp.o
In file included from /Users/kimhyungjun/Desktop/AI개발/OneEmu/cores/jazz2/src/Sources/Jazz2/Actors/Solid/PinballPaddle.cpp:1:
In file included from /Users/kimhyungjun/Desktop/AI개발/OneEmu/cores/jazz2/src/Sources/Jazz2/Actors/Solid/PinballPaddle.h:3:
In file included from /Users/kimhyungjun/Desktop/AI개발/OneEmu/cores/jazz2/src/Sources/Jazz2/Actors/Solid/../SolidObjectBase.h:3:
/Users/kimhyungjun/Desktop/AI개발/OneEmu/cores/jazz2/src/Sources/Jazz2/Actors/Solid/../ActorBase.h:378:90: warning: missing field 'UsedWeaponType' initializer [-Wmissing-field-initializers]
  378 |                         Tiles::TileCollisionParams params = { Tiles::TileDestructType::None, _speed.Y >= 0.0f };
      |                                                                                                               ^
1 warning generated.
[272/322] Building CXX object CMakeFiles/jazz2.dir/Sources/Jazz2/Actors/Solid/PowerUpShieldMonitor.cpp.o
In file included from /Users/kimhyungjun/Desktop/AI개발/OneEmu/cores/jazz2/src/Sources/Jazz2/Actors/Solid/PowerUpShieldMonitor.cpp:1:
In file included from /Users/kimhyungjun/Desktop/AI개발/OneEmu/cores/jazz2/src/Sources/Jazz2/Actors/Solid/PowerUpShieldMonitor.h:3:
In file included from /Users/kimhyungjun/Desktop/AI개발/OneEmu/cores/jazz2/src/Sources/Jazz2/Actors/Solid/../SolidObjectBase.h:3:
/Users/kimhyungjun/Desktop/AI개발/OneEmu/cores/jazz2/src/Sources/Jazz2/Actors/Solid/../ActorBase.h:378:90: warning: missing field 'UsedWeaponType' initializer [-Wmissing-field-initializers]
  378 |                         Tiles::TileCollisionParams params = { Tiles::TileDestructType::None, _speed.Y >= 0.0f };
      |                                                                                                               ^
1 warning generated.
[273/322] Building CXX object CMakeFiles/jazz2.dir/Sources/Jazz2/Actors/Solid/PowerUpMorphMonitor.cpp.o
In file included from /Users/kimhyungjun/Desktop/AI개발/OneEmu/cores/jazz2/src/Sources/Jazz2/Actors/Solid/PowerUpMorphMonitor.cpp:1:
In file included from /Users/kimhyungjun/Desktop/AI개발/OneEmu/cores/jazz2/src/Sources/Jazz2/Actors/Solid/PowerUpMorphMonitor.h:3:
In file included from /Users/kimhyungjun/Desktop/AI개발/OneEmu/cores/jazz2/src/Sources/Jazz2/Actors/Solid/../SolidObjectBase.h:3:
/Users/kimhyungjun/Desktop/AI개발/OneEmu/cores/jazz2/src/Sources/Jazz2/Actors/Solid/../ActorBase.h:378:90: warning: missing field 'UsedWeaponType' initializer [-Wmissing-field-initializers]
  378 |                         Tiles::TileCollisionParams params = { Tiles::TileDestructType::None, _speed.Y >= 0.0f };
      |                                                                                                               ^
1 warning generated.
[274/322] Building CXX object CMakeFiles/jazz2.dir/Sources/Jazz2/Actors/Solid/PowerUpWeaponMonitor.cpp.o
In file included from /Users/kimhyungjun/Desktop/AI개발/OneEmu/cores/jazz2/src/Sources/Jazz2/Actors/Solid/PowerUpWeaponMonitor.cpp:1:
In file included from /Users/kimhyungjun/Desktop/AI개발/OneEmu/cores/jazz2/src/Sources/Jazz2/Actors/Solid/PowerUpWeaponMonitor.h:3:
In file included from /Users/kimhyungjun/Desktop/AI개발/OneEmu/cores/jazz2/src/Sources/Jazz2/Actors/Solid/../SolidObjectBase.h:3:
/Users/kimhyungjun/Desktop/AI개발/OneEmu/cores/jazz2/src/Sources/Jazz2/Actors/Solid/../ActorBase.h:378:90: warning: missing field 'UsedWeaponType' initializer [-Wmissing-field-initializers]
  378 |                         Tiles::TileCollisionParams params = { Tiles::TileDestructType::None, _speed.Y >= 0.0f };
      |                                                                                                               ^
1 warning generated.
[275/322] Building CXX object CMakeFiles/jazz2.dir/Sources/Jazz2/Actors/Solid/PushableBox.cpp.o
In file included from /Users/kimhyungjun/Desktop/AI개발/OneEmu/cores/jazz2/src/Sources/Jazz2/Actors/Solid/PushableBox.cpp:1:
In file included from /Users/kimhyungjun/Desktop/AI개발/OneEmu/cores/jazz2/src/Sources/Jazz2/Actors/Solid/PushableBox.h:3:
In file included from /Users/kimhyungjun/Desktop/AI개발/OneEmu/cores/jazz2/src/Sources/Jazz2/Actors/Solid/../SolidObjectBase.h:3:
/Users/kimhyungjun/Desktop/AI개발/OneEmu/cores/jazz2/src/Sources/Jazz2/Actors/Solid/../ActorBase.h:378:90: warning: missing field 'UsedWeaponType' initializer [-Wmissing-field-initializers]
  378 |                         Tiles::TileCollisionParams params = { Tiles::TileDestructType::None, _speed.Y >= 0.0f };
      |                                                                                                               ^
1 warning generated.
[276/322] Building CXX object CMakeFiles/jazz2.dir/Sources/Jazz2/Actors/Solid/SpikeBall.cpp.o
In file included from /Users/kimhyungjun/Desktop/AI개발/OneEmu/cores/jazz2/src/Sources/Jazz2/Actors/Solid/SpikeBall.cpp:1:
In file included from /Users/kimhyungjun/Desktop/AI개발/OneEmu/cores/jazz2/src/Sources/Jazz2/Actors/Solid/SpikeBall.h:3:
In file included from /Users/kimhyungjun/Desktop/AI개발/OneEmu/cores/jazz2/src/Sources/Jazz2/Actors/Solid/../Enemies/EnemyBase.h:3:
/Users/kimhyungjun/Desktop/AI개발/OneEmu/cores/jazz2/src/Sources/Jazz2/Actors/Solid/../Enemies/../ActorBase.h:378:90: warning: missing field 'UsedWeaponType' initializer [-Wmissing-field-initializers]
  378 |                         Tiles::TileCollisionParams params = { Tiles::TileDestructType::None, _speed.Y >= 0.0f };
      |                                                                                                               ^
/Users/kimhyungjun/Desktop/AI개발/OneEmu/cores/jazz2/src/Sources/Jazz2/Actors/Solid/SpikeBall.cpp:74:30: warning: comparison of integers of different signs: 'std::int32_t' (aka 'int') and 'std::size_t' (aka 'unsigned long') [-Wsign-compare]
   74 |                 for (std::int32_t i = 0; i < _pieces.size(); i++) {
      |                                          ~ ^ ~~~~~~~~~~~~~~
/Users/kimhyungjun/Desktop/AI개발/OneEmu/cores/jazz2/src/Sources/Jazz2/Actors/Solid/SpikeBall.cpp:106:32: warning: comparison of integers of different signs: 'std::int32_t' (aka 'int') and 'std::size_t' (aka 'unsigned long') [-Wsign-compare]
  106 |                                 for (std::int32_t i = 0; i < _pieces.size(); i++) {
      |                                                          ~ ^ ~~~~~~~~~~~~~~
/Users/kimhyungjun/Desktop/AI개발/OneEmu/cores/jazz2/src/Sources/Jazz2/Actors/Solid/SpikeBall.cpp:146:61: warning: comparison of integers of different signs: 'std::int32_t' (aka 'int') and 'std::size_t' (aka 'unsigned long') [-Wsign-compare]
  146 |                 } else if (_pieces.size() > 4 && distance > 0 && distance < _pieces.size()) {
      |                                                                  ~~~~~~~~ ^ ~~~~~~~~~~~~~~
4 warnings generated.
[277/322] Building CXX object CMakeFiles/jazz2.dir/Sources/Jazz2/Actors/Solid/TriggerCrate.cpp.o
In file included from /Users/kimhyungjun/Desktop/AI개발/OneEmu/cores/jazz2/src/Sources/Jazz2/Actors/Solid/TriggerCrate.cpp:1:
In file included from /Users/kimhyungjun/Desktop/AI개발/OneEmu/cores/jazz2/src/Sources/Jazz2/Actors/Solid/TriggerCrate.h:3:
In file included from /Users/kimhyungjun/Desktop/AI개발/OneEmu/cores/jazz2/src/Sources/Jazz2/Actors/Solid/../SolidObjectBase.h:3:
/Users/kimhyungjun/Desktop/AI개발/OneEmu/cores/jazz2/src/Sources/Jazz2/Actors/Solid/../ActorBase.h:378:90: warning: missing field 'UsedWeaponType' initializer [-Wmissing-field-initializers]
  378 |                         Tiles::TileCollisionParams params = { Tiles::TileDestructType::None, _speed.Y >= 0.0f };
      |                                                                                                               ^
1 warning generated.
[278/322] Building CXX object CMakeFiles/jazz2.dir/Sources/Jazz2/Actors/Weapons/BlasterShot.cpp.o
In file included from /Users/kimhyungjun/Desktop/AI개발/OneEmu/cores/jazz2/src/Sources/Jazz2/Actors/Weapons/BlasterShot.cpp:1:
In file included from /Users/kimhyungjun/Desktop/AI개발/OneEmu/cores/jazz2/src/Sources/Jazz2/Actors/Weapons/BlasterShot.h:3:
In file included from /Users/kimhyungjun/Desktop/AI개발/OneEmu/cores/jazz2/src/Sources/Jazz2/Actors/Weapons/ShotBase.h:3:
/Users/kimhyungjun/Desktop/AI개발/OneEmu/cores/jazz2/src/Sources/Jazz2/Actors/Weapons/../ActorBase.h:378:90: warning: missing field 'UsedWeaponType' initializer [-Wmissing-field-initializers]
  378 |                         Tiles::TileCollisionParams params = { Tiles::TileDestructType::None, _speed.Y >= 0.0f };
      |                                                                                                               ^
/Users/kimhyungjun/Desktop/AI개발/OneEmu/cores/jazz2/src/Sources/Jazz2/Actors/Weapons/BlasterShot.cpp:72:98: warning: missing field 'Speed' initializer [-Wmissing-field-initializers]
   72 |                 TileCollisionParams params = { TileDestructType::Weapon, false, WeaponType::Blaster, _strength };
      |                                                                                                                ^
2 warnings generated.
[279/322] Building CXX object CMakeFiles/jazz2.dir/Sources/Jazz2/Actors/Weapons/BouncerShot.cpp.o
In file included from /Users/kimhyungjun/Desktop/AI개발/OneEmu/cores/jazz2/src/Sources/Jazz2/Actors/Weapons/BouncerShot.cpp:1:
In file included from /Users/kimhyungjun/Desktop/AI개발/OneEmu/cores/jazz2/src/Sources/Jazz2/Actors/Weapons/BouncerShot.h:3:
In file included from /Users/kimhyungjun/Desktop/AI개발/OneEmu/cores/jazz2/src/Sources/Jazz2/Actors/Weapons/ShotBase.h:3:
/Users/kimhyungjun/Desktop/AI개발/OneEmu/cores/jazz2/src/Sources/Jazz2/Actors/Weapons/../ActorBase.h:378:90: warning: missing field 'UsedWeaponType' initializer [-Wmissing-field-initializers]
  378 |                         Tiles::TileCollisionParams params = { Tiles::TileDestructType::None, _speed.Y >= 0.0f };
      |                                                                                                               ^
/Users/kimhyungjun/Desktop/AI개발/OneEmu/cores/jazz2/src/Sources/Jazz2/Actors/Weapons/BouncerShot.cpp:67:109: warning: missing field 'Speed' initializer [-Wmissing-field-initializers]
   67 |                 TileCollisionParams params = { TileDestructType::Weapon, _speed.Y >= 0.0f, WeaponType::Bouncer, _strength };
      |                                                                                                                           ^
2 warnings generated.
[280/322] Building CXX object CMakeFiles/jazz2.dir/Sources/Jazz2/Actors/Weapons/FreezerShot.cpp.o
In file included from /Users/kimhyungjun/Desktop/AI개발/OneEmu/cores/jazz2/src/Sources/Jazz2/Actors/Weapons/FreezerShot.cpp:1:
In file included from /Users/kimhyungjun/Desktop/AI개발/OneEmu/cores/jazz2/src/Sources/Jazz2/Actors/Weapons/FreezerShot.h:3:
In file included from /Users/kimhyungjun/Desktop/AI개발/OneEmu/cores/jazz2/src/Sources/Jazz2/Actors/Weapons/ShotBase.h:3:
/Users/kimhyungjun/Desktop/AI개발/OneEmu/cores/jazz2/src/Sources/Jazz2/Actors/Weapons/../ActorBase.h:378:90: warning: missing field 'UsedWeaponType' initializer [-Wmissing-field-initializers]
  378 |                         Tiles::TileCollisionParams params = { Tiles::TileDestructType::None, _speed.Y >= 0.0f };
      |                                                                                                               ^
/Users/kimhyungjun/Desktop/AI개발/OneEmu/cores/jazz2/src/Sources/Jazz2/Actors/Weapons/FreezerShot.cpp:75:109: warning: missing field 'Speed' initializer [-Wmissing-field-initializers]
   75 |                 TileCollisionParams params = { TileDestructType::Weapon, _speed.Y >= 0.0f, WeaponType::Freezer, _strength };
      |                                                                                                                           ^
2 warnings generated.
[281/322] Building CXX object CMakeFiles/jazz2.dir/Sources/Jazz2/Actors/Weapons/ElectroShot.cpp.o
In file included from /Users/kimhyungjun/Desktop/AI개발/OneEmu/cores/jazz2/src/Sources/Jazz2/Actors/Weapons/ElectroShot.cpp:1:
In file included from /Users/kimhyungjun/Desktop/AI개발/OneEmu/cores/jazz2/src/Sources/Jazz2/Actors/Weapons/ElectroShot.h:3:
In file included from /Users/kimhyungjun/Desktop/AI개발/OneEmu/cores/jazz2/src/Sources/Jazz2/Actors/Weapons/ShotBase.h:3:
/Users/kimhyungjun/Desktop/AI개발/OneEmu/cores/jazz2/src/Sources/Jazz2/Actors/Weapons/../ActorBase.h:378:90: warning: missing field 'UsedWeaponType' initializer [-Wmissing-field-initializers]
  378 |                         Tiles::TileCollisionParams params = { Tiles::TileDestructType::None, _speed.Y >= 0.0f };
      |                                                                                                               ^
/Users/kimhyungjun/Desktop/AI개발/OneEmu/cores/jazz2/src/Sources/Jazz2/Actors/Weapons/ElectroShot.cpp:65:135: warning: missing field 'Speed' initializer [-Wmissing-field-initializers]
   65 |                 TileCollisionParams params = { TileDestructType::Weapon | TileDestructType::IgnoreSolidTiles, false, WeaponType::Electro, _strength };
      |                                                                                                                                                     ^
2 warnings generated.
[282/322] Building CXX object CMakeFiles/jazz2.dir/Sources/Jazz2/Actors/Weapons/PepperShot.cpp.o
In file included from /Users/kimhyungjun/Desktop/AI개발/OneEmu/cores/jazz2/src/Sources/Jazz2/Actors/Weapons/PepperShot.cpp:1:
In file included from /Users/kimhyungjun/Desktop/AI개발/OneEmu/cores/jazz2/src/Sources/Jazz2/Actors/Weapons/PepperShot.h:3:
In file included from /Users/kimhyungjun/Desktop/AI개발/OneEmu/cores/jazz2/src/Sources/Jazz2/Actors/Weapons/ShotBase.h:3:
/Users/kimhyungjun/Desktop/AI개발/OneEmu/cores/jazz2/src/Sources/Jazz2/Actors/Weapons/../ActorBase.h:378:90: warning: missing field 'UsedWeaponType' initializer [-Wmissing-field-initializers]
  378 |                         Tiles::TileCollisionParams params = { Tiles::TileDestructType::None, _speed.Y >= 0.0f };
      |                                                                                                               ^
/Users/kimhyungjun/Desktop/AI개발/OneEmu/cores/jazz2/src/Sources/Jazz2/Actors/Weapons/PepperShot.cpp:70:97: warning: missing field 'Speed' initializer [-Wmissing-field-initializers]
   70 |                 TileCollisionParams params = { TileDestructType::Weapon, false, WeaponType::Pepper, _strength };
      |                                                                                                               ^
2 warnings generated.
[283/322] Building CXX object CMakeFiles/jazz2.dir/Sources/Jazz2/Actors/Weapons/RFShot.cpp.o
In file included from /Users/kimhyungjun/Desktop/AI개발/OneEmu/cores/jazz2/src/Sources/Jazz2/Actors/Weapons/RFShot.cpp:1:
In file included from /Users/kimhyungjun/Desktop/AI개발/OneEmu/cores/jazz2/src/Sources/Jazz2/Actors/Weapons/RFShot.h:3:
In file included from /Users/kimhyungjun/Desktop/AI개발/OneEmu/cores/jazz2/src/Sources/Jazz2/Actors/Weapons/ShotBase.h:3:
/Users/kimhyungjun/Desktop/AI개발/OneEmu/cores/jazz2/src/Sources/Jazz2/Actors/Weapons/../ActorBase.h:378:90: warning: missing field 'UsedWeaponType' initializer [-Wmissing-field-initializers]
  378 |                         Tiles::TileCollisionParams params = { Tiles::TileDestructType::None, _speed.Y >= 0.0f };
      |                                                                                                               ^
/Users/kimhyungjun/Desktop/AI개발/OneEmu/cores/jazz2/src/Sources/Jazz2/Actors/Weapons/RFShot.cpp:65:93: warning: missing field 'Speed' initializer [-Wmissing-field-initializers]
   65 |                 TileCollisionParams params = { TileDestructType::Weapon, false, WeaponType::RF, _strength };
      |                                                                                                           ^
2 warnings generated.
[284/322] Building CXX object CMakeFiles/jazz2.dir/Sources/Jazz2/Actors/Weapons/SeekerShot.cpp.o
In file included from /Users/kimhyungjun/Desktop/AI개발/OneEmu/cores/jazz2/src/Sources/Jazz2/Actors/Weapons/SeekerShot.cpp:1:
In file included from /Users/kimhyungjun/Desktop/AI개발/OneEmu/cores/jazz2/src/Sources/Jazz2/Actors/Weapons/SeekerShot.h:3:
In file included from /Users/kimhyungjun/Desktop/AI개발/OneEmu/cores/jazz2/src/Sources/Jazz2/Actors/Weapons/ShotBase.h:3:
/Users/kimhyungjun/Desktop/AI개발/OneEmu/cores/jazz2/src/Sources/Jazz2/Actors/Weapons/../ActorBase.h:378:90: warning: missing field 'UsedWeaponType' initializer [-Wmissing-field-initializers]
  378 |                         Tiles::TileCollisionParams params = { Tiles::TileDestructType::None, _speed.Y >= 0.0f };
      |                                                                                                               ^
/Users/kimhyungjun/Desktop/AI개발/OneEmu/cores/jazz2/src/Sources/Jazz2/Actors/Weapons/SeekerShot.cpp:75:97: warning: missing field 'Speed' initializer [-Wmissing-field-initializers]
   75 |                 TileCollisionParams params = { TileDestructType::Weapon, false, WeaponType::Seeker, _strength };
      |                                                                                                               ^
2 warnings generated.
[285/322] Building CXX object CMakeFiles/jazz2.dir/Sources/Jazz2/Actors/Weapons/ShieldFireShot.cpp.o
In file included from /Users/kimhyungjun/Desktop/AI개발/OneEmu/cores/jazz2/src/Sources/Jazz2/Actors/Weapons/ShieldFireShot.cpp:1:
In file included from /Users/kimhyungjun/Desktop/AI개발/OneEmu/cores/jazz2/src/Sources/Jazz2/Actors/Weapons/ShieldFireShot.h:3:
In file included from /Users/kimhyungjun/Desktop/AI개발/OneEmu/cores/jazz2/src/Sources/Jazz2/Actors/Weapons/ShotBase.h:3:
/Users/kimhyungjun/Desktop/AI개발/OneEmu/cores/jazz2/src/Sources/Jazz2/Actors/Weapons/../ActorBase.h:378:90: warning: missing field 'UsedWeaponType' initializer [-Wmissing-field-initializers]
  378 |                         Tiles::TileCollisionParams params = { Tiles::TileDestructType::None, _speed.Y >= 0.0f };
      |                                                                                                               ^
/Users/kimhyungjun/Desktop/AI개발/OneEmu/cores/jazz2/src/Sources/Jazz2/Actors/Weapons/ShieldFireShot.cpp:66:98: warning: missing field 'Speed' initializer [-Wmissing-field-initializers]
   66 |                 TileCollisionParams params = { TileDestructType::Weapon, false, WeaponType::Blaster, _strength };
      |                                                                                                                ^
2 warnings generated.
[286/322] Building CXX object CMakeFiles/jazz2.dir/Sources/Jazz2/Collisions/DynamicTree.cpp.o
[287/322] Building CXX object CMakeFiles/jazz2.dir/Sources/Jazz2/Collisions/DynamicTreeBroadPhase.cpp.o
[288/322] Building CXX object CMakeFiles/jazz2.dir/Sources/Jazz2/Events/EventMap.cpp.o
In file included from /Users/kimhyungjun/Desktop/AI개발/OneEmu/cores/jazz2/src/Sources/Jazz2/Events/EventMap.cpp:1:
In file included from /Users/kimhyungjun/Desktop/AI개발/OneEmu/cores/jazz2/src/Sources/Jazz2/Events/EventMap.h:3:
In file included from /Users/kimhyungjun/Desktop/AI개발/OneEmu/cores/jazz2/src/Sources/Jazz2/Events/EventSpawner.h:3:
In file included from /Users/kimhyungjun/Desktop/AI개발/OneEmu/cores/jazz2/src/Sources/Jazz2/Events/../ILevelHandler.h:7:
/Users/kimhyungjun/Desktop/AI개발/OneEmu/cores/jazz2/src/Sources/Jazz2/Events/../Actors/ActorBase.h:378:90: warning: missing field 'UsedWeaponType' initializer [-Wmissing-field-initializers]
  378 |                         Tiles::TileCollisionParams params = { Tiles::TileDestructType::None, _speed.Y >= 0.0f };
      |                                                                                                               ^
/Users/kimhyungjun/Desktop/AI개발/OneEmu/cores/jazz2/src/Sources/Jazz2/Events/EventMap.cpp:504:17: warning: unused variable 'x' [-Wunused-variable]
  504 |                         std::int32_t x = s.ReadVariableUint32();
      |                                      ^
/Users/kimhyungjun/Desktop/AI개발/OneEmu/cores/jazz2/src/Sources/Jazz2/Events/EventMap.cpp:505:17: warning: unused variable 'y' [-Wunused-variable]
  505 |                         std::int32_t y = s.ReadVariableUint32();
      |                                      ^
/Users/kimhyungjun/Desktop/AI개발/OneEmu/cores/jazz2/src/Sources/Jazz2/Events/EventMap.cpp:507:18: warning: unused variable 'eventType' [-Wunused-variable]
  507 |                         std::uint16_t eventType = s.ReadValueAsLE<std::uint16_t>();
      |                                       ^~~~~~~~~
/Users/kimhyungjun/Desktop/AI개발/OneEmu/cores/jazz2/src/Sources/Jazz2/Events/EventMap.cpp:514:17: warning: variable 'generatorFlags' set but not used [-Wunused-but-set-variable]
  514 |                         std::uint8_t generatorFlags, generatorDelay;
      |                                      ^
/Users/kimhyungjun/Desktop/AI개발/OneEmu/cores/jazz2/src/Sources/Jazz2/Events/EventMap.cpp:514:33: warning: variable 'generatorDelay' set but not used [-Wunused-but-set-variable]
  514 |                         std::uint8_t generatorFlags, generatorDelay;
      |                                                      ^
6 warnings generated.
[289/322] Building CXX object CMakeFiles/jazz2.dir/Sources/Jazz2/Actors/Weapons/ShieldLightningShot.cpp.o
In file included from /Users/kimhyungjun/Desktop/AI개발/OneEmu/cores/jazz2/src/Sources/Jazz2/Actors/Weapons/ShieldLightningShot.cpp:1:
In file included from /Users/kimhyungjun/Desktop/AI개발/OneEmu/cores/jazz2/src/Sources/Jazz2/Actors/Weapons/ShieldLightningShot.h:3:
In file included from /Users/kimhyungjun/Desktop/AI개발/OneEmu/cores/jazz2/src/Sources/Jazz2/Actors/Weapons/ShotBase.h:3:
/Users/kimhyungjun/Desktop/AI개발/OneEmu/cores/jazz2/src/Sources/Jazz2/Actors/Weapons/../ActorBase.h:378:90: warning: missing field 'UsedWeaponType' initializer [-Wmissing-field-initializers]
  378 |                         Tiles::TileCollisionParams params = { Tiles::TileDestructType::None, _speed.Y >= 0.0f };
      |                                                                                                               ^
/Users/kimhyungjun/Desktop/AI개발/OneEmu/cores/jazz2/src/Sources/Jazz2/Actors/Weapons/ShieldLightningShot.cpp:77:98: warning: missing field 'Speed' initializer [-Wmissing-field-initializers]
   77 |                 TileCollisionParams params = { TileDestructType::Weapon, false, WeaponType::Blaster, _strength };
      |                                                                                                                ^
2 warnings generated.
[290/322] Building CXX object CMakeFiles/jazz2.dir/Sources/Jazz2/Input/ControlScheme.cpp.o
[291/322] Building CXX object CMakeFiles/jazz2.dir/Sources/Jazz2/Input/RgbLights.cpp.o
[292/322] Building CXX object CMakeFiles/jazz2.dir/Sources/Jazz2/Actors/Weapons/ShieldWaterShot.cpp.o
In file included from /Users/kimhyungjun/Desktop/AI개발/OneEmu/cores/jazz2/src/Sources/Jazz2/Actors/Weapons/ShieldWaterShot.cpp:1:
In file included from /Users/kimhyungjun/Desktop/AI개발/OneEmu/cores/jazz2/src/Sources/Jazz2/Actors/Weapons/ShieldWaterShot.h:3:
In file included from /Users/kimhyungjun/Desktop/AI개발/OneEmu/cores/jazz2/src/Sources/Jazz2/Actors/Weapons/ShotBase.h:3:
/Users/kimhyungjun/Desktop/AI개발/OneEmu/cores/jazz2/src/Sources/Jazz2/Actors/Weapons/../ActorBase.h:378:90: warning: missing field 'UsedWeaponType' initializer [-Wmissing-field-initializers]
  378 |                         Tiles::TileCollisionParams params = { Tiles::TileDestructType::None, _speed.Y >= 0.0f };
      |                                                                                                               ^
/Users/kimhyungjun/Desktop/AI개발/OneEmu/cores/jazz2/src/Sources/Jazz2/Actors/Weapons/ShieldWaterShot.cpp:65:98: warning: missing field 'Speed' initializer [-Wmissing-field-initializers]
   65 |                 TileCollisionParams params = { TileDestructType::Weapon, false, WeaponType::Blaster, _strength };
      |                                                                                                                ^
2 warnings generated.
[293/322] Building CXX object CMakeFiles/jazz2.dir/Sources/Jazz2/Actors/Weapons/ShotBase.cpp.o
In file included from /Users/kimhyungjun/Desktop/AI개발/OneEmu/cores/jazz2/src/Sources/Jazz2/Actors/Weapons/ShotBase.cpp:1:
In file included from /Users/kimhyungjun/Desktop/AI개발/OneEmu/cores/jazz2/src/Sources/Jazz2/Actors/Weapons/ShotBase.h:3:
/Users/kimhyungjun/Desktop/AI개발/OneEmu/cores/jazz2/src/Sources/Jazz2/Actors/Weapons/../ActorBase.h:378:90: warning: missing field 'UsedWeaponType' initializer [-Wmissing-field-initializers]
  378 |                         Tiles::TileCollisionParams params = { Tiles::TileDestructType::None, _speed.Y >= 0.0f };
      |                                                                                                               ^
1 warning generated.
[294/322] Building CXX object CMakeFiles/jazz2.dir/Sources/Jazz2/Input/RumbleProcessor.cpp.o
[295/322] Building CXX object CMakeFiles/jazz2.dir/Sources/Jazz2/Actors/Weapons/Thunderbolt.cpp.o
In file included from /Users/kimhyungjun/Desktop/AI개발/OneEmu/cores/jazz2/src/Sources/Jazz2/Actors/Weapons/Thunderbolt.cpp:1:
In file included from /Users/kimhyungjun/Desktop/AI개발/OneEmu/cores/jazz2/src/Sources/Jazz2/Actors/Weapons/Thunderbolt.h:3:
In file included from /Users/kimhyungjun/Desktop/AI개발/OneEmu/cores/jazz2/src/Sources/Jazz2/Actors/Weapons/ShotBase.h:3:
/Users/kimhyungjun/Desktop/AI개발/OneEmu/cores/jazz2/src/Sources/Jazz2/Actors/Weapons/../ActorBase.h:378:90: warning: missing field 'UsedWeaponType' initializer [-Wmissing-field-initializers]
  378 |                         Tiles::TileCollisionParams params = { Tiles::TileDestructType::None, _speed.Y >= 0.0f };
      |                                                                                                               ^
/Users/kimhyungjun/Desktop/AI개발/OneEmu/cores/jazz2/src/Sources/Jazz2/Actors/Weapons/Thunderbolt.cpp:106:140: warning: missing field 'Speed' initializer [-Wmissing-field-initializers]
  106 |                         TileCollisionParams params = { TileDestructType::Weapon | TileDestructType::IgnoreSolidTiles, false, WeaponType::Thunderbolt, _strength };
      |                                                                                                                                                                 ^
2 warnings generated.
[296/322] Building CXX object CMakeFiles/jazz2.dir/Sources/Jazz2/Actors/Weapons/ToasterShot.cpp.o
In file included from /Users/kimhyungjun/Desktop/AI개발/OneEmu/cores/jazz2/src/Sources/Jazz2/Actors/Weapons/ToasterShot.cpp:1:
In file included from /Users/kimhyungjun/Desktop/AI개발/OneEmu/cores/jazz2/src/Sources/Jazz2/Actors/Weapons/ToasterShot.h:3:
In file included from /Users/kimhyungjun/Desktop/AI개발/OneEmu/cores/jazz2/src/Sources/Jazz2/Actors/Weapons/ShotBase.h:3:
/Users/kimhyungjun/Desktop/AI개발/OneEmu/cores/jazz2/src/Sources/Jazz2/Actors/Weapons/../ActorBase.h:378:90: warning: missing field 'UsedWeaponType' initializer [-Wmissing-field-initializers]
  378 |                         Tiles::TileCollisionParams params = { Tiles::TileDestructType::None, _speed.Y >= 0.0f };
      |                                                                                                               ^
/Users/kimhyungjun/Desktop/AI개발/OneEmu/cores/jazz2/src/Sources/Jazz2/Actors/Weapons/ToasterShot.cpp:79:109: warning: missing field 'Speed' initializer [-Wmissing-field-initializers]
   79 |                 TileCollisionParams params = { TileDestructType::Weapon, _speed.Y >= 0.0f, WeaponType::Toaster, _strength };
      |                                                                                                                           ^
2 warnings generated.
[297/322] Building CXX object CMakeFiles/jazz2.dir/Sources/Jazz2/Scripting/JJ2PlusDefinitions.cpp.o
[298/322] Building CXX object CMakeFiles/jazz2.dir/Sources/Jazz2/Actors/Weapons/TNT.cpp.o
In file included from /Users/kimhyungjun/Desktop/AI개발/OneEmu/cores/jazz2/src/Sources/Jazz2/Actors/Weapons/TNT.cpp:1:
In file included from /Users/kimhyungjun/Desktop/AI개발/OneEmu/cores/jazz2/src/Sources/Jazz2/Actors/Weapons/TNT.h:3:
/Users/kimhyungjun/Desktop/AI개발/OneEmu/cores/jazz2/src/Sources/Jazz2/Actors/Weapons/../ActorBase.h:378:90: warning: missing field 'UsedWeaponType' initializer [-Wmissing-field-initializers]
  378 |                         Tiles::TileCollisionParams params = { Tiles::TileDestructType::None, _speed.Y >= 0.0f };
      |                                                                                                               ^
/Users/kimhyungjun/Desktop/AI개발/OneEmu/cores/jazz2/src/Sources/Jazz2/Actors/Weapons/TNT.cpp:41:152: warning: missing field 'Speed' initializer [-Wmissing-field-initializers]
   41 |                         TileCollisionParams params = { TileDestructType::Special | TileDestructType::Weapon | TileDestructType::IgnoreSolidTiles, false, WeaponType::TNT, 8 };
      |                                                                                                                                                                             ^
/Users/kimhyungjun/Desktop/AI개발/OneEmu/cores/jazz2/src/Sources/Jazz2/Actors/Weapons/TNT.cpp:119:153: warning: missing field 'Speed' initializer [-Wmissing-field-initializers]
  119 |                                 TileCollisionParams params = { TileDestructType::Special | TileDestructType::Weapon | TileDestructType::IgnoreSolidTiles, false, WeaponType::TNT, 8 };
      |                                                                                                                                                                                     ^
3 warnings generated.
[299/322] Building CXX object CMakeFiles/jazz2.dir/Sources/Jazz2/Scripting/LevelScriptLoader.cpp.o
[300/322] Building CXX object CMakeFiles/jazz2.dir/Sources/Jazz2/Scripting/RegisterArray.cpp.o
[301/322] Building CXX object CMakeFiles/jazz2.dir/Sources/Jazz2/Scripting/RegisterDictionary.cpp.o
[302/322] Building CXX object CMakeFiles/jazz2.dir/Sources/Jazz2/Scripting/RegisterImGuiBindings.cpp.o
[303/322] Building CXX object CMakeFiles/jazz2.dir/Sources/Jazz2/Scripting/RegisterMath.cpp.o
[304/322] Building CXX object CMakeFiles/jazz2.dir/Sources/Jazz2/Scripting/RegisterRef.cpp.o
[305/322] Building CXX object CMakeFiles/jazz2.dir/Sources/Jazz2/Scripting/RegisterString.cpp.o
[306/322] Building CXX object CMakeFiles/jazz2.dir/Sources/Jazz2/Scripting/ScriptActorWrapper.cpp.o
[307/322] Building CXX object CMakeFiles/jazz2.dir/Sources/Jazz2/Scripting/ScriptLoader.cpp.o
[308/322] Building CXX object CMakeFiles/jazz2.dir/Sources/Jazz2/Scripting/ScriptPlayerWrapper.cpp.o
[309/322] Building CXX object CMakeFiles/jazz2.dir/Sources/Jazz2/Tiles/TileSet.cpp.o
[310/322] Building CXX object CMakeFiles/jazz2.dir/Sources/Jazz2/Rendering/BlurRenderPass.cpp.o
In file included from /Users/kimhyungjun/Desktop/AI개발/OneEmu/cores/jazz2/src/Sources/Jazz2/Rendering/BlurRenderPass.cpp:2:
In file included from /Users/kimhyungjun/Desktop/AI개발/OneEmu/cores/jazz2/src/Sources/Jazz2/Rendering/PlayerViewport.h:3:
In file included from /Users/kimhyungjun/Desktop/AI개발/OneEmu/cores/jazz2/src/Sources/Jazz2/Rendering/../LevelHandler.h:3:
In file included from /Users/kimhyungjun/Desktop/AI개발/OneEmu/cores/jazz2/src/Sources/Jazz2/Rendering/../ILevelHandler.h:7:
/Users/kimhyungjun/Desktop/AI개발/OneEmu/cores/jazz2/src/Sources/Jazz2/Rendering/../Actors/ActorBase.h:378:90: warning: missing field 'UsedWeaponType' initializer [-Wmissing-field-initializers]
  378 |                         Tiles::TileCollisionParams params = { Tiles::TileDestructType::None, _speed.Y >= 0.0f };
      |                                                                                                               ^
1 warning generated.
[311/322] Building CXX object CMakeFiles/jazz2.dir/Sources/Jazz2/Rendering/CombineRenderer.cpp.o
In file included from /Users/kimhyungjun/Desktop/AI개발/OneEmu/cores/jazz2/src/Sources/Jazz2/Rendering/CombineRenderer.cpp:2:
In file included from /Users/kimhyungjun/Desktop/AI개발/OneEmu/cores/jazz2/src/Sources/Jazz2/Rendering/PlayerViewport.h:3:
In file included from /Users/kimhyungjun/Desktop/AI개발/OneEmu/cores/jazz2/src/Sources/Jazz2/Rendering/../LevelHandler.h:3:
In file included from /Users/kimhyungjun/Desktop/AI개발/OneEmu/cores/jazz2/src/Sources/Jazz2/Rendering/../ILevelHandler.h:7:
/Users/kimhyungjun/Desktop/AI개발/OneEmu/cores/jazz2/src/Sources/Jazz2/Rendering/../Actors/ActorBase.h:378:90: warning: missing field 'UsedWeaponType' initializer [-Wmissing-field-initializers]
  378 |                         Tiles::TileCollisionParams params = { Tiles::TileDestructType::None, _speed.Y >= 0.0f };
      |                                                                                                               ^
1 warning generated.
[312/322] Building CXX object CMakeFiles/jazz2.dir/Sources/Jazz2/UI/DiscordRpcClient.cpp.o
[313/322] Building CXX object CMakeFiles/jazz2.dir/Sources/Jazz2/Rendering/LightingRenderer.cpp.o
In file included from /Users/kimhyungjun/Desktop/AI개발/OneEmu/cores/jazz2/src/Sources/Jazz2/Rendering/LightingRenderer.cpp:2:
In file included from /Users/kimhyungjun/Desktop/AI개발/OneEmu/cores/jazz2/src/Sources/Jazz2/Rendering/PlayerViewport.h:3:
In file included from /Users/kimhyungjun/Desktop/AI개발/OneEmu/cores/jazz2/src/Sources/Jazz2/Rendering/../LevelHandler.h:3:
In file included from /Users/kimhyungjun/Desktop/AI개발/OneEmu/cores/jazz2/src/Sources/Jazz2/Rendering/../ILevelHandler.h:7:
/Users/kimhyungjun/Desktop/AI개발/OneEmu/cores/jazz2/src/Sources/Jazz2/Rendering/../Actors/ActorBase.h:378:90: warning: missing field 'UsedWeaponType' initializer [-Wmissing-field-initializers]
  378 |                         Tiles::TileCollisionParams params = { Tiles::TileDestructType::None, _speed.Y >= 0.0f };
      |                                                                                                               ^
1 warning generated.
[314/322] Building CXX object CMakeFiles/jazz2.dir/Sources/Jazz2/Rendering/UpscaleRenderPass.cpp.o
[315/322] Building CXX object CMakeFiles/jazz2.dir/Sources/Jazz2/Rendering/PlayerViewport.cpp.o
In file included from /Users/kimhyungjun/Desktop/AI개발/OneEmu/cores/jazz2/src/Sources/Jazz2/Rendering/PlayerViewport.cpp:1:
In file included from /Users/kimhyungjun/Desktop/AI개발/OneEmu/cores/jazz2/src/Sources/Jazz2/Rendering/PlayerViewport.h:3:
In file included from /Users/kimhyungjun/Desktop/AI개발/OneEmu/cores/jazz2/src/Sources/Jazz2/Rendering/../LevelHandler.h:3:
In file included from /Users/kimhyungjun/Desktop/AI개발/OneEmu/cores/jazz2/src/Sources/Jazz2/Rendering/../ILevelHandler.h:7:
/Users/kimhyungjun/Desktop/AI개발/OneEmu/cores/jazz2/src/Sources/Jazz2/Rendering/../Actors/ActorBase.h:378:90: warning: missing field 'UsedWeaponType' initializer [-Wmissing-field-initializers]
  378 |                         Tiles::TileCollisionParams params = { Tiles::TileDestructType::None, _speed.Y >= 0.0f };
      |                                                                                                               ^
1 warning generated.
[316/322] Building CXX object CMakeFiles/jazz2.dir/Sources/Jazz2/UI/Canvas.cpp.o
/Users/kimhyungjun/Desktop/AI개발/OneEmu/cores/jazz2/src/Sources/Jazz2/UI/Canvas.cpp:203:28: warning: comparison of integers of different signs: 'std::int32_t' (aka 'int') and 'std::size_t' (aka 'unsigned long') [-Wsign-compare]
  203 |                 if (_renderCommandsCount < _renderCommands.size()) {
      |                     ~~~~~~~~~~~~~~~~~~~~ ^ ~~~~~~~~~~~~~~~~~~~~~~
1 warning generated.
[317/322] Building CXX object CMakeFiles/jazz2.dir/Sources/Jazz2/UI/FormattedTextBlock.cpp.o
/Users/kimhyungjun/Desktop/AI개발/OneEmu/cores/jazz2/src/Sources/Jazz2/UI/FormattedTextBlock.cpp:597:42: warning: comparison of integers of different signs: 'std::int32_t' (aka 'int') and 'std::size_t' (aka 'unsigned long') [-Wsign-compare]
  597 |                                         if (charFit == 0 && firstPartOfLine == _parts.size()) {
      |                                                             ~~~~~~~~~~~~~~~ ^  ~~~~~~~~~~~~~
/Users/kimhyungjun/Desktop/AI개발/OneEmu/cores/jazz2/src/Sources/Jazz2/UI/FormattedTextBlock.cpp:659:78: warning: comparison of integers of different signs: 'std::int32_t' (aka 'int') and 'std::size_t' (aka 'unsigned long') [-Wsign-compare]
  659 |                                                         if (lastWhitespacePtr == nullptr && (maxWidth > 40 || firstPartOfLine == _parts.size())) {
      |                                                                                                               ~~~~~~~~~~~~~~~ ^  ~~~~~~~~~~~~~
2 warnings generated.
[318/322] Building CXX object CMakeFiles/jazz2.dir/Sources/Jazz2/Tiles/TileMap.cpp.o
In file included from /Users/kimhyungjun/Desktop/AI개발/OneEmu/cores/jazz2/src/Sources/Jazz2/Tiles/TileMap.cpp:1:
In file included from /Users/kimhyungjun/Desktop/AI개발/OneEmu/cores/jazz2/src/Sources/Jazz2/Tiles/TileMap.h:3:
In file included from /Users/kimhyungjun/Desktop/AI개발/OneEmu/cores/jazz2/src/Sources/Jazz2/Tiles/ITileMapOwner.h:3:
/Users/kimhyungjun/Desktop/AI개발/OneEmu/cores/jazz2/src/Sources/Jazz2/Tiles/../Actors/ActorBase.h:378:90: warning: missing field 'UsedWeaponType' initializer [-Wmissing-field-initializers]
  378 |                         Tiles::TileCollisionParams params = { Tiles::TileDestructType::None, _speed.Y >= 0.0f };
      |                                                                                                               ^
/Users/kimhyungjun/Desktop/AI개발/OneEmu/cores/jazz2/src/Sources/Jazz2/Tiles/TileMap.cpp:181:34: warning: comparison of integers of different signs: 'std::int32_t' (aka 'int') and 'std::size_t' (aka 'unsigned long') [-Wsign-compare]
  181 |                                         if (animTile.CurrentTileIdx == animTile.Tiles.size() - 1) {
      |                                             ~~~~~~~~~~~~~~~~~~~~~~~ ^  ~~~~~~~~~~~~~~~~~~~~~~~~~
/Users/kimhyungjun/Desktop/AI개발/OneEmu/cores/jazz2/src/Sources/Jazz2/Tiles/TileMap.cpp:1002:30: warning: comparison of integers of different signs: 'std::int16_t' (aka 'short') and 'std::uint32_t' (aka 'unsigned int') [-Wsign-compare]
 1002 |                 if (tile.DestructAnimation >= _animatedTilesOffset) {
      |                     ~~~~~~~~~~~~~~~~~~~~~~ ^  ~~~~~~~~~~~~~~~~~~~~
/Users/kimhyungjun/Desktop/AI개발/OneEmu/cores/jazz2/src/Sources/Jazz2/Tiles/TileMap.cpp:1518:28: warning: comparison of integers of different signs: 'std::int32_t' (aka 'int') and 'std::size_t' (aka 'unsigned long') [-Wsign-compare]
 1518 |                 if (_renderCommandsCount < _renderCommands.size()) {
      |                     ~~~~~~~~~~~~~~~~~~~~ ^ ~~~~~~~~~~~~~~~~~~~~~~
/Users/kimhyungjun/Desktop/AI개발/OneEmu/cores/jazz2/src/Sources/Jazz2/Tiles/TileMap.cpp:1936:30: warning: comparison of integers of different signs: 'const std::int16_t' (aka 'const short') and 'std::uint32_t' (aka 'unsigned int') [-Wsign-compare]
 1936 |                 if (tile.DestructAnimation >= _animatedTilesOffset) {
      |                     ~~~~~~~~~~~~~~~~~~~~~~ ^  ~~~~~~~~~~~~~~~~~~~~
/Users/kimhyungjun/Desktop/AI개발/OneEmu/cores/jazz2/src/Sources/Jazz2/Tiles/TileMap.cpp:2000:28: warning: comparison of integers of different signs: 'int' and 'std::size_t' (aka 'unsigned long') [-Wsign-compare]
 2000 |                                 if (_sprLayerIndex + 1 < _layers.size() && _layers[_sprLayerIndex + 1].Description.SpeedX == 1.0f && _layers[_sprLayerIndex + 1].Description.SpeedY == 1.0f) {
      |                                     ~~~~~~~~~~~~~~~~~~ ^ ~~~~~~~~~~~~~~
/Users/kimhyungjun/Desktop/AI개발/OneEmu/cores/jazz2/src/Sources/Jazz2/Tiles/TileMap.cpp:2427:32: warning: comparison of integers of different signs: 'std::int16_t' (aka 'short') and 'std::uint32_t' (aka 'unsigned int') [-Wsign-compare]
 2427 |                                 if (tile.DestructAnimation >= _animatedTilesOffset) {
      |                                     ~~~~~~~~~~~~~~~~~~~~~~ ^  ~~~~~~~~~~~~~~~~~~~~
/Users/kimhyungjun/Desktop/AI개발/OneEmu/cores/jazz2/src/Sources/Jazz2/Tiles/TileMap.cpp:2588:32: warning: comparison of integers of different signs: 'std::int16_t' (aka 'short') and 'std::uint32_t' (aka 'unsigned int') [-Wsign-compare]
 2588 |                                 if (tile.DestructAnimation >= _animatedTilesOffset) {
      |                                     ~~~~~~~~~~~~~~~~~~~~~~ ^  ~~~~~~~~~~~~~~~~~~~~
/Users/kimhyungjun/Desktop/AI개발/OneEmu/cores/jazz2/src/Sources/Jazz2/Tiles/TileMap.cpp:2589:56: warning: comparison of integers of different signs: 'std::uint32_t' (aka 'unsigned int') and 'std::int32_t' (aka 'int') [-Wsign-compare]
 2589 |                                         if (tile.DestructAnimation - _animatedTilesOffset < (std::int32_t)_animatedTiles.size()) {
      |                                             ~~~~~~~~~~~~~~~~~~~~~~~~~~~~~~~~~~~~~~~~~~~~~ ^ ~~~~~~~~~~~~~~~~~~~~~~~~~~~~~~~~~~~
/Users/kimhyungjun/Desktop/AI개발/OneEmu/cores/jazz2/src/Sources/Jazz2/Tiles/TileMap.cpp:2790:14: warning: comparison of integers of different signs: 'std::int32_t' (aka 'int') and 'const std::uint32_t' (aka 'const unsigned int') [-Wsign-compare]
 2790 |                 if (tileId >= _animatedTilesOffset) {
      |                     ~~~~~~ ^  ~~~~~~~~~~~~~~~~~~~~
10 warnings generated.
[319/322] Building CXX object CMakeFiles/jazz2.dir/Sources/Jazz2/Events/EventSpawner.cpp.o
In file included from /Users/kimhyungjun/Desktop/AI개발/OneEmu/cores/jazz2/src/Sources/Jazz2/Events/EventSpawner.cpp:1:
In file included from /Users/kimhyungjun/Desktop/AI개발/OneEmu/cores/jazz2/src/Sources/Jazz2/Events/EventSpawner.h:3:
In file included from /Users/kimhyungjun/Desktop/AI개발/OneEmu/cores/jazz2/src/Sources/Jazz2/Events/../ILevelHandler.h:7:
/Users/kimhyungjun/Desktop/AI개발/OneEmu/cores/jazz2/src/Sources/Jazz2/Events/../Actors/ActorBase.h:378:90: warning: missing field 'UsedWeaponType' initializer [-Wmissing-field-initializers]
  378 |                         Tiles::TileCollisionParams params = { Tiles::TileDestructType::None, _speed.Y >= 0.0f };
      |                                                                                                               ^
1 warning generated.
[320/322] Building CXX object CMakeFiles/jazz2.dir/Sources/Jazz2/UI/Font.cpp.o
/Users/kimhyungjun/Desktop/AI개발/OneEmu/cores/jazz2/src/Sources/Jazz2/UI/Font.cpp:240:19: warning: comparison of integers of different signs: 'std::int32_t' (aka 'int') and 'std::size_t' (aka 'unsigned long') [-Wsign-compare]
  240 |                                         } while (idx < textLength);
      |                                                  ~~~ ^ ~~~~~~~~~~
/Users/kimhyungjun/Desktop/AI개발/OneEmu/cores/jazz2/src/Sources/Jazz2/UI/Font.cpp:250:16: warning: comparison of integers of different signs: 'std::int32_t' (aka 'int') and 'std::size_t' (aka 'unsigned long') [-Wsign-compare]
  250 |                 } while (idx < textLength);
      |                          ~~~ ^ ~~~~~~~~~~
/Users/kimhyungjun/Desktop/AI개발/OneEmu/cores/jazz2/src/Sources/Jazz2/UI/Font.cpp:369:21: warning: comparison of integers of different signs: 'std::int32_t' (aka 'int') and 'std::size_t' (aka 'unsigned long') [-Wsign-compare]
  369 |                                                         } while (idx < textLength);
      |                                                                  ~~~ ^ ~~~~~~~~~~
/Users/kimhyungjun/Desktop/AI개발/OneEmu/cores/jazz2/src/Sources/Jazz2/UI/Font.cpp:390:20: warning: comparison of integers of different signs: 'std::int32_t' (aka 'int') and 'std::size_t' (aka 'unsigned long') [-Wsign-compare]
  390 |                                                 } while (idx < textLength);
      |                                                          ~~~ ^ ~~~~~~~~~~
/Users/kimhyungjun/Desktop/AI개발/OneEmu/cores/jazz2/src/Sources/Jazz2/UI/Font.cpp:401:12: warning: comparison of integers of different signs: 'std::int32_t' (aka 'int') and 'std::size_t' (aka 'unsigned long') [-Wsign-compare]
  401 |                         if (idx >= textLength) {
      |                             ~~~ ^  ~~~~~~~~~~
/Users/kimhyungjun/Desktop/AI개발/OneEmu/cores/jazz2/src/Sources/Jazz2/UI/Font.cpp:495:22: warning: comparison of integers of different signs: 'std::int32_t' (aka 'int') and 'std::size_t' (aka 'unsigned long') [-Wsign-compare]
  495 |                                                                 } while (idx < textLength);
      |                                                                          ~~~ ^ ~~~~~~~~~~
/Users/kimhyungjun/Desktop/AI개발/OneEmu/cores/jazz2/src/Sources/Jazz2/UI/Font.cpp:527:21: warning: comparison of integers of different signs: 'std::int32_t' (aka 'int') and 'std::size_t' (aka 'unsigned long') [-Wsign-compare]
  527 |                                                         } while (idx < textLength);
      |                                                                  ~~~ ^ ~~~~~~~~~~
/Users/kimhyungjun/Desktop/AI개발/OneEmu/cores/jazz2/src/Sources/Jazz2/UI/Font.cpp:676:16: warning: comparison of integers of different signs: 'std::int32_t' (aka 'int') and 'std::size_t' (aka 'unsigned long') [-Wsign-compare]
  676 |                 } while (idx < textLength);
      |                          ~~~ ^ ~~~~~~~~~~
8 warnings generated.
[321/322] Building CXX object CMakeFiles/jazz2.dir/Sources/Jazz2/UI/Cinematics.cpp.o
/Users/kimhyungjun/Desktop/AI개발/OneEmu/cores/jazz2/src/Sources/Jazz2/UI/Cinematics.cpp:219:9: warning: unused variable 'resolver' [-Wunused-variable]
  219 |                 auto& resolver = ContentResolver::Get();
      |                       ^~~~~~~~
/Users/kimhyungjun/Desktop/AI개발/OneEmu/cores/jazz2/src/Sources/Jazz2/UI/Cinematics.cpp:916:30: warning: comparison of integers of different signs: 'std::uint32_t' (aka 'unsigned int') and 'std::int32_t' (aka 'int') [-Wsign-compare]
  916 |                         if (_sfxPlaylist[i].Frame == _frameIndex) {
      |                             ~~~~~~~~~~~~~~~~~~~~~ ^  ~~~~~~~~~~~
2 warnings generated.
[322/322] Linking CXX shared library jazz2_libretro.so
[1;34m[jazz2][0m build finished in 209s
Cacheable calls:   1574 / 1581 (99.56%)
  Hits:             533 / 1574 (33.86%)
    Direct:           0 /  533 ( 0.00%)
    Preprocessed:   533 /  533 (100.0%)
  Misses:          1041 / 1574 (66.14%)
Uncacheable calls:    7 / 1581 ( 0.44%)
[1;34m[jazz2][0m built: /Users/kimhyungjun/Desktop/AI개발/OneEmu/cores/jazz2/build/android-arm64-v8a/jazz2_libretro.so (9.1M unstripped)
[1;34m[jazz2][0m Stripping
[1;34m[jazz2][0m installed /Users/kimhyungjun/Desktop/AI개발/OneEmu/app/src/main/jniLibs/arm64-v8a/libopenal.so
[1;34m[jazz2][0m Copying engine content -> /Users/kimhyungjun/Desktop/AI개발/OneEmu/cores/jazz2/assets
[1;34m[jazz2][0m Verifying
[1;34m[jazz2][0m   Machine : AArch64
[1;34m[jazz2][0m   Exports : 25 retro_* symbols
[1;34m[jazz2][0m   NEEDED  : libandroid.so liblog.so libGLESv3.so libGLESv2.so libEGL.so libopenal.so libz.so libm.so libdl.so libc.so
[1;34m[jazz2][0m OK: /Users/kimhyungjun/Desktop/AI개발/OneEmu/app/src/main/jniLibs/arm64-v8a/libjazz2_libretro.so (3.0M), content: 3.5M
